# Blender 4.2.3 LTS
# www.blender.org
mtllib Silver Metal Office Desk.mtl
o Silver_Metal_Office_Desk
v -0.922836 0.681934 -0.239182
v -0.907818 0.666916 0.232785
v -0.371704 0.666916 0.232785
v -0.356686 0.681934 -0.239182
v -0.922836 0.154214 -0.239182
v -0.907818 0.169232 0.232785
v -0.371704 0.169232 0.232785
v -0.356686 0.154214 -0.239182
v -0.922836 0.681934 0.232785
v -0.356686 0.681934 0.232785
v -0.922836 0.154214 0.232785
v -0.356686 0.154214 0.232785
v -0.907818 0.666916 -0.222336
v -0.371704 0.666916 -0.222336
v -0.907818 0.169232 -0.222336
v -0.371704 0.169232 -0.222336
v -0.883795 0.710792 -0.165590
v -0.886570 0.710792 -0.162816
v -0.886570 0.710792 -0.165590
v -0.886570 0.710792 0.156419
v -0.883795 0.710792 0.159194
v -0.886570 0.710792 0.159194
v -0.395727 0.710792 0.159194
v -0.392952 0.710792 0.156419
v -0.392952 0.710792 0.159194
v -0.392952 0.710792 -0.162816
v -0.395727 0.710792 -0.165590
v -0.392952 0.710792 -0.165590
v -0.886570 0.681934 -0.162816
v -0.883795 0.681934 -0.165590
v -0.886570 0.681934 -0.165590
v -0.883795 0.681934 0.159194
v -0.886570 0.681934 0.156419
v -0.886570 0.681934 0.159194
v -0.392952 0.681934 0.156419
v -0.395727 0.681934 0.159194
v -0.392952 0.681934 0.159194
v -0.395727 0.681934 -0.165590
v -0.392952 0.681934 -0.162816
v -0.392952 0.681934 -0.165590
v -0.907818 0.327141 0.214243
v -0.371704 0.327141 0.214243
v -0.907818 0.327141 -0.222336
v -0.371704 0.327141 -0.222336
v -0.907818 0.344297 0.214243
v -0.371704 0.344297 0.214243
v -0.907818 0.344296 -0.222336
v -0.371704 0.344296 -0.222336
v -0.907818 0.493550 0.214243
v -0.371704 0.493550 0.214243
v -0.907818 0.493550 -0.222336
v -0.371704 0.493550 -0.222336
v -0.907818 0.510706 0.214243
v -0.371704 0.510706 0.214243
v -0.907818 0.510706 -0.222336
v -0.371704 0.510706 -0.222336
v -0.927002 0.748266 0.274505
v 0.668860 0.748266 0.274505
v -0.927002 0.748266 -0.270854
v 0.668860 0.748266 -0.270854
v -0.927002 0.711637 -0.270854
v -0.927002 0.711637 0.274505
v 0.668860 0.711637 0.274505
v 0.668860 0.711637 -0.270854
v -0.927359 0.748548 -0.178522
v -0.927359 0.748548 0.182173
v 0.669217 0.748548 0.182173
v 0.669217 0.748548 -0.178522
v -0.927359 0.711355 -0.178522
v -0.927359 0.711355 0.182173
v 0.669217 0.711355 0.182173
v 0.669217 0.711355 -0.178522
v -0.659596 0.748548 0.274865
v 0.401454 0.748548 0.274865
v 0.401454 0.748548 -0.271214
v -0.659596 0.748548 -0.271214
v -0.659596 0.711355 0.274865
v 0.401454 0.711355 0.274865
v 0.401454 0.711355 -0.271214
v -0.659596 0.711355 -0.271214
v -0.659596 0.710792 0.182173
v 0.401454 0.710792 0.182173
v -0.659596 0.710792 -0.178522
v 0.401454 0.710792 -0.178522
v 0.401454 0.749111 0.182173
v -0.659596 0.749111 0.182173
v 0.401454 0.749111 -0.178522
v -0.659596 0.749111 -0.178522
v -0.927359 0.741035 -0.271214
v -0.927359 0.718868 -0.271214
v 0.669217 0.718868 -0.271214
v 0.669217 0.741035 -0.271214
v 0.669217 0.741035 0.274865
v 0.669217 0.718868 0.274865
v -0.927359 0.718868 0.274865
v -0.927359 0.741035 0.274865
v -0.928074 0.718868 -0.178522
v -0.928074 0.741035 -0.178522
v -0.928074 0.718868 0.182173
v -0.928074 0.741035 0.182173
v 0.669932 0.718868 0.182173
v 0.669932 0.741035 0.182173
v 0.669932 0.718868 -0.178522
v 0.669932 0.741035 -0.178522
v -0.659596 0.718868 0.275584
v -0.659596 0.741035 0.275584
v 0.401454 0.718868 0.275584
v 0.401454 0.741035 0.275584
v 0.401454 0.718868 -0.271933
v 0.401454 0.741035 -0.271933
v -0.659596 0.718868 -0.271933
v -0.659596 0.741035 -0.271933
v -0.927298 0.748500 0.262153
v 0.656497 0.748500 0.274803
v 0.669156 0.748500 -0.258502
v -0.914639 0.748500 -0.271152
v -0.927298 0.711404 0.262153
v 0.656497 0.711404 0.274803
v 0.669156 0.711404 -0.258502
v -0.914639 0.711404 -0.271152
v -0.927298 0.713176 -0.271152
v 0.669156 0.746727 -0.271152
v 0.669156 0.713176 0.274803
v -0.927298 0.746727 0.274803
v -0.927298 0.748500 -0.258502
v -0.927359 0.748548 0.001825
v 0.669156 0.748500 0.262153
v 0.669217 0.748548 0.001825
v -0.927298 0.711404 -0.258502
v -0.927359 0.711355 0.001825
v 0.669156 0.711404 0.262153
v 0.669217 0.711355 0.001825
v -0.927984 0.746764 -0.178522
v -0.927984 0.746764 0.182173
v 0.669843 0.746764 0.182173
v 0.669843 0.746764 -0.178522
v 0.656545 0.710863 0.182173
v 0.656545 0.710863 -0.178522
v -0.914687 0.749040 0.182173
v -0.914687 0.749040 -0.178522
v -0.914639 0.748500 0.274803
v -0.129071 0.748548 0.274865
v 0.656497 0.748500 -0.271152
v -0.129071 0.748548 -0.271214
v -0.914639 0.711404 0.274803
v -0.129071 0.711355 0.274865
v 0.656497 0.711404 -0.271152
v -0.129071 0.711355 -0.271214
v -0.914687 0.710863 0.182173
v -0.129071 0.710792 0.182173
v -0.914687 0.710863 -0.178522
v -0.129071 0.710792 -0.178522
v 0.656545 0.749040 0.182173
v -0.129071 0.749111 0.182173
v 0.656545 0.749040 -0.178522
v -0.129071 0.749111 -0.178522
v -0.659596 0.749111 0.001825
v 0.401454 0.749111 0.001825
v -0.659596 0.749040 0.262199
v 0.401454 0.749040 0.262199
v -0.659596 0.710792 0.001825
v 0.401454 0.710792 0.001825
v -0.659596 0.710863 0.262199
v 0.401454 0.710863 0.262199
v -0.659596 0.746764 0.275494
v 0.401454 0.746764 0.275494
v 0.401454 0.746764 -0.271843
v -0.659596 0.746764 -0.271843
v -0.659596 0.710863 -0.258548
v 0.401454 0.710863 -0.258548
v -0.659596 0.749040 -0.258548
v 0.401454 0.749040 -0.258548
v -0.927298 0.746727 -0.271152
v -0.927359 0.729952 -0.271214
v 0.669156 0.713176 -0.271152
v 0.669217 0.729952 -0.271214
v 0.669156 0.746727 0.274803
v 0.669217 0.729952 0.274865
v -0.927298 0.713176 0.274803
v -0.927359 0.729952 0.274865
v -0.927984 0.713139 -0.178522
v -0.928074 0.729952 -0.178522
v -0.927984 0.713139 0.182173
v -0.928074 0.729952 0.182173
v 0.669842 0.713139 0.182173
v 0.669932 0.729952 0.182173
v 0.669842 0.713139 -0.178522
v 0.669932 0.729952 -0.178522
v -0.659596 0.713139 0.275494
v -0.659596 0.729952 0.275584
v 0.401454 0.713139 0.275494
v 0.401454 0.729952 0.275584
v 0.401454 0.713139 -0.271843
v 0.401454 0.729952 -0.271933
v -0.659596 0.713139 -0.271843
v -0.659596 0.729952 -0.271933
v -0.129071 0.741035 -0.271933
v -0.129071 0.718868 -0.271933
v 0.656545 0.741035 -0.271843
v 0.656545 0.718868 -0.271843
v -0.129071 0.741035 0.275584
v -0.129071 0.718868 0.275584
v -0.914687 0.741035 0.275494
v -0.914687 0.718868 0.275494
v 0.669932 0.741035 0.001825
v 0.669932 0.718868 0.001825
v 0.669843 0.741035 0.262199
v 0.669843 0.718868 0.262199
v -0.928074 0.741035 0.001825
v -0.928074 0.718868 0.001825
v -0.927984 0.741035 -0.258548
v -0.927984 0.718868 -0.258548
v -0.927984 0.741035 0.262199
v -0.927984 0.718868 0.262199
v 0.669843 0.741035 -0.258548
v 0.669843 0.718868 -0.258548
v 0.656545 0.741035 0.275494
v 0.656545 0.718868 0.275494
v -0.914687 0.741035 -0.271843
v -0.914687 0.718868 -0.271843
v 0.656533 0.748973 -0.258537
v 0.656533 0.710930 -0.258537
v -0.914675 0.713148 -0.271757
v 0.656533 0.713148 0.275407
v 0.669757 0.713148 -0.258537
v -0.927898 0.713148 0.262188
v -0.927898 0.713148 -0.258537
v -0.927984 0.713139 0.001825
v 0.669757 0.713148 0.262188
v 0.669842 0.713139 0.001825
v 0.656533 0.710930 0.262188
v 0.656545 0.710863 0.001825
v 0.656533 0.748973 0.262188
v 0.656545 0.749040 0.001825
v -0.914687 0.749040 0.001826
v -0.129071 0.749111 0.001826
v -0.914675 0.748973 0.262188
v -0.129071 0.749040 0.262199
v -0.914687 0.710863 0.001825
v -0.129071 0.710792 0.001825
v -0.914675 0.710930 0.262188
v -0.129071 0.710863 0.262199
v -0.914675 0.713148 0.275407
v -0.129071 0.713139 0.275494
v 0.656533 0.713148 -0.271757
v -0.129071 0.713139 -0.271843
v -0.914675 0.710930 -0.258537
v -0.129071 0.710863 -0.258548
v -0.914675 0.748973 -0.258537
v -0.129071 0.749040 -0.258548
v -0.129071 0.746764 -0.271843
v -0.129071 0.729952 -0.271933
v 0.656533 0.746755 -0.271757
v 0.656545 0.729952 -0.271843
v -0.129071 0.746764 0.275494
v -0.129071 0.729952 0.275584
v -0.914675 0.746755 0.275407
v -0.914687 0.729952 0.275494
v 0.669843 0.746764 0.001825
v 0.669932 0.729952 0.001825
v 0.669757 0.746755 0.262188
v 0.669843 0.729952 0.262199
v -0.927984 0.746764 0.001826
v -0.928074 0.729952 0.001825
v -0.927898 0.746755 -0.258537
v -0.927984 0.729952 -0.258548
v -0.927898 0.746755 0.262188
v -0.927984 0.729952 0.262199
v 0.669757 0.746755 -0.258537
v 0.669843 0.729952 -0.258548
v 0.656533 0.746755 0.275407
v 0.656545 0.729952 0.275494
v -0.914675 0.746755 -0.271757
v -0.914687 0.729952 -0.271843
v -0.669227 0.026663 0.232196
v -0.669227 0.000167 0.152822
v -0.669227 0.000509 0.231854
v -0.628433 0.000167 0.152822
v -0.628433 0.026663 0.232196
v -0.628433 0.000509 0.231854
v -0.669227 0.000167 -0.158512
v -0.669227 0.026663 -0.237886
v -0.669227 0.000509 -0.237544
v -0.628433 0.026663 -0.237886
v -0.628433 0.000167 -0.158512
v -0.628433 0.000509 -0.237544
v -0.669227 0.126485 -0.237886
v -0.669227 0.152981 -0.158512
v -0.669227 0.152639 -0.237544
v -0.669227 0.152981 0.152822
v -0.669227 0.126485 0.232196
v -0.669227 0.152639 0.231854
v -0.628433 0.126485 0.232196
v -0.628433 0.152981 0.152822
v -0.628433 0.152639 0.231854
v -0.628433 0.152981 -0.158512
v -0.628433 0.126485 -0.237886
v -0.628433 0.152639 -0.237544
v -0.669230 0.033107 0.222529
v -0.669230 0.009833 0.146377
v -0.669230 0.010176 0.222187
v -0.628430 0.033107 0.222529
v -0.628430 0.009833 0.146377
v -0.628430 0.010176 0.222187
v -0.669230 0.033107 -0.228219
v -0.669230 0.009833 -0.152068
v -0.669230 0.010176 -0.227877
v -0.628430 0.033107 -0.228219
v -0.628430 0.009833 -0.152068
v -0.628430 0.010176 -0.227877
v -0.669230 0.143315 -0.152068
v -0.669230 0.120041 -0.228219
v -0.669230 0.142972 -0.227877
v -0.669230 0.143315 0.146377
v -0.669230 0.120041 0.222529
v -0.669230 0.142972 0.222187
v -0.628430 0.143315 0.146377
v -0.628430 0.120041 0.222529
v -0.628430 0.142972 0.222187
v -0.628430 0.143315 -0.152068
v -0.628430 0.120041 -0.228219
v -0.628430 0.142972 -0.227877
v -0.661590 0.000000 0.152942
v -0.661590 0.026542 0.232363
v -0.661589 0.000339 0.232023
v -0.636070 0.026542 0.232363
v -0.636070 0.000000 0.152942
v -0.636070 0.000339 0.232023
v -0.636070 -0.000000 -0.158632
v -0.636070 0.026542 -0.238053
v -0.636070 0.000339 -0.237714
v -0.661590 0.026542 -0.238053
v -0.661590 -0.000000 -0.158632
v -0.661590 0.000339 -0.237714
v -0.661590 0.126606 0.232362
v -0.661590 0.153148 0.152942
v -0.661590 0.152809 0.232023
v -0.636070 0.153148 0.152942
v -0.636070 0.126606 0.232362
v -0.636070 0.152809 0.232023
v -0.636070 0.126605 -0.238053
v -0.636070 0.153148 -0.158633
v -0.636070 0.152809 -0.237714
v -0.661590 0.153148 -0.158633
v -0.661590 0.126606 -0.238053
v -0.661590 0.152809 -0.237714
v -0.669586 0.028010 0.230196
v -0.669586 0.002167 0.151475
v -0.669586 0.002514 0.229849
v -0.628074 0.150981 -0.157165
v -0.628074 0.125138 -0.235886
v -0.628074 0.150634 -0.235539
v -0.628074 0.145315 0.147697
v -0.628074 0.121360 0.224529
v -0.628074 0.144968 0.224182
v -0.669586 0.007833 0.147697
v -0.669586 0.031788 0.224529
v -0.669586 0.008180 0.224182
v -0.669586 0.002167 -0.157165
v -0.669586 0.028010 -0.235886
v -0.669586 0.002514 -0.235539
v -0.628074 0.150981 0.151475
v -0.628074 0.125138 0.230196
v -0.628074 0.150634 0.229849
v -0.628074 0.007833 -0.153387
v -0.628074 0.031788 -0.230219
v -0.628074 0.008180 -0.229872
v -0.669586 0.031788 -0.230219
v -0.669586 0.007833 -0.153387
v -0.669586 0.008180 -0.229872
v -0.669586 0.125138 -0.235886
v -0.669586 0.150981 -0.157165
v -0.669586 0.150634 -0.235539
v -0.628074 0.002167 -0.157165
v -0.628074 0.028010 -0.235886
v -0.628074 0.002514 -0.235539
v -0.628074 0.031788 0.224529
v -0.628074 0.007833 0.147697
v -0.628074 0.008180 0.224182
v -0.669586 0.145314 -0.153387
v -0.669586 0.121360 -0.230219
v -0.669586 0.144968 -0.229872
v -0.669586 0.150981 0.151475
v -0.669586 0.125138 0.230196
v -0.669586 0.150634 0.229849
v -0.628074 0.028010 0.230196
v -0.628074 0.002167 0.151475
v -0.628074 0.002514 0.229849
v -0.669586 0.121360 0.224529
v -0.669586 0.145315 0.147697
v -0.669586 0.144968 0.224182
v -0.628074 0.121360 -0.230219
v -0.628074 0.145314 -0.153387
v -0.628074 0.144968 -0.229873
v -0.661599 0.033209 0.222362
v -0.661599 0.010000 0.146276
v -0.661599 0.010339 0.222023
v -0.636061 0.010000 0.146276
v -0.636060 0.033209 0.222362
v -0.636061 0.010339 0.222023
v -0.636061 0.033209 -0.228053
v -0.636061 0.010000 -0.151966
v -0.636061 0.010339 -0.227714
v -0.661599 0.010000 -0.151966
v -0.661599 0.033209 -0.228053
v -0.661599 0.010339 -0.227713
v -0.661599 0.143148 0.146276
v -0.661599 0.119939 0.222362
v -0.661599 0.142809 0.222023
v -0.636060 0.119939 0.222362
v -0.636060 0.143148 0.146276
v -0.636060 0.142809 0.222023
v -0.636061 0.143148 -0.151966
v -0.636061 0.119939 -0.228053
v -0.636061 0.142809 -0.227714
v -0.661599 0.119939 -0.228053
v -0.661599 0.143148 -0.151966
v -0.661599 0.142809 -0.227714
v 0.628341 0.116503 0.271260
v 0.628341 0.000167 0.180313
v 0.628341 0.000658 0.270768
v 0.669319 0.000167 0.180313
v 0.669319 0.116503 0.271260
v 0.669319 0.000658 0.270768
v 0.628341 0.000167 -0.174623
v 0.628341 0.116503 -0.265569
v 0.628341 0.000658 -0.265078
v 0.669319 0.116503 -0.265569
v 0.669319 0.000167 -0.174623
v 0.669319 0.000658 -0.265078
v 0.628341 0.572998 -0.265570
v 0.628341 0.689335 -0.174623
v 0.628341 0.688843 -0.265078
v 0.628341 0.689335 0.180313
v 0.628341 0.572998 0.271260
v 0.628341 0.688843 0.270768
v 0.669319 0.572998 0.271260
v 0.669319 0.689335 0.180313
v 0.669319 0.688843 0.270768
v 0.669319 0.689335 -0.174623
v 0.669319 0.572998 -0.265570
v 0.669319 0.688843 -0.265078
v 0.628367 0.122948 0.261593
v 0.628367 0.009833 0.173868
v 0.628367 0.010325 0.261101
v 0.669293 0.122948 0.261593
v 0.669293 0.009833 0.173868
v 0.669293 0.010325 0.261101
v 0.628367 0.122948 -0.255903
v 0.628367 0.009833 -0.168178
v 0.628367 0.010325 -0.255411
v 0.669293 0.122948 -0.255903
v 0.669293 0.009833 -0.168178
v 0.669293 0.010325 -0.255411
v 0.628367 0.679668 -0.168178
v 0.628367 0.566554 -0.255903
v 0.628367 0.679176 -0.255411
v 0.628367 0.679668 0.173868
v 0.628367 0.566554 0.261593
v 0.628367 0.679176 0.261101
v 0.669293 0.679668 0.173868
v 0.669293 0.566554 0.261593
v 0.669293 0.679176 0.261101
v 0.669293 0.679668 -0.168178
v 0.669293 0.566554 -0.255903
v 0.669293 0.679176 -0.255411
v 0.635794 0.000000 0.180437
v 0.635794 0.116379 0.271426
v 0.635794 0.000487 0.270939
v 0.661865 0.116379 0.271426
v 0.661865 0.000000 0.180437
v 0.661865 0.000487 0.270939
v 0.661865 -0.000000 -0.174747
v 0.661865 0.116379 -0.265736
v 0.661865 0.000487 -0.265249
v 0.635794 0.116379 -0.265736
v 0.635794 -0.000000 -0.174747
v 0.635794 0.000487 -0.265249
v 0.635794 0.573122 0.271426
v 0.635794 0.689501 0.180437
v 0.635794 0.689014 0.270939
v 0.661865 0.689501 0.180437
v 0.661865 0.573122 0.271426
v 0.661865 0.689014 0.270939
v 0.661865 0.573122 -0.265736
v 0.661865 0.689501 -0.174747
v 0.661865 0.689014 -0.265249
v 0.635794 0.689501 -0.174747
v 0.635794 0.573122 -0.265736
v 0.635794 0.689014 -0.265249
v 0.635871 0.123046 0.261426
v 0.635871 0.010000 0.173771
v 0.635871 0.010487 0.260939
v 0.661789 0.010000 0.173771
v 0.661789 0.123046 0.261426
v 0.661789 0.010487 0.260939
v 0.661789 0.123046 -0.255736
v 0.661789 0.010000 -0.168080
v 0.661789 0.010487 -0.255249
v 0.635871 0.010000 -0.168080
v 0.635871 0.123046 -0.255736
v 0.635871 0.010487 -0.255249
v 0.635871 0.679501 0.173771
v 0.635871 0.566456 0.261426
v 0.635871 0.679014 0.260939
v 0.661789 0.566456 0.261426
v 0.661789 0.679501 0.173771
v 0.661789 0.679014 0.260939
v 0.661789 0.679501 -0.168080
v 0.661789 0.566456 -0.255736
v 0.661789 0.679014 -0.255249
v 0.635871 0.566456 -0.255736
v 0.635871 0.679501 -0.168080
v 0.635871 0.679014 -0.255249
v 0.669586 0.002167 0.178960
v 0.669586 0.117856 0.269260
v 0.669586 0.002665 0.268761
v 0.628074 0.687335 0.178960
v 0.628074 0.571645 0.269260
v 0.628074 0.686836 0.268761
v 0.628074 0.681668 -0.169492
v 0.628074 0.567867 -0.257903
v 0.628074 0.681170 -0.257405
v 0.669586 0.121634 0.263593
v 0.669586 0.007833 0.175182
v 0.669586 0.008332 0.263095
v 0.669586 0.117856 -0.263570
v 0.669586 0.002167 -0.173270
v 0.669586 0.002665 -0.263071
v 0.628074 0.687335 -0.173270
v 0.628074 0.571645 -0.263570
v 0.628074 0.686836 -0.263071
v 0.628074 0.121634 -0.257903
v 0.628074 0.007833 -0.169492
v 0.628074 0.008332 -0.257404
v 0.669586 0.007833 -0.169492
v 0.669586 0.121634 -0.257903
v 0.669586 0.008332 -0.257404
v 0.669586 0.571645 0.269260
v 0.669586 0.687335 0.178960
v 0.669586 0.686836 0.268761
v 0.628074 0.117856 -0.263570
v 0.628074 0.002167 -0.173270
v 0.628074 0.002665 -0.263071
v 0.628074 0.007833 0.175182
v 0.628074 0.121634 0.263593
v 0.628074 0.008332 0.263095
v 0.669586 0.681668 0.175182
v 0.669586 0.567867 0.263593
v 0.669586 0.681170 0.263095
v 0.669586 0.687335 -0.173270
v 0.669586 0.571645 -0.263570
v 0.669586 0.686836 -0.263071
v 0.628074 0.002167 0.178960
v 0.628074 0.117856 0.269260
v 0.628074 0.002665 0.268761
v 0.669586 0.567867 -0.257903
v 0.669586 0.681668 -0.169492
v 0.669586 0.681170 -0.257405
v 0.628074 0.567867 0.263593
v 0.628074 0.681668 0.175182
v 0.628074 0.681170 0.263095
v 0.632426 0.689501 -0.145508
v 0.638628 0.689501 -0.220785
v 0.632671 0.689501 -0.220540
v 0.638628 0.689501 0.226475
v 0.632426 0.689501 0.151198
v 0.632671 0.689501 0.226230
v 0.665233 0.689501 0.151198
v 0.659032 0.689501 0.226475
v 0.664989 0.689501 0.226230
v 0.659032 0.689501 -0.220785
v 0.665233 0.689501 -0.145508
v 0.664989 0.689501 -0.220540
v 0.638628 0.711639 -0.220785
v 0.632426 0.711639 -0.145508
v 0.632671 0.711639 -0.220540
v 0.632426 0.711639 0.151198
v 0.638628 0.711639 0.226475
v 0.632671 0.711639 0.226230
v 0.659032 0.711639 0.226475
v 0.665233 0.711639 0.151198
v 0.664989 0.711639 0.226230
v 0.665233 0.711639 -0.145508
v 0.659032 0.711639 -0.220785
v 0.664989 0.711639 -0.220540
v -0.636070 0.000042 0.221629
v -0.629926 0.000021 0.152925
v -0.628433 0.000209 0.221461
v -0.629926 0.000361 0.232001
v -0.636070 0.004123 0.232320
v -0.628433 0.004292 0.232153
v -0.629926 0.026560 0.232342
v -0.661590 0.000042 -0.227320
v -0.667733 0.000021 -0.158615
v -0.669227 0.000209 -0.227151
v -0.667733 0.000361 -0.237692
v -0.661590 0.004123 -0.238010
v -0.669227 0.004292 -0.237843
v -0.667734 0.026560 -0.238032
v -0.636070 0.149024 0.232320
v -0.629926 0.126588 0.232342
v -0.628433 0.148856 0.232153
v -0.629926 0.152787 0.232001
v -0.636070 0.153106 0.221629
v -0.628433 0.152938 0.221461
v -0.629926 0.153127 0.152925
v -0.661590 0.149024 -0.238010
v -0.667734 0.126588 -0.238032
v -0.669227 0.148856 -0.237843
v -0.667734 0.152787 -0.237692
v -0.661590 0.153105 -0.227320
v -0.669227 0.152938 -0.227151
v -0.667733 0.153127 -0.158615
v -0.636061 0.013707 0.222320
v -0.629918 0.033199 0.222383
v -0.628430 0.013556 0.222486
v -0.629918 0.010320 0.222043
v -0.636061 0.010042 0.212046
v -0.628430 0.009876 0.212197
v -0.629918 0.009979 0.146286
v -0.661599 0.013707 -0.228010
v -0.667742 0.033199 -0.228074
v -0.669230 0.013556 -0.228177
v -0.667742 0.010320 -0.227733
v -0.661599 0.010042 -0.217736
v -0.669230 0.009876 -0.217887
v -0.667742 0.009979 -0.151976
v -0.636061 0.143105 0.212046
v -0.629918 0.143169 0.146286
v -0.628430 0.143272 0.212197
v -0.629918 0.142828 0.222043
v -0.636060 0.139441 0.222320
v -0.628430 0.139592 0.222486
v -0.629918 0.119949 0.222383
v -0.661599 0.143105 -0.217736
v -0.667742 0.143169 -0.151976
v -0.669230 0.143272 -0.217887
v -0.667742 0.142828 -0.227733
v -0.661599 0.139441 -0.228010
v -0.669230 0.139592 -0.228177
v -0.667742 0.119949 -0.228074
v -0.669586 0.011652 0.224486
v -0.669541 0.032781 0.223029
v -0.669230 0.013556 0.222486
v -0.669542 0.009678 0.222684
v -0.669586 0.007877 0.214101
v -0.669230 0.009876 0.212197
v -0.669541 0.009333 0.146703
v -0.628074 0.007877 0.214101
v -0.628118 0.009333 0.146703
v -0.628118 0.009678 0.222684
v -0.628074 0.011652 0.224486
v -0.628118 0.032781 0.223029
v -0.669586 0.007877 -0.219791
v -0.669541 0.009333 -0.152394
v -0.669542 0.009678 -0.228375
v -0.669586 0.011651 -0.230176
v -0.669541 0.032781 -0.228719
v -0.628074 0.011651 -0.230176
v -0.628118 0.032781 -0.228719
v -0.628430 0.013556 -0.228177
v -0.628118 0.009678 -0.228375
v -0.628074 0.007877 -0.219791
v -0.628430 0.009876 -0.217887
v -0.628118 0.009333 -0.152394
v -0.669586 0.141496 -0.230176
v -0.669541 0.120367 -0.228719
v -0.669541 0.143470 -0.228375
v -0.669586 0.145271 -0.219792
v -0.669541 0.143814 -0.152394
v -0.669586 0.145271 0.214101
v -0.669541 0.143815 0.146703
v -0.669230 0.143272 0.212197
v -0.669541 0.143470 0.222684
v -0.669586 0.141496 0.224486
v -0.669230 0.139592 0.222486
v -0.669541 0.120367 0.223029
v -0.628074 0.141496 0.224486
v -0.628118 0.120367 0.223029
v -0.628118 0.143470 0.222684
v -0.628074 0.145271 0.214101
v -0.628118 0.143815 0.146703
v -0.628074 0.145271 -0.219791
v -0.628118 0.143814 -0.152394
v -0.628430 0.143272 -0.217887
v -0.628118 0.143470 -0.228375
v -0.628074 0.141496 -0.230176
v -0.628430 0.139592 -0.228177
v -0.628118 0.120367 -0.228719
v -0.669227 0.000209 0.221461
v -0.667733 0.000021 0.152925
v -0.661589 0.000042 0.221629
v -0.667733 0.000361 0.232001
v -0.669227 0.004292 0.232153
v -0.661590 0.004123 0.232320
v -0.667733 0.026560 0.232342
v -0.648830 0.000000 0.152943
v -0.648830 0.000339 0.232024
v -0.648830 0.026541 0.232362
v -0.628433 0.000209 -0.227151
v -0.629926 0.000021 -0.158615
v -0.636070 0.000042 -0.227320
v -0.629926 0.000361 -0.237692
v -0.628433 0.004292 -0.237843
v -0.636070 0.004123 -0.238010
v -0.629927 0.026560 -0.238032
v -0.648830 -0.000000 -0.158634
v -0.648830 0.000339 -0.237714
v -0.648830 0.026541 -0.238053
v -0.669227 0.148856 0.232153
v -0.667733 0.126588 0.232342
v -0.661590 0.149024 0.232320
v -0.667733 0.152787 0.232001
v -0.669227 0.152938 0.221461
v -0.661590 0.153106 0.221629
v -0.667733 0.153127 0.152925
v -0.648830 0.126607 0.232362
v -0.648830 0.152809 0.232024
v -0.648830 0.153148 0.152943
v -0.628433 0.148856 -0.237843
v -0.629927 0.126588 -0.238032
v -0.636070 0.149024 -0.238010
v -0.629927 0.152787 -0.237692
v -0.628433 0.152938 -0.227151
v -0.636070 0.153105 -0.227320
v -0.629927 0.153127 -0.158615
v -0.648830 0.126607 -0.238053
v -0.648830 0.152809 -0.237714
v -0.648830 0.153148 -0.158634
v -0.669541 0.027003 0.231696
v -0.669586 0.006221 0.230152
v -0.669541 0.001012 0.231351
v -0.669586 0.002210 0.219532
v -0.669541 0.000667 0.152481
v -0.628119 0.152481 -0.158171
v -0.628074 0.150938 -0.225222
v -0.628119 0.152136 -0.237041
v -0.628074 0.146927 -0.235843
v -0.628119 0.126144 -0.237386
v -0.628074 0.146927 0.230152
v -0.628074 0.123247 0.227362
v -0.628074 0.147800 0.227015
v -0.628074 0.150938 0.219532
v -0.628074 0.148148 0.149584
v -0.669586 0.029901 0.227363
v -0.669586 0.005348 0.227015
v -0.669586 0.005000 0.149584
v -0.669541 0.000667 -0.158171
v -0.669586 0.002210 -0.225222
v -0.669541 0.001011 -0.237041
v -0.669586 0.006221 -0.235843
v -0.669541 0.027003 -0.237386
v -0.628119 0.126144 0.231696
v -0.628119 0.152136 0.231351
v -0.628119 0.152481 0.152481
v -0.628074 0.006221 -0.235843
v -0.628074 0.029901 -0.233053
v -0.628074 0.005348 -0.232705
v -0.628074 0.002210 -0.225222
v -0.628074 0.005000 -0.155274
v -0.669586 0.005000 -0.155274
v -0.669586 0.005348 -0.232705
v -0.669586 0.029901 -0.233053
v -0.669541 0.126144 -0.237386
v -0.669586 0.146927 -0.235843
v -0.669541 0.152136 -0.237041
v -0.669586 0.150938 -0.225222
v -0.669541 0.152481 -0.158171
v -0.628119 0.027003 -0.237386
v -0.628119 0.001011 -0.237041
v -0.628119 0.000667 -0.158171
v -0.628074 0.002210 0.219532
v -0.628074 0.005000 0.149584
v -0.628074 0.005348 0.227015
v -0.628074 0.006221 0.230152
v -0.628074 0.029901 0.227362
v -0.669586 0.123247 -0.233053
v -0.669586 0.147800 -0.232705
v -0.669586 0.148148 -0.155274
v -0.669541 0.152481 0.152481
v -0.669586 0.150938 0.219532
v -0.669541 0.152136 0.231351
v -0.669586 0.146927 0.230152
v -0.669541 0.126144 0.231696
v -0.628119 0.000667 0.152481
v -0.628119 0.001012 0.231351
v -0.628119 0.027003 0.231696
v -0.669586 0.148148 0.149584
v -0.669586 0.147800 0.227015
v -0.669586 0.123247 0.227362
v -0.628074 0.148148 -0.155274
v -0.628074 0.147800 -0.232705
v -0.628074 0.123247 -0.233053
v -0.667742 0.033199 0.222383
v -0.661599 0.013707 0.222320
v -0.667742 0.010320 0.222043
v -0.661599 0.010042 0.212046
v -0.667742 0.009979 0.146286
v -0.648830 0.033208 0.222363
v -0.648830 0.010339 0.222024
v -0.648830 0.010000 0.146277
v -0.629918 0.033199 -0.228074
v -0.636061 0.013707 -0.228010
v -0.629918 0.010320 -0.227733
v -0.636061 0.010042 -0.217736
v -0.629918 0.009979 -0.151976
v -0.648830 0.033208 -0.228053
v -0.648830 0.010339 -0.227714
v -0.648830 0.010000 -0.151967
v -0.667742 0.143169 0.146286
v -0.661599 0.143105 0.212046
v -0.667742 0.142828 0.222043
v -0.661599 0.139441 0.222320
v -0.667742 0.119949 0.222383
v -0.648830 0.143148 0.146277
v -0.648830 0.142809 0.222024
v -0.648830 0.119940 0.222362
v -0.629918 0.143169 -0.151976
v -0.636061 0.143105 -0.217736
v -0.629918 0.142828 -0.227733
v -0.636061 0.139441 -0.228010
v -0.629918 0.119949 -0.228074
v -0.648830 0.143148 -0.151967
v -0.648830 0.142809 -0.227714
v -0.648830 0.119940 -0.228053
v -0.669227 0.000167 -0.002845
v -0.669586 0.002167 -0.002845
v -0.661590 -0.000000 -0.002845
v -0.669227 0.076574 0.232196
v -0.669586 0.076574 0.230196
v -0.661590 0.076574 0.232363
v -0.636070 0.076574 0.232363
v -0.628433 0.076574 0.232196
v -0.628074 0.076574 0.230196
v -0.636070 -0.000000 -0.002845
v -0.628433 0.000167 -0.002845
v -0.628074 0.002167 -0.002845
v -0.661590 0.076574 -0.238053
v -0.669227 0.076574 -0.237886
v -0.669586 0.076574 -0.235886
v -0.628433 0.076574 -0.237886
v -0.628074 0.076574 -0.235886
v -0.636070 0.076574 -0.238053
v -0.669227 0.152981 -0.002845
v -0.669586 0.150981 -0.002845
v -0.661590 0.153148 -0.002845
v -0.636070 0.153148 -0.002845
v -0.628433 0.152981 -0.002845
v -0.628074 0.150981 -0.002845
v -0.669230 0.009833 -0.002845
v -0.661599 0.010000 -0.002845
v -0.669586 0.007833 -0.002845
v -0.669230 0.076574 0.222529
v -0.661599 0.076574 0.222362
v -0.669586 0.076574 0.224529
v -0.636061 0.076574 0.222362
v -0.628430 0.076574 0.222529
v -0.636061 0.010000 -0.002845
v -0.628430 0.009833 -0.002845
v -0.628074 0.076574 0.224529
v -0.628074 0.007833 -0.002845
v -0.661599 0.076574 -0.228053
v -0.669230 0.076574 -0.228219
v -0.669586 0.076574 -0.230219
v -0.628430 0.076574 -0.228219
v -0.636061 0.076574 -0.228053
v -0.628074 0.076574 -0.230219
v -0.669230 0.143315 -0.002845
v -0.661599 0.143148 -0.002845
v -0.669586 0.145315 -0.002845
v -0.636061 0.143148 -0.002845
v -0.628430 0.143315 -0.002845
v -0.628074 0.145315 -0.002845
v 0.661865 0.000061 0.258895
v 0.667986 0.000021 0.180418
v 0.669319 0.000228 0.258723
v 0.667986 0.000510 0.270917
v 0.661865 0.015705 0.271365
v 0.669319 0.015877 0.271198
v 0.667986 0.116398 0.271406
v 0.635794 0.000061 -0.253205
v 0.629674 0.000021 -0.174728
v 0.628341 0.000228 -0.253033
v 0.629674 0.000510 -0.265226
v 0.635794 0.015705 -0.265675
v 0.628341 0.015877 -0.265508
v 0.629674 0.116398 -0.265715
v 0.661865 0.673796 0.271365
v 0.667986 0.573104 0.271406
v 0.669319 0.673625 0.271198
v 0.667986 0.688991 0.270916
v 0.661865 0.689440 0.258895
v 0.669319 0.689273 0.258723
v 0.667986 0.689480 0.180418
v 0.635794 0.673796 -0.265675
v 0.629674 0.573104 -0.265715
v 0.628341 0.673625 -0.265508
v 0.629674 0.688991 -0.265226
v 0.635794 0.689440 -0.253205
v 0.628341 0.689273 -0.253033
v 0.629674 0.689480 -0.174728
v 0.661789 0.025288 0.261365
v 0.667916 0.123037 0.261447
v 0.669293 0.025141 0.261532
v 0.667916 0.010468 0.260958
v 0.661789 0.010061 0.249312
v 0.669293 0.009895 0.249460
v 0.667916 0.009979 0.173780
v 0.635871 0.025288 -0.255675
v 0.629744 0.123037 -0.255757
v 0.628367 0.025141 -0.255841
v 0.629744 0.010468 -0.255268
v 0.635871 0.010061 -0.243622
v 0.628367 0.009895 -0.243769
v 0.629744 0.009979 -0.168089
v 0.661789 0.679440 0.249312
v 0.667916 0.679522 0.173780
v 0.669293 0.679606 0.249460
v 0.667916 0.679033 0.260958
v 0.661789 0.664213 0.261365
v 0.669293 0.664361 0.261532
v 0.667916 0.566465 0.261447
v 0.635871 0.679440 -0.243622
v 0.629744 0.679522 -0.168089
v 0.628367 0.679606 -0.243769
v 0.629744 0.679033 -0.255268
v 0.635871 0.664213 -0.255675
v 0.628367 0.664361 -0.255841
v 0.629744 0.566465 -0.255757
v 0.628074 0.023242 0.263531
v 0.628110 0.122625 0.262093
v 0.628367 0.025141 0.261532
v 0.628110 0.009829 0.261598
v 0.628074 0.007896 0.251358
v 0.628367 0.009895 0.249460
v 0.628110 0.009333 0.174191
v 0.669586 0.007896 0.251358
v 0.669549 0.009333 0.174191
v 0.669549 0.009829 0.261598
v 0.669586 0.023242 0.263531
v 0.669549 0.122625 0.262093
v 0.628074 0.007896 -0.245668
v 0.628110 0.009333 -0.168501
v 0.628110 0.009829 -0.255908
v 0.628074 0.023242 -0.257841
v 0.628110 0.122625 -0.256403
v 0.669586 0.023242 -0.257841
v 0.669549 0.122625 -0.256403
v 0.669293 0.025141 -0.255841
v 0.669549 0.009829 -0.255908
v 0.669586 0.007896 -0.245668
v 0.669293 0.009895 -0.243769
v 0.669549 0.009333 -0.168501
v 0.628074 0.666259 -0.257841
v 0.628110 0.566876 -0.256403
v 0.628110 0.679673 -0.255908
v 0.628074 0.681606 -0.245668
v 0.628110 0.680168 -0.168501
v 0.628074 0.681606 0.251358
v 0.628110 0.680168 0.174191
v 0.628367 0.679606 0.249460
v 0.628110 0.679673 0.261598
v 0.628074 0.666259 0.263531
v 0.628367 0.664361 0.261532
v 0.628110 0.566876 0.262093
v 0.669586 0.666259 0.263531
v 0.669549 0.566876 0.262093
v 0.669549 0.679673 0.261598
v 0.669586 0.681606 0.251358
v 0.669549 0.680168 0.174191
v 0.669586 0.681606 -0.245668
v 0.669549 0.680168 -0.168501
v 0.669293 0.679606 -0.243769
v 0.669549 0.679673 -0.255908
v 0.669586 0.666259 -0.257841
v 0.669293 0.664361 -0.255841
v 0.669549 0.566876 -0.256403
v 0.628341 0.000228 0.258723
v 0.629674 0.000021 0.180418
v 0.635794 0.000061 0.258895
v 0.629674 0.000510 0.270917
v 0.628341 0.015877 0.271198
v 0.635794 0.015705 0.271365
v 0.629674 0.116398 0.271406
v 0.648830 0.000000 0.180439
v 0.648830 0.000487 0.270940
v 0.648830 0.116377 0.271426
v 0.669319 0.000228 -0.253033
v 0.667986 0.000021 -0.174728
v 0.661865 0.000061 -0.253205
v 0.667986 0.000510 -0.265226
v 0.669319 0.015877 -0.265508
v 0.661865 0.015705 -0.265675
v 0.667986 0.116398 -0.265715
v 0.648830 -0.000000 -0.174749
v 0.648830 0.000487 -0.265249
v 0.648830 0.116377 -0.265736
v 0.628341 0.673625 0.271198
v 0.629674 0.573104 0.271406
v 0.635794 0.673796 0.271365
v 0.629674 0.688991 0.270917
v 0.628341 0.689273 0.258723
v 0.635794 0.689440 0.258895
v 0.629674 0.689480 0.180418
v 0.648830 0.573124 0.271426
v 0.648830 0.689014 0.270940
v 0.648830 0.689501 0.180439
v 0.669319 0.673625 -0.265508
v 0.667986 0.573104 -0.265715
v 0.661865 0.673796 -0.265675
v 0.667986 0.688991 -0.265226
v 0.669319 0.689273 -0.253033
v 0.661865 0.689440 -0.253205
v 0.667986 0.689480 -0.174728
v 0.648830 0.573124 -0.265736
v 0.648830 0.689014 -0.265249
v 0.648830 0.689501 -0.174749
v 0.629744 0.123037 0.261447
v 0.635871 0.025288 0.261365
v 0.629744 0.010468 0.260958
v 0.635871 0.010061 0.249312
v 0.629744 0.009979 0.173780
v 0.648830 0.123044 0.261426
v 0.648830 0.010487 0.260940
v 0.648830 0.010000 0.173772
v 0.667916 0.123037 -0.255757
v 0.661789 0.025288 -0.255675
v 0.667916 0.010468 -0.255268
v 0.661789 0.010061 -0.243622
v 0.667916 0.009979 -0.168089
v 0.648830 0.123044 -0.255736
v 0.648830 0.010487 -0.255249
v 0.648830 0.010000 -0.168082
v 0.629744 0.679522 0.173780
v 0.635871 0.679440 0.249312
v 0.629744 0.679033 0.260958
v 0.635871 0.664213 0.261365
v 0.629744 0.566465 0.261447
v 0.648830 0.679501 0.173772
v 0.648830 0.679015 0.260940
v 0.648830 0.566457 0.261426
v 0.667916 0.679522 -0.168089
v 0.661789 0.679440 -0.243622
v 0.667916 0.679033 -0.255268
v 0.661789 0.664213 -0.255675
v 0.667916 0.566465 -0.255757
v 0.648830 0.679501 -0.168082
v 0.648830 0.679015 -0.255250
v 0.648830 0.566457 -0.255736
v 0.669552 0.000667 0.179969
v 0.669586 0.002229 0.256789
v 0.669552 0.001162 0.270264
v 0.669586 0.017811 0.269197
v 0.669552 0.116847 0.270760
v 0.628107 0.688835 0.179969
v 0.628074 0.687272 0.256789
v 0.628107 0.688339 0.270264
v 0.628074 0.671690 0.269197
v 0.628107 0.572654 0.270760
v 0.628074 0.671690 -0.263507
v 0.628074 0.569753 -0.260736
v 0.628074 0.684002 -0.260237
v 0.628074 0.687272 -0.251098
v 0.628074 0.684501 -0.171377
v 0.669586 0.005000 0.177068
v 0.669586 0.005500 0.265927
v 0.669586 0.119749 0.266426
v 0.669552 0.116847 -0.265070
v 0.669586 0.017811 -0.263507
v 0.669552 0.001162 -0.264574
v 0.669586 0.002229 -0.251098
v 0.669552 0.000667 -0.174279
v 0.628107 0.572654 -0.265070
v 0.628107 0.688339 -0.264574
v 0.628107 0.688835 -0.174279
v 0.628074 0.002229 -0.251098
v 0.628074 0.005000 -0.171377
v 0.628074 0.005499 -0.260237
v 0.628074 0.017811 -0.263507
v 0.628074 0.119749 -0.260736
v 0.669586 0.119749 -0.260736
v 0.669586 0.005499 -0.260237
v 0.669586 0.005000 -0.171377
v 0.669552 0.572654 0.270760
v 0.669586 0.671690 0.269197
v 0.669552 0.688339 0.270264
v 0.669586 0.687272 0.256789
v 0.669552 0.688835 0.179969
v 0.628107 0.000667 -0.174279
v 0.628107 0.001162 -0.264574
v 0.628107 0.116847 -0.265070
v 0.628074 0.017811 0.269197
v 0.628074 0.119749 0.266426
v 0.628074 0.005500 0.265927
v 0.628074 0.002229 0.256789
v 0.628074 0.005000 0.177068
v 0.669586 0.569753 0.266426
v 0.669586 0.684002 0.265927
v 0.669586 0.684501 0.177068
v 0.669552 0.688835 -0.174279
v 0.669586 0.687272 -0.251098
v 0.669552 0.688339 -0.264574
v 0.669586 0.671690 -0.263507
v 0.669552 0.572654 -0.265070
v 0.628107 0.116847 0.270760
v 0.628107 0.001162 0.270264
v 0.628107 0.000667 0.179969
v 0.669586 0.684501 -0.171377
v 0.669586 0.684002 -0.260237
v 0.669586 0.569753 -0.260736
v 0.628074 0.684501 0.177068
v 0.628074 0.684002 0.265927
v 0.628074 0.569753 0.266426
v 0.628341 0.000167 0.002845
v 0.628074 0.002167 0.002845
v 0.635794 0.000000 0.002845
v 0.628341 0.344751 0.271260
v 0.628074 0.344751 0.269260
v 0.635794 0.344751 0.271426
v 0.661865 0.344751 0.271426
v 0.669319 0.344751 0.271260
v 0.669586 0.344751 0.269260
v 0.661865 0.000000 0.002845
v 0.669319 0.000167 0.002845
v 0.669586 0.002167 0.002845
v 0.635794 0.344751 -0.265736
v 0.628341 0.344751 -0.265570
v 0.628074 0.344751 -0.263570
v 0.669319 0.344751 -0.265570
v 0.669586 0.344751 -0.263570
v 0.661865 0.344751 -0.265736
v 0.628341 0.689335 0.002845
v 0.628074 0.687335 0.002845
v 0.635794 0.689501 0.002845
v 0.661865 0.689501 0.002845
v 0.669319 0.689335 0.002845
v 0.669586 0.687335 0.002845
v 0.628367 0.009833 0.002845
v 0.635871 0.010000 0.002845
v 0.628074 0.007833 0.002845
v 0.628367 0.344751 0.261593
v 0.635871 0.344751 0.261426
v 0.628074 0.344751 0.263593
v 0.661789 0.344751 0.261426
v 0.669293 0.344751 0.261593
v 0.661789 0.010000 0.002845
v 0.669293 0.009833 0.002845
v 0.669586 0.344751 0.263593
v 0.669586 0.007833 0.002845
v 0.635871 0.344751 -0.255736
v 0.628367 0.344751 -0.255903
v 0.628074 0.344751 -0.257903
v 0.669293 0.344751 -0.255903
v 0.661789 0.344751 -0.255736
v 0.669586 0.344751 -0.257903
v 0.628367 0.679668 0.002845
v 0.635871 0.679501 0.002845
v 0.628074 0.681668 0.002845
v 0.661789 0.679501 0.002845
v 0.669293 0.679668 0.002845
v 0.669586 0.681668 0.002845
v 0.663877 0.689501 -0.220754
v 0.659032 0.700570 -0.220785
v 0.663877 0.711639 -0.220754
v 0.664989 0.700570 -0.220540
v 0.665203 0.689501 -0.210794
v 0.665203 0.711639 -0.210794
v 0.665233 0.700570 -0.145508
v 0.663877 0.711639 0.226444
v 0.659032 0.700570 0.226475
v 0.663877 0.689501 0.226444
v 0.664989 0.700570 0.226230
v 0.665203 0.711639 0.216484
v 0.665203 0.689501 0.216484
v 0.665233 0.700570 0.151198
v 0.633782 0.689501 0.226444
v 0.638628 0.700570 0.226475
v 0.633782 0.711639 0.226444
v 0.632671 0.700570 0.226230
v 0.632457 0.689501 0.216484
v 0.632457 0.711639 0.216484
v 0.632426 0.700570 0.151198
v 0.633782 0.711639 -0.220754
v 0.638628 0.700570 -0.220785
v 0.633782 0.689501 -0.220754
v 0.632671 0.700570 -0.220540
v 0.632457 0.711639 -0.210794
v 0.632457 0.689501 -0.210794
v 0.632426 0.700570 -0.145508
v 0.632426 0.689501 0.002845
v 0.632426 0.711639 0.002845
v 0.648830 0.689501 -0.220785
v 0.648830 0.711639 -0.220785
v 0.648830 0.689501 0.226475
v 0.648830 0.711639 0.226475
v 0.665233 0.689501 0.002845
v 0.665233 0.711639 0.002845
v 0.669552 0.000667 0.002845
v 0.669552 0.688835 0.002845
v 0.669552 0.344751 0.270760
v 0.628107 0.344751 -0.265070
v -0.628119 0.000667 -0.002845
v -0.628119 0.152481 -0.002845
v -0.628119 0.076574 0.231696
v -0.669541 0.076574 -0.237386
v 0.669549 0.344751 0.262093
v 0.669549 0.680168 0.002845
v 0.667916 0.009979 0.002845
v 0.628110 0.344751 -0.256403
v -0.628118 0.076574 0.223029
v -0.628118 0.143815 -0.002845
v -0.629918 0.009979 -0.002845
v -0.669541 0.076574 -0.228719
v 0.629744 0.344751 0.261447
v 0.629744 0.344751 -0.255757
v 0.667916 0.679522 0.002845
v 0.648830 0.000000 0.002845
v 0.669549 0.009333 0.002845
v 0.667916 0.344751 0.261447
v 0.629744 0.679522 0.002845
v 0.667916 0.344751 -0.255757
v -0.667742 0.076574 0.222383
v -0.667742 0.076574 -0.228074
v -0.629918 0.143169 -0.002845
v -0.648830 -0.000000 -0.002845
v -0.628118 0.009333 -0.002845
v -0.629918 0.076574 0.222383
v -0.667742 0.143169 -0.002845
v -0.629918 0.076574 -0.228074
v 0.648830 0.700570 -0.220785
v 0.648830 0.700570 0.226475
v 0.665233 0.700570 0.002845
v -0.669541 0.152481 -0.002845
v -0.648830 0.153148 -0.002845
v -0.629926 0.076574 0.232342
v -0.648830 0.076574 -0.238053
v -0.629926 0.153127 -0.002845
v -0.669586 0.005000 -0.002845
v -0.669541 0.076574 0.231696
v -0.648830 0.076574 0.232362
v -0.628119 0.076574 -0.237386
v -0.628074 0.076574 -0.233053
v -0.628074 0.005000 -0.002845
v -0.667733 0.076574 0.232342
v -0.667742 0.009979 -0.002845
v -0.628074 0.148148 -0.002845
v -0.667733 0.153127 -0.002845
v -0.669586 0.076574 -0.233053
v -0.629926 0.000021 -0.002845
v -0.648830 0.010000 -0.002845
v -0.667733 0.000021 -0.002845
v -0.628074 0.076574 0.227362
v -0.669586 0.076574 0.227362
v -0.629926 0.076574 -0.238032
v -0.667733 0.076574 -0.238032
v -0.669586 0.148148 -0.002845
v -0.628118 0.076574 -0.228719
v -0.648830 0.143148 -0.002845
v -0.669541 0.076574 0.223029
v -0.648830 0.076574 -0.228053
v -0.669541 0.143815 -0.002845
v -0.669541 0.009333 -0.002845
v -0.648829 0.076574 0.222362
v -0.629926 0.000063 0.221606
v -0.629926 0.004147 0.232299
v -0.667733 0.000063 -0.227296
v -0.667733 0.004147 -0.237989
v -0.629926 0.149001 0.232299
v -0.629926 0.153084 0.221606
v -0.667733 0.149001 -0.237989
v -0.667733 0.153084 -0.227296
v -0.629918 0.013690 0.222341
v -0.629918 0.010022 0.212063
v -0.667742 0.013690 -0.228031
v -0.667742 0.010022 -0.217753
v -0.629918 0.143126 0.212063
v -0.629918 0.139458 0.222341
v -0.667742 0.143126 -0.217753
v -0.667742 0.139458 -0.228031
v -0.669541 0.013083 0.222986
v -0.669541 0.009376 0.212670
v -0.628118 0.009376 0.212670
v -0.628118 0.013083 0.222986
v -0.669541 0.009376 -0.218360
v -0.669541 0.013083 -0.228676
v -0.628118 0.013083 -0.228676
v -0.628118 0.009376 -0.218360
v -0.669541 0.140065 -0.228676
v -0.669541 0.143771 -0.218360
v -0.669541 0.143771 0.212669
v -0.669541 0.140065 0.222986
v -0.628118 0.140065 0.222986
v -0.628118 0.143771 0.212670
v -0.628118 0.143771 -0.218360
v -0.628118 0.140065 -0.228676
v -0.667733 0.000063 0.221606
v -0.667733 0.004147 0.232299
v -0.648829 0.000042 0.221630
v -0.648830 0.004122 0.232320
v -0.629926 0.000063 -0.227296
v -0.629926 0.004147 -0.237989
v -0.648830 0.000042 -0.227321
v -0.648830 0.004122 -0.238010
v -0.667733 0.149001 0.232299
v -0.667733 0.153084 0.221606
v -0.648830 0.149026 0.232320
v -0.648830 0.153106 0.221630
v -0.629926 0.149001 -0.237989
v -0.629926 0.153084 -0.227296
v -0.648830 0.149025 -0.238010
v -0.648830 0.153106 -0.227321
v -0.669541 0.004778 0.231653
v -0.669541 0.000710 0.220975
v -0.628118 0.152438 -0.226665
v -0.628118 0.148370 -0.237343
v -0.628074 0.144210 0.227319
v -0.628074 0.148104 0.216814
v -0.669586 0.008938 0.227319
v -0.669586 0.005043 0.216814
v -0.669541 0.000710 -0.226665
v -0.669541 0.004778 -0.237343
v -0.628118 0.148370 0.231653
v -0.628118 0.152438 0.220975
v -0.628074 0.008938 -0.233009
v -0.628074 0.005043 -0.222505
v -0.669586 0.005043 -0.222505
v -0.669586 0.008938 -0.233009
v -0.669541 0.148370 -0.237343
v -0.669541 0.152438 -0.226665
v -0.628119 0.004778 -0.237343
v -0.628119 0.000710 -0.226665
v -0.628074 0.005043 0.216814
v -0.628074 0.008938 0.227319
v -0.669586 0.144209 -0.233009
v -0.669586 0.148104 -0.222505
v -0.669541 0.152438 0.220975
v -0.669541 0.148370 0.231653
v -0.628119 0.000710 0.220975
v -0.628119 0.004778 0.231653
v -0.669586 0.148104 0.216814
v -0.669586 0.144210 0.227319
v -0.628074 0.148104 -0.222505
v -0.628074 0.144209 -0.233009
v -0.667742 0.013690 0.222341
v -0.667742 0.010022 0.212063
v -0.648830 0.013706 0.222320
v -0.648830 0.010042 0.212047
v -0.629918 0.013690 -0.228031
v -0.629918 0.010022 -0.217753
v -0.648830 0.013706 -0.228010
v -0.648830 0.010042 -0.217737
v -0.667742 0.143126 0.212063
v -0.667742 0.139458 0.222341
v -0.648830 0.143105 0.212047
v -0.648830 0.139442 0.222320
v -0.629918 0.143126 -0.217753
v -0.629918 0.139458 -0.228031
v -0.648830 0.143105 -0.217737
v -0.648830 0.139442 -0.228010
v -0.669541 0.000667 -0.002845
v 0.628107 0.688835 0.002845
v 0.648830 0.689501 0.002845
v 0.667986 0.344751 0.271406
v 0.648830 0.344751 -0.265736
v 0.667986 0.689480 0.002845
v 0.648830 0.010000 0.002845
v 0.628107 0.344751 0.270760
v 0.648830 0.344751 0.271426
v 0.669549 0.344751 -0.256403
v 0.648830 0.679501 0.002845
v 0.628110 0.344751 0.262093
v 0.648830 0.344751 -0.255736
v 0.628110 0.680168 0.002845
v 0.669586 0.005000 0.002845
v 0.628110 0.009333 0.002845
v 0.648830 0.344751 0.261426
v 0.667986 0.344751 -0.265715
v 0.628074 0.344751 0.266426
v 0.628074 0.005000 0.002845
v 0.667986 0.000021 0.002845
v 0.629674 0.689480 0.002845
v 0.628074 0.684501 0.002845
v 0.629744 0.009979 0.002845
v 0.628074 0.344751 -0.260736
v 0.629674 0.344751 0.271406
v 0.629674 0.344751 -0.265715
v 0.669586 0.344751 -0.260736
v 0.669586 0.344751 0.266426
v 0.669552 0.344751 -0.265070
v 0.629674 0.000021 0.002845
v 0.669586 0.684501 0.002845
v 0.667986 0.000082 0.258871
v 0.667986 0.015729 0.271344
v 0.629674 0.000082 -0.253181
v 0.629674 0.015729 -0.265654
v 0.667986 0.673772 0.271344
v 0.667986 0.689419 0.258871
v 0.629674 0.673772 -0.265654
v 0.629674 0.689419 -0.253181
v 0.667916 0.025273 0.261386
v 0.667916 0.010040 0.249327
v 0.629744 0.025273 -0.255696
v 0.629744 0.010040 -0.243637
v 0.667916 0.679461 0.249327
v 0.667916 0.664229 0.261386
v 0.629744 0.679461 -0.243637
v 0.629744 0.664229 -0.255696
v 0.628110 0.024671 0.262031
v 0.628110 0.009395 0.249929
v 0.669549 0.009395 0.249929
v 0.669549 0.024671 0.262031
v 0.628110 0.009395 -0.244239
v 0.628110 0.024671 -0.256341
v 0.669549 0.024671 -0.256341
v 0.669549 0.009395 -0.244239
v 0.628110 0.664830 -0.256341
v 0.628110 0.680106 -0.244239
v 0.628110 0.680106 0.249929
v 0.628110 0.664830 0.262031
v 0.669549 0.664830 0.262031
v 0.669549 0.680106 0.249929
v 0.669549 0.680106 -0.244239
v 0.669549 0.664830 -0.256341
v 0.629674 0.000082 0.258871
v 0.629674 0.015729 0.271344
v 0.648830 0.000061 0.258897
v 0.648830 0.015703 0.271366
v 0.667986 0.000082 -0.253181
v 0.667986 0.015729 -0.265654
v 0.648830 0.000061 -0.253207
v 0.648830 0.015703 -0.265675
v 0.629674 0.673772 0.271344
v 0.629674 0.689419 0.258871
v 0.648830 0.673798 0.271366
v 0.648830 0.689440 0.258897
v 0.667986 0.673772 -0.265654
v 0.667986 0.689419 -0.253181
v 0.648830 0.673798 -0.265675
v 0.648830 0.689440 -0.253207
v 0.629744 0.025273 0.261386
v 0.629744 0.010040 0.249327
v 0.648830 0.025287 0.261366
v 0.648830 0.010061 0.249314
v 0.667916 0.025273 -0.255696
v 0.667916 0.010040 -0.243637
v 0.648830 0.025287 -0.255675
v 0.648830 0.010061 -0.243623
v 0.629744 0.679461 0.249327
v 0.629744 0.664229 0.261386
v 0.648830 0.679440 0.249313
v 0.648830 0.664215 0.261365
v 0.667916 0.679461 -0.243637
v 0.667916 0.664229 -0.255696
v 0.648830 0.679440 -0.243623
v 0.648830 0.664215 -0.255675
v 0.669552 0.000729 0.258234
v 0.669552 0.016366 0.270698
v 0.628107 0.688773 0.258234
v 0.628107 0.673136 0.270698
v 0.628074 0.668972 -0.260674
v 0.628074 0.684439 -0.248380
v 0.669586 0.005062 0.254070
v 0.669586 0.020530 0.266364
v 0.669552 0.016366 -0.265008
v 0.669552 0.000729 -0.252544
v 0.628107 0.673136 -0.265008
v 0.628107 0.688773 -0.252544
v 0.628074 0.005062 -0.248380
v 0.628074 0.020530 -0.260674
v 0.669586 0.020530 -0.260674
v 0.669586 0.005062 -0.248380
v 0.669552 0.673136 0.270698
v 0.669552 0.688773 0.258234
v 0.628107 0.000729 -0.252544
v 0.628107 0.016366 -0.265008
v 0.628074 0.020530 0.266364
v 0.628074 0.005062 0.254070
v 0.669586 0.668972 0.266364
v 0.669586 0.684439 0.254070
v 0.669552 0.688773 -0.252544
v 0.669552 0.673136 -0.265008
v 0.628107 0.016366 0.270698
v 0.628107 0.000729 0.258234
v 0.669586 0.684439 -0.248380
v 0.669586 0.668972 -0.260674
v 0.628074 0.684439 0.254070
v 0.628074 0.668972 0.266364
v 0.628107 0.000667 0.002845
v 0.663877 0.700570 -0.220754
v 0.665203 0.700570 -0.210794
v 0.663877 0.700570 0.226444
v 0.665203 0.700570 0.216484
v 0.633782 0.700570 0.226444
v 0.632457 0.700570 0.216484
v 0.633782 0.700570 -0.220754
v 0.632457 0.700570 -0.210794
v 0.632426 0.700570 0.002845
vn -0.0000 1.0000 -0.0000
vn -0.0000 -1.0000 -0.0000
vn 1.0000 -0.0000 -0.0000
vn -1.0000 -0.0000 -0.0000
vn -0.0000 -0.0000 -1.0000
vn -0.0000 -0.0000 1.0000
vn 0.0001 1.0000 -0.0004
vn 0.0194 0.9998 -0.0004
vn 0.0168 0.9997 -0.0171
vn 0.0001 0.9998 -0.0197
vn 0.5946 0.8040 -0.0005
vn 0.6066 0.7947 -0.0205
vn 0.5010 0.7061 -0.5003
vn 0.0202 0.7953 -0.6059
vn 0.0002 0.8046 -0.5938
vn 0.0001 -1.0000 -0.0004
vn 0.0001 -0.9998 -0.0197
vn 0.0168 -0.9997 -0.0171
vn 0.0194 -0.9998 -0.0004
vn 0.0001 -0.9993 -0.0385
vn 0.0143 -0.9993 -0.0335
vn 0.0286 -0.9992 -0.0287
vn 0.0334 -0.9993 -0.0146
vn 0.0385 -0.9993 -0.0004
vn -0.0002 -0.0078 -1.0000
vn -0.0002 -0.1757 -0.9844
vn -0.0220 -0.1581 -0.9872
vn -0.0248 -0.0072 -0.9997
vn -0.0002 -0.3314 -0.9435
vn -0.0187 -0.2999 -0.9538
vn -0.6618 -0.3538 -0.6609
vn -0.6957 -0.1793 -0.6956
vn -0.7072 -0.0089 -0.7070
vn 0.0002 -0.0078 1.0000
vn 0.0002 -0.1757 0.9844
vn 0.0220 -0.1581 0.9872
vn 0.0248 -0.0072 0.9997
vn 0.0002 -0.3314 0.9435
vn 0.0187 -0.2999 0.9538
vn 0.6618 -0.3538 0.6609
vn 0.6957 -0.1793 0.6956
vn 0.7072 -0.0089 0.7070
vn 1.0000 -0.0077 -0.0006
vn 0.9846 -0.1747 -0.0005
vn 0.9873 -0.1572 -0.0223
vn 0.9997 -0.0071 -0.0250
vn 0.9442 -0.3294 -0.0005
vn 0.9543 -0.2981 -0.0189
vn 0.6618 -0.3538 -0.6609
vn 0.6957 -0.1793 -0.6956
vn 0.7072 -0.0089 -0.7070
vn -1.0000 -0.0077 0.0006
vn -0.9846 -0.1747 0.0005
vn -0.9873 -0.1571 0.0223
vn -0.9997 -0.0071 0.0250
vn -0.9442 -0.3294 0.0005
vn -0.9544 -0.2980 0.0189
vn -0.6618 -0.3537 0.6609
vn -0.6957 -0.1793 0.6956
vn -0.7072 -0.0089 0.7070
vn -0.9873 -0.1572 -0.0223
vn -0.9997 -0.0071 -0.0250
vn -0.9543 -0.2981 -0.0189
vn -0.9442 -0.3295 -0.0005
vn -0.9846 -0.1747 -0.0005
vn -1.0000 -0.0077 -0.0006
vn -0.9845 -0.1755 -0.0000
vn -1.0000 -0.0078 -0.0000
vn -0.9437 -0.3308 -0.0000
vn 0.9873 -0.1572 0.0223
vn 0.9997 -0.0071 0.0250
vn 0.9543 -0.2981 0.0189
vn 0.9442 -0.3294 0.0005
vn 0.9846 -0.1747 0.0005
vn 1.0000 -0.0077 0.0006
vn 0.9845 -0.1754 -0.0000
vn 1.0000 -0.0078 -0.0000
vn 0.9437 -0.3307 -0.0000
vn 0.0001 -0.9993 0.0385
vn 0.0001 -0.9998 0.0197
vn 0.0168 -0.9997 0.0171
vn 0.0143 -0.9993 0.0335
vn 0.0001 -1.0000 0.0004
vn 0.0194 -0.9998 0.0004
vn 0.0385 -0.9993 0.0004
vn 0.0334 -0.9993 0.0146
vn 0.0286 -0.9992 0.0287
vn 0.0001 -1.0000 -0.0000
vn 0.0196 -0.9998 -0.0000
vn 0.0388 -0.9992 -0.0000
vn 0.0002 0.8046 0.5938
vn 0.0202 0.7953 0.6059
vn 0.0168 0.9997 0.0171
vn 0.0001 0.9998 0.0197
vn 0.5010 0.7061 0.5003
vn 0.6066 0.7947 0.0205
vn 0.5946 0.8040 0.0005
vn 0.0194 0.9998 0.0004
vn 0.0001 1.0000 0.0004
vn 0.0196 0.9998 -0.0000
vn 0.0001 1.0000 -0.0000
vn 0.5942 0.8043 -0.0000
vn -0.5947 0.8040 0.0005
vn -0.0194 0.9998 0.0004
vn -0.0196 0.9998 -0.0000
vn -0.5942 0.8043 -0.0000
vn -0.0001 1.0000 0.0004
vn -0.0001 1.0000 -0.0000
vn -0.0001 1.0000 -0.0004
vn -0.0194 0.9998 -0.0004
vn -0.5947 0.8040 -0.0005
vn -0.0000 1.0000 0.0004
vn -0.0000 1.0000 -0.0004
vn -0.5010 0.7061 0.5003
vn -0.0202 0.7953 0.6059
vn -0.0168 0.9997 0.0171
vn -0.6066 0.7947 0.0205
vn -0.0002 0.8046 0.5938
vn -0.0001 0.9998 0.0197
vn -0.0000 0.8049 0.5934
vn -0.0000 0.9998 0.0199
vn -0.0385 -0.9993 0.0004
vn -0.0389 -0.9992 -0.0000
vn -0.0196 -0.9998 -0.0000
vn -0.0194 -0.9998 0.0004
vn -0.0385 -0.9993 -0.0004
vn -0.0194 -0.9998 -0.0004
vn -0.0001 -1.0000 -0.0004
vn -0.0001 -1.0000 -0.0000
vn -0.0001 -1.0000 0.0004
vn -0.0000 -1.0000 0.0004
vn -0.0000 -1.0000 -0.0004
vn -0.0286 -0.9992 0.0287
vn -0.0334 -0.9993 0.0146
vn -0.0168 -0.9997 0.0171
vn -0.0143 -0.9993 0.0335
vn -0.0001 -0.9998 0.0197
vn -0.0001 -0.9993 0.0385
vn -0.0000 -0.9998 0.0199
vn -0.0000 -0.9992 0.0389
vn -0.0220 -0.1581 0.9872
vn -0.0248 -0.0072 0.9997
vn -0.0187 -0.2999 0.9538
vn -0.0002 -0.3314 0.9435
vn -0.0002 -0.1757 0.9844
vn -0.0002 -0.0078 1.0000
vn -0.0000 -0.1765 0.9843
vn -0.0000 -0.0078 1.0000
vn -0.0000 -0.3327 0.9430
vn 0.0220 -0.1581 -0.9872
vn 0.0248 -0.0072 -0.9997
vn 0.0187 -0.2999 -0.9538
vn 0.0002 -0.3314 -0.9435
vn 0.0002 -0.1757 -0.9844
vn 0.0002 -0.0078 -1.0000
vn -0.0000 -0.1765 -0.9843
vn -0.0000 -0.0078 -1.0000
vn -0.0000 -0.3327 -0.9430
vn -0.0334 -0.9993 -0.0146
vn -0.0168 -0.9997 -0.0171
vn -0.0286 -0.9992 -0.0287
vn -0.0143 -0.9993 -0.0335
vn -0.0001 -0.9993 -0.0385
vn -0.0001 -0.9998 -0.0197
vn -0.0000 -0.9998 -0.0199
vn -0.0000 -0.9992 -0.0389
vn -0.0168 0.9997 -0.0171
vn -0.6066 0.7947 -0.0205
vn -0.0001 0.9998 -0.0197
vn -0.0002 0.8046 -0.5938
vn -0.0202 0.7953 -0.6059
vn -0.5010 0.7061 -0.5004
vn -0.0000 0.9998 -0.0199
vn -0.0000 0.8049 -0.5934
vn 0.0002 0.1757 -0.9844
vn -0.0000 0.1765 -0.9843
vn 0.0002 0.0078 -1.0000
vn -0.0000 0.0078 -1.0000
vn -0.0002 0.0078 -1.0000
vn -0.0002 0.1758 -0.9844
vn 0.0002 -0.0000 -1.0000
vn -0.0002 -0.0000 -1.0000
vn 0.6957 0.1793 -0.6956
vn 0.0220 0.1581 -0.9872
vn 0.7072 0.0089 -0.7070
vn 0.0248 0.0072 -0.9997
vn 0.7072 -0.0000 -0.7070
vn 0.0250 -0.0000 -0.9997
vn -0.0002 0.1758 0.9844
vn -0.0000 0.1765 0.9843
vn -0.0002 0.0078 1.0000
vn -0.0000 0.0078 1.0000
vn 0.0002 0.0078 1.0000
vn 0.0002 0.1758 0.9844
vn -0.0002 -0.0000 1.0000
vn 0.0002 -0.0000 1.0000
vn -0.6957 0.1793 0.6956
vn -0.0220 0.1581 0.9872
vn -0.7072 0.0089 0.7070
vn -0.0248 0.0072 0.9997
vn -0.7072 -0.0000 0.7070
vn -0.0250 -0.0000 0.9997
vn 0.9846 0.1747 0.0005
vn 0.9845 0.1755 -0.0000
vn 1.0000 0.0077 0.0006
vn 1.0000 0.0078 -0.0000
vn 1.0000 0.0077 -0.0006
vn 0.9846 0.1747 -0.0005
vn 1.0000 -0.0000 0.0006
vn 1.0000 -0.0000 -0.0006
vn 0.6957 0.1793 0.6956
vn 0.9873 0.1572 0.0223
vn 0.7072 0.0089 0.7070
vn 0.9997 0.0071 0.0250
vn 0.7072 -0.0000 0.7070
vn 0.9997 -0.0000 0.0252
vn -0.9846 0.1747 -0.0005
vn -0.9845 0.1754 -0.0000
vn -1.0000 0.0077 -0.0006
vn -1.0000 0.0078 -0.0000
vn -1.0000 0.0077 0.0006
vn -0.9846 0.1747 0.0005
vn -1.0000 -0.0000 -0.0006
vn -1.0000 -0.0000 0.0006
vn -0.6957 0.1793 -0.6956
vn -0.9873 0.1571 -0.0223
vn -0.7072 0.0089 -0.7070
vn -0.9997 0.0071 -0.0250
vn -0.7072 -0.0000 -0.7070
vn -0.9997 -0.0000 -0.0252
vn -0.9873 0.1571 0.0223
vn -0.9997 0.0071 0.0250
vn -0.9997 -0.0000 0.0252
vn 0.9873 0.1572 -0.0223
vn 0.9997 0.0071 -0.0250
vn 0.9997 -0.0000 -0.0252
vn 0.0220 0.1581 0.9872
vn 0.0248 0.0072 0.9997
vn 0.0250 -0.0000 0.9997
vn -0.0220 0.1581 -0.9872
vn -0.0248 0.0072 -0.9997
vn -0.0250 -0.0000 -0.9997
vn 0.5820 -0.8132 0.0003
vn 0.5819 -0.8132 -0.0000
vn 0.9737 -0.2278 -0.0000
vn 0.9737 -0.2278 0.0001
vn 0.5820 -0.8132 -0.0003
vn 0.9737 -0.2278 -0.0001
vn 0.9999 -0.0111 -0.0000
vn 0.5820 0.8132 -0.0003
vn 0.5819 0.8132 -0.0000
vn 0.9737 0.2279 -0.0000
vn 0.9737 0.2278 -0.0001
vn 0.5820 0.8132 0.0003
vn 0.9737 0.2278 0.0001
vn 0.9999 0.0111 -0.0000
vn 0.5821 0.0003 0.8131
vn 0.5820 -0.0000 0.8132
vn 0.9737 -0.0000 0.2279
vn 0.9737 -0.0000 0.2278
vn 0.5821 -0.0003 0.8131
vn 0.9999 -0.0000 0.0111
vn -0.5820 0.0003 -0.8132
vn -0.5819 -0.0000 -0.8132
vn -0.9737 -0.0000 -0.2279
vn -0.5821 -0.0003 -0.8132
vn -0.9999 -0.0000 -0.0112
vn 0.5258 -0.8506 0.0003
vn 0.5257 -0.8507 -0.0000
vn 0.9566 -0.2912 -0.0000
vn 0.9567 -0.2912 0.0001
vn 0.5257 -0.8506 -0.0003
vn 0.9567 -0.2912 -0.0001
vn 0.9999 -0.0149 -0.0000
vn 0.5257 0.8507 -0.0003
vn 0.5256 0.8507 -0.0000
vn 0.9566 0.2913 -0.0000
vn 0.9567 0.2912 -0.0001
vn 0.5258 0.8506 0.0003
vn 0.9567 0.2912 0.0001
vn 0.9999 0.0150 -0.0000
vn 0.5258 0.0009 0.8506
vn 0.5257 -0.0000 0.8507
vn 0.9566 -0.0000 0.2912
vn 0.9567 0.0002 0.2912
vn 0.5259 -0.0009 0.8505
vn 0.9567 -0.0002 0.2912
vn 0.9999 -0.0000 0.0150
vn -0.5258 0.0009 -0.8506
vn -0.5256 -0.0000 -0.8507
vn -0.9566 -0.0000 -0.2913
vn -0.9566 0.0002 -0.2913
vn -0.5258 -0.0009 -0.8506
vn -0.9566 -0.0002 -0.2913
vn -0.9999 -0.0000 -0.0150
vn 0.9999 -0.0000 -0.0122
vn 0.9692 -0.0000 -0.2465
vn 0.9692 -0.0001 -0.2464
vn 0.9692 0.0001 -0.2464
vn 0.5658 0.0002 -0.8246
vn 0.5657 -0.0000 -0.8246
vn 0.5657 -0.0002 -0.8246
vn 0.9999 -0.0122 -0.0000
vn 0.9691 -0.2465 -0.0000
vn 0.9692 -0.2464 0.0001
vn 0.9692 -0.2464 -0.0001
vn 0.5657 -0.8246 -0.0003
vn 0.5657 -0.8246 -0.0000
vn 0.5657 -0.8246 0.0003
vn 0.0017 1.0000 -0.0004
vn 0.0544 0.9985 -0.0004
vn 0.0544 0.9985 -0.0000
vn 0.0017 1.0000 -0.0000
vn 0.5657 0.8246 -0.0003
vn 0.5657 0.8246 -0.0000
vn 0.5657 0.8246 0.0003
vn 0.0544 0.9985 0.0004
vn 0.0017 1.0000 0.0004
vn -0.9999 -0.0000 0.0122
vn -0.9691 -0.0000 0.2465
vn -0.9692 -0.0001 0.2464
vn -0.9692 0.0001 0.2464
vn -0.5657 0.0002 0.8246
vn -0.5657 -0.0000 0.8246
vn -0.5657 -0.0002 0.8246
vn 0.9999 -0.0000 -0.0148
vn 0.9999 -0.0000 -0.0149
vn 0.9573 -0.0000 -0.2893
vn 0.9574 -0.0004 -0.2889
vn 0.9574 0.0004 -0.2889
vn 0.5278 0.0008 -0.8494
vn 0.5275 -0.0000 -0.8496
vn 0.5277 -0.0008 -0.8494
vn 0.9999 -0.0148 -0.0000
vn 0.9572 -0.2894 -0.0000
vn 0.9572 -0.2893 0.0001
vn 0.9573 -0.2892 -0.0001
vn 0.5274 -0.8496 -0.0003
vn 0.5274 -0.8496 -0.0000
vn 0.5274 -0.8496 0.0003
vn 0.0017 1.0000 -0.0003
vn 0.0505 0.9987 -0.0003
vn 0.0505 0.9987 -0.0000
vn 0.5276 0.8495 -0.0003
vn 0.5275 0.8495 -0.0000
vn 0.5276 0.8495 0.0003
vn 0.0505 0.9987 0.0003
vn 0.0017 1.0000 0.0003
vn -0.9999 -0.0000 0.0148
vn -0.9999 -0.0000 0.0149
vn -0.9572 -0.0000 0.2894
vn -0.9573 -0.0004 0.2890
vn -0.9573 0.0004 0.2890
vn -0.5277 0.0008 0.8494
vn -0.5275 -0.0000 0.8496
vn -0.5277 -0.0008 0.8494
vn -0.5657 0.0002 -0.8246
vn -0.5657 -0.0000 -0.8246
vn -0.0544 -0.0000 -0.9985
vn -0.0544 0.0003 -0.9985
vn -0.5657 -0.0002 -0.8246
vn -0.0544 -0.0003 -0.9985
vn -0.0017 -0.0003 -1.0000
vn -0.0017 -0.0000 -1.0000
vn -0.0017 0.0003 -1.0000
vn -0.0017 0.0003 1.0000
vn -0.0017 -0.0000 1.0000
vn -0.0544 -0.0000 0.9985
vn -0.0544 0.0003 0.9985
vn -0.0017 -0.0003 1.0000
vn -0.0544 -0.0003 0.9985
vn 0.0017 -1.0000 -0.0004
vn 0.0017 -1.0000 -0.0000
vn 0.0544 -0.9985 -0.0000
vn 0.0544 -0.9985 -0.0004
vn 0.0017 -1.0000 0.0004
vn 0.0544 -0.9985 0.0004
vn -0.0017 -1.0000 0.0004
vn -0.0017 -1.0000 -0.0000
vn -0.0017 -1.0000 -0.0004
vn 0.9999 0.0122 -0.0000
vn 0.9691 0.2465 -0.0000
vn 0.9692 0.2464 -0.0001
vn 0.9692 0.2464 0.0001
vn 0.0017 0.0003 -1.0000
vn 0.0017 -0.0000 -1.0000
vn 0.0544 -0.0000 -0.9985
vn 0.0544 0.0003 -0.9985
vn 0.0017 -0.0003 -1.0000
vn 0.0544 -0.0003 -0.9985
vn -0.5658 -0.8246 -0.0003
vn -0.5657 -0.8246 -0.0000
vn -0.0544 -0.9985 -0.0000
vn -0.0544 -0.9985 -0.0004
vn -0.5657 -0.8246 0.0003
vn -0.0544 -0.9985 0.0004
vn 0.5657 0.0002 0.8246
vn 0.5657 -0.0000 0.8246
vn 0.0544 -0.0000 0.9985
vn 0.0544 0.0003 0.9985
vn 0.5657 -0.0002 0.8246
vn 0.0544 -0.0003 0.9985
vn 0.0017 -0.0003 1.0000
vn 0.0017 -0.0000 1.0000
vn 0.0017 0.0003 1.0000
vn -0.5277 0.0008 -0.8494
vn -0.5274 -0.0000 -0.8496
vn -0.0505 -0.0000 -0.9987
vn -0.0505 0.0011 -0.9987
vn -0.5277 -0.0008 -0.8494
vn -0.0505 -0.0011 -0.9987
vn -0.0017 -0.0011 -1.0000
vn -0.0017 0.0011 -1.0000
vn -0.0017 0.0011 1.0000
vn -0.0505 -0.0000 0.9987
vn -0.0505 0.0011 0.9987
vn -0.0017 -0.0011 1.0000
vn -0.0505 -0.0011 0.9987
vn 0.0017 -1.0000 -0.0003
vn 0.0505 -0.9987 -0.0000
vn 0.0505 -0.9987 -0.0003
vn 0.0017 -1.0000 0.0003
vn 0.0505 -0.9987 0.0003
vn -0.0017 -1.0000 0.0003
vn -0.0000 -1.0000 0.0003
vn -0.0017 -1.0000 -0.0003
vn -0.0000 -1.0000 -0.0003
vn 0.9999 0.0148 -0.0000
vn 0.9573 0.2892 -0.0000
vn 0.9573 0.2891 -0.0001
vn 0.9573 0.2891 0.0001
vn 0.0017 0.0011 -1.0000
vn 0.0505 -0.0000 -0.9987
vn 0.0505 0.0011 -0.9987
vn 0.0017 -0.0011 -1.0000
vn 0.0505 -0.0011 -0.9987
vn -0.5275 -0.8496 -0.0003
vn -0.5274 -0.8496 -0.0000
vn -0.0505 -0.9987 -0.0000
vn -0.0505 -0.9987 -0.0003
vn -0.5275 -0.8496 0.0003
vn -0.0505 -0.9987 0.0003
vn 0.5278 0.0008 0.8494
vn 0.5275 -0.0000 0.8495
vn 0.0505 -0.0000 0.9987
vn 0.0505 0.0011 0.9987
vn 0.5277 -0.0008 0.8494
vn 0.0505 -0.0011 0.9987
vn 0.0017 -0.0011 1.0000
vn 0.0017 0.0011 1.0000
vn 0.0032 -0.0000 -1.0000
vn -0.0032 -0.0000 -1.0000
vn -0.0032 -0.0000 1.0000
vn 0.0032 -0.0000 1.0000
vn 1.0000 -0.0000 0.0002
vn 1.0000 -0.0000 -0.0002
vn -0.5257 0.8506 0.0003
vn -0.5256 0.8507 -0.0000
vn -0.9566 0.2913 -0.0000
vn -0.9566 0.2913 0.0001
vn -0.5257 0.8507 -0.0003
vn -0.9566 0.2913 -0.0001
vn -0.9999 0.0150 -0.0000
vn -0.0017 1.0000 0.0003
vn -0.0000 1.0000 0.0003
vn -0.0017 1.0000 -0.0000
vn -0.0000 1.0000 -0.0003
vn -0.0017 1.0000 -0.0003
vn 0.0017 -0.0009 1.0000
vn 0.0504 -0.0010 0.9987
vn 0.0504 -0.0000 0.9987
vn 0.0504 0.0010 0.9987
vn 0.0017 0.0009 1.0000
vn 0.0017 -0.0009 -1.0000
vn -0.0000 -0.0009 -1.0000
vn -0.0017 -0.0009 -1.0000
vn -0.0017 0.0009 -1.0000
vn -0.0000 0.0009 -1.0000
vn 0.0017 0.0009 -1.0000
vn 0.0504 0.9987 0.0003
vn 0.0503 0.9987 -0.0000
vn 0.0504 0.9987 -0.0003
vn -0.9999 -0.0150 -0.0000
vn -0.9999 0.0149 -0.0000
vn -0.5257 -0.0009 0.8506
vn -0.5256 -0.0000 0.8507
vn -0.9566 -0.0000 0.2913
vn -0.9566 -0.0002 0.2913
vn -0.5258 0.0009 0.8506
vn -0.9566 0.0002 0.2913
vn -0.9999 -0.0000 0.0150
vn -0.0017 -0.0009 1.0000
vn -0.0000 -0.0009 1.0000
vn -0.0000 0.0009 1.0000
vn -0.0017 0.0009 1.0000
vn 0.5259 -0.0009 -0.8506
vn 0.5257 -0.0000 -0.8507
vn 0.9566 -0.0000 -0.2913
vn 0.9566 -0.0002 -0.2912
vn 0.5258 0.0009 -0.8506
vn 0.9567 0.0002 -0.2912
vn 0.9999 -0.0000 -0.0150
vn 0.9999 -0.0000 0.0148
vn 0.9999 -0.0000 0.0149
vn -0.0504 -0.0010 0.9987
vn -0.0503 -0.0000 0.9987
vn -0.0504 0.0010 0.9987
vn -0.5275 0.8496 -0.0003
vn -0.0505 0.9987 -0.0003
vn -0.0505 0.9987 -0.0000
vn -0.5275 0.8496 -0.0000
vn -0.0505 0.9987 0.0003
vn -0.5275 0.8496 0.0003
vn -0.0504 0.9987 0.0003
vn -0.0503 0.9987 -0.0000
vn -0.0504 0.9987 -0.0003
vn 0.0503 -0.9987 -0.0000
vn 0.0504 -0.9987 0.0003
vn 0.0504 -0.9987 -0.0003
vn -0.5257 -0.8507 0.0003
vn -0.5256 -0.8507 -0.0000
vn -0.0503 -0.9987 -0.0000
vn -0.0504 -0.9987 0.0003
vn -0.5257 -0.8507 -0.0003
vn -0.0504 -0.9987 -0.0003
vn -0.9999 -0.0000 -0.0148
vn -0.9999 -0.0000 -0.0149
vn 0.0504 -0.0010 -0.9987
vn 0.0503 -0.0000 -0.9987
vn 0.0504 0.0010 -0.9987
vn -0.0504 -0.0010 -0.9987
vn -0.0504 -0.0000 -0.9987
vn -0.0504 0.0010 -0.9987
vn -0.9999 -0.0148 -0.0000
vn -0.9999 -0.0149 -0.0000
vn 0.9573 -0.0000 0.2892
vn 0.9574 0.0004 0.2888
vn 0.9574 -0.0004 0.2889
vn -0.9572 -0.0000 -0.2894
vn -0.9573 0.0004 -0.2890
vn -0.9573 -0.0004 -0.2890
vn -0.0000 0.0011 1.0000
vn -0.0000 -0.0011 1.0000
vn -0.9572 -0.2893 -0.0000
vn -0.9573 -0.2892 -0.0001
vn -0.9573 -0.2892 0.0001
vn -0.9572 0.2893 -0.0000
vn -0.9573 0.2893 0.0001
vn -0.9572 0.2893 -0.0001
vn -0.0000 0.0011 -1.0000
vn -0.0000 -0.0011 -1.0000
vn 0.0513 -0.9986 0.0150
vn 0.0018 -0.9999 0.0146
vn 0.5289 -0.8486 0.0138
vn 0.5179 -0.6198 0.5896
vn 0.0696 -0.7223 0.6880
vn 0.0025 -0.7245 0.6893
vn 0.0526 -0.0412 0.9978
vn 0.0018 -0.0401 0.9992
vn 0.5328 -0.0374 0.8454
vn -0.0513 -0.9986 -0.0150
vn -0.0018 -0.9999 -0.0146
vn -0.5288 -0.8486 -0.0138
vn -0.4012 -0.9156 -0.0264
vn -0.0506 -0.9983 -0.0286
vn -0.0018 -0.9996 -0.0286
vn -0.0019 -0.0782 -0.9969
vn -0.0530 -0.0784 -0.9955
vn -0.0526 -0.0412 -0.9978
vn -0.0018 -0.0401 -0.9992
vn -0.4201 -0.0716 -0.9047
vn -0.5327 -0.0374 -0.8455
vn 0.0526 0.0412 0.9978
vn 0.0018 0.0401 0.9992
vn 0.5327 0.0374 0.8455
vn 0.4201 0.0716 0.9046
vn 0.0530 0.0784 0.9955
vn 0.0019 0.0782 0.9969
vn 0.0018 0.9996 0.0286
vn 0.0506 0.9983 0.0286
vn 0.0513 0.9986 0.0150
vn 0.0018 0.9999 0.0146
vn 0.4012 0.9156 0.0264
vn 0.5288 0.8486 0.0138
vn -0.0526 0.0413 -0.9978
vn -0.0018 0.0401 -0.9992
vn -0.5327 0.0374 -0.8455
vn -0.5179 0.6198 -0.5897
vn -0.0696 0.7224 -0.6880
vn -0.0025 0.7245 -0.6893
vn -0.0513 0.9986 -0.0150
vn -0.0018 0.9999 -0.0146
vn -0.5288 0.8486 -0.0138
vn 0.0524 0.0440 -0.9977
vn 0.0017 0.0450 -0.9990
vn 0.5394 0.0341 -0.8414
vn 0.7271 0.5044 -0.4657
vn 0.0725 0.7261 -0.6837
vn 0.0023 0.7274 -0.6862
vn 0.0510 0.9986 -0.0148
vn 0.0017 0.9999 -0.0152
vn 0.5313 0.8471 -0.0116
vn -0.0524 0.0440 0.9977
vn -0.0017 0.0450 0.9990
vn -0.5393 0.0341 0.8414
vn -0.6243 0.0689 0.7781
vn -0.0555 0.0879 0.9946
vn -0.0018 0.0878 0.9961
vn -0.0017 0.9996 0.0298
vn -0.0529 0.9982 0.0298
vn -0.0510 0.9986 0.0148
vn -0.0017 0.9999 0.0152
vn -0.6170 0.7866 0.0236
vn -0.5312 0.8472 0.0116
vn 0.0510 -0.9986 -0.0148
vn 0.0017 -0.9999 -0.0152
vn 0.5312 -0.8472 -0.0116
vn 0.6171 -0.7866 -0.0236
vn 0.0530 -0.9982 -0.0298
vn 0.0017 -0.9996 -0.0298
vn 0.0018 -0.0878 -0.9961
vn 0.0555 -0.0879 -0.9946
vn 0.0524 -0.0440 -0.9977
vn 0.0017 -0.0450 -0.9990
vn 0.6243 -0.0689 -0.7781
vn 0.5393 -0.0341 -0.8414
vn -0.0510 -0.9986 0.0148
vn -0.0017 -0.9999 0.0152
vn -0.5312 -0.8471 0.0116
vn -0.7271 -0.5044 0.4657
vn -0.0725 -0.7261 0.6837
vn -0.0023 -0.7274 0.6862
vn -0.0524 -0.0440 0.9977
vn -0.0017 -0.0450 0.9990
vn -0.5393 -0.0341 0.8414
vn -0.9626 0.0163 -0.2706
vn -0.9999 0.0009 -0.0136
vn -0.5393 0.0341 -0.8415
vn -0.7269 0.5045 -0.4658
vn -0.9918 0.0929 -0.0881
vn -1.0000 0.0041 -0.0039
vn -0.9591 0.2831 -0.0059
vn -0.9999 0.0144 -0.0003
vn -0.5312 0.8472 -0.0116
vn 0.9591 0.2829 -0.0059
vn 0.9999 0.0144 -0.0003
vn 0.9918 0.0928 -0.0880
vn 1.0000 0.0041 -0.0039
vn 0.9626 0.0163 -0.2704
vn 0.9999 0.0009 -0.0136
vn -0.9591 0.2830 0.0059
vn -0.9999 0.0144 0.0003
vn -0.9855 0.1694 0.0051
vn -1.0000 0.0041 0.0039
vn -0.9853 0.0150 0.1700
vn -0.9626 0.0163 0.2706
vn -0.9999 0.0009 0.0136
vn 0.9626 0.0163 0.2704
vn 0.9999 0.0009 0.0136
vn 0.5394 0.0340 0.8414
vn 0.6245 0.0689 0.7780
vn 0.9853 0.0151 0.1700
vn 1.0000 0.0041 0.0039
vn 0.9855 0.1693 0.0051
vn 0.9591 0.2829 0.0059
vn 0.9999 0.0144 0.0003
vn 0.6172 0.7865 0.0236
vn 0.5313 0.8471 0.0116
vn -0.9626 -0.0163 0.2705
vn -0.9999 -0.0009 0.0136
vn -0.9918 -0.0928 0.0880
vn -1.0000 -0.0041 0.0039
vn -0.9591 -0.2829 0.0059
vn -0.9999 -0.0144 0.0003
vn -0.9591 -0.2830 -0.0059
vn -0.9999 -0.0144 -0.0003
vn -0.5312 -0.8472 -0.0116
vn -0.6171 -0.7865 -0.0236
vn -0.9855 -0.1693 -0.0051
vn -1.0000 -0.0041 -0.0039
vn -0.9853 -0.0150 -0.1700
vn -0.9626 -0.0163 -0.2705
vn -0.9999 -0.0009 -0.0136
vn -0.6244 -0.0689 -0.7781
vn -0.5393 -0.0340 -0.8415
vn 0.9626 -0.0163 -0.2706
vn 0.9999 -0.0009 -0.0136
vn 0.9853 -0.0150 -0.1701
vn 1.0000 -0.0041 -0.0039
vn 0.9855 -0.1694 -0.0051
vn 0.9591 -0.2830 -0.0059
vn 0.9999 -0.0143 -0.0003
vn 0.9591 -0.2831 0.0059
vn 0.9999 -0.0143 0.0003
vn 0.5311 -0.8472 0.0116
vn 0.7269 -0.5045 0.4658
vn 0.9918 -0.0929 0.0881
vn 1.0000 -0.0041 0.0039
vn 0.9626 -0.0163 0.2706
vn 0.9999 -0.0009 0.0136
vn 0.5393 -0.0341 0.8414
vn -0.0513 -0.9986 0.0150
vn -0.5288 -0.8486 0.0138
vn -0.0018 -0.9999 0.0146
vn -0.0025 -0.7245 0.6893
vn -0.0696 -0.7223 0.6880
vn -0.5178 -0.6198 0.5897
vn -0.0526 -0.0412 0.9978
vn -0.5326 -0.0374 0.8455
vn -0.0018 -0.0401 0.9992
vn -0.0000 -0.9999 0.0146
vn -0.0000 -0.7245 0.6893
vn -0.0000 -0.0401 0.9992
vn 0.0513 -0.9986 -0.0150
vn 0.5288 -0.8486 -0.0138
vn 0.0018 -0.9999 -0.0146
vn 0.0018 -0.9996 -0.0286
vn 0.0506 -0.9983 -0.0286
vn 0.4012 -0.9156 -0.0264
vn 0.4201 -0.0716 -0.9047
vn 0.0530 -0.0784 -0.9955
vn 0.0526 -0.0412 -0.9978
vn 0.5327 -0.0374 -0.8455
vn 0.0019 -0.0782 -0.9969
vn 0.0018 -0.0401 -0.9992
vn -0.0000 -0.9999 -0.0146
vn -0.0000 -0.9996 -0.0285
vn -0.0000 -0.0782 -0.9969
vn -0.0000 -0.0401 -0.9992
vn -0.0526 0.0412 0.9978
vn -0.5327 0.0374 0.8455
vn -0.0018 0.0401 0.9992
vn -0.0019 0.0782 0.9969
vn -0.0530 0.0784 0.9955
vn -0.4201 0.0715 0.9046
vn -0.4012 0.9156 0.0264
vn -0.0506 0.9983 0.0286
vn -0.0513 0.9986 0.0150
vn -0.5288 0.8486 0.0138
vn -0.0018 0.9996 0.0286
vn -0.0018 0.9999 0.0146
vn -0.0000 0.0401 0.9992
vn -0.0000 0.0782 0.9969
vn -0.0000 0.9996 0.0285
vn -0.0000 0.9999 0.0146
vn 0.0526 0.0412 -0.9978
vn 0.5327 0.0374 -0.8455
vn 0.0018 0.0401 -0.9992
vn 0.0025 0.7245 -0.6893
vn 0.0696 0.7223 -0.6880
vn 0.5178 0.6198 -0.5897
vn 0.0513 0.9986 -0.0150
vn 0.5288 0.8487 -0.0138
vn 0.0018 0.9999 -0.0146
vn -0.0000 0.0401 -0.9992
vn -0.0000 0.7245 -0.6893
vn -0.0000 0.9999 -0.0146
vn -0.9566 -0.0075 0.2912
vn -0.9999 -0.0003 0.0150
vn -0.9999 -0.0115 0.0103
vn -0.9538 -0.2225 0.2020
vn -0.9567 -0.2911 0.0027
vn -0.9999 -0.0150 0.0001
vn -0.9566 -0.2913 0.0001
vn 0.9567 0.2911 -0.0027
vn 0.9999 0.0150 -0.0001
vn 0.9999 0.0115 -0.0103
vn 0.9538 0.2225 -0.2020
vn 0.9567 0.0075 -0.2911
vn 0.9999 0.0003 -0.0150
vn 0.9999 0.0003 0.0150
vn 0.9998 0.0016 0.0200
vn 0.9998 0.0215 0.0006
vn 0.9999 0.0150 0.0001
vn -0.9566 -0.2913 -0.0001
vn -0.9567 -0.2911 -0.0027
vn -0.9999 -0.0150 -0.0001
vn -0.9998 -0.0215 -0.0006
vn -0.9164 -0.4001 -0.0116
vn -0.9254 -0.0301 -0.3779
vn -0.9566 -0.0075 -0.2912
vn -0.9998 -0.0016 -0.0200
vn -0.9999 -0.0003 -0.0150
vn 0.9567 0.0075 0.2911
vn 0.9254 0.0301 0.3778
vn 0.9164 0.4001 0.0116
vn 0.9567 0.2910 0.0027
vn 0.9999 -0.0003 -0.0150
vn 0.9998 -0.0016 -0.0200
vn 0.9998 -0.0215 -0.0006
vn 0.9999 -0.0149 -0.0001
vn -0.9566 0.0075 -0.2911
vn -0.9999 0.0003 -0.0150
vn -0.9999 0.0116 -0.0104
vn -0.9538 0.2225 -0.2020
vn -0.9567 0.2911 -0.0027
vn -0.9999 0.0150 -0.0001
vn 0.9567 -0.0075 -0.2910
vn 0.9253 -0.0301 -0.3779
vn 0.9164 -0.4001 -0.0116
vn 0.9567 -0.2911 -0.0027
vn 0.9999 -0.0149 0.0001
vn 0.9999 -0.0115 0.0103
vn 0.9999 -0.0003 0.0150
vn -0.9567 0.2911 0.0027
vn -0.9999 0.0150 0.0001
vn -0.9998 0.0216 0.0006
vn -0.9164 0.4001 0.0116
vn -0.9254 0.0301 0.3778
vn -0.9566 0.0075 0.2911
vn -0.9998 0.0016 0.0201
vn -0.9999 0.0003 0.0151
vn 0.9567 -0.2910 0.0027
vn 0.9538 -0.2224 0.2019
vn 0.9567 -0.0075 0.2910
vn -0.0524 0.0440 -0.9977
vn -0.0017 0.0450 -0.9990
vn -0.0023 0.7274 -0.6862
vn -0.0725 0.7261 -0.6837
vn -0.0510 0.9986 -0.0148
vn -0.0017 0.9999 -0.0152
vn -0.0000 0.0450 -0.9990
vn -0.0000 0.7274 -0.6862
vn -0.0000 0.9999 -0.0152
vn 0.0524 0.0440 0.9977
vn 0.0017 0.0450 0.9990
vn 0.0018 0.0878 0.9961
vn 0.0555 0.0879 0.9946
vn 0.0529 0.9982 0.0298
vn 0.0510 0.9986 0.0148
vn 0.0017 0.9996 0.0298
vn 0.0017 0.9999 0.0152
vn -0.0000 0.0450 0.9990
vn -0.0000 0.0878 0.9961
vn -0.0000 0.9996 0.0297
vn -0.0000 0.9999 0.0152
vn -0.0510 -0.9986 -0.0148
vn -0.0017 -0.9999 -0.0152
vn -0.0017 -0.9996 -0.0298
vn -0.0530 -0.9982 -0.0298
vn -0.0555 -0.0879 -0.9946
vn -0.0524 -0.0440 -0.9977
vn -0.0018 -0.0878 -0.9961
vn -0.0017 -0.0450 -0.9990
vn -0.0000 -0.9999 -0.0152
vn -0.0000 -0.9996 -0.0297
vn -0.0000 -0.0878 -0.9961
vn -0.0000 -0.0450 -0.9990
vn 0.0510 -0.9986 0.0148
vn 0.0017 -0.9999 0.0152
vn 0.0023 -0.7274 0.6862
vn 0.0725 -0.7261 0.6837
vn 0.0524 -0.0440 0.9977
vn 0.0017 -0.0450 0.9990
vn -0.0000 -0.9999 0.0152
vn -0.0000 -0.7274 0.6862
vn -0.0000 -0.0450 0.9990
vn -0.9566 -0.2913 -0.0000
vn -0.5820 0.8132 0.0003
vn -0.5819 0.8132 -0.0000
vn -0.9737 0.2279 -0.0000
vn -0.9737 0.2279 0.0001
vn -0.5820 0.8132 -0.0003
vn -0.9737 0.2279 -0.0001
vn -0.9999 0.0112 -0.0000
vn -0.0017 1.0000 0.0004
vn -0.0017 1.0000 -0.0004
vn 0.0562 -0.0003 0.9984
vn 0.0562 -0.0000 0.9984
vn 0.0562 0.0003 0.9984
vn -0.0000 -0.0003 -1.0000
vn -0.0000 0.0003 -1.0000
vn 0.0562 0.9984 0.0004
vn 0.0562 0.9984 -0.0000
vn 0.0562 0.9984 -0.0004
vn -0.5821 -0.0003 0.8131
vn -0.5820 -0.0000 0.8132
vn -0.9737 -0.0000 0.2279
vn -0.9737 -0.0000 0.2278
vn -0.5821 0.0003 0.8131
vn -0.9999 -0.0000 0.0112
vn -0.0000 -0.0003 1.0000
vn -0.0000 0.0003 1.0000
vn 0.9999 -0.0000 0.0122
vn 0.9692 -0.0000 0.2465
vn 0.9692 0.0001 0.2464
vn 0.9692 -0.0001 0.2464
vn -0.9999 -0.0000 -0.0122
vn -0.9691 -0.0000 -0.2465
vn -0.9692 0.0001 -0.2464
vn -0.9692 -0.0001 -0.2464
vn -0.9999 -0.0122 -0.0000
vn -0.9691 -0.2465 -0.0000
vn -0.9692 -0.2464 -0.0001
vn -0.9692 -0.2465 0.0001
vn -0.9999 0.0122 -0.0000
vn -0.9692 0.2465 -0.0000
vn -0.9692 0.2464 0.0001
vn -0.9692 0.2464 -0.0001
vn -0.5658 0.8246 -0.0003
vn -0.5657 0.8246 -0.0000
vn -0.5658 0.8246 0.0003
vn 0.5821 -0.0003 -0.8131
vn 0.0562 -0.0003 -0.9984
vn 0.0562 -0.0000 -0.9984
vn 0.5819 -0.0000 -0.8132
vn 0.0562 0.0003 -0.9984
vn 0.5820 0.0003 -0.8132
vn -0.9999 -0.0112 -0.0000
vn 0.0562 -0.9984 -0.0000
vn 0.0562 -0.9984 0.0004
vn 0.0562 -0.9984 -0.0004
vn -0.0562 0.9984 0.0004
vn -0.0561 0.9984 -0.0000
vn -0.0562 0.9984 -0.0004
vn -0.0544 0.9985 -0.0004
vn -0.0544 0.9985 -0.0000
vn -0.0544 0.9985 0.0004
vn -0.0562 -0.0003 0.9984
vn -0.0562 -0.0000 0.9984
vn -0.0562 0.0003 0.9984
vn -0.0562 -0.0003 -0.9984
vn -0.0562 -0.0000 -0.9984
vn -0.0562 0.0003 -0.9984
vn 0.9999 -0.0000 -0.0111
vn 0.9737 -0.0000 -0.2279
vn 0.9737 -0.0000 -0.2278
vn -0.5820 -0.8132 0.0003
vn -0.5819 -0.8132 -0.0000
vn -0.0562 -0.9984 -0.0000
vn -0.0562 -0.9984 0.0004
vn -0.5820 -0.8132 -0.0003
vn -0.0562 -0.9984 -0.0004
vn 0.0576 -0.9982 0.0187
vn 0.0018 -0.9998 0.0181
vn 0.5847 -0.8111 0.0159
vn 0.5522 -0.5873 0.5917
vn 0.0775 -0.7024 0.7075
vn 0.0025 -0.7045 0.7097
vn 0.0574 -0.0148 0.9982
vn 0.0018 -0.0143 0.9999
vn 0.5843 -0.0126 0.8114
vn -0.0576 -0.9982 -0.0187
vn -0.0018 -0.9998 -0.0181
vn -0.5847 -0.8111 -0.0159
vn -0.4365 -0.8991 -0.0321
vn -0.0568 -0.9978 -0.0355
vn -0.0019 -0.9994 -0.0354
vn -0.0018 -0.0280 -0.9996
vn -0.0564 -0.0281 -0.9980
vn -0.0574 -0.0148 -0.9982
vn -0.0018 -0.0143 -0.9999
vn -0.4334 -0.0254 -0.9008
vn -0.5843 -0.0126 -0.8115
vn 0.0574 0.0148 0.9982
vn 0.0018 0.0143 0.9999
vn 0.5843 0.0126 0.8114
vn 0.4335 0.0254 0.9008
vn 0.0564 0.0281 0.9980
vn 0.0018 0.0280 0.9996
vn 0.0018 0.9994 0.0354
vn 0.0568 0.9978 0.0355
vn 0.0576 0.9982 0.0187
vn 0.0018 0.9998 0.0181
vn 0.4365 0.8991 0.0321
vn 0.5847 0.8111 0.0159
vn -0.0574 0.0148 -0.9982
vn -0.0018 0.0143 -0.9999
vn -0.5843 0.0126 -0.8114
vn -0.5522 0.5873 -0.5917
vn -0.0775 0.7024 -0.7075
vn -0.0025 0.7045 -0.7097
vn -0.0576 0.9982 -0.0187
vn -0.0018 0.9998 -0.0181
vn -0.5847 0.8111 -0.0159
vn 0.0548 0.0143 -0.9984
vn 0.0017 0.0147 -0.9999
vn 0.5692 0.0110 -0.8221
vn 0.7709 0.4479 -0.4529
vn 0.0781 0.7021 -0.7078
vn 0.0023 0.7043 -0.7099
vn 0.0550 0.9983 -0.0182
vn 0.0017 0.9998 -0.0187
vn 0.5703 0.8213 -0.0140
vn -0.0548 0.0143 0.9984
vn -0.0017 0.0147 0.9999
vn -0.5692 0.0110 0.8221
vn -0.6617 0.0218 0.7495
vn -0.0569 0.0289 0.9980
vn -0.0017 0.0288 0.9996
vn -0.0017 0.9993 0.0367
vn -0.0573 0.9977 0.0367
vn -0.0550 0.9983 0.0182
vn -0.0017 0.9998 0.0187
vn -0.6626 0.7485 0.0277
vn -0.5703 0.8213 0.0140
vn 0.0550 -0.9983 -0.0183
vn 0.0017 -0.9998 -0.0187
vn 0.5703 -0.8213 -0.0140
vn 0.6626 -0.7485 -0.0277
vn 0.0573 -0.9977 -0.0367
vn 0.0017 -0.9993 -0.0367
vn 0.0017 -0.0288 -0.9996
vn 0.0569 -0.0289 -0.9980
vn 0.0548 -0.0143 -0.9984
vn 0.0017 -0.0147 -0.9999
vn 0.6617 -0.0218 -0.7495
vn 0.5692 -0.0110 -0.8221
vn -0.0550 -0.9983 0.0183
vn -0.0017 -0.9998 0.0187
vn -0.5703 -0.8213 0.0140
vn -0.7709 -0.4479 0.4528
vn -0.0781 -0.7021 0.7078
vn -0.0023 -0.7043 0.7099
vn -0.0548 -0.0143 0.9984
vn -0.0017 -0.0147 0.9999
vn -0.5692 -0.0110 0.8221
vn -0.9705 0.0049 -0.2412
vn -0.9999 0.0003 -0.0118
vn -0.5692 0.0110 -0.8221
vn -0.7709 0.4479 -0.4529
vn -0.9946 0.0734 -0.0739
vn -1.0000 0.0032 -0.0032
vn -0.9709 0.2396 -0.0062
vn -0.9999 0.0118 -0.0003
vn -0.5703 0.8213 -0.0140
vn 0.9709 0.2396 -0.0062
vn 0.9999 0.0117 -0.0003
vn 0.9946 0.0734 -0.0739
vn 1.0000 0.0032 -0.0032
vn 0.9705 0.0049 -0.2412
vn 0.9999 0.0003 -0.0118
vn -0.9709 0.2396 0.0062
vn -0.9999 0.0118 0.0003
vn -0.9899 0.1419 0.0053
vn -1.0000 0.0032 0.0032
vn -0.9899 0.0041 0.1418
vn -0.9705 0.0049 0.2411
vn -0.9999 0.0003 0.0118
vn 0.9705 0.0049 0.2411
vn 0.9999 0.0003 0.0118
vn 0.5692 0.0110 0.8221
vn 0.6617 0.0218 0.7495
vn 0.9899 0.0041 0.1418
vn 1.0000 0.0032 0.0032
vn 0.9899 0.1419 0.0053
vn 0.9709 0.2396 0.0062
vn 0.9999 0.0117 0.0003
vn 0.6625 0.7485 0.0277
vn 0.5703 0.8213 0.0140
vn -0.9705 -0.0049 0.2411
vn -0.9999 -0.0003 0.0118
vn -0.9946 -0.0734 0.0739
vn -1.0000 -0.0032 0.0032
vn -0.9709 -0.2396 0.0062
vn -0.9999 -0.0118 0.0003
vn -0.9709 -0.2395 -0.0062
vn -0.9999 -0.0118 -0.0003
vn -0.5703 -0.8213 -0.0140
vn -0.6626 -0.7485 -0.0276
vn -0.9899 -0.1419 -0.0053
vn -1.0000 -0.0032 -0.0032
vn -0.9899 -0.0041 -0.1418
vn -0.9705 -0.0049 -0.2411
vn -0.9999 -0.0003 -0.0118
vn -0.6618 -0.0218 -0.7494
vn -0.5693 -0.0110 -0.8221
vn 0.9705 -0.0049 -0.2412
vn 0.9999 -0.0003 -0.0118
vn 0.9899 -0.0041 -0.1418
vn 1.0000 -0.0032 -0.0032
vn 0.9899 -0.1419 -0.0053
vn 0.9709 -0.2396 -0.0062
vn 0.9999 -0.0117 -0.0003
vn 0.9709 -0.2396 0.0062
vn 0.9999 -0.0117 0.0003
vn 0.5703 -0.8213 0.0140
vn 0.7709 -0.4479 0.4529
vn 0.9946 -0.0734 0.0739
vn 1.0000 -0.0032 0.0032
vn 0.9705 -0.0049 0.2412
vn 0.9999 -0.0003 0.0118
vn 0.5692 -0.0110 0.8221
vn -0.0576 -0.9982 0.0187
vn -0.5847 -0.8111 0.0159
vn -0.0018 -0.9998 0.0181
vn -0.0025 -0.7045 0.7097
vn -0.0775 -0.7024 0.7075
vn -0.5522 -0.5873 0.5917
vn -0.0574 -0.0148 0.9982
vn -0.5843 -0.0126 0.8114
vn -0.0018 -0.0143 0.9999
vn -0.0000 -0.9998 0.0181
vn -0.0000 -0.7045 0.7097
vn -0.0000 -0.0143 0.9999
vn 0.0576 -0.9982 -0.0187
vn 0.5847 -0.8111 -0.0159
vn 0.0018 -0.9998 -0.0181
vn 0.0019 -0.9994 -0.0354
vn 0.0568 -0.9978 -0.0355
vn 0.4365 -0.8991 -0.0321
vn 0.4334 -0.0254 -0.9008
vn 0.0564 -0.0281 -0.9980
vn 0.0574 -0.0148 -0.9982
vn 0.5843 -0.0126 -0.8114
vn 0.0018 -0.0280 -0.9996
vn 0.0018 -0.0143 -0.9999
vn -0.0000 -0.9998 -0.0181
vn -0.0000 -0.9994 -0.0354
vn -0.0000 -0.0280 -0.9996
vn -0.0000 -0.0143 -0.9999
vn -0.0574 0.0148 0.9982
vn -0.5843 0.0126 0.8114
vn -0.0018 0.0143 0.9999
vn -0.0018 0.0280 0.9996
vn -0.0564 0.0281 0.9980
vn -0.4335 0.0254 0.9008
vn -0.4365 0.8991 0.0321
vn -0.0568 0.9978 0.0355
vn -0.0576 0.9982 0.0187
vn -0.5847 0.8111 0.0159
vn -0.0019 0.9994 0.0354
vn -0.0018 0.9998 0.0181
vn -0.0000 0.0143 0.9999
vn -0.0000 0.0280 0.9996
vn -0.0000 0.9994 0.0354
vn -0.0000 0.9998 0.0181
vn 0.0574 0.0148 -0.9982
vn 0.5843 0.0126 -0.8115
vn 0.0018 0.0143 -0.9999
vn 0.0025 0.7045 -0.7097
vn 0.0775 0.7024 -0.7075
vn 0.5522 0.5873 -0.5917
vn 0.0576 0.9982 -0.0187
vn 0.5847 0.8111 -0.0159
vn 0.0018 0.9998 -0.0181
vn -0.0000 0.0143 -0.9999
vn -0.0000 0.7045 -0.7097
vn -0.0000 0.9998 -0.0181
vn -0.0548 0.0143 -0.9984
vn -0.0017 0.0147 -0.9999
vn -0.0023 0.7043 -0.7099
vn -0.0781 0.7021 -0.7078
vn -0.0550 0.9983 -0.0182
vn -0.0017 0.9998 -0.0187
vn -0.0000 0.0147 -0.9999
vn -0.0000 0.7043 -0.7099
vn -0.0000 0.9998 -0.0187
vn 0.0548 0.0143 0.9984
vn 0.0017 0.0147 0.9999
vn 0.0017 0.0288 0.9996
vn 0.0569 0.0289 0.9980
vn 0.0573 0.9977 0.0367
vn 0.0550 0.9983 0.0182
vn 0.0017 0.9993 0.0367
vn 0.0017 0.9998 0.0187
vn -0.0000 0.0147 0.9999
vn -0.0000 0.0288 0.9996
vn -0.0000 0.9993 0.0366
vn -0.0000 0.9998 0.0187
vn -0.0550 -0.9983 -0.0183
vn -0.0017 -0.9998 -0.0187
vn -0.0017 -0.9993 -0.0367
vn -0.0573 -0.9977 -0.0367
vn -0.0569 -0.0289 -0.9980
vn -0.0548 -0.0143 -0.9984
vn -0.0017 -0.0288 -0.9996
vn -0.0017 -0.0147 -0.9999
vn -0.0000 -0.9998 -0.0187
vn -0.0000 -0.9993 -0.0366
vn -0.0000 -0.0288 -0.9996
vn -0.0000 -0.0147 -0.9999
vn 0.0550 -0.9983 0.0183
vn 0.0017 -0.9998 0.0187
vn 0.0023 -0.7043 0.7099
vn 0.0781 -0.7021 0.7078
vn 0.0548 -0.0143 0.9984
vn 0.0017 -0.0147 0.9999
vn -0.0000 -0.9998 0.0187
vn -0.0000 -0.7043 0.7099
vn -0.0000 -0.0147 0.9999
vn 0.9738 -0.2276 0.0025
vn 0.9999 -0.0111 0.0001
vn 0.9999 -0.0081 0.0083
vn 0.9722 -0.1643 0.1669
vn 0.9738 -0.0020 0.2276
vn 0.9999 -0.0001 0.0111
vn -0.9737 0.2277 0.0025
vn -0.9999 0.0112 0.0001
vn -0.9999 0.0159 0.0006
vn -0.9500 0.3120 0.0112
vn -0.9491 0.0089 0.3149
vn -0.9737 0.0020 0.2276
vn -0.9999 0.0005 0.0161
vn -0.9999 0.0001 0.0112
vn -0.9999 0.0001 -0.0112
vn -0.9999 0.0082 -0.0083
vn -0.9999 0.0112 -0.0001
vn 0.9738 -0.0020 -0.2276
vn 0.9999 -0.0001 -0.0111
vn 0.9999 -0.0005 -0.0160
vn 0.9491 -0.0089 -0.3149
vn 0.9500 -0.3120 -0.0112
vn 0.9738 -0.2276 -0.0025
vn 0.9999 -0.0158 -0.0006
vn 0.9999 -0.0111 -0.0001
vn -0.9737 0.0020 -0.2277
vn -0.9722 0.1643 -0.1669
vn -0.9737 0.2277 -0.0025
vn -0.9999 -0.0112 -0.0001
vn -0.9999 -0.0159 -0.0006
vn -0.9999 -0.0005 -0.0161
vn -0.9999 -0.0001 -0.0112
vn 0.9738 0.0020 0.2276
vn 0.9999 0.0001 0.0111
vn 0.9999 0.0005 0.0160
vn 0.9491 0.0089 0.3148
vn 0.9500 0.3120 0.0112
vn 0.9738 0.2276 0.0025
vn 0.9999 0.0158 0.0006
vn 0.9999 0.0111 0.0001
vn -0.9737 -0.2279 -0.0001
vn -0.9737 -0.2276 -0.0025
vn -0.9500 -0.3120 -0.0112
vn -0.9491 -0.0089 -0.3149
vn -0.9737 -0.0020 -0.2277
vn -0.9999 -0.0001 0.0112
vn -0.9999 -0.0082 0.0083
vn -0.9999 -0.0112 0.0001
vn 0.9737 0.2276 -0.0025
vn 0.9999 0.0111 -0.0001
vn 0.9999 0.0081 -0.0083
vn 0.9722 0.1643 -0.1669
vn 0.9737 0.0020 -0.2276
vn 0.9999 0.0001 -0.0111
vn -0.9737 -0.0020 0.2277
vn -0.9722 -0.1643 0.1669
vn -0.9737 -0.2276 0.0025
vn -0.9737 -0.2279 0.0001
vn -0.9737 -0.2279 -0.0000
vn 0.0981 -0.0000 -0.9952
vn 0.7640 -0.0000 -0.6452
vn 0.9999 -0.0000 -0.0112
vn 0.0981 -0.0000 0.9952
vn 0.7640 -0.0000 0.6452
vn 0.9999 -0.0000 0.0112
vn -0.0981 -0.0000 0.9952
vn -0.7640 -0.0000 0.6452
vn -1.0000 -0.0000 0.0002
vn -0.0981 -0.0000 -0.9952
vn -0.7640 -0.0000 -0.6452
vn -1.0000 -0.0000 -0.0002
vt 0.573523 0.449189
vt 0.573523 0.298797
vt 0.702313 0.298797
vt 0.702313 0.449189
vt 0.573523 0.008500
vt 0.702313 0.008500
vt 0.702313 0.158892
vt 0.573523 0.158892
vt 0.702313 0.589094
vt 0.573523 0.589094
vt 0.705453 0.522737
vt 0.705453 0.363262
vt 0.854102 0.363262
vt 0.854102 0.522737
vt 0.567728 0.158892
vt 0.567728 0.298797
vt 0.443535 0.298797
vt 0.443535 0.158892
vt 0.567728 0.449189
vt 0.567728 0.008500
vt 0.567728 0.589094
vt 0.996179 0.363303
vt 0.996179 0.514318
vt 0.855990 0.514318
vt 0.855990 0.363303
vt 0.443535 0.449189
vt 0.443535 0.589094
vt 0.443535 0.008500
vt 0.328891 0.655888
vt 0.588990 0.655888
vt 0.588990 0.679401
vt 0.328891 0.679401
vt 0.593511 0.679452
vt 0.991169 0.679451
vt 0.991169 0.702964
vt 0.593511 0.702965
vt 0.593511 0.655888
vt 0.991169 0.655889
vt 0.991169 0.679401
vt 0.593511 0.679401
vt 0.328891 0.679452
vt 0.328891 0.702965
vt 0.326631 0.702965
vt 0.326631 0.679452
vt 0.993429 0.655889
vt 0.993429 0.679401
vt 0.591250 0.655888
vt 0.591250 0.679401
vt 0.993429 0.679451
vt 0.993429 0.702964
vt 0.326630 0.679401
vt 0.326630 0.655888
vt 0.591251 0.702965
vt 0.591250 0.679452
vt 0.588990 0.702965
vt 0.588990 0.679452
vt 0.848192 0.178350
vt 0.707212 0.178350
vt 0.707212 0.005229
vt 0.848192 0.005229
vt 0.853732 0.178350
vt 0.853732 0.005229
vt 0.994711 0.005229
vt 0.994711 0.178350
vt 0.848688 0.357018
vt 0.707708 0.357018
vt 0.707708 0.183896
vt 0.848688 0.183896
vt 0.854228 0.357018
vt 0.854228 0.183896
vt 0.995207 0.183896
vt 0.995207 0.357018
vt 0.188710 0.121221
vt 0.188621 0.028220
vt 0.217653 0.028442
vt 0.217926 0.121203
vt 0.188647 0.023596
vt 0.217663 0.023885
vt 0.222178 0.023942
vt 0.222209 0.028462
vt 0.222558 0.121197
vt 0.401781 0.494603
vt 0.430983 0.494604
vt 0.430972 0.587668
vt 0.401779 0.587678
vt 0.435608 0.494604
vt 0.435577 0.587657
vt 0.435470 0.592170
vt 0.430961 0.592277
vt 0.401780 0.592305
vt 0.233113 0.508572
vt 0.235204 0.508580
vt 0.234648 0.601440
vt 0.232564 0.601431
vt 0.235893 0.508583
vt 0.235322 0.601436
vt 0.235193 0.605959
vt 0.234617 0.606060
vt 0.232532 0.606070
vt 0.012323 0.120995
vt 0.010232 0.120988
vt 0.010778 0.028123
vt 0.012863 0.028132
vt 0.009542 0.120985
vt 0.010104 0.028127
vt 0.010233 0.023604
vt 0.010809 0.023503
vt 0.012894 0.023492
vt 0.188722 0.012748
vt 0.188737 0.010657
vt 0.217901 0.010982
vt 0.217881 0.013068
vt 0.188742 0.009968
vt 0.217900 0.010308
vt 0.222421 0.010460
vt 0.222520 0.011037
vt 0.222520 0.013123
vt 0.056722 0.616824
vt 0.056707 0.618915
vt 0.027543 0.618591
vt 0.027563 0.616505
vt 0.056702 0.619604
vt 0.027544 0.619265
vt 0.023023 0.619113
vt 0.022924 0.618537
vt 0.022924 0.616450
vt 0.222032 0.616600
vt 0.222029 0.618686
vt 0.217410 0.618734
vt 0.217393 0.616647
vt 0.221930 0.619263
vt 0.217408 0.619407
vt 0.188252 0.619701
vt 0.188248 0.619012
vt 0.188236 0.616922
vt 0.122479 0.619136
vt 0.122481 0.617047
vt 0.122479 0.619826
vt 0.023395 0.012960
vt 0.023398 0.010874
vt 0.028018 0.010826
vt 0.028034 0.012913
vt 0.023498 0.010297
vt 0.028020 0.010152
vt 0.057180 0.009859
vt 0.057184 0.010549
vt 0.057195 0.012639
vt 0.122962 0.010432
vt 0.122960 0.012522
vt 0.122962 0.009743
vt 0.236347 0.494603
vt 0.240972 0.494603
vt 0.240982 0.587667
vt 0.236376 0.587656
vt 0.270173 0.494603
vt 0.270175 0.587677
vt 0.270174 0.592304
vt 0.240993 0.592276
vt 0.236484 0.592168
vt 0.335977 0.494603
vt 0.335977 0.587679
vt 0.335977 0.592306
vt 0.023185 0.121033
vt 0.023681 0.028300
vt 0.028238 0.028287
vt 0.027816 0.121046
vt 0.023719 0.023781
vt 0.028234 0.023731
vt 0.057253 0.023489
vt 0.057271 0.028113
vt 0.057031 0.121111
vt 0.122947 0.028002
vt 0.122868 0.121159
vt 0.122951 0.023380
vt 0.056797 0.605976
vt 0.056823 0.601352
vt 0.122493 0.601569
vt 0.122489 0.606190
vt 0.056728 0.508346
vt 0.122562 0.508396
vt 0.188406 0.508454
vt 0.188158 0.601450
vt 0.188177 0.606073
vt 0.056762 0.314724
vt 0.122720 0.314774
vt 0.188680 0.314841
vt 0.023265 0.605631
vt 0.023235 0.601111
vt 0.027791 0.601131
vt 0.027780 0.605688
vt 0.022880 0.508373
vt 0.027512 0.508366
vt 0.022895 0.314700
vt 0.027523 0.314704
vt 0.270177 0.009744
vt 0.335980 0.009743
vt 0.335980 0.014370
vt 0.270177 0.014372
vt 0.401782 0.009745
vt 0.401782 0.014373
vt 0.401783 0.107446
vt 0.335979 0.107446
vt 0.270175 0.107446
vt 0.335978 0.301025
vt 0.270172 0.301024
vt 0.401784 0.301025
vt 0.236487 0.009880
vt 0.240995 0.009772
vt 0.240985 0.014381
vt 0.236379 0.014392
vt 0.240973 0.107445
vt 0.236349 0.107445
vt 0.240972 0.301024
vt 0.236347 0.301024
vt 0.012440 0.605903
vt 0.010354 0.605889
vt 0.010330 0.601269
vt 0.012415 0.601263
vt 0.009778 0.605787
vt 0.009656 0.601263
vt 0.009236 0.508399
vt 0.009926 0.508398
vt 0.012017 0.508393
vt 0.009927 0.314690
vt 0.012019 0.314691
vt 0.009236 0.314689
vt 0.233004 0.023671
vt 0.235089 0.023685
vt 0.235113 0.028305
vt 0.233028 0.028311
vt 0.235665 0.023787
vt 0.235786 0.028310
vt 0.236201 0.121171
vt 0.235512 0.121172
vt 0.233420 0.121177
vt 0.235514 0.314880
vt 0.233422 0.314878
vt 0.236204 0.314880
vt 0.430963 0.009773
vt 0.430974 0.014382
vt 0.435472 0.009881
vt 0.435580 0.014393
vt 0.435609 0.107446
vt 0.430985 0.107446
vt 0.430984 0.301025
vt 0.435609 0.301025
vt 0.217190 0.601274
vt 0.217193 0.605831
vt 0.217619 0.508520
vt 0.222251 0.508534
vt 0.221746 0.601261
vt 0.221708 0.605781
vt 0.217918 0.314866
vt 0.222546 0.314870
vt 0.223249 0.121195
vt 0.223237 0.314870
vt 0.225339 0.121192
vt 0.225328 0.314872
vt 0.225032 0.508544
vt 0.222942 0.508537
vt 0.229380 0.121184
vt 0.229375 0.314875
vt 0.229072 0.508558
vt 0.222752 0.023822
vt 0.222880 0.028442
vt 0.224854 0.023752
vt 0.224959 0.028400
vt 0.228937 0.023700
vt 0.228991 0.028341
vt 0.022189 0.508374
vt 0.022204 0.314699
vt 0.020099 0.508378
vt 0.020112 0.314698
vt 0.020404 0.121023
vt 0.022494 0.121030
vt 0.016058 0.508385
vt 0.016066 0.314695
vt 0.016363 0.121010
vt 0.022691 0.605751
vt 0.022563 0.601131
vt 0.020590 0.605821
vt 0.020484 0.601173
vt 0.016506 0.605874
vt 0.016452 0.601232
vt 0.057250 0.022800
vt 0.122951 0.022692
vt 0.057239 0.020714
vt 0.122953 0.020604
vt 0.188666 0.020821
vt 0.188651 0.022907
vt 0.057217 0.016678
vt 0.122956 0.016564
vt 0.188694 0.016785
vt 0.023595 0.023208
vt 0.028211 0.023061
vt 0.023517 0.021108
vt 0.028160 0.020984
vt 0.023445 0.017028
vt 0.028084 0.016953
vt 0.188181 0.606762
vt 0.122489 0.606878
vt 0.188192 0.608849
vt 0.122487 0.608966
vt 0.056778 0.608751
vt 0.056792 0.606665
vt 0.188213 0.612884
vt 0.122484 0.613006
vt 0.056750 0.612786
vt 0.221832 0.606354
vt 0.217216 0.606501
vt 0.221910 0.608453
vt 0.217268 0.608577
vt 0.221982 0.612532
vt 0.217344 0.612608
vt 0.027756 0.606358
vt 0.027702 0.608435
vt 0.023059 0.608303
vt 0.023141 0.606204
vt 0.027619 0.612465
vt 0.022980 0.612383
vt 0.217687 0.023215
vt 0.217742 0.021139
vt 0.222385 0.021271
vt 0.222303 0.023369
vt 0.217825 0.017108
vt 0.222464 0.017191
vt 0.023010 0.028279
vt 0.020931 0.028234
vt 0.021044 0.023586
vt 0.023145 0.023659
vt 0.016900 0.028169
vt 0.016961 0.023527
vt 0.222417 0.601283
vt 0.224496 0.601328
vt 0.224383 0.605976
vt 0.222282 0.605902
vt 0.228527 0.601394
vt 0.228466 0.606035
vt 0.742064 0.801782
vt 0.841190 0.801782
vt 0.841190 0.802172
vt 0.742064 0.802172
vt 0.940316 0.801782
vt 0.940316 0.802172
vt 0.940316 0.803262
vt 0.841190 0.803262
vt 0.742064 0.803262
vt 0.556296 0.745738
vt 0.457170 0.745738
vt 0.457170 0.745349
vt 0.556296 0.745349
vt 0.358044 0.745738
vt 0.358044 0.745349
vt 0.358044 0.744258
vt 0.457170 0.744258
vt 0.556296 0.744258
vt 0.370550 0.801782
vt 0.498543 0.801782
vt 0.498543 0.802172
vt 0.370550 0.802172
vt 0.626536 0.801782
vt 0.626536 0.802172
vt 0.626536 0.803262
vt 0.498543 0.803262
vt 0.370550 0.803262
vt 0.671823 0.708328
vt 0.799816 0.708328
vt 0.799816 0.708717
vt 0.671823 0.708717
vt 0.927809 0.708328
vt 0.927809 0.708717
vt 0.927809 0.709808
vt 0.799816 0.709808
vt 0.671823 0.709808
vt 0.867922 0.892159
vt 0.783957 0.892159
vt 0.783957 0.891765
vt 0.867922 0.891765
vt 0.699992 0.892159
vt 0.699992 0.891765
vt 0.699992 0.890707
vt 0.783957 0.890707
vt 0.867922 0.890707
vt 0.866598 0.964155
vt 0.782634 0.964155
vt 0.782634 0.963760
vt 0.866598 0.963760
vt 0.698669 0.964155
vt 0.698669 0.963760
vt 0.698669 0.962703
vt 0.782634 0.962703
vt 0.866598 0.962703
vt 0.975402 0.892159
vt 0.949736 0.892159
vt 0.949736 0.891765
vt 0.975402 0.891765
vt 0.924070 0.892159
vt 0.924070 0.891765
vt 0.924070 0.890707
vt 0.949736 0.890707
vt 0.975402 0.890707
vt 0.922746 0.986656
vt 0.948412 0.986656
vt 0.948412 0.987050
vt 0.922746 0.987050
vt 0.974078 0.986656
vt 0.974078 0.987050
vt 0.974078 0.988108
vt 0.948412 0.988108
vt 0.922746 0.988108
vt 0.370550 0.807374
vt 0.498543 0.807374
vt 0.498543 0.808459
vt 0.370550 0.808459
vt 0.626536 0.807374
vt 0.626536 0.808459
vt 0.626536 0.808848
vt 0.498543 0.808848
vt 0.370550 0.808848
vt 0.556296 0.740147
vt 0.457170 0.740147
vt 0.457170 0.739061
vt 0.556296 0.739061
vt 0.358044 0.740147
vt 0.358044 0.739061
vt 0.358044 0.738673
vt 0.457170 0.738673
vt 0.556296 0.738673
vt 0.742064 0.813121
vt 0.742064 0.809638
vt 0.841190 0.809638
vt 0.841190 0.813121
vt 0.742064 0.808848
vt 0.841190 0.808848
vt 0.940316 0.808848
vt 0.940316 0.809638
vt 0.940316 0.813121
vt 0.671823 0.713919
vt 0.799816 0.713919
vt 0.799816 0.715005
vt 0.671823 0.715005
vt 0.927809 0.713919
vt 0.927809 0.715005
vt 0.927809 0.715393
vt 0.799816 0.715393
vt 0.671823 0.715393
vt 0.975402 0.886721
vt 0.949736 0.886721
vt 0.949736 0.885667
vt 0.975402 0.885667
vt 0.924070 0.886721
vt 0.924070 0.885667
vt 0.924070 0.885277
vt 0.949736 0.885277
vt 0.975402 0.885277
vt 0.866598 0.958717
vt 0.782634 0.958717
vt 0.782634 0.957663
vt 0.866598 0.957663
vt 0.698669 0.958717
vt 0.698669 0.957663
vt 0.698669 0.957272
vt 0.782634 0.957272
vt 0.866598 0.957272
vt 0.867922 0.881064
vt 0.867922 0.884451
vt 0.783957 0.884451
vt 0.783957 0.881064
vt 0.867922 0.885277
vt 0.783957 0.885277
vt 0.699992 0.885277
vt 0.699992 0.884451
vt 0.699992 0.881064
vt 0.922746 0.992094
vt 0.948412 0.992094
vt 0.948412 0.993148
vt 0.922746 0.993148
vt 0.974078 0.992094
vt 0.974078 0.993148
vt 0.974078 0.993538
vt 0.948412 0.993538
vt 0.922746 0.993538
vt 0.626536 0.832127
vt 0.498543 0.832127
vt 0.498543 0.831337
vt 0.626536 0.831337
vt 0.370550 0.832127
vt 0.370550 0.831337
vt 0.370550 0.827854
vt 0.498543 0.827854
vt 0.626536 0.827854
vt 0.927809 0.719666
vt 0.799816 0.719666
vt 0.799816 0.716183
vt 0.927809 0.716183
vt 0.671823 0.719666
vt 0.671823 0.716183
vt 0.358044 0.734400
vt 0.457170 0.734400
vt 0.457170 0.737883
vt 0.358044 0.737883
vt 0.556296 0.734400
vt 0.556296 0.737883
vt 0.742064 0.782717
vt 0.841190 0.782717
vt 0.841190 0.790127
vt 0.742064 0.790127
vt 0.940316 0.782717
vt 0.940316 0.790127
vt 0.940316 0.797537
vt 0.841190 0.797537
vt 0.742064 0.797537
vt 0.742064 0.807374
vt 0.841190 0.807374
vt 0.841190 0.808459
vt 0.742064 0.808459
vt 0.940316 0.807374
vt 0.940316 0.808459
vt 0.626536 0.813121
vt 0.498543 0.813121
vt 0.498543 0.809638
vt 0.626536 0.809638
vt 0.370550 0.813121
vt 0.370550 0.809638
vt 0.358044 0.715393
vt 0.457170 0.715393
vt 0.457170 0.716183
vt 0.358044 0.716183
vt 0.556296 0.715393
vt 0.556296 0.716183
vt 0.556296 0.719666
vt 0.457170 0.719666
vt 0.358044 0.719666
vt 0.927809 0.738673
vt 0.799816 0.738673
vt 0.799816 0.737883
vt 0.927809 0.737883
vt 0.671823 0.738673
vt 0.671823 0.737883
vt 0.671823 0.734400
vt 0.799816 0.734400
vt 0.927809 0.734400
vt 0.924070 0.862773
vt 0.949736 0.862773
vt 0.949736 0.863599
vt 0.924070 0.863599
vt 0.975402 0.862773
vt 0.975402 0.863599
vt 0.975402 0.866986
vt 0.949736 0.866986
vt 0.924070 0.866986
vt 0.974078 0.938981
vt 0.948412 0.938981
vt 0.948412 0.935595
vt 0.974078 0.935595
vt 0.922746 0.938981
vt 0.922746 0.935595
vt 0.922746 0.934768
vt 0.948412 0.934768
vt 0.974078 0.934768
vt 0.698669 0.953060
vt 0.782634 0.953060
vt 0.782634 0.956446
vt 0.698669 0.956446
vt 0.866598 0.953060
vt 0.866598 0.956446
vt 0.867922 0.910444
vt 0.783957 0.910444
vt 0.783957 0.903410
vt 0.867922 0.903410
vt 0.699992 0.910444
vt 0.699992 0.903410
vt 0.699992 0.896376
vt 0.783957 0.896376
vt 0.867922 0.896376
vt 0.867922 0.886721
vt 0.783957 0.886721
vt 0.783957 0.885667
vt 0.867922 0.885667
vt 0.699992 0.886721
vt 0.699992 0.885667
vt 0.924070 0.881064
vt 0.949736 0.881064
vt 0.949736 0.884451
vt 0.924070 0.884451
vt 0.975402 0.881064
vt 0.975402 0.884451
vt 0.698669 0.934768
vt 0.782634 0.934768
vt 0.782634 0.935595
vt 0.698669 0.935595
vt 0.866598 0.934768
vt 0.866598 0.935595
vt 0.866598 0.938981
vt 0.782634 0.938981
vt 0.698669 0.938981
vt 0.974078 0.957272
vt 0.948412 0.957272
vt 0.948412 0.956446
vt 0.974078 0.956446
vt 0.922746 0.957272
vt 0.922746 0.956446
vt 0.922746 0.953060
vt 0.948412 0.953060
vt 0.974078 0.953060
vt 0.733072 0.843460
vt 0.738650 0.843460
vt 0.738650 0.849512
vt 0.733072 0.849512
vt 0.744229 0.843460
vt 0.744229 0.849512
vt 0.744229 0.855564
vt 0.738650 0.855564
vt 0.733072 0.855564
vt 0.471087 0.843460
vt 0.476665 0.843460
vt 0.476665 0.849512
vt 0.471087 0.849512
vt 0.482244 0.843460
vt 0.482244 0.849512
vt 0.482244 0.855564
vt 0.476665 0.855564
vt 0.471087 0.855564
vt 0.526540 0.843460
vt 0.607658 0.843460
vt 0.607658 0.849512
vt 0.526540 0.849512
vt 0.688775 0.843460
vt 0.688775 0.849512
vt 0.688775 0.855564
vt 0.607658 0.855564
vt 0.526540 0.855564
vt 0.698669 0.986656
vt 0.782634 0.986656
vt 0.782634 0.987050
vt 0.698669 0.987050
vt 0.866598 0.986656
vt 0.866598 0.987050
vt 0.866598 0.988108
vt 0.782634 0.988108
vt 0.698669 0.988108
vt 0.698669 0.982439
vt 0.698669 0.975405
vt 0.782634 0.975405
vt 0.782634 0.982439
vt 0.698669 0.968371
vt 0.782634 0.968371
vt 0.866598 0.968371
vt 0.866598 0.975405
vt 0.866598 0.982439
vt 0.924070 0.896376
vt 0.924070 0.892989
vt 0.949736 0.892989
vt 0.949736 0.896376
vt 0.975402 0.892989
vt 0.975402 0.896376
vt 0.974078 0.968371
vt 0.974078 0.975405
vt 0.948412 0.975405
vt 0.948412 0.968371
vt 0.974078 0.982439
vt 0.948412 0.982439
vt 0.922746 0.982439
vt 0.922746 0.975405
vt 0.922746 0.968371
vt 0.698669 0.964984
vt 0.782634 0.964984
vt 0.866598 0.964984
vt 0.699992 0.916112
vt 0.783957 0.916112
vt 0.783957 0.918106
vt 0.699992 0.918106
vt 0.867922 0.916112
vt 0.867922 0.918106
vt 0.867922 0.920099
vt 0.783957 0.920099
vt 0.699992 0.920099
vt 0.924070 0.914661
vt 0.949736 0.914661
vt 0.949736 0.915055
vt 0.924070 0.915055
vt 0.975402 0.914661
vt 0.975402 0.915055
vt 0.975402 0.916112
vt 0.949736 0.916112
vt 0.924070 0.916112
vt 0.924070 0.910444
vt 0.924070 0.903410
vt 0.949736 0.903410
vt 0.949736 0.910444
vt 0.975402 0.903410
vt 0.975402 0.910444
vt 0.974078 0.964155
vt 0.948412 0.964155
vt 0.948412 0.963760
vt 0.974078 0.963760
vt 0.922746 0.964155
vt 0.922746 0.963760
vt 0.922746 0.962703
vt 0.948412 0.962703
vt 0.974078 0.962703
vt 0.922746 0.960709
vt 0.948412 0.960709
vt 0.922746 0.958717
vt 0.948412 0.958717
vt 0.974078 0.958717
vt 0.974078 0.960709
vt 0.783957 0.888714
vt 0.867922 0.888714
vt 0.699992 0.888714
vt 0.924070 0.913831
vt 0.949736 0.913831
vt 0.975402 0.913831
vt 0.867922 0.862773
vt 0.867922 0.863599
vt 0.783957 0.863599
vt 0.783957 0.862773
vt 0.867922 0.866986
vt 0.783957 0.866986
vt 0.699992 0.866986
vt 0.699992 0.863599
vt 0.699992 0.862773
vt 0.782634 0.960709
vt 0.866598 0.960709
vt 0.698669 0.960709
vt 0.698669 0.985826
vt 0.782634 0.985826
vt 0.866598 0.985826
vt 0.948412 0.990102
vt 0.922746 0.990102
vt 0.974078 0.990102
vt 0.783957 0.892989
vt 0.867922 0.892989
vt 0.699992 0.892989
vt 0.867922 0.874025
vt 0.783957 0.874025
vt 0.699992 0.874025
vt 0.867922 0.914661
vt 0.783957 0.914661
vt 0.783957 0.913831
vt 0.867922 0.913831
vt 0.699992 0.914661
vt 0.699992 0.913831
vt 0.924070 0.888714
vt 0.949736 0.888714
vt 0.975402 0.888714
vt 0.949736 0.918106
vt 0.924070 0.918106
vt 0.975402 0.918106
vt 0.975402 0.920099
vt 0.949736 0.920099
vt 0.924070 0.920099
vt 0.974078 0.964984
vt 0.948412 0.964984
vt 0.922746 0.964984
vt 0.974078 0.985826
vt 0.948412 0.985826
vt 0.922746 0.985826
vt 0.782634 0.990102
vt 0.698669 0.990102
vt 0.866598 0.990102
vt 0.866598 0.992094
vt 0.782634 0.992094
vt 0.698669 0.992094
vt 0.948412 0.957663
vt 0.974078 0.957663
vt 0.922746 0.957663
vt 0.782634 0.946021
vt 0.698669 0.946021
vt 0.866598 0.946021
vt 0.949736 0.921153
vt 0.924070 0.921153
vt 0.975402 0.921153
vt 0.975402 0.921543
vt 0.949736 0.921543
vt 0.924070 0.921543
vt 0.948412 0.946021
vt 0.974078 0.946021
vt 0.922746 0.946021
vt 0.782634 0.993148
vt 0.698669 0.993148
vt 0.866598 0.993148
vt 0.866598 0.993538
vt 0.782634 0.993538
vt 0.698669 0.993538
vt 0.783957 0.921153
vt 0.699992 0.921153
vt 0.867922 0.921153
vt 0.867922 0.921543
vt 0.783957 0.921543
vt 0.699992 0.921543
vt 0.949736 0.874025
vt 0.924070 0.874025
vt 0.975402 0.874025
vt 0.904952 0.892989
vt 0.904952 0.896376
vt 0.904952 0.892159
vt 0.910569 0.892159
vt 0.910569 0.892989
vt 0.910569 0.896376
vt 0.912546 0.892989
vt 0.912546 0.896376
vt 0.912546 0.892159
vt 0.662963 0.913831
vt 0.662963 0.910444
vt 0.662963 0.914661
vt 0.657346 0.914661
vt 0.657346 0.913831
vt 0.657346 0.910444
vt 0.987579 0.982439
vt 0.987579 0.985826
vt 0.985602 0.985826
vt 0.985602 0.982439
vt 0.987579 0.986656
vt 0.985602 0.986656
vt 0.986926 0.892989
vt 0.986926 0.896376
vt 0.986926 0.892159
vt 0.988903 0.892159
vt 0.988903 0.892989
vt 0.988903 0.896376
vt 0.656022 0.968371
vt 0.656022 0.964984
vt 0.661639 0.964984
vt 0.661639 0.968371
vt 0.656022 0.964155
vt 0.661639 0.964155
vt 0.911222 0.985826
vt 0.911222 0.982439
vt 0.911222 0.986656
vt 0.909245 0.986656
vt 0.909245 0.985826
vt 0.909245 0.982439
vt 0.903628 0.985826
vt 0.903628 0.982439
vt 0.903628 0.986656
vt 0.912546 0.884451
vt 0.912546 0.881064
vt 0.912546 0.885277
vt 0.910569 0.885277
vt 0.910569 0.884451
vt 0.910569 0.881064
vt 0.904952 0.884451
vt 0.904952 0.881064
vt 0.904952 0.885277
vt 0.985602 0.935595
vt 0.985602 0.938981
vt 0.985602 0.934768
vt 0.987579 0.934768
vt 0.987579 0.935595
vt 0.987579 0.938981
vt 0.657346 0.866986
vt 0.657346 0.863599
vt 0.662963 0.863599
vt 0.662963 0.866986
vt 0.657346 0.862773
vt 0.662963 0.862773
vt 0.661639 0.956446
vt 0.661639 0.953060
vt 0.661639 0.957272
vt 0.656022 0.957272
vt 0.656022 0.956446
vt 0.656022 0.953060
vt 0.988903 0.881064
vt 0.988903 0.884451
vt 0.986926 0.884451
vt 0.986926 0.881064
vt 0.988903 0.885277
vt 0.986926 0.885277
vt 0.903628 0.935595
vt 0.903628 0.938981
vt 0.903628 0.934768
vt 0.909245 0.934768
vt 0.909245 0.935595
vt 0.909245 0.938981
vt 0.911222 0.935595
vt 0.911222 0.938981
vt 0.911222 0.934768
vt 0.912546 0.921153
vt 0.912546 0.920099
vt 0.912546 0.921543
vt 0.910569 0.921543
vt 0.910569 0.921153
vt 0.910569 0.920099
vt 0.904952 0.921153
vt 0.904952 0.920099
vt 0.904952 0.921543
vt 0.904952 0.885667
vt 0.904952 0.886721
vt 0.910569 0.885667
vt 0.910569 0.886721
vt 0.912546 0.885667
vt 0.912546 0.886721
vt 0.662963 0.921153
vt 0.662963 0.920099
vt 0.662963 0.921543
vt 0.657346 0.921543
vt 0.657346 0.921153
vt 0.657346 0.920099
vt 0.987579 0.992094
vt 0.987579 0.993148
vt 0.985602 0.993148
vt 0.985602 0.992094
vt 0.987579 0.993538
vt 0.985602 0.993538
vt 0.985602 0.957663
vt 0.985602 0.958717
vt 0.985602 0.957272
vt 0.987579 0.957272
vt 0.987579 0.957663
vt 0.987579 0.958717
vt 0.657346 0.886721
vt 0.657346 0.885667
vt 0.662963 0.885667
vt 0.662963 0.886721
vt 0.657346 0.885277
vt 0.662963 0.885277
vt 0.911222 0.993148
vt 0.911222 0.992094
vt 0.911222 0.993538
vt 0.909245 0.993538
vt 0.909245 0.993148
vt 0.909245 0.992094
vt 0.903628 0.993148
vt 0.903628 0.992094
vt 0.903628 0.993538
vt 0.661639 0.993148
vt 0.661639 0.992094
vt 0.661639 0.993538
vt 0.656022 0.993538
vt 0.656022 0.993148
vt 0.656022 0.992094
vt 0.988903 0.920099
vt 0.988903 0.921153
vt 0.986926 0.921153
vt 0.986926 0.920099
vt 0.988903 0.921543
vt 0.986926 0.921543
vt 0.986926 0.885667
vt 0.986926 0.886721
vt 0.988903 0.885667
vt 0.988903 0.886721
vt 0.656022 0.958717
vt 0.656022 0.957663
vt 0.661639 0.957663
vt 0.661639 0.958717
vt 0.903628 0.957663
vt 0.903628 0.958717
vt 0.903628 0.957272
vt 0.909245 0.957272
vt 0.909245 0.957663
vt 0.909245 0.958717
vt 0.911222 0.957663
vt 0.911222 0.958717
vt 0.911222 0.957272
vt 0.904952 0.913831
vt 0.904952 0.914661
vt 0.904952 0.910444
vt 0.910569 0.910444
vt 0.910569 0.913831
vt 0.910569 0.914661
vt 0.912546 0.913831
vt 0.912546 0.914661
vt 0.912546 0.910444
vt 0.904952 0.903410
vt 0.910569 0.903410
vt 0.912546 0.903410
vt 0.662963 0.892989
vt 0.662963 0.892159
vt 0.662963 0.896376
vt 0.657346 0.896376
vt 0.657346 0.892989
vt 0.657346 0.892159
vt 0.987579 0.964155
vt 0.987579 0.964984
vt 0.985602 0.964984
vt 0.985602 0.964155
vt 0.987579 0.968371
vt 0.985602 0.968371
vt 0.662963 0.903410
vt 0.657346 0.903410
vt 0.987579 0.975405
vt 0.985602 0.975405
vt 0.986926 0.913831
vt 0.986926 0.914661
vt 0.986926 0.910444
vt 0.988903 0.910444
vt 0.988903 0.913831
vt 0.988903 0.914661
vt 0.656022 0.986656
vt 0.656022 0.985826
vt 0.661639 0.985826
vt 0.661639 0.986656
vt 0.656022 0.982439
vt 0.661639 0.982439
vt 0.986926 0.903410
vt 0.988903 0.903410
vt 0.656022 0.975405
vt 0.661639 0.975405
vt 0.911222 0.964984
vt 0.911222 0.964155
vt 0.911222 0.968371
vt 0.909245 0.968371
vt 0.909245 0.964984
vt 0.909245 0.964155
vt 0.903628 0.964984
vt 0.903628 0.964155
vt 0.903628 0.968371
vt 0.911222 0.975405
vt 0.909245 0.975405
vt 0.903628 0.975405
vt 0.912546 0.915055
vt 0.912546 0.916112
vt 0.910569 0.916112
vt 0.910569 0.915055
vt 0.904952 0.915055
vt 0.904952 0.916112
vt 0.867922 0.915055
vt 0.903628 0.963760
vt 0.903628 0.962703
vt 0.909245 0.962703
vt 0.909245 0.963760
vt 0.911222 0.963760
vt 0.911222 0.962703
vt 0.986926 0.888714
vt 0.986926 0.890707
vt 0.988903 0.888714
vt 0.988903 0.890707
vt 0.656022 0.962703
vt 0.656022 0.960709
vt 0.661639 0.960709
vt 0.661639 0.962703
vt 0.912546 0.918106
vt 0.910569 0.918106
vt 0.904952 0.918106
vt 0.699992 0.915055
vt 0.662963 0.915055
vt 0.662963 0.916112
vt 0.657346 0.916112
vt 0.657346 0.915055
vt 0.987579 0.987050
vt 0.985602 0.987050
vt 0.987579 0.988108
vt 0.985602 0.988108
vt 0.986926 0.891765
vt 0.988903 0.891765
vt 0.656022 0.963760
vt 0.661639 0.963760
vt 0.985602 0.960709
vt 0.985602 0.962703
vt 0.987579 0.960709
vt 0.987579 0.962703
vt 0.657346 0.890707
vt 0.657346 0.888714
vt 0.662963 0.888714
vt 0.662963 0.890707
vt 0.662963 0.918106
vt 0.657346 0.918106
vt 0.987579 0.990102
vt 0.985602 0.990102
vt 0.911222 0.987050
vt 0.911222 0.988108
vt 0.909245 0.988108
vt 0.909245 0.987050
vt 0.903628 0.987050
vt 0.903628 0.988108
vt 0.985602 0.963760
vt 0.987579 0.963760
vt 0.657346 0.891765
vt 0.662963 0.891765
vt 0.904952 0.888714
vt 0.904952 0.890707
vt 0.910569 0.888714
vt 0.910569 0.890707
vt 0.912546 0.888714
vt 0.912546 0.890707
vt 0.911222 0.990102
vt 0.909245 0.990102
vt 0.903628 0.990102
vt 0.661639 0.987050
vt 0.661639 0.988108
vt 0.656022 0.988108
vt 0.656022 0.987050
vt 0.988903 0.915055
vt 0.986926 0.915055
vt 0.988903 0.916112
vt 0.986926 0.916112
vt 0.904952 0.891765
vt 0.910569 0.891765
vt 0.912546 0.891765
vt 0.661639 0.990102
vt 0.656022 0.990102
vt 0.988903 0.918106
vt 0.986926 0.918106
vt 0.903628 0.960709
vt 0.909245 0.960709
vt 0.911222 0.960709
vt 0.912546 0.863599
vt 0.912546 0.862773
vt 0.912546 0.866986
vt 0.910569 0.866986
vt 0.910569 0.863599
vt 0.910569 0.862773
vt 0.904952 0.863599
vt 0.904952 0.862773
vt 0.904952 0.866986
vt 0.912546 0.874025
vt 0.910569 0.874025
vt 0.904952 0.874025
vt 0.985602 0.956446
vt 0.985602 0.953060
vt 0.987579 0.953060
vt 0.987579 0.956446
vt 0.657346 0.884451
vt 0.662963 0.884451
vt 0.657346 0.881064
vt 0.662963 0.881064
vt 0.985602 0.946021
vt 0.987579 0.946021
vt 0.657346 0.874025
vt 0.662963 0.874025
vt 0.661639 0.935595
vt 0.661639 0.934768
vt 0.661639 0.938981
vt 0.656022 0.938981
vt 0.656022 0.935595
vt 0.656022 0.934768
vt 0.988903 0.862773
vt 0.988903 0.863599
vt 0.986926 0.863599
vt 0.986926 0.862773
vt 0.988903 0.866986
vt 0.986926 0.866986
vt 0.661639 0.946021
vt 0.656022 0.946021
vt 0.988903 0.874025
vt 0.986926 0.874025
vt 0.903628 0.956446
vt 0.903628 0.953060
vt 0.909245 0.953060
vt 0.909245 0.956446
vt 0.911222 0.956446
vt 0.911222 0.953060
vt 0.903628 0.946021
vt 0.909245 0.946021
vt 0.911222 0.946021
vt 0.783957 0.915055
vt 0.358044 0.708328
vt 0.457170 0.708328
vt 0.457170 0.708717
vt 0.358044 0.708717
vt 0.556296 0.708328
vt 0.556296 0.708717
vt 0.556296 0.709808
vt 0.457170 0.709808
vt 0.358044 0.709808
vt 0.358044 0.764804
vt 0.358044 0.757394
vt 0.457170 0.757394
vt 0.457170 0.764804
vt 0.358044 0.749983
vt 0.457170 0.749983
vt 0.556296 0.749983
vt 0.556296 0.757394
vt 0.556296 0.764804
vt 0.626536 0.797537
vt 0.626536 0.801017
vt 0.498543 0.801017
vt 0.498543 0.797537
vt 0.370550 0.801017
vt 0.370550 0.797537
vt 0.927809 0.749983
vt 0.927809 0.757394
vt 0.799816 0.757394
vt 0.799816 0.749983
vt 0.927809 0.764804
vt 0.799816 0.764804
vt 0.671823 0.764804
vt 0.671823 0.757394
vt 0.671823 0.749983
vt 0.358044 0.746504
vt 0.457170 0.746504
vt 0.556296 0.746504
vt 0.742064 0.827854
vt 0.742064 0.820488
vt 0.841190 0.820488
vt 0.841190 0.827854
vt 0.940316 0.820488
vt 0.940316 0.827854
vt 0.626536 0.839193
vt 0.498543 0.839193
vt 0.498543 0.838804
vt 0.626536 0.838804
vt 0.370550 0.839193
vt 0.370550 0.838804
vt 0.370550 0.837713
vt 0.498543 0.837713
vt 0.626536 0.837713
vt 0.626536 0.782717
vt 0.626536 0.790127
vt 0.498543 0.790127
vt 0.498543 0.782717
vt 0.370550 0.790127
vt 0.370550 0.782717
vt 0.927809 0.740147
vt 0.799816 0.740147
vt 0.799816 0.739061
vt 0.927809 0.739061
vt 0.671823 0.740147
vt 0.671823 0.739061
vt 0.457170 0.727033
vt 0.358044 0.727033
vt 0.556296 0.727033
vt 0.626536 0.833602
vt 0.498543 0.833602
vt 0.498543 0.832516
vt 0.626536 0.832516
vt 0.370550 0.833602
vt 0.370550 0.832516
vt 0.799816 0.727033
vt 0.927809 0.727033
vt 0.671823 0.727033
vt 0.358044 0.713919
vt 0.457170 0.713919
vt 0.457170 0.715005
vt 0.358044 0.715005
vt 0.556296 0.713919
vt 0.556296 0.715005
vt 0.841190 0.805319
vt 0.742064 0.805319
vt 0.940316 0.805319
vt 0.940316 0.833602
vt 0.841190 0.833602
vt 0.841190 0.832516
vt 0.940316 0.832516
vt 0.742064 0.833602
vt 0.742064 0.832516
vt 0.742064 0.832127
vt 0.841190 0.832127
vt 0.940316 0.832127
vt 0.498543 0.820488
vt 0.626536 0.820488
vt 0.370550 0.820488
vt 0.927809 0.745738
vt 0.927809 0.746504
vt 0.799816 0.746504
vt 0.799816 0.745738
vt 0.671823 0.746504
vt 0.671823 0.745738
vt 0.370550 0.835656
vt 0.498543 0.835656
vt 0.626536 0.835656
vt 0.940316 0.837713
vt 0.841190 0.837713
vt 0.841190 0.835656
vt 0.940316 0.835656
vt 0.742064 0.837713
vt 0.742064 0.835656
vt 0.841190 0.801017
vt 0.742064 0.801017
vt 0.940316 0.801017
vt 0.358044 0.769049
vt 0.358044 0.768283
vt 0.457170 0.768283
vt 0.457170 0.769049
vt 0.556296 0.768283
vt 0.556296 0.769049
vt 0.457170 0.711864
vt 0.358044 0.711864
vt 0.556296 0.711864
vt 0.742064 0.831337
vt 0.841190 0.831337
vt 0.940316 0.831337
vt 0.927809 0.711864
vt 0.799816 0.711864
vt 0.671823 0.711864
vt 0.626536 0.778472
vt 0.626536 0.779237
vt 0.498543 0.779237
vt 0.498543 0.778472
vt 0.370550 0.779237
vt 0.370550 0.778472
vt 0.927809 0.768283
vt 0.799816 0.768283
vt 0.927809 0.769049
vt 0.799816 0.769049
vt 0.671823 0.769049
vt 0.671823 0.768283
vt 0.927809 0.744258
vt 0.799816 0.744258
vt 0.799816 0.742202
vt 0.927809 0.742202
vt 0.671823 0.744258
vt 0.671823 0.742202
vt 0.498543 0.805319
vt 0.370550 0.805319
vt 0.626536 0.805319
vt 0.799816 0.745349
vt 0.927809 0.745349
vt 0.671823 0.745349
vt 0.742064 0.778472
vt 0.841190 0.778472
vt 0.841190 0.779237
vt 0.742064 0.779237
vt 0.940316 0.778472
vt 0.940316 0.779237
vt 0.457170 0.742202
vt 0.556296 0.742202
vt 0.358044 0.742202
vt 0.698259 0.801017
vt 0.698259 0.797537
vt 0.698259 0.801782
vt 0.691516 0.801782
vt 0.691516 0.801017
vt 0.691516 0.797537
vt 0.682971 0.801017
vt 0.682971 0.797537
vt 0.682971 0.801782
vt 0.984122 0.779237
vt 0.984122 0.782717
vt 0.984122 0.778472
vt 0.990864 0.778472
vt 0.990864 0.779237
vt 0.990864 0.782717
vt 0.992788 0.764804
vt 0.992788 0.768283
vt 0.984243 0.768283
vt 0.984243 0.764804
vt 0.992788 0.769049
vt 0.984243 0.769049
vt 0.314116 0.801017
vt 0.314116 0.797537
vt 0.314116 0.801782
vt 0.305570 0.801782
vt 0.305570 0.801017
vt 0.305570 0.797537
vt 0.307497 0.749983
vt 0.307497 0.746504
vt 0.314239 0.746504
vt 0.314239 0.749983
vt 0.307497 0.745738
vt 0.314239 0.745738
vt 0.615389 0.768283
vt 0.615389 0.764804
vt 0.615389 0.769049
vt 0.606843 0.769049
vt 0.606843 0.768283
vt 0.606843 0.764804
vt 0.600101 0.768283
vt 0.600101 0.764804
vt 0.600101 0.769049
vt 0.682971 0.809638
vt 0.682971 0.813121
vt 0.682971 0.808848
vt 0.691516 0.808848
vt 0.691516 0.809638
vt 0.691516 0.813121
vt 0.698259 0.809638
vt 0.698259 0.813121
vt 0.698259 0.808848
vt 0.984243 0.716183
vt 0.984243 0.719666
vt 0.984243 0.715393
vt 0.992788 0.715393
vt 0.992788 0.716183
vt 0.992788 0.719666
vt 0.990864 0.827854
vt 0.990864 0.831337
vt 0.984122 0.831337
vt 0.984122 0.827854
vt 0.990864 0.832127
vt 0.984122 0.832127
vt 0.314239 0.737883
vt 0.314239 0.734400
vt 0.314239 0.738673
vt 0.307497 0.738673
vt 0.307497 0.737883
vt 0.307497 0.734400
vt 0.305570 0.813121
vt 0.305570 0.809638
vt 0.314116 0.809638
vt 0.314116 0.813121
vt 0.305570 0.808848
vt 0.314116 0.808848
vt 0.600101 0.716183
vt 0.600101 0.719666
vt 0.600101 0.715393
vt 0.606843 0.715393
vt 0.606843 0.716183
vt 0.606843 0.719666
vt 0.615389 0.716183
vt 0.615389 0.719666
vt 0.615389 0.715393
vt 0.682971 0.832516
vt 0.682971 0.833602
vt 0.682971 0.832127
vt 0.691516 0.832127
vt 0.691516 0.832516
vt 0.691516 0.833602
vt 0.698259 0.832516
vt 0.698259 0.833602
vt 0.698259 0.832127
vt 0.698259 0.808459
vt 0.698259 0.807374
vt 0.691516 0.808459
vt 0.691516 0.807374
vt 0.682971 0.808459
vt 0.682971 0.807374
vt 0.984122 0.832516
vt 0.984122 0.833602
vt 0.990864 0.832516
vt 0.990864 0.833602
vt 0.992788 0.713919
vt 0.992788 0.715005
vt 0.984243 0.715005
vt 0.984243 0.713919
vt 0.984243 0.739061
vt 0.984243 0.740147
vt 0.984243 0.738673
vt 0.992788 0.738673
vt 0.992788 0.739061
vt 0.992788 0.740147
vt 0.990864 0.807374
vt 0.990864 0.808459
vt 0.984122 0.808459
vt 0.984122 0.807374
vt 0.990864 0.808848
vt 0.984122 0.808848
vt 0.615389 0.715005
vt 0.615389 0.713919
vt 0.606843 0.715005
vt 0.606843 0.713919
vt 0.600101 0.715005
vt 0.600101 0.713919
vt 0.314239 0.715005
vt 0.314239 0.713919
vt 0.314239 0.715393
vt 0.307497 0.715393
vt 0.307497 0.715005
vt 0.307497 0.713919
vt 0.305570 0.833602
vt 0.305570 0.832516
vt 0.314116 0.832516
vt 0.314116 0.833602
vt 0.305570 0.832127
vt 0.314116 0.832127
vt 0.314116 0.808459
vt 0.314116 0.807374
vt 0.305570 0.808459
vt 0.305570 0.807374
vt 0.307497 0.740147
vt 0.307497 0.739061
vt 0.314239 0.739061
vt 0.314239 0.740147
vt 0.600101 0.739061
vt 0.600101 0.740147
vt 0.600101 0.738673
vt 0.606843 0.738673
vt 0.606843 0.739061
vt 0.606843 0.740147
vt 0.615389 0.739061
vt 0.615389 0.740147
vt 0.615389 0.738673
vt 0.698259 0.779237
vt 0.698259 0.778472
vt 0.698259 0.782717
vt 0.691516 0.782717
vt 0.691516 0.779237
vt 0.691516 0.778472
vt 0.682971 0.779237
vt 0.682971 0.778472
vt 0.682971 0.782717
vt 0.698259 0.790127
vt 0.691516 0.790127
vt 0.682971 0.790127
vt 0.984122 0.801017
vt 0.984122 0.801782
vt 0.984122 0.797537
vt 0.990864 0.797537
vt 0.990864 0.801017
vt 0.990864 0.801782
vt 0.992788 0.745738
vt 0.992788 0.746504
vt 0.984243 0.746504
vt 0.984243 0.745738
vt 0.992788 0.749983
vt 0.984243 0.749983
vt 0.984122 0.790127
vt 0.990864 0.790127
vt 0.992788 0.757394
vt 0.984243 0.757394
vt 0.314116 0.779237
vt 0.314116 0.778472
vt 0.314116 0.782717
vt 0.305570 0.782717
vt 0.305570 0.779237
vt 0.305570 0.778472
vt 0.307497 0.769049
vt 0.307497 0.768283
vt 0.314239 0.768283
vt 0.314239 0.769049
vt 0.307497 0.764804
vt 0.314239 0.764804
vt 0.314116 0.790127
vt 0.305570 0.790127
vt 0.307497 0.757394
vt 0.314239 0.757394
vt 0.615389 0.746504
vt 0.615389 0.745738
vt 0.615389 0.749983
vt 0.606843 0.749983
vt 0.606843 0.746504
vt 0.606843 0.745738
vt 0.600101 0.746504
vt 0.600101 0.745738
vt 0.600101 0.749983
vt 0.615389 0.757394
vt 0.606843 0.757394
vt 0.600101 0.757394
vt 0.682971 0.831337
vt 0.682971 0.827854
vt 0.691516 0.827854
vt 0.691516 0.831337
vt 0.698259 0.831337
vt 0.698259 0.827854
vt 0.682971 0.820488
vt 0.691516 0.820488
vt 0.698259 0.820488
vt 0.984243 0.737883
vt 0.984243 0.734400
vt 0.992788 0.734400
vt 0.992788 0.737883
vt 0.990864 0.809638
vt 0.984122 0.809638
vt 0.990864 0.813121
vt 0.984122 0.813121
vt 0.984243 0.727033
vt 0.992788 0.727033
vt 0.990864 0.820488
vt 0.984122 0.820488
vt 0.314239 0.716183
vt 0.314239 0.719666
vt 0.307497 0.719666
vt 0.307497 0.716183
vt 0.305570 0.831337
vt 0.314116 0.831337
vt 0.305570 0.827854
vt 0.314116 0.827854
vt 0.314239 0.727033
vt 0.307497 0.727033
vt 0.305570 0.820488
vt 0.314116 0.820488
vt 0.600101 0.737883
vt 0.600101 0.734400
vt 0.606843 0.734400
vt 0.606843 0.737883
vt 0.615389 0.737883
vt 0.615389 0.734400
vt 0.600101 0.727033
vt 0.606843 0.727033
vt 0.615389 0.727033
vt 0.698259 0.802172
vt 0.698259 0.803262
vt 0.691516 0.803262
vt 0.691516 0.802172
vt 0.682971 0.802172
vt 0.682971 0.803262
vt 0.314239 0.708717
vt 0.314239 0.708328
vt 0.314239 0.709808
vt 0.307497 0.709808
vt 0.307497 0.708717
vt 0.307497 0.708328
vt 0.305570 0.839193
vt 0.305570 0.838804
vt 0.314116 0.838804
vt 0.314116 0.839193
vt 0.305570 0.837713
vt 0.314116 0.837713
vt 0.615389 0.711864
vt 0.615389 0.709808
vt 0.606843 0.711864
vt 0.606843 0.709808
vt 0.600101 0.711864
vt 0.600101 0.709808
vt 0.698259 0.805319
vt 0.691516 0.805319
vt 0.682971 0.805319
vt 0.984243 0.745349
vt 0.984243 0.744258
vt 0.992788 0.744258
vt 0.992788 0.745349
vt 0.990864 0.802172
vt 0.984122 0.802172
vt 0.990864 0.803262
vt 0.984122 0.803262
vt 0.615389 0.708717
vt 0.615389 0.708328
vt 0.606843 0.708717
vt 0.606843 0.708328
vt 0.600101 0.708717
vt 0.600101 0.708328
vt 0.984122 0.835656
vt 0.984122 0.837713
vt 0.990864 0.835656
vt 0.990864 0.837713
vt 0.992788 0.709808
vt 0.992788 0.711864
vt 0.984243 0.711864
vt 0.984243 0.709808
vt 0.984243 0.742202
vt 0.992788 0.742202
vt 0.990864 0.805319
vt 0.984122 0.805319
vt 0.314116 0.802172
vt 0.314116 0.803262
vt 0.305570 0.803262
vt 0.305570 0.802172
vt 0.307497 0.745349
vt 0.314239 0.745349
vt 0.307497 0.744258
vt 0.314239 0.744258
vt 0.940316 0.839193
vt 0.940316 0.838804
vt 0.984122 0.838804
vt 0.984122 0.839193
vt 0.990864 0.838804
vt 0.990864 0.839193
vt 0.992788 0.708328
vt 0.992788 0.708717
vt 0.984243 0.708717
vt 0.984243 0.708328
vt 0.682971 0.835656
vt 0.682971 0.837713
vt 0.691516 0.835656
vt 0.691516 0.837713
vt 0.698259 0.835656
vt 0.698259 0.837713
vt 0.314116 0.805319
vt 0.305570 0.805319
vt 0.307497 0.742202
vt 0.314239 0.742202
vt 0.600101 0.745349
vt 0.600101 0.744258
vt 0.606843 0.744258
vt 0.606843 0.745349
vt 0.615389 0.745349
vt 0.615389 0.744258
vt 0.682971 0.838804
vt 0.682971 0.839193
vt 0.691516 0.838804
vt 0.691516 0.839193
vt 0.698259 0.838804
vt 0.698259 0.839193
vt 0.742064 0.838804
vt 0.742064 0.839193
vt 0.600101 0.742202
vt 0.606843 0.742202
vt 0.615389 0.742202
vt 0.314239 0.711864
vt 0.307497 0.711864
vt 0.305570 0.835656
vt 0.314116 0.835656
vt 0.841190 0.839193
vt 0.841190 0.838804
vt 0.730422 0.849512
vt 0.730422 0.843460
vt 0.730422 0.855564
vt 0.729803 0.855564
vt 0.729803 0.849512
vt 0.729803 0.843460
vt 0.724473 0.849512
vt 0.724473 0.843460
vt 0.724473 0.855564
vt 0.484894 0.849512
vt 0.484894 0.855564
vt 0.484894 0.843460
vt 0.485512 0.843460
vt 0.485512 0.849512
vt 0.485512 0.855564
vt 0.490842 0.849512
vt 0.490842 0.855564
vt 0.490842 0.843460
vt 0.468437 0.849512
vt 0.468437 0.843460
vt 0.468437 0.855564
vt 0.467818 0.855564
vt 0.467818 0.849512
vt 0.467818 0.843460
vt 0.991788 0.843460
vt 0.991788 0.849512
vt 0.986458 0.849512
vt 0.986458 0.843460
vt 0.991788 0.855564
vt 0.986458 0.855564
vt 0.950760 0.855564
vt 0.950760 0.849512
vt 0.950760 0.843460
vt 0.746878 0.849512
vt 0.746878 0.855564
vt 0.746878 0.843460
vt 0.747497 0.843460
vt 0.747497 0.849512
vt 0.747497 0.855564
vt 0.752827 0.849512
vt 0.752827 0.855564
vt 0.752827 0.843460
vt 0.788525 0.843460
vt 0.788525 0.849512
vt 0.788525 0.855564
vt 0.869643 0.843460
vt 0.869643 0.849512
vt 0.869643 0.855564
s 1
usemtl FURNITURE_076_MAT
f 9/1/1 10/2/1 4/3/1 1/4/1
f 11/5/2 5/6/2 8/7/2 12/8/2
f 4/3/3 10/2/3 12/8/3 8/7/3
f 9/1/4 1/4/4 5/9/4 11/10/4
f 1/11/5 4/12/5 8/13/5 5/14/5
f 7/15/4 3/16/4 14/17/4 16/18/4
f 2/19/6 3/16/6 10/2/6 9/1/6
f 7/15/6 6/20/6 11/5/6 12/8/6
f 3/16/6 7/15/6 12/8/6 10/2/6
f 6/21/6 2/19/6 9/1/6 11/10/6
f 14/22/6 13/23/6 15/24/6 16/25/6
f 3/16/2 2/19/2 13/26/2 14/17/2
f 2/19/3 6/21/3 15/27/3 13/26/3
f 6/20/1 7/15/1 16/18/1 15/28/1
f 26/29/3 24/30/3 35/31/3 39/32/3
f 17/33/5 27/34/5 38/35/5 30/36/5
f 23/37/6 21/38/6 32/39/6 36/40/6
f 20/41/4 33/42/4 34/43/4 22/44/4
f 22/45/6 34/46/6 32/39/6 21/38/6
f 35/31/3 24/30/3 25/47/3 37/48/3
f 37/48/6 25/47/6 23/37/6 36/40/6
f 38/35/5 27/34/5 28/49/5 40/50/5
f 40/51/3 28/52/3 26/29/3 39/32/3
f 17/33/5 30/36/5 31/53/5 19/54/5
f 19/54/4 31/53/4 29/55/4 18/56/4
f 20/41/4 18/56/4 29/55/4 33/42/4
f 41/57/2 43/58/2 44/59/2 42/60/2
f 45/61/1 46/62/1 48/63/1 47/64/1
f 41/57/6 42/60/6 46/62/6 45/61/6
f 49/65/2 51/66/2 52/67/2 50/68/2
f 53/69/1 54/70/1 56/71/1 55/72/1
f 49/65/6 50/68/6 54/70/6 53/69/6
f 87/73/7 155/74/8 221/75/9 172/76/10
f 155/74/8 68/77/11 115/78/12 221/75/9
f 221/75/9 115/78/12 60/79/13 143/80/14
f 172/76/10 221/75/9 143/80/14 75/81/15
f 84/82/16 170/83/17 222/84/18 138/85/19
f 170/83/17 79/86/20 147/87/21 222/84/18
f 222/84/18 147/87/21 64/88/22 119/89/23
f 138/85/19 222/84/18 119/89/23 72/90/24
f 111/91/25 195/92/26 223/93/27 220/94/28
f 195/92/26 80/95/29 120/96/30 223/93/27
f 223/93/27 120/96/30 61/97/31 121/98/32
f 220/94/28 223/93/27 121/98/32 90/99/33
f 107/100/34 191/101/35 224/102/36 218/103/37
f 191/101/35 78/104/38 118/105/39 224/102/36
f 224/102/36 118/105/39 63/106/40 123/107/41
f 218/103/37 224/102/36 123/107/41 94/108/42
f 103/109/43 187/110/44 225/111/45 216/112/46
f 187/110/44 72/113/47 119/114/48 225/111/45
f 225/111/45 119/114/48 64/115/49 175/116/50
f 216/112/46 225/111/45 175/116/50 91/117/51
f 99/118/52 183/119/53 226/120/54 214/121/55
f 183/119/53 70/122/56 117/123/57 226/120/54
f 226/120/54 117/123/57 62/124/58 179/125/59
f 214/121/55 226/120/54 179/125/59 95/126/60
f 90/127/33 121/128/32 227/129/61 212/130/62
f 121/128/32 61/131/31 129/132/63 227/129/61
f 227/129/61 129/132/63 69/133/64 181/134/65
f 212/130/62 227/129/61 181/134/65 97/135/66
f 97/135/66 181/134/65 228/136/67 210/137/68
f 181/134/65 69/133/64 130/138/69 228/136/67
f 228/136/67 130/138/69 70/122/56 183/119/53
f 210/137/68 228/136/67 183/119/53 99/118/52
f 94/139/42 123/140/41 229/141/70 208/142/71
f 123/140/41 63/143/40 131/144/72 229/141/70
f 229/141/70 131/144/72 71/145/73 185/146/74
f 208/142/71 229/141/70 185/146/74 101/147/75
f 101/147/75 185/146/74 230/148/76 206/149/77
f 185/146/74 71/145/73 132/150/78 230/148/76
f 230/148/76 132/150/78 72/113/47 187/110/44
f 206/149/77 230/148/76 187/110/44 103/109/43
f 78/151/79 164/152/80 231/153/81 118/154/82
f 164/152/80 82/155/83 137/156/84 231/153/81
f 231/153/81 137/156/84 71/157/85 131/158/86
f 118/154/82 231/153/81 131/158/86 63/159/87
f 82/155/83 162/160/88 232/161/89 137/156/84
f 162/160/88 84/82/16 138/85/19 232/161/89
f 232/161/89 138/85/19 72/90/24 132/162/90
f 137/156/84 232/161/89 132/162/90 71/157/85
f 74/163/91 114/164/92 233/165/93 160/166/94
f 114/164/92 58/167/95 127/168/96 233/165/93
f 233/165/93 127/168/96 67/169/97 153/170/98
f 160/166/94 233/165/93 153/170/98 85/171/99
f 85/171/99 153/170/98 234/172/100 158/173/101
f 153/170/98 67/169/97 128/174/102 234/172/100
f 234/172/100 128/174/102 68/77/11 155/74/8
f 158/173/101 234/172/100 155/74/8 87/73/7
f 66/175/103 139/176/104 235/177/105 126/178/106
f 139/176/104 86/179/107 157/180/108 235/177/105
f 235/177/105 157/180/108 88/181/109 140/182/110
f 126/178/106 235/177/105 140/182/110 65/183/111
f 86/179/107 154/184/112 236/185/1 157/180/108
f 154/184/112 85/171/99 158/173/101 236/185/1
f 236/185/1 158/173/101 87/73/7 156/186/113
f 157/180/108 236/185/1 156/186/113 88/181/109
f 57/187/114 141/188/115 237/189/116 113/190/117
f 141/188/115 73/191/118 159/192/119 237/189/116
f 237/189/116 159/192/119 86/179/107 139/176/104
f 113/190/117 237/189/116 139/176/104 66/175/103
f 73/191/118 142/193/120 238/194/121 159/192/119
f 142/193/120 74/163/91 160/166/94 238/194/121
f 238/194/121 160/166/94 85/171/99 154/184/112
f 159/192/119 238/194/121 154/184/112 86/179/107
f 70/195/122 130/196/123 239/197/124 149/198/125
f 130/196/123 69/199/126 151/200/127 239/197/124
f 239/197/124 151/200/127 83/201/128 161/202/129
f 149/198/125 239/197/124 161/202/129 81/203/130
f 81/203/130 161/202/129 240/204/2 150/205/131
f 161/202/129 83/201/128 152/206/132 240/204/2
f 240/204/2 152/206/132 84/82/16 162/160/88
f 150/205/131 240/204/2 162/160/88 82/155/83
f 62/207/133 117/208/134 241/209/135 145/210/136
f 117/208/134 70/195/122 149/198/125 241/209/135
f 241/209/135 149/198/125 81/203/130 163/211/137
f 145/210/136 241/209/135 163/211/137 77/212/138
f 77/212/138 163/211/137 242/213/139 146/214/140
f 163/211/137 81/203/130 150/205/131 242/213/139
f 242/213/139 150/205/131 82/155/83 164/152/80
f 146/214/140 242/213/139 164/152/80 78/151/79
f 95/215/60 179/216/59 243/217/141 204/218/142
f 179/216/59 62/219/58 145/220/143 243/217/141
f 243/217/141 145/220/143 77/221/144 189/222/145
f 204/218/142 243/217/141 189/222/145 105/223/146
f 105/223/146 189/222/145 244/224/147 202/225/148
f 189/222/145 77/221/144 146/226/149 244/224/147
f 244/224/147 146/226/149 78/104/38 191/101/35
f 202/225/148 244/224/147 191/101/35 107/100/34
f 91/227/51 175/228/50 245/229/150 200/230/151
f 175/228/50 64/231/49 147/232/152 245/229/150
f 245/229/150 147/232/152 79/233/153 193/234/154
f 200/230/151 245/229/150 193/234/154 109/235/155
f 109/235/155 193/234/154 246/236/156 198/237/157
f 193/234/154 79/233/153 148/238/158 246/236/156
f 246/236/156 148/238/158 80/95/29 195/92/26
f 198/237/157 246/236/156 195/92/26 111/91/25
f 69/199/126 129/239/159 247/240/160 151/200/127
f 129/239/159 61/241/161 120/242/162 247/240/160
f 247/240/160 120/242/162 80/243/163 169/244/164
f 151/200/127 247/240/160 169/244/164 83/201/128
f 83/201/128 169/244/164 248/245/165 152/206/132
f 169/244/164 80/243/163 148/246/166 248/245/165
f 248/245/165 148/246/166 79/86/20 170/83/17
f 152/206/132 248/245/165 170/83/17 84/82/16
f 65/183/111 140/182/110 249/247/167 125/248/168
f 140/182/110 88/181/109 171/249/169 249/247/167
f 249/247/167 171/249/169 76/250/170 116/251/171
f 125/248/168 249/247/167 116/251/171 59/252/172
f 88/181/109 156/186/113 250/253/173 171/249/169
f 156/186/113 87/73/7 172/76/10 250/253/173
f 250/253/173 172/76/10 75/81/15 144/254/174
f 171/249/169 250/253/173 144/254/174 76/250/170
f 75/81/15 167/255/175 251/256/176 144/254/174
f 167/255/175 110/257/177 197/258/178 251/256/176
f 251/256/176 197/258/178 112/259/179 168/260/180
f 144/254/174 251/256/176 168/260/180 76/250/170
f 110/257/177 194/261/181 252/262/5 197/258/178
f 194/261/181 109/235/155 198/237/157 252/262/5
f 252/262/5 198/237/157 111/91/25 196/263/182
f 197/258/178 252/262/5 196/263/182 112/259/179
f 60/79/13 122/264/183 253/265/184 143/80/14
f 122/264/183 92/266/185 199/267/186 253/265/184
f 253/265/184 199/267/186 110/257/177 167/255/175
f 143/80/14 253/265/184 167/255/175 75/81/15
f 92/266/185 176/268/187 254/269/188 199/267/186
f 176/268/187 91/227/51 200/230/151 254/269/188
f 254/269/188 200/230/151 109/235/155 194/261/181
f 199/267/186 254/269/188 194/261/181 110/257/177
f 73/191/118 165/270/189 255/271/190 142/193/120
f 165/270/189 106/272/191 201/273/192 255/271/190
f 255/271/190 201/273/192 108/274/193 166/275/194
f 142/193/120 255/271/190 166/275/194 74/163/91
f 106/272/191 190/276/195 256/277/6 201/273/192
f 190/276/195 105/223/146 202/225/148 256/277/6
f 256/277/6 202/225/148 107/100/34 192/278/196
f 201/273/192 256/277/6 192/278/196 108/274/193
f 57/187/114 124/279/197 257/280/198 141/188/115
f 124/279/197 96/281/199 203/282/200 257/280/198
f 257/280/198 203/282/200 106/272/191 165/270/189
f 141/188/115 257/280/198 165/270/189 73/191/118
f 96/281/199 180/283/201 258/284/202 203/282/200
f 180/283/201 95/215/60 204/218/142 258/284/202
f 258/284/202 204/218/142 105/223/146 190/276/195
f 203/282/200 258/284/202 190/276/195 106/272/191
f 67/169/97 135/285/203 259/286/204 128/174/102
f 135/285/203 102/287/205 205/288/206 259/286/204
f 259/286/204 205/288/206 104/289/207 136/290/208
f 128/174/102 259/286/204 136/290/208 68/77/11
f 102/287/205 186/291/209 260/292/3 205/288/206
f 186/291/209 101/147/75 206/149/77 260/292/3
f 260/292/3 206/149/77 103/109/43 188/293/210
f 205/288/206 260/292/3 188/293/210 104/289/207
f 58/167/95 177/294/211 261/295/212 127/168/96
f 177/294/211 93/296/213 207/297/214 261/295/212
f 261/295/212 207/297/214 102/287/205 135/285/203
f 127/168/96 261/295/212 135/285/203 67/169/97
f 93/296/213 178/298/215 262/299/216 207/297/214
f 178/298/215 94/139/42 208/142/71 262/299/216
f 262/299/216 208/142/71 101/147/75 186/291/209
f 207/297/214 262/299/216 186/291/209 102/287/205
f 65/183/111 133/300/217 263/301/218 126/178/106
f 133/300/217 98/302/219 209/303/220 263/301/218
f 263/301/218 209/303/220 100/304/221 134/305/222
f 126/178/106 263/301/218 134/305/222 66/175/103
f 98/302/219 182/306/223 264/307/4 209/303/220
f 182/306/223 97/135/66 210/137/68 264/307/4
f 264/307/4 210/137/68 99/118/52 184/308/224
f 209/303/220 264/307/4 184/308/224 100/304/221
f 59/252/172 173/309/225 265/310/226 125/248/168
f 173/309/225 89/311/227 211/312/228 265/310/226
f 265/310/226 211/312/228 98/302/219 133/300/217
f 125/248/168 265/310/226 133/300/217 65/183/111
f 89/311/227 174/313/229 266/314/230 211/312/228
f 174/313/229 90/127/33 212/130/62 266/314/230
f 266/314/230 212/130/62 97/135/66 182/306/223
f 211/312/228 266/314/230 182/306/223 98/302/219
f 66/175/103 134/305/222 267/315/231 113/190/117
f 134/305/222 100/304/221 213/316/232 267/315/231
f 267/315/231 213/316/232 96/317/199 124/318/197
f 113/190/117 267/315/231 124/318/197 57/187/114
f 100/304/221 184/308/224 268/319/233 213/316/232
f 184/308/224 99/118/52 214/121/55 268/319/233
f 268/319/233 214/121/55 95/126/60 180/320/201
f 213/316/232 268/319/233 180/320/201 96/317/199
f 68/77/11 136/290/208 269/321/234 115/78/12
f 136/290/208 104/289/207 215/322/235 269/321/234
f 269/321/234 215/322/235 92/323/185 122/324/183
f 115/78/12 269/321/234 122/324/183 60/79/13
f 104/289/207 188/293/210 270/325/236 215/322/235
f 188/293/210 103/109/43 216/112/46 270/325/236
f 270/325/236 216/112/46 91/117/51 176/326/187
f 215/322/235 270/325/236 176/326/187 92/323/185
f 74/163/91 166/275/194 271/327/237 114/164/92
f 166/275/194 108/274/193 217/328/238 271/327/237
f 271/327/237 217/328/238 93/329/213 177/330/211
f 114/164/92 271/327/237 177/330/211 58/167/95
f 108/274/193 192/278/196 272/331/239 217/328/238
f 192/278/196 107/100/34 218/103/37 272/331/239
f 272/331/239 218/103/37 94/108/42 178/332/215
f 217/328/238 272/331/239 178/332/215 93/329/213
f 76/250/170 168/260/180 273/333/240 116/251/171
f 168/260/180 112/259/179 219/334/241 273/333/240
f 273/333/240 219/334/241 89/335/227 173/336/225
f 116/251/171 273/333/240 173/336/225 59/252/172
f 112/259/179 196/263/182 274/337/242 219/334/241
f 196/263/182 111/91/25 220/94/28 274/337/242
f 274/337/242 220/94/28 90/99/33 174/338/229
f 219/334/241 274/337/242 174/338/229 89/335/227
f 422/339/243 1125/340/244 1199/341/245 1051/342/246
f 1125/340/244 429/343/247 1073/344/248 1199/341/245
f 1199/341/245 1073/344/248 528/345/249 1126/346/249
f 1051/342/246 1199/341/245 1126/346/249 515/347/249
f 440/348/250 1137/349/251 1200/350/252 1101/351/253
f 1137/349/251 438/352/254 1089/353/255 1200/350/252
f 1200/350/252 1089/353/255 540/354/256 1138/355/256
f 1101/351/253 1200/350/252 1138/355/256 551/356/256
f 437/357/257 1122/358/258 1201/359/259 1085/360/260
f 1122/358/258 423/361/261 1055/362/260 1201/359/259
f 1201/359/259 1055/362/260 516/363/262 1123/364/262
f 1085/360/260 1201/359/259 1123/364/262 539/365/262
f 431/366/263 1128/367/264 1202/368/265 1074/369/265
f 1128/367/264 426/370/266 1092/371/265 1202/368/265
f 1202/368/265 1092/371/265 542/372/267 1129/373/267
f 1074/369/265 1202/368/265 1129/373/267 531/374/267
f 278/375/268 837/376/269 1203/377/270 786/378/271
f 837/376/269 285/379/272 772/380/273 1203/377/270
f 1203/377/270 772/380/273 374/381/274 838/382/274
f 786/378/271 1203/377/270 838/382/274 387/383/274
f 296/384/275 849/385/276 1204/386/277 736/387/278
f 849/385/276 294/388/279 756/389/280 1204/386/277
f 1204/386/277 756/389/280 362/390/281 850/391/281
f 736/387/278 1204/386/277 850/391/281 350/392/281
f 293/393/282 834/394/283 1205/395/284 754/396/285
f 834/394/283 279/397/286 788/398/287 1205/395/284
f 1205/395/284 788/398/287 386/399/288 835/400/288
f 754/396/285 1205/395/284 835/400/288 363/401/288
f 287/402/289 840/403/290 1206/404/291 765/405/292
f 840/403/290 282/406/293 753/407/294 1206/404/291
f 1206/404/291 753/407/294 360/408/295 841/409/295
f 765/405/292 1206/404/291 841/409/295 371/410/295
f 549/411/296 1149/412/296 1207/413/297 968/414/298
f 1149/412/296 524/415/296 942/416/299 1207/413/297
f 1207/413/297 942/416/299 446/417/300 1146/418/301
f 968/414/298 1207/413/297 1146/418/301 462/419/302
f 558/420/303 1162/421/303 1208/422/304 973/423/305
f 1162/421/303 548/424/303 971/425/306 1208/422/304
f 1208/422/304 971/425/306 461/426/307 1161/427/308
f 973/423/305 1208/422/304 1161/427/308 464/428/309
f 494/429/310 909/430/311 1209/431/312 1147/432/313
f 909/430/311 447/433/314 1148/434/315 1209/431/312
f 1209/431/312 1148/434/315 453/435/316 1031/436/317
f 1147/432/313 1209/431/312 1031/436/317 498/437/318
f 522/438/319 1153/439/319 1210/440/320 956/441/321
f 1153/439/319 533/442/319 947/443/322 1210/440/320
f 1210/440/320 947/443/322 449/444/323 1152/445/324
f 956/441/321 1210/440/320 1152/445/324 456/446/325
f 354/447/326 861/448/327 1211/449/328 680/450/329
f 861/448/327 377/451/326 654/452/330 1211/449/328
f 1211/449/328 654/452/330 302/453/331 858/454/332
f 680/450/329 1211/449/328 858/454/332 318/455/333
f 393/456/334 874/457/334 1212/458/335 685/459/336
f 874/457/334 353/460/334 683/461/337 1212/458/335
f 1212/458/335 683/461/337 317/462/338 873/463/339
f 685/459/336 1212/458/335 873/463/339 320/464/340
f 398/465/341 621/466/342 1213/467/343 859/468/313
f 621/466/342 303/469/344 860/470/345 1213/467/343
f 1213/467/343 860/470/345 309/471/346 807/472/347
f 859/468/313 1213/467/343 807/472/347 402/473/348
f 381/474/349 865/475/350 1214/476/351 668/477/352
f 865/475/350 368/478/349 659/479/353 1214/476/351
f 1214/476/351 659/479/353 305/480/354 864/481/355
f 668/477/352 1214/476/351 864/481/355 312/482/356
f 443/483/357 1142/484/358 1215/485/359 1019/486/360
f 1142/484/358 459/487/361 1039/488/362 1215/485/359
f 1215/485/359 1039/488/362 504/489/363 1143/490/364
f 1019/486/360 1215/485/359 1143/490/364 491/491/365
f 501/492/366 1151/493/367 1216/494/368 911/495/369
f 1151/493/367 512/496/370 930/497/371 1216/494/368
f 1216/494/368 930/497/371 456/446/325 1152/445/324
f 911/495/369 1216/494/368 1152/445/324 449/444/323
f 507/498/372 1160/499/373 1217/500/374 918/501/375
f 1160/499/373 509/502/376 1043/503/377 1217/500/374
f 1217/500/374 1043/503/377 464/428/309 1161/427/308
f 918/501/375 1217/500/374 1161/427/308 461/426/307
f 467/504/378 1117/505/379 1218/506/2 986/507/131
f 1117/505/379 477/508/380 996/509/132 1218/506/2
f 1218/506/2 996/509/132 473/510/372 1124/511/373
f 986/507/131 1218/506/2 1124/511/373 471/512/376
f 525/513/381 1150/514/381 1219/515/382 939/516/383
f 1150/514/381 536/517/381 954/518/384 1219/515/382
f 1219/515/382 954/518/384 453/435/316 1148/434/315
f 939/516/383 1219/515/382 1148/434/315 447/433/314
f 495/519/385 1145/520/386 1220/521/387 904/522/388
f 1145/520/386 506/523/389 923/524/390 1220/521/387
f 1220/521/387 923/524/390 462/419/302 1146/418/301
f 904/522/388 1220/521/387 1146/418/301 446/417/300
f 458/525/391 1157/526/392 1221/527/393 1035/528/394
f 1157/526/392 455/529/395 925/530/396 1221/527/393
f 1221/527/393 925/530/396 513/531/378 1158/532/379
f 1035/528/394 1221/527/393 1158/532/379 503/533/380
f 452/534/397 1154/535/398 1222/536/399 1027/537/400
f 1154/535/398 465/538/401 1047/539/402 1222/536/399
f 1222/536/399 1047/539/402 510/540/403 1155/541/404
f 1027/537/400 1222/536/399 1155/541/404 497/542/405
f 299/543/406 854/544/407 1223/545/408 795/546/409
f 854/544/407 315/547/410 815/548/411 1223/545/408
f 1223/545/408 815/548/411 408/549/412 855/550/364
f 795/546/409 1223/545/408 855/550/364 395/551/413
f 405/552/414 863/553/367 1224/554/415 623/555/416
f 863/553/367 416/556/417 642/557/418 1224/554/415
f 1224/554/415 642/557/418 312/558/356 864/559/355
f 623/555/416 1224/554/415 864/559/355 305/560/354
f 411/561/419 872/562/373 1225/563/420 630/564/421
f 872/562/373 413/565/422 819/566/423 1225/563/420
f 1225/563/420 819/566/423 320/464/340 873/463/339
f 630/564/421 1225/563/420 873/463/339 317/462/338
f 323/567/424 829/568/379 1226/569/2 698/570/425
f 829/568/379 333/571/426 708/572/427 1226/569/2
f 1226/569/2 708/572/427 329/573/419 836/574/373
f 698/570/425 1226/569/2 836/574/373 327/575/422
f 378/576/428 862/577/428 1227/578/429 651/579/430
f 862/577/428 365/580/428 666/581/431 1227/578/429
f 1227/578/429 666/581/431 309/471/346 860/470/345
f 651/579/430 1227/578/429 860/470/345 303/469/344
f 399/582/432 857/583/386 1228/584/433 616/585/434
f 857/583/386 410/586/435 635/587/436 1228/584/433
f 1228/584/433 635/587/436 318/455/333 858/454/332
f 616/585/434 1228/584/433 858/454/332 302/453/331
f 314/588/437 869/589/438 1229/590/439 811/591/440
f 869/589/438 311/592/441 637/593/442 1229/590/439
f 1229/590/439 637/593/442 417/594/424 870/595/379
f 811/591/440 1229/590/439 870/595/379 407/596/426
f 308/597/443 866/598/444 1230/599/445 803/600/446
f 866/598/444 321/601/447 823/602/448 1230/599/445
f 1230/599/445 823/602/448 414/603/449 867/604/404
f 803/600/446 1230/599/445 867/604/404 401/605/450
f 572/606/451 1193/607/5 1231/608/5 1164/609/451
f 1193/607/5 564/610/452 1185/611/452 1231/608/5
f 1231/608/5 1185/611/452 575/612/452 1194/613/5
f 1164/609/451 1231/608/5 1194/613/5 585/614/451
f 566/615/453 1195/616/6 1232/617/6 1178/618/453
f 1195/616/6 570/619/454 1171/620/454 1232/617/6
f 1232/617/6 1171/620/454 581/621/454 1196/622/6
f 1178/618/453 1232/617/6 1196/622/6 579/623/453
f 569/624/455 1197/625/3 1233/626/3 1176/627/455
f 1197/625/3 573/628/456 1169/629/456 1233/626/3
f 1233/626/3 1169/629/456 584/630/456 1198/631/3
f 1176/627/455 1233/626/3 1198/631/3 582/632/455
f 290/633/457 845/634/458 1234/635/459 781/636/460
f 845/634/458 288/637/461 769/638/462 1234/635/459
f 1234/635/459 769/638/462 372/639/463 846/640/463
f 781/636/460 1234/635/459 846/640/463 383/641/463
f 336/642/464 720/643/465 1235/644/1 847/645/466
f 720/643/465 338/646/348 848/647/313 1235/644/1
f 1235/644/1 848/647/313 342/648/341 730/649/467
f 847/645/466 1235/644/1 730/649/467 344/650/468
f 326/651/469 593/652/470 1236/653/471 833/654/404
f 593/652/470 279/397/286 834/394/283 1236/653/471
f 1236/653/471 834/394/283 293/393/282 602/655/472
f 833/654/404 1236/653/471 602/655/472 339/656/473
f 330/657/474 710/658/475 1237/659/5 844/660/386
f 710/658/475 332/661/476 839/662/364 1237/659/5
f 1237/659/5 839/662/364 345/663/477 728/664/478
f 844/660/386 1237/659/5 728/664/478 341/665/479
f 338/646/348 607/666/480 1238/667/481 848/647/313
f 607/666/480 294/388/279 849/385/276 1238/667/481
f 1238/667/481 849/385/276 296/384/275 727/668/482
f 848/647/313 1238/667/481 727/668/482 342/648/341
f 359/669/483 828/670/483 1239/671/4 762/672/4
f 828/670/483 348/673/483 748/674/4 1239/671/4
f 1239/671/4 748/674/4 356/675/484 853/676/484
f 762/672/4 1239/671/4 853/676/484 369/677/484
f 275/678/485 830/679/486 1240/680/487 731/681/488
f 830/679/486 291/682/489 785/683/490 1240/680/487
f 1240/680/487 785/683/490 384/684/491 831/685/491
f 731/681/488 1240/680/487 831/685/491 347/686/491
f 324/687/492 700/688/493 1241/689/6 832/690/367
f 700/688/493 326/651/469 833/654/404 1241/689/6
f 1241/689/6 833/654/404 339/656/473 718/691/494
f 832/690/367 1241/689/6 718/691/494 335/692/495
f 284/693/496 842/694/497 1242/695/498 770/696/499
f 842/694/497 297/697/500 740/698/501 1242/695/498
f 1242/695/498 740/698/501 351/699/502 843/700/502
f 770/696/499 1242/695/498 843/700/502 375/701/502
f 351/699/502 794/702/3 1243/703/3 843/700/502
f 794/702/3 392/704/503 868/705/504 1243/703/3
f 1243/703/3 868/705/504 366/706/503 758/707/3
f 843/700/502 1243/703/3 758/707/3 375/701/502
f 387/383/274 838/382/274 1244/708/3 774/709/3
f 838/382/274 374/381/274 761/710/3 1244/708/3
f 1244/708/3 761/710/3 365/580/428 862/577/428
f 774/709/3 1244/708/3 862/577/428 378/576/428
f 275/678/485 697/711/505 1245/712/506 830/679/486
f 697/711/505 324/687/492 832/690/367 1245/712/506
f 1245/712/506 832/690/367 335/692/495 712/713/507
f 830/679/486 1245/712/506 712/713/507 291/682/489
f 300/714/508 799/715/509 1246/716/510 851/717/511
f 799/715/509 396/718/468 852/719/466 1246/716/510
f 1246/716/510 852/719/466 404/720/464 628/721/512
f 851/717/511 1246/716/510 628/721/512 306/722/513
f 350/392/281 850/391/281 1247/723/3 792/724/3
f 850/391/281 362/390/281 745/725/3 1247/723/3
f 1247/723/3 745/725/3 353/460/334 874/457/334
f 792/724/3 1247/723/3 874/457/334 393/456/334
f 290/633/457 717/726/514 1248/727/515 845/634/458
f 717/726/514 336/642/464 847/645/466 1248/727/515
f 1248/727/515 847/645/466 344/650/468 614/728/516
f 845/634/458 1248/727/515 614/728/516 288/637/461
f 371/410/295 841/409/295 1249/729/4 778/730/4
f 841/409/295 360/408/295 764/731/4 1249/729/4
f 1249/729/4 764/731/4 368/478/349 865/475/350
f 778/730/4 1249/729/4 865/475/350 381/474/349
f 327/575/422 836/574/373 1250/732/517 588/733/518
f 836/574/373 329/573/419 702/734/519 1250/732/517
f 1250/732/517 702/734/519 285/379/272 837/376/269
f 588/733/518 1250/732/517 837/376/269 278/375/268
f 396/718/468 802/735/467 1251/736/1 852/719/466
f 802/735/467 398/465/341 859/468/313 1251/736/1
f 1251/736/1 859/468/313 402/473/348 810/737/465
f 852/719/466 1251/736/1 810/737/465 404/720/464
f 276/738/520 827/739/521 1252/740/522 692/741/523
f 827/739/521 281/742/524 595/743/525 1252/740/522
f 1252/740/522 595/743/525 333/571/426 829/568/379
f 692/741/523 1252/740/522 829/568/379 323/567/424
f 386/399/288 777/744/3 1253/745/3 835/400/288
f 777/744/3 377/451/326 861/448/327 1253/745/3
f 1253/745/3 861/448/327 354/447/326 742/746/3
f 835/400/288 1253/745/3 742/746/3 363/401/288
f 347/686/491 831/685/491 1254/747/4 746/748/4
f 831/685/491 384/684/491 791/749/4 1254/747/4
f 1254/747/4 791/749/4 389/750/526 856/751/527
f 746/748/4 1254/747/4 856/751/527 357/752/526
f 284/693/496 707/753/528 1255/754/529 842/694/497
f 707/753/528 330/657/474 844/660/386 1255/754/529
f 1255/754/529 844/660/386 341/665/479 722/755/530
f 842/694/497 1255/754/529 722/755/530 297/697/500
f 332/661/476 600/756/531 1256/757/532 839/662/364
f 600/756/531 282/406/293 840/403/290 1256/757/532
f 1256/757/532 840/403/290 287/402/289 609/758/533
f 839/662/364 1256/757/532 609/758/533 345/663/477
f 383/641/463 846/640/463 1257/759/4 789/760/4
f 846/640/463 372/639/463 780/761/4 1257/759/4
f 1257/759/4 780/761/4 380/762/534 871/763/535
f 789/760/4 1257/759/4 871/763/535 390/764/534
f 366/706/503 868/705/504 1258/765/536 661/766/537
f 868/705/504 392/704/503 690/767/538 1258/765/536
f 1258/765/536 690/767/538 321/601/447 866/598/444
f 661/766/537 1258/765/536 866/598/444 308/597/443
f 407/596/426 870/595/379 1259/768/2 816/769/427
f 870/595/379 417/594/424 824/770/425 1259/768/2
f 1259/768/2 824/770/425 413/565/422 872/562/373
f 816/769/427 1259/768/2 872/562/373 411/561/419
f 357/752/526 856/751/527 1260/771/539 644/772/540
f 856/751/527 389/750/526 678/773/541 1260/771/539
f 1260/771/539 678/773/541 315/774/410 854/775/407
f 644/772/540 1260/771/539 854/775/407 299/776/406
f 401/605/450 867/604/404 1261/777/6 808/778/542
f 867/604/404 414/603/449 826/779/543 1261/777/6
f 1261/777/6 826/779/543 416/556/417 863/553/367
f 808/778/542 1261/777/6 863/553/367 405/552/414
f 390/764/534 871/763/535 1262/780/544 673/781/545
f 871/763/535 380/762/534 671/782/546 1262/780/544
f 1262/780/544 671/782/546 311/783/441 869/784/438
f 673/781/545 1262/780/544 869/784/438 314/785/437
f 369/677/484 853/676/484 1263/786/547 656/787/548
f 853/676/484 356/675/484 649/788/549 1263/786/547
f 1263/786/547 649/788/549 300/789/508 851/790/511
f 656/787/548 1263/786/547 851/790/511 306/791/513
f 395/551/413 855/550/364 1264/792/5 800/793/550
f 855/550/364 408/549/412 818/794/551 1264/792/5
f 1264/792/5 818/794/551 410/586/435 857/583/386
f 800/793/550 1264/792/5 857/583/386 399/582/432
f 327/575/422 588/733/518 1265/795/552 587/796/553
f 588/733/518 278/375/268 589/797/554 1265/795/552
f 1265/795/552 589/797/554 280/798/555 590/799/556
f 587/796/553 1265/795/552 590/799/556 328/800/557
f 328/800/557 590/799/556 1266/801/558 591/802/559
f 590/799/556 280/798/555 592/803/560 1266/801/558
f 1266/801/558 592/803/560 279/397/286 593/652/470
f 591/802/559 1266/801/558 593/652/470 326/651/469
f 333/571/426 595/743/525 1267/804/561 594/805/562
f 595/743/525 281/742/524 596/806/563 1267/804/561
f 1267/804/561 596/806/563 283/807/564 597/808/565
f 594/805/562 1267/804/561 597/808/565 334/809/566
f 334/810/567 597/811/568 1268/812/569 598/813/570
f 597/811/568 283/814/571 599/815/572 1268/812/569
f 1268/812/569 599/815/572 282/406/293 600/756/531
f 598/813/570 1268/812/569 600/756/531 332/661/476
f 339/656/473 602/655/472 1269/816/573 601/817/574
f 602/655/472 293/393/282 603/818/575 1269/816/573
f 1269/816/573 603/818/575 295/819/576 604/820/577
f 601/817/574 1269/816/573 604/820/577 340/821/578
f 340/822/579 604/823/580 1270/824/581 605/825/582
f 604/823/580 295/826/583 606/827/584 1270/824/581
f 1270/824/581 606/827/584 294/388/279 607/666/480
f 605/825/582 1270/824/581 607/666/480 338/646/348
f 345/663/477 609/758/533 1271/828/585 608/829/586
f 609/758/533 287/402/289 610/830/587 1271/828/585
f 1271/828/585 610/830/587 289/831/588 611/832/589
f 608/829/586 1271/828/585 611/832/589 346/833/590
f 346/833/590 611/832/589 1272/834/591 612/835/592
f 611/832/589 289/831/588 613/836/593 1272/834/591
f 1272/834/591 613/836/593 288/637/461 614/728/516
f 612/835/592 1272/834/591 614/728/516 344/650/468
f 399/582/432 616/585/434 1273/837/594 615/838/595
f 616/585/434 302/453/331 617/839/596 1273/837/594
f 1273/837/594 617/839/596 304/840/597 618/841/598
f 615/838/595 1273/837/594 618/841/598 400/842/599
f 400/842/599 618/841/598 1274/843/600 619/844/601
f 618/841/598 304/840/597 620/845/602 1274/843/600
f 1274/843/600 620/845/602 303/469/344 621/466/342
f 619/844/601 1274/843/600 621/466/342 398/465/341
f 405/552/414 623/555/416 1275/846/603 622/847/604
f 623/555/416 305/560/354 624/848/605 1275/846/603
f 1275/846/603 624/848/605 307/849/606 625/850/607
f 622/847/604 1275/846/603 625/850/607 406/851/608
f 406/852/609 625/853/610 1276/854/611 626/855/612
f 625/853/610 307/856/613 627/857/614 1276/854/611
f 1276/854/611 627/857/614 306/722/513 628/721/512
f 626/855/612 1276/854/611 628/721/512 404/720/464
f 411/561/419 630/564/421 1277/858/615 629/859/616
f 630/564/421 317/462/338 631/860/617 1277/858/615
f 1277/858/615 631/860/617 319/861/618 632/862/619
f 629/859/616 1277/858/615 632/862/619 412/863/620
f 412/864/621 632/865/622 1278/866/623 633/867/624
f 632/865/622 319/868/625 634/869/626 1278/866/623
f 1278/866/623 634/869/626 318/455/333 635/587/436
f 633/867/624 1278/866/623 635/587/436 410/586/435
f 417/594/424 637/593/442 1279/870/627 636/871/628
f 637/593/442 311/592/441 638/872/629 1279/870/627
f 1279/870/627 638/872/629 313/873/630 639/874/631
f 636/871/628 1279/870/627 639/874/631 418/875/632
f 418/875/632 639/874/631 1280/876/633 640/877/634
f 639/874/631 313/873/630 641/878/635 1280/876/633
f 1280/876/633 641/878/635 312/558/356 642/557/418
f 640/877/634 1280/876/633 642/557/418 416/556/417
f 357/752/526 644/772/540 1281/879/636 643/880/637
f 644/772/540 299/776/406 645/881/638 1281/879/636
f 1281/879/636 645/881/638 301/882/639 646/883/640
f 643/880/637 1281/879/636 646/883/640 358/884/641
f 358/884/641 646/883/640 1282/885/642 647/886/643
f 646/883/640 301/882/639 648/887/644 1282/885/642
f 1282/885/642 648/887/644 300/789/508 649/788/549
f 647/886/643 1282/885/642 649/788/549 356/675/484
f 378/576/428 651/579/430 1283/888/645 650/889/646
f 651/579/430 303/469/344 620/845/602 1283/888/645
f 1283/888/645 620/845/602 304/840/597 652/890/647
f 650/889/646 1283/888/645 652/890/647 379/891/648
f 379/891/648 652/890/647 1284/892/649 653/893/650
f 652/890/647 304/840/597 617/839/596 1284/892/649
f 1284/892/649 617/839/596 302/453/331 654/452/330
f 653/893/650 1284/892/649 654/452/330 377/451/326
f 369/677/484 656/787/548 1285/894/651 655/895/652
f 656/787/548 306/791/513 627/896/614 1285/894/651
f 1285/894/651 627/896/614 307/897/613 657/898/653
f 655/895/652 1285/894/651 657/898/653 370/899/654
f 370/900/654 657/901/655 1286/902/656 658/903/657
f 657/901/655 307/904/606 624/905/605 1286/902/656
f 1286/902/656 624/905/605 305/480/354 659/479/353
f 658/903/657 1286/902/656 659/479/353 368/478/349
f 366/706/503 661/766/537 1287/906/658 660/907/659
f 661/766/537 308/597/443 662/908/660 1287/906/658
f 1287/906/658 662/908/660 310/909/661 663/910/662
f 660/907/659 1287/906/658 663/910/662 367/911/663
f 367/912/663 663/913/664 1288/914/665 664/915/666
f 663/913/664 310/916/667 665/917/668 1288/914/665
f 1288/914/665 665/917/668 309/471/346 666/581/431
f 664/915/666 1288/914/665 666/581/431 365/580/428
f 381/474/349 668/477/352 1289/918/669 667/919/670
f 668/477/352 312/482/356 641/920/635 1289/918/669
f 1289/918/669 641/920/635 313/921/630 669/922/671
f 667/919/670 1289/918/669 669/922/671 382/923/672
f 382/923/672 669/922/671 1290/924/673 670/925/674
f 669/922/671 313/921/630 638/926/629 1290/924/673
f 1290/924/673 638/926/629 311/783/441 671/782/546
f 670/925/674 1290/924/673 671/782/546 380/762/534
f 390/764/534 673/781/545 1291/927/675 672/928/676
f 673/781/545 314/785/437 674/929/677 1291/927/675
f 1291/927/675 674/929/677 316/930/678 675/931/679
f 672/928/676 1291/927/675 675/931/679 391/932/680
f 391/933/680 675/934/681 1292/935/682 676/936/683
f 675/934/681 316/937/684 677/938/685 1292/935/682
f 1292/935/682 677/938/685 315/774/410 678/773/541
f 676/936/683 1292/935/682 678/773/541 389/750/526
f 354/447/326 680/450/329 1293/939/686 679/940/687
f 680/450/329 318/455/333 634/869/626 1293/939/686
f 1293/939/686 634/869/626 319/868/625 681/941/688
f 679/940/687 1293/939/686 681/941/688 355/942/689
f 355/943/689 681/944/690 1294/945/691 682/946/692
f 681/944/690 319/861/618 631/860/617 1294/945/691
f 1294/945/691 631/860/617 317/462/338 683/461/337
f 682/946/692 1294/945/691 683/461/337 353/460/334
f 393/456/334 685/459/336 1295/947/693 684/948/694
f 685/459/336 320/464/340 686/949/695 1295/947/693
f 1295/947/693 686/949/695 322/950/696 687/951/697
f 684/948/694 1295/947/693 687/951/697 394/952/698
f 394/952/698 687/951/697 1296/953/699 688/954/700
f 687/951/697 322/950/696 689/955/701 1296/953/699
f 1296/953/699 689/955/701 321/601/447 690/767/538
f 688/954/700 1296/953/699 690/767/538 392/704/503
f 276/738/520 692/741/523 1297/956/702 691/957/703
f 692/741/523 323/567/424 693/958/704 1297/956/702
f 1297/956/702 693/958/704 325/959/705 694/960/706
f 691/957/703 1297/956/702 694/960/706 277/961/707
f 277/961/707 694/960/706 1298/962/708 695/963/709
f 694/960/706 325/959/705 696/964/710 1298/962/708
f 1298/962/708 696/964/710 324/687/492 697/711/505
f 695/963/709 1298/962/708 697/711/505 275/678/485
f 323/567/424 698/570/425 1299/965/711 693/958/704
f 698/570/425 327/575/422 587/796/553 1299/965/711
f 1299/965/711 587/796/553 328/800/557 699/966/712
f 693/958/704 1299/965/711 699/966/712 325/959/705
f 325/959/705 699/966/712 1300/967/713 696/964/710
f 699/966/712 328/800/557 591/802/559 1300/967/713
f 1300/967/713 591/802/559 326/651/469 700/688/493
f 696/964/710 1300/967/713 700/688/493 324/687/492
f 285/379/272 702/734/519 1301/968/714 701/969/715
f 702/734/519 329/573/419 703/970/716 1301/968/714
f 1301/968/714 703/970/716 331/971/717 704/972/718
f 701/969/715 1301/968/714 704/972/718 286/973/719
f 286/974/720 704/975/721 1302/976/722 705/977/723
f 704/975/721 331/978/724 706/979/725 1302/976/722
f 1302/976/722 706/979/725 330/657/474 707/753/528
f 705/977/723 1302/976/722 707/753/528 284/693/496
f 329/573/419 708/572/427 1303/980/726 703/970/716
f 708/572/427 333/571/426 594/805/562 1303/980/726
f 1303/980/726 594/805/562 334/809/566 709/981/727
f 703/970/716 1303/980/726 709/981/727 331/971/717
f 331/978/724 709/982/728 1304/983/729 706/979/725
f 709/982/728 334/810/567 598/813/570 1304/983/729
f 1304/983/729 598/813/570 332/661/476 710/658/475
f 706/979/725 1304/983/729 710/658/475 330/657/474
f 291/682/489 712/713/507 1305/984/730 711/985/731
f 712/713/507 335/692/495 713/986/732 1305/984/730
f 1305/984/730 713/986/732 337/987/733 714/988/734
f 711/985/731 1305/984/730 714/988/734 292/989/735
f 292/990/736 714/991/737 1306/992/738 715/993/739
f 714/991/737 337/994/740 716/995/741 1306/992/738
f 1306/992/738 716/995/741 336/642/464 717/726/514
f 715/993/739 1306/992/738 717/726/514 290/633/457
f 335/692/495 718/691/494 1307/996/742 713/986/732
f 718/691/494 339/656/473 601/817/574 1307/996/742
f 1307/996/742 601/817/574 340/821/578 719/997/743
f 713/986/732 1307/996/742 719/997/743 337/987/733
f 337/994/740 719/998/744 1308/999/745 716/995/741
f 719/998/744 340/822/579 605/825/582 1308/999/745
f 1308/999/745 605/825/582 338/646/348 720/643/465
f 716/995/741 1308/999/745 720/643/465 336/642/464
f 297/697/500 722/755/530 1309/1000/746 721/1001/747
f 722/755/530 341/665/479 723/1002/748 1309/1000/746
f 1309/1000/746 723/1002/748 343/1003/749 724/1004/750
f 721/1001/747 1309/1000/746 724/1004/750 298/1005/751
f 298/1005/751 724/1004/750 1310/1006/752 725/1007/753
f 724/1004/750 343/1003/749 726/1008/754 1310/1006/752
f 1310/1006/752 726/1008/754 342/648/341 727/668/482
f 725/1007/753 1310/1006/752 727/668/482 296/384/275
f 341/665/479 728/664/478 1311/1009/755 723/1002/748
f 728/664/478 345/663/477 608/829/586 1311/1009/755
f 1311/1009/755 608/829/586 346/833/590 729/1010/756
f 723/1002/748 1311/1009/755 729/1010/756 343/1003/749
f 343/1003/749 729/1010/756 1312/1011/757 726/1008/754
f 729/1010/756 346/833/590 612/835/592 1312/1011/757
f 1312/1011/757 612/835/592 344/650/468 730/649/467
f 726/1008/754 1312/1011/757 730/649/467 342/648/341
f 275/678/485 731/681/488 1313/1012/758 695/963/709
f 731/681/488 347/686/491 732/1013/759 1313/1012/758
f 1313/1012/758 732/1013/759 349/1014/760 733/1015/761
f 695/963/709 1313/1012/758 733/1015/761 277/961/707
f 277/961/707 733/1015/761 1314/1016/762 691/957/703
f 733/1015/761 349/1014/760 734/1017/763 1314/1016/762
f 1314/1016/762 734/1017/763 348/673/483 735/1018/764
f 691/957/703 1314/1016/762 735/1018/764 276/738/520
f 296/384/275 736/387/278 1315/1019/765 725/1007/753
f 736/387/278 350/392/281 737/1020/766 1315/1019/765
f 1315/1019/765 737/1020/766 352/1021/767 738/1022/768
f 725/1007/753 1315/1019/765 738/1022/768 298/1005/751
f 298/1005/751 738/1022/768 1316/1023/769 721/1001/747
f 738/1022/768 352/1021/767 739/1024/770 1316/1023/769
f 1316/1023/769 739/1024/770 351/699/502 740/698/501
f 721/1001/747 1316/1023/769 740/698/501 297/697/500
f 363/401/288 742/746/3 1317/1025/3 741/1026/771
f 742/746/3 354/447/326 679/940/687 1317/1025/3
f 1317/1025/3 679/940/687 355/942/689 743/1027/3
f 741/1026/771 1317/1025/3 743/1027/3 364/1028/772
f 364/1029/773 743/1030/3 1318/1031/3 744/1032/774
f 743/1030/3 355/943/689 682/946/692 1318/1031/3
f 1318/1031/3 682/946/692 353/460/334 745/725/3
f 744/1032/774 1318/1031/3 745/725/3 362/390/281
f 347/686/491 746/748/4 1319/1033/4 732/1013/759
f 746/748/4 357/752/526 643/880/637 1319/1033/4
f 1319/1033/4 643/880/637 358/884/641 747/1034/4
f 732/1013/759 1319/1033/4 747/1034/4 349/1014/760
f 349/1014/760 747/1034/4 1320/1035/4 734/1017/763
f 747/1034/4 358/884/641 647/886/643 1320/1035/4
f 1320/1035/4 647/886/643 356/675/484 748/674/4
f 734/1017/763 1320/1035/4 748/674/4 348/673/483
f 281/742/524 749/1036/775 1321/1037/776 596/806/563
f 749/1036/775 359/669/483 750/1038/777 1321/1037/776
f 1321/1037/776 750/1038/777 361/1039/778 751/1040/779
f 596/806/563 1321/1037/776 751/1040/779 283/807/564
f 283/814/571 751/1041/780 1322/1042/781 599/815/572
f 751/1041/780 361/1043/782 752/1044/783 1322/1042/781
f 1322/1042/781 752/1044/783 360/408/295 753/407/294
f 599/815/572 1322/1042/781 753/407/294 282/406/293
f 293/393/282 754/396/285 1323/1045/784 603/818/575
f 754/396/285 363/401/288 741/1026/771 1323/1045/784
f 1323/1045/784 741/1026/771 364/1028/772 755/1046/785
f 603/818/575 1323/1045/784 755/1046/785 295/819/576
f 295/826/583 755/1047/786 1324/1048/787 606/827/584
f 755/1047/786 364/1029/773 744/1032/774 1324/1048/787
f 1324/1048/787 744/1032/774 362/390/281 756/389/280
f 606/827/584 1324/1048/787 756/389/280 294/388/279
f 375/701/502 758/707/3 1325/1049/3 757/1050/788
f 758/707/3 366/706/503 660/907/659 1325/1049/3
f 1325/1049/3 660/907/659 367/911/663 759/1051/3
f 757/1050/788 1325/1049/3 759/1051/3 376/1052/789
f 376/1053/790 759/1054/3 1326/1055/3 760/1056/791
f 759/1054/3 367/912/663 664/915/666 1326/1055/3
f 1326/1055/3 664/915/666 365/580/428 761/710/3
f 760/1056/791 1326/1055/3 761/710/3 374/381/274
f 359/669/483 762/672/4 1327/1057/4 750/1038/777
f 762/672/4 369/677/484 655/895/652 1327/1057/4
f 1327/1057/4 655/895/652 370/899/654 763/1058/4
f 750/1038/777 1327/1057/4 763/1058/4 361/1039/778
f 361/1043/782 763/1059/4 1328/1060/4 752/1044/783
f 763/1059/4 370/900/654 658/903/657 1328/1060/4
f 1328/1060/4 658/903/657 368/478/349 764/731/4
f 752/1044/783 1328/1060/4 764/731/4 360/408/295
f 287/402/289 765/405/292 1329/1061/792 610/830/587
f 765/405/292 371/410/295 766/1062/793 1329/1061/792
f 1329/1061/792 766/1062/793 373/1063/794 767/1064/795
f 610/830/587 1329/1061/792 767/1064/795 289/831/588
f 289/831/588 767/1064/795 1330/1065/796 613/836/593
f 767/1064/795 373/1063/794 768/1066/797 1330/1065/796
f 1330/1065/796 768/1066/797 372/639/463 769/638/462
f 613/836/593 1330/1065/796 769/638/462 288/637/461
f 284/693/496 770/696/499 1331/1067/798 705/977/723
f 770/696/499 375/701/502 757/1050/788 1331/1067/798
f 1331/1067/798 757/1050/788 376/1052/789 771/1068/799
f 705/977/723 1331/1067/798 771/1068/799 286/974/720
f 286/973/719 771/1069/800 1332/1070/801 701/969/715
f 771/1069/800 376/1053/790 760/1056/791 1332/1070/801
f 1332/1070/801 760/1056/791 374/381/274 772/380/273
f 701/969/715 1332/1070/801 772/380/273 285/379/272
f 387/383/274 774/709/3 1333/1071/3 773/1072/802
f 774/709/3 378/576/428 650/889/646 1333/1071/3
f 1333/1071/3 650/889/646 379/891/648 775/1073/3
f 773/1072/802 1333/1071/3 775/1073/3 388/1074/803
f 388/1074/803 775/1073/3 1334/1075/3 776/1076/804
f 775/1073/3 379/891/648 653/893/650 1334/1075/3
f 1334/1075/3 653/893/650 377/451/326 777/744/3
f 776/1076/804 1334/1075/3 777/744/3 386/399/288
f 371/410/295 778/730/4 1335/1077/4 766/1062/793
f 778/730/4 381/474/349 667/919/670 1335/1077/4
f 1335/1077/4 667/919/670 382/923/672 779/1078/4
f 766/1062/793 1335/1077/4 779/1078/4 373/1063/794
f 373/1063/794 779/1078/4 1336/1079/4 768/1066/797
f 779/1078/4 382/923/672 670/925/674 1336/1079/4
f 1336/1079/4 670/925/674 380/762/534 780/761/4
f 768/1066/797 1336/1079/4 780/761/4 372/639/463
f 290/633/457 781/636/460 1337/1080/805 715/993/739
f 781/636/460 383/641/463 782/1081/806 1337/1080/805
f 1337/1080/805 782/1081/806 385/1082/807 783/1083/808
f 715/993/739 1337/1080/805 783/1083/808 292/990/736
f 292/989/735 783/1084/809 1338/1085/810 711/985/731
f 783/1084/809 385/1086/811 784/1087/812 1338/1085/810
f 1338/1085/810 784/1087/812 384/684/491 785/683/490
f 711/985/731 1338/1085/810 785/683/490 291/682/489
f 278/375/268 786/378/271 1339/1088/813 589/797/554
f 786/378/271 387/383/274 773/1072/802 1339/1088/813
f 1339/1088/813 773/1072/802 388/1074/803 787/1089/814
f 589/797/554 1339/1088/813 787/1089/814 280/798/555
f 280/798/555 787/1089/814 1340/1090/815 592/803/560
f 787/1089/814 388/1074/803 776/1076/804 1340/1090/815
f 1340/1090/815 776/1076/804 386/399/288 788/398/287
f 592/803/560 1340/1090/815 788/398/287 279/397/286
f 383/641/463 789/760/4 1341/1091/4 782/1081/806
f 789/760/4 390/764/534 672/928/676 1341/1091/4
f 1341/1091/4 672/928/676 391/932/680 790/1092/4
f 782/1081/806 1341/1091/4 790/1092/4 385/1082/807
f 385/1086/811 790/1093/4 1342/1094/4 784/1087/812
f 790/1093/4 391/933/680 676/936/683 1342/1094/4
f 1342/1094/4 676/936/683 389/750/526 791/749/4
f 784/1087/812 1342/1094/4 791/749/4 384/684/491
f 350/392/281 792/724/3 1343/1095/3 737/1020/766
f 792/724/3 393/456/334 684/948/694 1343/1095/3
f 1343/1095/3 684/948/694 394/952/698 793/1096/3
f 737/1020/766 1343/1095/3 793/1096/3 352/1021/767
f 352/1021/767 793/1096/3 1344/1097/3 739/1024/770
f 793/1096/3 394/952/698 688/954/700 1344/1097/3
f 1344/1097/3 688/954/700 392/704/503 794/702/3
f 739/1024/770 1344/1097/3 794/702/3 351/699/502
f 299/543/406 795/546/409 1345/1098/816 645/1099/638
f 795/546/409 395/551/413 796/1100/817 1345/1098/816
f 1345/1098/816 796/1100/817 397/1101/818 797/1102/819
f 645/1099/638 1345/1098/816 797/1102/819 301/1103/639
f 301/1103/639 797/1102/819 1346/1104/820 648/1105/644
f 797/1102/819 397/1101/818 798/1106/821 1346/1104/820
f 1346/1104/820 798/1106/821 396/718/468 799/715/509
f 648/1105/644 1346/1104/820 799/715/509 300/714/508
f 395/551/413 800/793/550 1347/1107/822 796/1100/817
f 800/793/550 399/582/432 615/838/595 1347/1107/822
f 1347/1107/822 615/838/595 400/842/599 801/1108/823
f 796/1100/817 1347/1107/822 801/1108/823 397/1101/818
f 397/1101/818 801/1108/823 1348/1109/824 798/1106/821
f 801/1108/823 400/842/599 619/844/601 1348/1109/824
f 1348/1109/824 619/844/601 398/465/341 802/735/467
f 798/1106/821 1348/1109/824 802/735/467 396/718/468
f 308/597/443 803/600/446 1349/1110/825 662/908/660
f 803/600/446 401/605/450 804/1111/826 1349/1110/825
f 1349/1110/825 804/1111/826 403/1112/827 805/1113/828
f 662/908/660 1349/1110/825 805/1113/828 310/909/661
f 310/916/667 805/1114/829 1350/1115/830 665/917/668
f 805/1114/829 403/1116/831 806/1117/832 1350/1115/830
f 1350/1115/830 806/1117/832 402/473/348 807/472/347
f 665/917/668 1350/1115/830 807/472/347 309/471/346
f 401/605/450 808/778/542 1351/1118/833 804/1111/826
f 808/778/542 405/552/414 622/847/604 1351/1118/833
f 1351/1118/833 622/847/604 406/851/608 809/1119/834
f 804/1111/826 1351/1118/833 809/1119/834 403/1112/827
f 403/1116/831 809/1120/835 1352/1121/836 806/1117/832
f 809/1120/835 406/852/609 626/855/612 1352/1121/836
f 1352/1121/836 626/855/612 404/720/464 810/737/465
f 806/1117/832 1352/1121/836 810/737/465 402/473/348
f 314/588/437 811/591/440 1353/1122/837 674/1123/677
f 811/591/440 407/596/426 812/1124/838 1353/1122/837
f 1353/1122/837 812/1124/838 409/1125/839 813/1126/840
f 674/1123/677 1353/1122/837 813/1126/840 316/1127/678
f 316/1128/684 813/1129/841 1354/1130/842 677/1131/685
f 813/1129/841 409/1132/843 814/1133/844 1354/1130/842
f 1354/1130/842 814/1133/844 408/549/412 815/548/411
f 677/1131/685 1354/1130/842 815/548/411 315/547/410
f 407/596/426 816/769/427 1355/1134/845 812/1124/838
f 816/769/427 411/561/419 629/859/616 1355/1134/845
f 1355/1134/845 629/859/616 412/863/620 817/1135/846
f 812/1124/838 1355/1134/845 817/1135/846 409/1125/839
f 409/1132/843 817/1136/847 1356/1137/848 814/1133/844
f 817/1136/847 412/864/621 633/867/624 1356/1137/848
f 1356/1137/848 633/867/624 410/586/435 818/794/551
f 814/1133/844 1356/1137/848 818/794/551 408/549/412
f 320/464/340 819/566/423 1357/1138/849 686/949/695
f 819/566/423 413/565/422 820/1139/850 1357/1138/849
f 1357/1138/849 820/1139/850 415/1140/851 821/1141/852
f 686/949/695 1357/1138/849 821/1141/852 322/950/696
f 322/950/696 821/1141/852 1358/1142/853 689/955/701
f 821/1141/852 415/1140/851 822/1143/854 1358/1142/853
f 1358/1142/853 822/1143/854 414/603/449 823/602/448
f 689/955/701 1358/1142/853 823/602/448 321/601/447
f 413/565/422 824/770/425 1359/1144/855 820/1139/850
f 824/770/425 417/594/424 636/871/628 1359/1144/855
f 1359/1144/855 636/871/628 418/875/632 825/1145/856
f 820/1139/850 1359/1144/855 825/1145/856 415/1140/851
f 415/1140/851 825/1145/856 1360/1146/857 822/1143/854
f 825/1145/856 418/875/632 640/877/634 1360/1146/857
f 1360/1146/857 640/877/634 416/556/417 826/779/543
f 822/1143/854 1360/1146/857 826/779/543 414/603/449
f 281/742/524 827/739/521 1361/1147/858 749/1036/775
f 827/739/521 276/738/520 735/1018/764 1361/1147/858
f 1361/1147/858 735/1018/764 348/673/483 828/670/483
f 749/1036/775 1361/1147/858 828/670/483 359/669/483
f 434/1148/859 1133/1149/860 1362/1150/861 1056/1151/862
f 1133/1149/860 432/1152/863 1076/1153/864 1362/1150/861
f 1362/1150/861 1076/1153/864 530/1154/865 1134/1155/865
f 1056/1151/862 1362/1150/861 1134/1155/865 518/1156/865
f 480/1157/866 1008/1158/112 1363/1159/1 1135/1160/466
f 1008/1158/112 482/1161/318 1136/1162/313 1363/1159/1
f 1363/1159/1 1136/1162/313 486/1163/310 1018/1164/113
f 1135/1160/466 1363/1159/1 1018/1164/113 488/1165/867
f 470/1166/403 881/1167/868 1364/1168/869 1121/1169/404
f 881/1167/868 423/361/261 1122/358/258 1364/1168/869
f 1364/1168/869 1122/358/258 437/357/257 890/1170/870
f 1121/1169/404 1364/1168/869 890/1170/870 483/1171/405
f 474/1172/389 998/1173/871 1365/1174/5 1132/1175/386
f 998/1173/871 476/1176/363 1127/1177/364 1365/1174/5
f 1365/1174/5 1127/1177/364 489/1178/365 1016/1179/872
f 1132/1175/386 1365/1174/5 1016/1179/872 485/1180/385
f 482/1161/318 895/1181/873 1366/1182/874 1136/1162/313
f 895/1181/873 438/352/254 1137/349/251 1366/1182/874
f 1366/1182/874 1137/349/251 440/348/250 1015/1183/875
f 1136/1162/313 1366/1182/874 1015/1183/875 486/1163/310
f 492/1184/867 1026/1185/113 1367/1186/1 1140/1187/466
f 1026/1185/113 494/429/310 1147/432/313 1367/1186/1
f 1367/1186/1 1147/432/313 498/437/318 1034/1188/112
f 1140/1187/466 1367/1186/1 1034/1188/112 500/1189/866
f 419/1190/876 1118/1191/877 1368/1192/878 1106/1193/879
f 1118/1191/877 435/1194/880 1060/1195/878 1368/1192/878
f 1368/1192/878 1060/1195/878 519/1196/881 1119/1197/881
f 1106/1193/879 1368/1192/878 1119/1197/881 555/1198/881
f 468/1199/370 988/1200/882 1369/1201/6 1120/1202/367
f 988/1200/882 470/1166/403 1121/1169/404 1369/1201/6
f 1369/1201/6 1121/1169/404 483/1171/405 1006/1203/883
f 1120/1202/367 1369/1201/6 1006/1203/883 479/1204/366
f 537/1205/884 1156/1206/884 1370/1207/885 949/1208/886
f 1156/1206/884 557/1209/884 978/1210/887 1370/1207/885
f 1370/1207/885 978/1210/887 465/538/401 1154/535/398
f 949/1208/886 1370/1207/885 1154/535/398 452/534/397
f 503/533/380 1158/532/379 1371/1211/2 1040/1212/132
f 1158/532/379 513/531/378 1048/1213/131 1371/1211/2
f 1371/1211/2 1048/1213/131 509/502/376 1160/499/373
f 1040/1212/132 1371/1211/2 1160/499/373 507/498/372
f 546/1214/888 1144/1215/888 1372/1216/889 932/1217/890
f 1144/1215/888 560/1218/888 966/1219/891 1372/1216/889
f 1372/1216/889 966/1219/891 459/487/361 1142/484/358
f 932/1217/890 1372/1216/889 1142/484/358 443/483/357
f 497/542/405 1155/541/404 1373/1220/6 1032/1221/883
f 1155/541/404 510/540/403 1050/1222/882 1373/1220/6
f 1373/1220/6 1050/1222/882 512/496/370 1151/493/367
f 1032/1221/883 1373/1220/6 1151/493/367 501/492/366
f 561/1223/892 1159/1224/892 1374/1225/893 961/1226/894
f 1159/1224/892 521/1227/892 959/1228/895 1374/1225/893
f 1374/1225/893 959/1228/895 455/529/395 1157/526/392
f 961/1226/894 1374/1225/893 1157/526/392 458/525/391
f 515/347/249 1126/346/249 1375/1229/3 1066/1230/3
f 1126/346/249 528/345/249 1084/1231/3 1375/1229/3
f 1375/1229/3 1084/1231/3 536/517/381 1150/514/381
f 1066/1230/3 1375/1229/3 1150/514/381 525/513/381
f 534/1232/896 1141/1233/896 1376/1234/897 944/1235/898
f 1141/1233/896 545/1236/896 937/1237/899 1376/1234/897
f 1376/1234/897 937/1237/899 444/1238/900 1139/1239/901
f 944/1235/898 1376/1234/897 1139/1239/901 450/1240/902
f 491/491/365 1143/490/364 1377/1241/5 1024/1242/872
f 1143/490/364 504/489/363 1042/1243/871 1377/1241/5
f 1377/1241/5 1042/1243/871 506/523/389 1145/520/386
f 1024/1242/872 1377/1241/5 1145/520/386 495/519/385
f 428/1244/903 995/1245/904 1378/1246/905 1130/1247/906
f 995/1245/904 474/1172/389 1132/1175/386 1378/1246/905
f 1378/1246/905 1132/1175/386 485/1180/385 1010/1248/907
f 1130/1247/906 1378/1246/905 1010/1248/907 441/1249/908
f 519/1196/881 1114/1250/4 1379/1251/4 1119/1197/881
f 1114/1250/4 560/1218/888 1144/1215/888 1379/1251/4
f 1379/1251/4 1144/1215/888 546/1214/888 1094/1252/4
f 1119/1197/881 1379/1251/4 1094/1252/4 555/1198/881
f 543/1253/909 1116/1254/909 1380/1255/4 1078/1256/4
f 1116/1254/909 554/1257/909 1097/1258/4 1380/1255/4
f 1380/1255/4 1097/1258/4 545/1236/896 1141/1233/896
f 1078/1256/4 1380/1255/4 1141/1233/896 534/1232/896
f 471/512/376 1124/511/373 1381/1259/910 876/1260/911
f 1124/511/373 473/510/372 990/1261/912 1381/1259/910
f 1381/1259/910 990/1261/912 429/343/247 1125/340/244
f 876/1260/911 1381/1259/910 1125/340/244 422/339/243
f 434/1262/859 1005/1263/913 1382/1264/914 1133/1265/860
f 1005/1263/913 480/1157/866 1135/1160/466 1382/1264/914
f 1382/1264/914 1135/1160/466 488/1165/867 902/1266/915
f 1133/1265/860 1382/1264/914 902/1266/915 432/1267/863
f 518/1156/865 1134/1155/865 1383/1268/4 1112/1269/4
f 1134/1155/865 530/1154/865 1065/1270/4 1383/1268/4
f 1383/1268/4 1065/1270/4 521/1227/892 1159/1224/892
f 1112/1269/4 1383/1268/4 1159/1224/892 561/1223/892
f 444/1238/900 1023/1271/916 1384/1272/917 1139/1239/901
f 1023/1271/916 492/1184/867 1140/1187/466 1384/1272/917
f 1384/1272/917 1140/1187/466 500/1189/866 916/1273/918
f 1139/1239/901 1384/1272/917 916/1273/918 450/1240/902
f 542/372/267 1081/1274/4 1385/1275/4 1129/373/267
f 1081/1274/4 533/442/319 1153/439/319 1385/1275/4
f 1385/1275/4 1153/439/319 522/438/319 1062/1276/4
f 1129/373/267 1385/1275/4 1062/1276/4 531/374/267
f 419/1277/876 985/1278/919 1386/1279/920 1118/1280/877
f 985/1278/919 468/1199/370 1120/1202/367 1386/1279/920
f 1386/1279/920 1120/1202/367 479/1204/366 1000/1281/921
f 1118/1280/877 1386/1279/920 1000/1281/921 435/1282/880
f 476/1176/363 888/1283/922 1387/1284/923 1127/1177/364
f 888/1283/922 426/1285/266 1128/1286/264 1387/1284/923
f 1387/1284/923 1128/1286/264 431/1287/263 897/1288/924
f 1127/1177/364 1387/1284/923 897/1288/924 489/1178/365
f 527/1289/925 1131/1290/925 1388/1291/3 1082/1292/3
f 1131/1290/925 552/1293/925 1111/1294/3 1388/1291/3
f 1388/1291/3 1111/1294/3 557/1209/884 1156/1206/884
f 1082/1292/3 1388/1291/3 1156/1206/884 537/1205/884
f 539/365/262 1123/364/262 1389/1295/3 1098/1296/3
f 1123/364/262 516/363/262 1068/1297/3 1389/1295/3
f 1389/1295/3 1068/1297/3 524/415/296 1149/412/296
f 1098/1296/3 1389/1295/3 1149/412/296 549/411/296
f 428/1244/903 1130/1247/906 1390/1298/926 1069/1299/927
f 1130/1247/906 441/1249/908 1105/1300/926 1390/1298/926
f 1390/1298/926 1105/1300/926 552/1293/925 1131/1290/925
f 1069/1299/927 1390/1298/926 1131/1290/925 527/1289/925
f 420/1301/928 1115/1302/929 1391/1303/930 980/1304/931
f 1115/1302/929 425/1305/932 883/1306/933 1391/1303/930
f 1391/1303/930 883/1306/933 477/508/380 1117/505/379
f 980/1304/931 1391/1303/930 1117/505/379 467/504/378
f 551/356/256 1138/355/256 1392/1307/3 1109/1308/3
f 1138/355/256 540/354/256 1100/1309/3 1392/1307/3
f 1392/1307/3 1100/1309/3 548/424/303 1162/421/303
f 1109/1308/3 1392/1307/3 1162/421/303 558/420/303
f 471/512/376 876/1260/911 1393/1310/934 875/1311/935
f 876/1260/911 422/339/243 877/1312/936 1393/1310/934
f 1393/1310/934 877/1312/936 424/1313/937 878/1314/938
f 875/1311/935 1393/1310/934 878/1314/938 472/1315/939
f 472/1315/939 878/1314/938 1394/1316/940 879/1317/941
f 878/1314/938 424/1313/937 880/1318/942 1394/1316/940
f 1394/1316/940 880/1318/942 423/361/261 881/1167/868
f 879/1317/941 1394/1316/940 881/1167/868 470/1166/403
f 477/508/380 883/1306/933 1395/1319/943 882/1320/944
f 883/1306/933 425/1305/932 884/1321/945 1395/1319/943
f 1395/1319/943 884/1321/945 427/1322/946 885/1323/947
f 882/1320/944 1395/1319/943 885/1323/947 478/1324/948
f 478/1325/949 885/1326/950 1396/1327/951 886/1328/952
f 885/1326/950 427/1329/953 887/1330/954 1396/1327/951
f 1396/1327/951 887/1330/954 426/1285/266 888/1283/922
f 886/1328/952 1396/1327/951 888/1283/922 476/1176/363
f 483/1171/405 890/1170/870 1397/1331/955 889/1332/956
f 890/1170/870 437/357/257 891/1333/957 1397/1331/955
f 1397/1331/955 891/1333/957 439/1334/958 892/1335/959
f 889/1332/956 1397/1331/955 892/1335/959 484/1336/960
f 484/1337/961 892/1338/962 1398/1339/963 893/1340/964
f 892/1338/962 439/1341/965 894/1342/966 1398/1339/963
f 1398/1339/963 894/1342/966 438/352/254 895/1181/873
f 893/1340/964 1398/1339/963 895/1181/873 482/1161/318
f 489/1178/365 897/1288/924 1399/1343/967 896/1344/968
f 897/1288/924 431/1287/263 898/1345/969 1399/1343/967
f 1399/1343/967 898/1345/969 433/1346/970 899/1347/971
f 896/1344/968 1399/1343/967 899/1347/971 490/1348/972
f 490/1348/972 899/1347/971 1400/1349/973 900/1350/974
f 899/1347/971 433/1346/970 901/1351/975 1400/1349/973
f 1400/1349/973 901/1351/975 432/1267/863 902/1266/915
f 900/1350/974 1400/1349/973 902/1266/915 488/1165/867
f 495/519/385 904/522/388 1401/1352/976 903/1353/977
f 904/522/388 446/417/300 905/1354/978 1401/1352/976
f 1401/1352/976 905/1354/978 448/1355/979 906/1356/980
f 903/1353/977 1401/1352/976 906/1356/980 496/1357/981
f 496/1357/981 906/1356/980 1402/1358/982 907/1359/983
f 906/1356/980 448/1355/979 908/1360/984 1402/1358/982
f 1402/1358/982 908/1360/984 447/433/314 909/430/311
f 907/1359/983 1402/1358/982 909/430/311 494/429/310
f 501/492/366 911/495/369 1403/1361/985 910/1362/986
f 911/495/369 449/444/323 912/1363/987 1403/1361/985
f 1403/1361/985 912/1363/987 451/1364/988 913/1365/989
f 910/1362/986 1403/1361/985 913/1365/989 502/1366/990
f 502/1367/991 913/1368/992 1404/1369/993 914/1370/994
f 913/1368/992 451/1371/995 915/1372/996 1404/1369/993
f 1404/1369/993 915/1372/996 450/1240/902 916/1273/918
f 914/1370/994 1404/1369/993 916/1273/918 500/1189/866
f 507/498/372 918/501/375 1405/1373/997 917/1374/998
f 918/501/375 461/426/307 919/1375/999 1405/1373/997
f 1405/1373/997 919/1375/999 463/1376/1000 920/1377/1001
f 917/1374/998 1405/1373/997 920/1377/1001 508/1378/1002
f 508/1379/1003 920/1380/1004 1406/1381/1005 921/1382/1006
f 920/1380/1004 463/1383/1007 922/1384/1008 1406/1381/1005
f 1406/1381/1005 922/1384/1008 462/419/302 923/524/390
f 921/1382/1006 1406/1381/1005 923/524/390 506/523/389
f 513/531/378 925/530/396 1407/1385/1009 924/1386/1010
f 925/530/396 455/529/395 926/1387/1011 1407/1385/1009
f 1407/1385/1009 926/1387/1011 457/1388/1012 927/1389/1013
f 924/1386/1010 1407/1385/1009 927/1389/1013 514/1390/1014
f 514/1390/1014 927/1389/1013 1408/1391/1015 928/1392/1016
f 927/1389/1013 457/1388/1012 929/1393/1017 1408/1391/1015
f 1408/1391/1015 929/1393/1017 456/446/325 930/497/371
f 928/1392/1016 1408/1391/1015 930/497/371 512/496/370
f 546/1214/888 932/1217/890 1409/1394/1018 931/1395/1019
f 932/1217/890 443/483/357 933/1396/1020 1409/1394/1018
f 1409/1394/1018 933/1396/1020 445/1397/1021 934/1398/1022
f 931/1395/1019 1409/1394/1018 934/1398/1022 547/1399/1023
f 547/1399/1023 934/1398/1022 1410/1400/1024 935/1401/1025
f 934/1398/1022 445/1397/1021 936/1402/1026 1410/1400/1024
f 1410/1400/1024 936/1402/1026 444/1238/900 937/1237/899
f 935/1401/1025 1410/1400/1024 937/1237/899 545/1236/896
f 525/513/381 939/516/383 1411/1403/1027 938/1404/1028
f 939/516/383 447/433/314 908/1360/984 1411/1403/1027
f 1411/1403/1027 908/1360/984 448/1355/979 940/1405/1029
f 938/1404/1028 1411/1403/1027 940/1405/1029 526/1406/1030
f 526/1406/1030 940/1405/1029 1412/1407/1031 941/1408/1032
f 940/1405/1029 448/1355/979 905/1354/978 1412/1407/1031
f 1412/1407/1031 905/1354/978 446/417/300 942/416/299
f 941/1408/1032 1412/1407/1031 942/416/299 524/415/296
f 534/1232/896 944/1235/898 1413/1409/1033 943/1410/1034
f 944/1235/898 450/1240/902 915/1372/996 1413/1409/1033
f 1413/1409/1033 915/1372/996 451/1371/995 945/1411/1035
f 943/1410/1034 1413/1409/1033 945/1411/1035 535/1412/1036
f 535/1413/1036 945/1414/1037 1414/1415/1038 946/1416/1039
f 945/1414/1037 451/1364/988 912/1363/987 1414/1415/1038
f 1414/1415/1038 912/1363/987 449/444/323 947/443/322
f 946/1416/1039 1414/1415/1038 947/443/322 533/442/319
f 537/1205/884 949/1208/886 1415/1417/1040 948/1418/1041
f 949/1208/886 452/534/397 950/1419/1042 1415/1417/1040
f 1415/1417/1040 950/1419/1042 454/1420/1043 951/1421/1044
f 948/1418/1041 1415/1417/1040 951/1421/1044 538/1422/1045
f 538/1423/1045 951/1424/1046 1416/1425/1047 952/1426/1048
f 951/1424/1046 454/1427/1049 953/1428/1050 1416/1425/1047
f 1416/1425/1047 953/1428/1050 453/435/316 954/518/384
f 952/1426/1048 1416/1425/1047 954/518/384 536/517/381
f 522/438/319 956/441/321 1417/1429/1051 955/1430/1052
f 956/441/321 456/446/325 929/1393/1017 1417/1429/1051
f 1417/1429/1051 929/1393/1017 457/1388/1012 957/1431/1053
f 955/1430/1052 1417/1429/1051 957/1431/1053 523/1432/1054
f 523/1432/1054 957/1431/1053 1418/1433/1055 958/1434/1056
f 957/1431/1053 457/1388/1012 926/1387/1011 1418/1433/1055
f 1418/1433/1055 926/1387/1011 455/529/395 959/1228/895
f 958/1434/1056 1418/1433/1055 959/1228/895 521/1227/892
f 561/1223/892 961/1226/894 1419/1435/1057 960/1436/1058
f 961/1226/894 458/525/391 962/1437/1059 1419/1435/1057
f 1419/1435/1057 962/1437/1059 460/1438/1060 963/1439/1061
f 960/1436/1058 1419/1435/1057 963/1439/1061 562/1440/1062
f 562/1441/1062 963/1442/1063 1420/1443/1064 964/1444/1065
f 963/1442/1063 460/1445/1066 965/1446/1067 1420/1443/1064
f 1420/1443/1064 965/1446/1067 459/487/361 966/1219/891
f 964/1444/1065 1420/1443/1064 966/1219/891 560/1218/888
f 549/411/296 968/414/298 1421/1447/1068 967/1448/1069
f 968/414/298 462/419/302 922/1384/1008 1421/1447/1068
f 1421/1447/1068 922/1384/1008 463/1383/1007 969/1449/1070
f 967/1448/1069 1421/1447/1068 969/1449/1070 550/1450/1071
f 550/1451/1071 969/1452/1072 1422/1453/1073 970/1454/1074
f 969/1452/1072 463/1376/1000 919/1375/999 1422/1453/1073
f 1422/1453/1073 919/1375/999 461/426/307 971/425/306
f 970/1454/1074 1422/1453/1073 971/425/306 548/424/303
f 558/420/303 973/423/305 1423/1455/1075 972/1456/1076
f 973/423/305 464/428/309 974/1457/1077 1423/1455/1075
f 1423/1455/1075 974/1457/1077 466/1458/1078 975/1459/1079
f 972/1456/1076 1423/1455/1075 975/1459/1079 559/1460/1080
f 559/1460/1080 975/1459/1079 1424/1461/1081 976/1462/1082
f 975/1459/1079 466/1458/1078 977/1463/1083 1424/1461/1081
f 1424/1461/1081 977/1463/1083 465/538/401 978/1210/887
f 976/1462/1082 1424/1461/1081 978/1210/887 557/1209/884
f 420/1301/928 980/1304/931 1425/1464/1084 979/1465/1085
f 980/1304/931 467/504/378 981/1466/1086 1425/1464/1084
f 1425/1464/1084 981/1466/1086 469/1467/1087 982/1468/1088
f 979/1465/1085 1425/1464/1084 982/1468/1088 421/1469/1089
f 421/1469/1089 982/1468/1088 1426/1470/1090 983/1471/1091
f 982/1468/1088 469/1467/1087 984/1472/1092 1426/1470/1090
f 1426/1470/1090 984/1472/1092 468/1199/370 985/1278/919
f 983/1471/1091 1426/1470/1090 985/1278/919 419/1277/876
f 467/504/378 986/507/131 1427/1473/1093 981/1466/1086
f 986/507/131 471/512/376 875/1311/935 1427/1473/1093
f 1427/1473/1093 875/1311/935 472/1315/939 987/1474/1094
f 981/1466/1086 1427/1473/1093 987/1474/1094 469/1467/1087
f 469/1467/1087 987/1474/1094 1428/1475/1095 984/1472/1092
f 987/1474/1094 472/1315/939 879/1317/941 1428/1475/1095
f 1428/1475/1095 879/1317/941 470/1166/403 988/1200/882
f 984/1472/1092 1428/1475/1095 988/1200/882 468/1199/370
f 429/343/247 990/1261/912 1429/1476/1096 989/1477/1097
f 990/1261/912 473/510/372 991/1478/1098 1429/1476/1096
f 1429/1476/1096 991/1478/1098 475/1479/1099 992/1480/1100
f 989/1477/1097 1429/1476/1096 992/1480/1100 430/1481/1101
f 430/1482/1102 992/1483/1103 1430/1484/1104 993/1485/1105
f 992/1483/1103 475/1486/1106 994/1487/1107 1430/1484/1104
f 1430/1484/1104 994/1487/1107 474/1172/389 995/1245/904
f 993/1485/1105 1430/1484/1104 995/1245/904 428/1244/903
f 473/510/372 996/509/132 1431/1488/1108 991/1478/1098
f 996/509/132 477/508/380 882/1320/944 1431/1488/1108
f 1431/1488/1108 882/1320/944 478/1324/948 997/1489/1109
f 991/1478/1098 1431/1488/1108 997/1489/1109 475/1479/1099
f 475/1486/1106 997/1490/1110 1432/1491/1111 994/1487/1107
f 997/1490/1110 478/1325/949 886/1328/952 1432/1491/1111
f 1432/1491/1111 886/1328/952 476/1176/363 998/1173/871
f 994/1487/1107 1432/1491/1111 998/1173/871 474/1172/389
f 435/1282/880 1000/1281/921 1433/1492/1112 999/1493/1113
f 1000/1281/921 479/1204/366 1001/1494/1114 1433/1492/1112
f 1433/1492/1112 1001/1494/1114 481/1495/1115 1002/1496/1116
f 999/1493/1113 1433/1492/1112 1002/1496/1116 436/1497/1117
f 436/1498/1118 1002/1499/1119 1434/1500/1120 1003/1501/1121
f 1002/1499/1119 481/1502/1122 1004/1503/1123 1434/1500/1120
f 1434/1500/1120 1004/1503/1123 480/1157/866 1005/1263/913
f 1003/1501/1121 1434/1500/1120 1005/1263/913 434/1262/859
f 479/1204/366 1006/1203/883 1435/1504/1124 1001/1494/1114
f 1006/1203/883 483/1171/405 889/1332/956 1435/1504/1124
f 1435/1504/1124 889/1332/956 484/1336/960 1007/1505/1125
f 1001/1494/1114 1435/1504/1124 1007/1505/1125 481/1495/1115
f 481/1502/1122 1007/1506/1126 1436/1507/1127 1004/1503/1123
f 1007/1506/1126 484/1337/961 893/1340/964 1436/1507/1127
f 1436/1507/1127 893/1340/964 482/1161/318 1008/1158/112
f 1004/1503/1123 1436/1507/1127 1008/1158/112 480/1157/866
f 441/1249/908 1010/1248/907 1437/1508/1128 1009/1509/1129
f 1010/1248/907 485/1180/385 1011/1510/1130 1437/1508/1128
f 1437/1508/1128 1011/1510/1130 487/1511/1131 1012/1512/1132
f 1009/1509/1129 1437/1508/1128 1012/1512/1132 442/1513/1133
f 442/1513/1133 1012/1512/1132 1438/1514/1134 1013/1515/1135
f 1012/1512/1132 487/1511/1131 1014/1516/1136 1438/1514/1134
f 1438/1514/1134 1014/1516/1136 486/1163/310 1015/1183/875
f 1013/1515/1135 1438/1514/1134 1015/1183/875 440/348/250
f 485/1180/385 1016/1179/872 1439/1517/1137 1011/1510/1130
f 1016/1179/872 489/1178/365 896/1344/968 1439/1517/1137
f 1439/1517/1137 896/1344/968 490/1348/972 1017/1518/1138
f 1011/1510/1130 1439/1517/1137 1017/1518/1138 487/1511/1131
f 487/1511/1131 1017/1518/1138 1440/1519/1139 1014/1516/1136
f 1017/1518/1138 490/1348/972 900/1350/974 1440/1519/1139
f 1440/1519/1139 900/1350/974 488/1165/867 1018/1164/113
f 1014/1516/1136 1440/1519/1139 1018/1164/113 486/1163/310
f 443/483/357 1019/486/360 1441/1520/1140 933/1396/1020
f 1019/486/360 491/491/365 1020/1521/1141 1441/1520/1140
f 1441/1520/1140 1020/1521/1141 493/1522/1142 1021/1523/1143
f 933/1396/1020 1441/1520/1140 1021/1523/1143 445/1397/1021
f 445/1397/1021 1021/1523/1143 1442/1524/1144 936/1402/1026
f 1021/1523/1143 493/1522/1142 1022/1525/1145 1442/1524/1144
f 1442/1524/1144 1022/1525/1145 492/1184/867 1023/1271/916
f 936/1402/1026 1442/1524/1144 1023/1271/916 444/1238/900
f 491/491/365 1024/1242/872 1443/1526/1146 1020/1521/1141
f 1024/1242/872 495/519/385 903/1353/977 1443/1526/1146
f 1443/1526/1146 903/1353/977 496/1357/981 1025/1527/1147
f 1020/1521/1141 1443/1526/1146 1025/1527/1147 493/1522/1142
f 493/1522/1142 1025/1527/1147 1444/1528/1148 1022/1525/1145
f 1025/1527/1147 496/1357/981 907/1359/983 1444/1528/1148
f 1444/1528/1148 907/1359/983 494/429/310 1026/1185/113
f 1022/1525/1145 1444/1528/1148 1026/1185/113 492/1184/867
f 452/534/397 1027/537/400 1445/1529/1149 950/1419/1042
f 1027/537/400 497/542/405 1028/1530/1150 1445/1529/1149
f 1445/1529/1149 1028/1530/1150 499/1531/1151 1029/1532/1152
f 950/1419/1042 1445/1529/1149 1029/1532/1152 454/1420/1043
f 454/1427/1049 1029/1533/1153 1446/1534/1154 953/1428/1050
f 1029/1533/1153 499/1535/1155 1030/1536/1156 1446/1534/1154
f 1446/1534/1154 1030/1536/1156 498/437/318 1031/436/317
f 953/1428/1050 1446/1534/1154 1031/436/317 453/435/316
f 497/542/405 1032/1221/883 1447/1537/1157 1028/1530/1150
f 1032/1221/883 501/492/366 910/1362/986 1447/1537/1157
f 1447/1537/1157 910/1362/986 502/1366/990 1033/1538/1158
f 1028/1530/1150 1447/1537/1157 1033/1538/1158 499/1531/1151
f 499/1535/1155 1033/1539/1159 1448/1540/1160 1030/1536/1156
f 1033/1539/1159 502/1367/991 914/1370/994 1448/1540/1160
f 1448/1540/1160 914/1370/994 500/1189/866 1034/1188/112
f 1030/1536/1156 1448/1540/1160 1034/1188/112 498/437/318
f 458/525/391 1035/528/394 1449/1541/1161 962/1437/1059
f 1035/528/394 503/533/380 1036/1542/1162 1449/1541/1161
f 1449/1541/1161 1036/1542/1162 505/1543/1163 1037/1544/1164
f 962/1437/1059 1449/1541/1161 1037/1544/1164 460/1438/1060
f 460/1445/1066 1037/1545/1165 1450/1546/1166 965/1446/1067
f 1037/1545/1165 505/1547/1167 1038/1548/1168 1450/1546/1166
f 1450/1546/1166 1038/1548/1168 504/489/363 1039/488/362
f 965/1446/1067 1450/1546/1166 1039/488/362 459/487/361
f 503/533/380 1040/1212/132 1451/1549/1169 1036/1542/1162
f 1040/1212/132 507/498/372 917/1374/998 1451/1549/1169
f 1451/1549/1169 917/1374/998 508/1378/1002 1041/1550/1170
f 1036/1542/1162 1451/1549/1169 1041/1550/1170 505/1543/1163
f 505/1547/1167 1041/1551/1171 1452/1552/1172 1038/1548/1168
f 1041/1551/1171 508/1379/1003 921/1382/1006 1452/1552/1172
f 1452/1552/1172 921/1382/1006 506/523/389 1042/1243/871
f 1038/1548/1168 1452/1552/1172 1042/1243/871 504/489/363
f 464/428/309 1043/503/377 1453/1553/1173 974/1457/1077
f 1043/503/377 509/502/376 1044/1554/1174 1453/1553/1173
f 1453/1553/1173 1044/1554/1174 511/1555/1175 1045/1556/1176
f 974/1457/1077 1453/1553/1173 1045/1556/1176 466/1458/1078
f 466/1458/1078 1045/1556/1176 1454/1557/1177 977/1463/1083
f 1045/1556/1176 511/1555/1175 1046/1558/1178 1454/1557/1177
f 1454/1557/1177 1046/1558/1178 510/540/403 1047/539/402
f 977/1463/1083 1454/1557/1177 1047/539/402 465/538/401
f 509/502/376 1048/1213/131 1455/1559/1179 1044/1554/1174
f 1048/1213/131 513/531/378 924/1386/1010 1455/1559/1179
f 1455/1559/1179 924/1386/1010 514/1390/1014 1049/1560/1180
f 1044/1554/1174 1455/1559/1179 1049/1560/1180 511/1555/1175
f 511/1555/1175 1049/1560/1180 1456/1561/1181 1046/1558/1178
f 1049/1560/1180 514/1390/1014 928/1392/1016 1456/1561/1181
f 1456/1561/1181 928/1392/1016 512/496/370 1050/1222/882
f 1046/1558/1178 1456/1561/1181 1050/1222/882 510/540/403
f 422/339/243 1051/342/246 1457/1562/1182 877/1312/936
f 1051/342/246 515/347/249 1052/1563/1183 1457/1562/1182
f 1457/1562/1182 1052/1563/1183 517/1564/1184 1053/1565/1185
f 877/1312/936 1457/1562/1182 1053/1565/1185 424/1313/937
f 424/1313/937 1053/1565/1185 1458/1566/1186 880/1318/942
f 1053/1565/1185 517/1564/1184 1054/1567/1187 1458/1566/1186
f 1458/1566/1186 1054/1567/1187 516/363/262 1055/362/260
f 880/1318/942 1458/1566/1186 1055/362/260 423/361/261
f 434/1148/859 1056/1151/862 1459/1568/1188 1003/1569/1121
f 1056/1151/862 518/1156/865 1057/1570/1189 1459/1568/1188
f 1459/1568/1188 1057/1570/1189 520/1571/1190 1058/1572/1191
f 1003/1569/1121 1459/1568/1188 1058/1572/1191 436/1573/1118
f 436/1574/1117 1058/1575/1192 1460/1576/1193 999/1577/1113
f 1058/1575/1192 520/1578/1194 1059/1579/1195 1460/1576/1193
f 1460/1576/1193 1059/1579/1195 519/1196/881 1060/1195/878
f 999/1577/1113 1460/1576/1193 1060/1195/878 435/1194/880
f 531/374/267 1062/1276/4 1461/1580/4 1061/1581/1196
f 1062/1276/4 522/438/319 955/1430/1052 1461/1580/4
f 1461/1580/4 955/1430/1052 523/1432/1054 1063/1582/4
f 1061/1581/1196 1461/1580/4 1063/1582/4 532/1583/1197
f 532/1583/1197 1063/1582/4 1462/1584/4 1064/1585/1198
f 1063/1582/4 523/1432/1054 958/1434/1056 1462/1584/4
f 1462/1584/4 958/1434/1056 521/1227/892 1065/1270/4
f 1064/1585/1198 1462/1584/4 1065/1270/4 530/1154/865
f 515/347/249 1066/1230/3 1463/1586/3 1052/1563/1183
f 1066/1230/3 525/513/381 938/1404/1028 1463/1586/3
f 1463/1586/3 938/1404/1028 526/1406/1030 1067/1587/3
f 1052/1563/1183 1463/1586/3 1067/1587/3 517/1564/1184
f 517/1564/1184 1067/1587/3 1464/1588/3 1054/1567/1187
f 1067/1587/3 526/1406/1030 941/1408/1032 1464/1588/3
f 1464/1588/3 941/1408/1032 524/415/296 1068/1297/3
f 1054/1567/1187 1464/1588/3 1068/1297/3 516/363/262
f 428/1244/903 1069/1299/927 1465/1589/1199 993/1485/1105
f 1069/1299/927 527/1289/925 1070/1590/1200 1465/1589/1199
f 1465/1589/1199 1070/1590/1200 529/1591/1201 1071/1592/1202
f 993/1485/1105 1465/1589/1199 1071/1592/1202 430/1482/1102
f 430/1481/1101 1071/1593/1203 1466/1594/1204 989/1477/1097
f 1071/1593/1203 529/1595/1205 1072/1596/1206 1466/1594/1204
f 1466/1594/1204 1072/1596/1206 528/345/249 1073/344/248
f 989/1477/1097 1466/1594/1204 1073/344/248 429/343/247
f 431/366/263 1074/369/265 1467/1597/1207 898/1598/969
f 1074/369/265 531/374/267 1061/1581/1196 1467/1597/1207
f 1467/1597/1207 1061/1581/1196 532/1583/1197 1075/1599/1208
f 898/1598/969 1467/1597/1207 1075/1599/1208 433/1600/970
f 433/1600/970 1075/1599/1208 1468/1601/1209 901/1602/975
f 1075/1599/1208 532/1583/1197 1064/1585/1198 1468/1601/1209
f 1468/1601/1209 1064/1585/1198 530/1154/865 1076/1153/864
f 901/1602/975 1468/1601/1209 1076/1153/864 432/1152/863
f 543/1253/909 1078/1256/4 1469/1603/4 1077/1604/1210
f 1078/1256/4 534/1232/896 943/1410/1034 1469/1603/4
f 1469/1603/4 943/1410/1034 535/1412/1036 1079/1605/4
f 1077/1604/1210 1469/1603/4 1079/1605/4 544/1606/1211
f 544/1607/1212 1079/1608/4 1470/1609/4 1080/1610/1213
f 1079/1608/4 535/1413/1036 946/1416/1039 1470/1609/4
f 1470/1609/4 946/1416/1039 533/442/319 1081/1274/4
f 1080/1610/1213 1470/1609/4 1081/1274/4 542/372/267
f 527/1289/925 1082/1292/3 1471/1611/3 1070/1590/1200
f 1082/1292/3 537/1205/884 948/1418/1041 1471/1611/3
f 1471/1611/3 948/1418/1041 538/1422/1045 1083/1612/3
f 1070/1590/1200 1471/1611/3 1083/1612/3 529/1591/1201
f 529/1595/1205 1083/1613/3 1472/1614/3 1072/1596/1206
f 1083/1613/3 538/1423/1045 952/1426/1048 1472/1614/3
f 1472/1614/3 952/1426/1048 536/517/381 1084/1231/3
f 1072/1596/1206 1472/1614/3 1084/1231/3 528/345/249
f 437/357/257 1085/360/260 1473/1615/1214 891/1333/957
f 1085/360/260 539/365/262 1086/1616/1215 1473/1615/1214
f 1473/1615/1214 1086/1616/1215 541/1617/1216 1087/1618/1217
f 891/1333/957 1473/1615/1214 1087/1618/1217 439/1334/958
f 439/1341/965 1087/1619/1218 1474/1620/1219 894/1342/966
f 1087/1619/1218 541/1621/1220 1088/1622/1221 1474/1620/1219
f 1474/1620/1219 1088/1622/1221 540/354/256 1089/353/255
f 894/1342/966 1474/1620/1219 1089/353/255 438/352/254
f 425/1623/932 1090/1624/1222 1475/1625/1223 884/1626/945
f 1090/1624/1222 543/1253/909 1077/1604/1210 1475/1625/1223
f 1475/1625/1223 1077/1604/1210 544/1606/1211 1091/1627/1224
f 884/1626/945 1475/1625/1223 1091/1627/1224 427/1628/946
f 427/1629/953 1091/1630/1225 1476/1631/1226 887/1632/954
f 1091/1630/1225 544/1607/1212 1080/1610/1213 1476/1631/1226
f 1476/1631/1226 1080/1610/1213 542/372/267 1092/371/265
f 887/1632/954 1476/1631/1226 1092/371/265 426/370/266
f 555/1198/881 1094/1252/4 1477/1633/4 1093/1634/1227
f 1094/1252/4 546/1214/888 931/1395/1019 1477/1633/4
f 1477/1633/4 931/1395/1019 547/1399/1023 1095/1635/4
f 1093/1634/1227 1477/1633/4 1095/1635/4 556/1636/1228
f 556/1636/1228 1095/1635/4 1478/1637/4 1096/1638/1229
f 1095/1635/4 547/1399/1023 935/1401/1025 1478/1637/4
f 1478/1637/4 935/1401/1025 545/1236/896 1097/1258/4
f 1096/1638/1229 1478/1637/4 1097/1258/4 554/1257/909
f 539/365/262 1098/1296/3 1479/1639/3 1086/1616/1215
f 1098/1296/3 549/411/296 967/1448/1069 1479/1639/3
f 1479/1639/3 967/1448/1069 550/1450/1071 1099/1640/3
f 1086/1616/1215 1479/1639/3 1099/1640/3 541/1617/1216
f 541/1621/1220 1099/1641/3 1480/1642/3 1088/1622/1221
f 1099/1641/3 550/1451/1071 970/1454/1074 1480/1642/3
f 1480/1642/3 970/1454/1074 548/424/303 1100/1309/3
f 1088/1622/1221 1480/1642/3 1100/1309/3 540/354/256
f 440/348/250 1101/351/253 1481/1643/1230 1013/1515/1135
f 1101/351/253 551/356/256 1102/1644/1231 1481/1643/1230
f 1481/1643/1230 1102/1644/1231 553/1645/1232 1103/1646/1233
f 1013/1515/1135 1481/1643/1230 1103/1646/1233 442/1513/1133
f 442/1513/1133 1103/1646/1233 1482/1647/1234 1009/1509/1129
f 1103/1646/1233 553/1645/1232 1104/1648/1235 1482/1647/1234
f 1482/1647/1234 1104/1648/1235 552/1293/925 1105/1300/926
f 1009/1509/1129 1482/1647/1234 1105/1300/926 441/1249/908
f 419/1190/876 1106/1193/879 1483/1649/1236 983/1650/1091
f 1106/1193/879 555/1198/881 1093/1634/1227 1483/1649/1236
f 1483/1649/1236 1093/1634/1227 556/1636/1228 1107/1651/1237
f 983/1650/1091 1483/1649/1236 1107/1651/1237 421/1652/1089
f 421/1652/1089 1107/1651/1237 1484/1653/1238 979/1654/1085
f 1107/1651/1237 556/1636/1228 1096/1638/1229 1484/1653/1238
f 1484/1653/1238 1096/1638/1229 554/1257/909 1108/1655/1239
f 979/1654/1085 1484/1653/1238 1108/1655/1239 420/1656/928
f 551/356/256 1109/1308/3 1485/1657/3 1102/1644/1231
f 1109/1308/3 558/420/303 972/1456/1076 1485/1657/3
f 1485/1657/3 972/1456/1076 559/1460/1080 1110/1658/3
f 1102/1644/1231 1485/1657/3 1110/1658/3 553/1645/1232
f 553/1645/1232 1110/1658/3 1486/1659/3 1104/1648/1235
f 1110/1658/3 559/1460/1080 976/1462/1082 1486/1659/3
f 1486/1659/3 976/1462/1082 557/1209/884 1111/1294/3
f 1104/1648/1235 1486/1659/3 1111/1294/3 552/1293/925
f 518/1156/865 1112/1269/4 1487/1660/4 1057/1570/1189
f 1112/1269/4 561/1223/892 960/1436/1058 1487/1660/4
f 1487/1660/4 960/1436/1058 562/1440/1062 1113/1661/4
f 1057/1570/1189 1487/1660/4 1113/1661/4 520/1571/1190
f 520/1578/1194 1113/1662/4 1488/1663/4 1059/1579/1195
f 1113/1662/4 562/1441/1062 964/1444/1065 1488/1663/4
f 1488/1663/4 964/1444/1065 560/1218/888 1114/1250/4
f 1059/1579/1195 1488/1663/4 1114/1250/4 519/1196/881
f 425/1623/932 1115/1664/929 1489/1665/1240 1090/1624/1222
f 1115/1664/929 420/1656/928 1108/1655/1239 1489/1665/1240
f 1489/1665/1240 1108/1655/1239 554/1257/909 1116/1254/909
f 1090/1624/1222 1489/1665/1240 1116/1254/909 543/1253/909
f 572/606/451 1164/609/451 1490/1666/1241 1163/1667/1241
f 1164/609/451 585/614/451 1165/1668/1241 1490/1666/1241
f 1490/1666/1241 1165/1668/1241 586/1669/1242 1166/1670/1242
f 1163/1667/1241 1490/1666/1241 1166/1670/1242 574/1671/1242
f 574/1671/1242 1166/1670/1242 1491/1672/1243 1167/1673/1243
f 1166/1670/1242 586/1669/1242 1168/1674/1243 1491/1672/1243
f 1491/1672/1243 1168/1674/1243 584/630/456 1169/629/456
f 1167/1673/1243 1491/1672/1243 1169/629/456 573/628/456
f 581/621/454 1171/620/454 1492/1675/1244 1170/1676/1244
f 1171/620/454 570/619/454 1172/1677/1244 1492/1675/1244
f 1492/1675/1244 1172/1677/1244 571/1678/1245 1173/1679/1245
f 1170/1676/1244 1492/1675/1244 1173/1679/1245 583/1680/1245
f 583/1680/1245 1173/1679/1245 1493/1681/1246 1174/1682/1246
f 1173/1679/1245 571/1678/1245 1175/1683/1246 1493/1681/1246
f 1493/1681/1246 1175/1683/1246 569/624/455 1176/627/455
f 1174/1682/1246 1493/1681/1246 1176/627/455 582/632/455
f 566/615/453 1178/618/453 1494/1684/1247 1177/1685/1247
f 1178/618/453 579/623/453 1179/1686/1247 1494/1684/1247
f 1494/1684/1247 1179/1686/1247 580/1687/1248 1180/1688/1248
f 1177/1685/1247 1494/1684/1247 1180/1688/1248 568/1689/1248
f 568/1690/1248 1180/1691/1248 1495/1692/881 1181/1693/881
f 1180/1691/1248 580/1694/1248 1182/1695/881 1495/1692/881
f 1495/1692/881 1182/1695/881 578/1696/1249 1183/1697/1249
f 1181/1693/881 1495/1692/881 1183/1697/1249 567/1698/1249
f 575/612/452 1185/611/452 1496/1699/1250 1184/1700/1250
f 1185/611/452 564/610/452 1186/1701/1250 1496/1699/1250
f 1496/1699/1250 1186/1701/1250 565/1702/1251 1187/1703/1251
f 1184/1700/1250 1496/1699/1250 1187/1703/1251 577/1704/1251
f 577/1704/1251 1187/1703/1251 1497/1705/267 1188/1706/267
f 1187/1703/1251 565/1702/1251 1189/1707/267 1497/1705/267
f 1497/1705/267 1189/1707/267 563/1708/1252 1190/1709/1252
f 1188/1706/267 1497/1705/267 1190/1709/1252 576/1710/1252
f 563/1708/1252 1191/1711/4 1498/1712/4 1190/1709/1252
f 1191/1711/4 567/1698/1249 1183/1697/1249 1498/1712/4
f 1498/1712/4 1183/1697/1249 578/1696/1249 1192/1713/4
f 1190/1709/1252 1498/1712/4 1192/1713/4 576/1710/1252
o Silver_Metal_Office__DESK
v -0.907819 0.335169 0.232785
v -0.371704 0.335169 0.232785
v -0.907819 0.169234 0.232785
v -0.371704 0.169234 0.232785
v -0.907819 0.335169 0.214600
v -0.371704 0.335169 0.214600
v -0.907819 0.169234 0.214600
v -0.371704 0.169234 0.214600
v -0.907819 0.310395 0.214600
v -0.371704 0.310395 0.214600
v -0.907819 0.169234 0.214600
v -0.371704 0.169234 0.214600
v -0.907819 0.310395 -0.217072
v -0.371704 0.310395 -0.217072
v -0.907819 0.169234 -0.217072
v -0.371704 0.169234 -0.217072
v -0.888819 0.310395 0.214600
v -0.390704 0.310395 0.214600
v -0.888819 0.188234 0.214600
v -0.390704 0.188234 0.214600
v -0.888819 0.310395 -0.198072
v -0.390704 0.310395 -0.198072
v -0.888819 0.188234 -0.198072
v -0.390704 0.188234 -0.198072
v -0.639761 0.253699 0.234865
v -0.643642 0.252091 0.234865
v -0.645249 0.248210 0.234865
v -0.643642 0.244330 0.234865
v -0.639761 0.242722 0.234865
v -0.635880 0.244330 0.234865
v -0.634273 0.248210 0.234865
v -0.635880 0.252091 0.234865
v -0.639761 0.254684 0.235933
v -0.644339 0.252788 0.235933
v -0.646235 0.248210 0.235933
v -0.644339 0.243633 0.235933
v -0.639761 0.241737 0.235933
v -0.635184 0.243633 0.235933
v -0.633288 0.248210 0.235933
v -0.635184 0.252788 0.235933
v -0.639761 0.259723 0.237322
v -0.647902 0.256351 0.237322
v -0.651274 0.248210 0.237322
v -0.647902 0.240070 0.237322
v -0.639761 0.236698 0.237322
v -0.631620 0.240070 0.237322
v -0.628248 0.248210 0.237322
v -0.631620 0.256351 0.237322
v -0.639761 0.260040 0.249070
v -0.648126 0.256575 0.249070
v -0.651591 0.248210 0.249070
v -0.648126 0.239846 0.249070
v -0.639761 0.236381 0.249070
v -0.631396 0.239846 0.249070
v -0.627932 0.248210 0.249070
v -0.631396 0.256575 0.249070
v -0.655552 0.248210 0.243196
v -0.639761 0.232420 0.243196
v -0.650927 0.237045 0.243196
v -0.623971 0.248210 0.243196
v -0.628596 0.237045 0.243196
v -0.628596 0.259376 0.243196
v -0.650927 0.259376 0.243196
v -0.639761 0.264001 0.243196
v -0.639761 0.256061 0.250245
v -0.644588 0.253037 0.250245
v -0.647612 0.248210 0.250245
v -0.644588 0.243384 0.250245
v -0.639761 0.240360 0.250245
v -0.634935 0.243384 0.250245
v -0.631911 0.248210 0.250245
v -0.634935 0.253037 0.250245
v -0.639761 0.248210 0.250245
v -0.641859 0.253275 0.234865
v -0.644826 0.250308 0.234865
v -0.644826 0.246113 0.234865
v -0.641859 0.243146 0.234865
v -0.637663 0.243146 0.234865
v -0.634697 0.246113 0.234865
v -0.634697 0.250308 0.234865
v -0.637663 0.253275 0.234865
v -0.642236 0.254184 0.235933
v -0.645735 0.250685 0.235933
v -0.645735 0.245736 0.235933
v -0.642236 0.242237 0.235933
v -0.637287 0.242237 0.235933
v -0.633787 0.245736 0.235933
v -0.633787 0.250685 0.235933
v -0.637287 0.254184 0.235933
v -0.645373 0.248210 0.235479
v -0.643729 0.244243 0.235479
v -0.639761 0.253822 0.235479
v -0.643729 0.252178 0.235479
v -0.635793 0.252178 0.235479
v -0.635793 0.244243 0.235479
v -0.634150 0.248210 0.235479
v -0.639761 0.242599 0.235479
v -0.644162 0.258835 0.237322
v -0.650385 0.252611 0.237322
v -0.650385 0.243810 0.237322
v -0.644162 0.237586 0.237322
v -0.635360 0.237586 0.237322
v -0.629137 0.243810 0.237322
v -0.629137 0.252611 0.237322
v -0.635360 0.258835 0.237322
v -0.633693 0.242142 0.236267
v -0.631179 0.248210 0.236267
v -0.645829 0.242142 0.236267
v -0.639761 0.239629 0.236267
v -0.645829 0.254279 0.236267
v -0.648343 0.248210 0.236267
v -0.633693 0.254279 0.236267
v -0.639761 0.256792 0.236267
v -0.644283 0.259127 0.249070
v -0.650678 0.252732 0.249070
v -0.650678 0.243689 0.249070
v -0.644283 0.237294 0.249070
v -0.635239 0.237294 0.249070
v -0.628845 0.243689 0.249070
v -0.628845 0.252732 0.249070
v -0.635239 0.259127 0.249070
v -0.654233 0.248210 0.246573
v -0.639761 0.233738 0.246573
v -0.649967 0.238005 0.239818
v -0.625289 0.248210 0.246573
v -0.629556 0.238005 0.239818
v -0.629556 0.258416 0.239818
v -0.649995 0.258444 0.246573
v -0.639761 0.262643 0.239818
v -0.639761 0.262683 0.246573
v -0.649967 0.258416 0.239818
v -0.629528 0.258444 0.246573
v -0.629528 0.237977 0.246573
v -0.625328 0.248210 0.239818
v -0.649995 0.237977 0.246573
v -0.639761 0.233778 0.239818
v -0.654194 0.248210 0.239818
v -0.645797 0.262782 0.243196
v -0.633725 0.262782 0.243196
v -0.625189 0.242175 0.243196
v -0.645797 0.233639 0.243196
v -0.654333 0.254246 0.243196
v -0.625189 0.254246 0.243196
v -0.633725 0.233639 0.243196
v -0.654333 0.242175 0.243196
v -0.641983 0.255006 0.250245
v -0.646557 0.250432 0.250245
v -0.646557 0.245989 0.250245
v -0.641983 0.241415 0.250245
v -0.637539 0.241415 0.250245
v -0.632965 0.245989 0.250245
v -0.632965 0.250432 0.250245
v -0.637539 0.255006 0.250245
v -0.630276 0.248210 0.250098
v -0.633130 0.254842 0.250098
v -0.639761 0.238725 0.250098
v -0.633130 0.241579 0.250098
v -0.649247 0.248210 0.250098
v -0.646392 0.241579 0.250098
v -0.639761 0.257696 0.250098
v -0.646392 0.254842 0.250098
v -0.637199 0.250773 0.250245
v -0.642324 0.250773 0.250245
v -0.637199 0.245648 0.250245
v -0.642324 0.245648 0.250245
v -0.644939 0.246066 0.235479
v -0.641906 0.253389 0.235479
v -0.637616 0.253389 0.235479
v -0.634583 0.246066 0.235479
v -0.641906 0.243032 0.235479
v -0.644939 0.250355 0.235479
v -0.634583 0.250355 0.235479
v -0.637616 0.243032 0.235479
v -0.631842 0.244930 0.236267
v -0.643041 0.240291 0.236267
v -0.647680 0.251491 0.236267
v -0.631842 0.251491 0.236267
v -0.636481 0.240291 0.236267
v -0.647680 0.244930 0.236267
v -0.643041 0.256130 0.236267
v -0.636481 0.256130 0.236267
v -0.653080 0.242694 0.239818
v -0.645293 0.261566 0.246574
v -0.634229 0.261566 0.246574
v -0.626406 0.242678 0.246573
v -0.645293 0.234855 0.246573
v -0.653116 0.253742 0.246573
v -0.626406 0.253742 0.246573
v -0.634229 0.234855 0.246573
v -0.645278 0.261529 0.239818
v -0.634244 0.261529 0.239818
v -0.626442 0.242694 0.239818
v -0.645278 0.234892 0.239818
v -0.653080 0.253727 0.239818
v -0.626442 0.253727 0.239818
v -0.634244 0.234892 0.239818
v -0.631045 0.251755 0.250098
v -0.636217 0.239494 0.250098
v -0.648477 0.244666 0.250098
v -0.643306 0.256927 0.250098
v -0.636217 0.256927 0.250098
v -0.631045 0.244666 0.250098
v -0.643306 0.239494 0.250098
v -0.648477 0.251755 0.250098
v -0.639761 0.253049 0.250245
v -0.634922 0.248210 0.250245
v -0.644600 0.248210 0.250245
v -0.639761 0.243371 0.250245
v -0.653116 0.242678 0.246573
v -0.624776 0.247160 0.244411
v -0.625391 0.246545 0.245280
v -0.626231 0.245704 0.245599
v -0.627071 0.244864 0.245280
v -0.627686 0.244249 0.244411
v -0.627912 0.244024 0.243222
v -0.627686 0.244249 0.242034
v -0.627071 0.244864 0.241165
v -0.626231 0.245704 0.240846
v -0.625391 0.246545 0.241164
v -0.624776 0.247160 0.242034
v -0.624551 0.247385 0.243222
v -0.620638 0.232174 0.244411
v -0.621423 0.232174 0.245280
v -0.622495 0.232174 0.245599
v -0.623567 0.232174 0.245280
v -0.624352 0.232174 0.244411
v -0.624639 0.232174 0.243222
v -0.624352 0.232174 0.242034
v -0.623567 0.232174 0.241164
v -0.622495 0.232174 0.240846
v -0.621423 0.232174 0.241164
v -0.620638 0.232174 0.242034
v -0.620351 0.232174 0.243222
v -0.626239 0.218652 0.244411
v -0.626794 0.219207 0.245280
v -0.627552 0.219965 0.245599
v -0.628310 0.220724 0.245280
v -0.628865 0.221279 0.244411
v -0.629068 0.221482 0.243222
v -0.628865 0.221279 0.242034
v -0.628310 0.220724 0.241164
v -0.627552 0.219965 0.240846
v -0.626794 0.219207 0.241164
v -0.626239 0.218652 0.242034
v -0.626036 0.218449 0.243222
v -0.639761 0.213051 0.244411
v -0.639761 0.213836 0.245280
v -0.639761 0.214908 0.245599
v -0.639761 0.215980 0.245280
v -0.639761 0.216765 0.244411
v -0.639761 0.217053 0.243222
v -0.639761 0.216765 0.242034
v -0.639761 0.215980 0.241164
v -0.639761 0.214908 0.240846
v -0.639761 0.213836 0.241164
v -0.639761 0.213051 0.242034
v -0.639761 0.212764 0.243222
v -0.653283 0.218652 0.244411
v -0.652728 0.219207 0.245280
v -0.651970 0.219965 0.245599
v -0.651212 0.220724 0.245280
v -0.650657 0.221279 0.244411
v -0.650454 0.221482 0.243222
v -0.650657 0.221279 0.242034
v -0.651212 0.220724 0.241164
v -0.651970 0.219965 0.240846
v -0.652728 0.219207 0.241164
v -0.653283 0.218652 0.242034
v -0.653486 0.218449 0.243222
v -0.658884 0.232174 0.244411
v -0.658100 0.232174 0.245280
v -0.657027 0.232174 0.245599
v -0.655955 0.232174 0.245280
v -0.655170 0.232174 0.244411
v -0.654883 0.232174 0.243222
v -0.655170 0.232174 0.242034
v -0.655955 0.232174 0.241164
v -0.657027 0.232174 0.240846
v -0.658100 0.232174 0.241164
v -0.658884 0.232174 0.242034
v -0.659172 0.232174 0.243222
v -0.654746 0.247160 0.244411
v -0.654131 0.246545 0.245280
v -0.653291 0.245704 0.245599
v -0.652451 0.244864 0.245280
v -0.651836 0.244249 0.244411
v -0.651611 0.244024 0.243222
v -0.651836 0.244249 0.242034
v -0.652451 0.244864 0.241164
v -0.653291 0.245704 0.240846
v -0.654131 0.246545 0.241164
v -0.654746 0.247160 0.242034
v -0.654971 0.247385 0.243222
v -0.624608 0.247327 0.243837
v -0.625043 0.246892 0.244902
v -0.625796 0.246139 0.245517
v -0.626666 0.245270 0.245517
v -0.627419 0.244517 0.244902
v -0.627854 0.244082 0.243837
v -0.627854 0.244082 0.242608
v -0.627419 0.244517 0.241543
v -0.626666 0.245270 0.240928
v -0.625796 0.246139 0.240928
v -0.625043 0.246892 0.241543
v -0.624608 0.247327 0.242608
v -0.621931 0.239667 0.244411
v -0.620424 0.232174 0.243837
v -0.621663 0.239780 0.243222
v -0.622663 0.239360 0.245280
v -0.620979 0.232174 0.244902
v -0.623663 0.238939 0.245599
v -0.621940 0.232174 0.245517
v -0.624662 0.238519 0.245280
v -0.623050 0.232174 0.245517
v -0.625394 0.238212 0.244411
v -0.624011 0.232174 0.244902
v -0.625662 0.238099 0.243222
v -0.624566 0.232174 0.243837
v -0.625394 0.238212 0.242034
v -0.624566 0.232174 0.242608
v -0.624662 0.238519 0.241164
v -0.624011 0.232174 0.241543
v -0.623663 0.238939 0.240846
v -0.623050 0.232174 0.240928
v -0.622663 0.239360 0.241164
v -0.621940 0.232174 0.240928
v -0.621931 0.239667 0.242034
v -0.620979 0.232174 0.241542
v -0.620424 0.232174 0.242608
v -0.622114 0.224865 0.244411
v -0.626088 0.218501 0.243837
v -0.621849 0.224755 0.243222
v -0.622838 0.225165 0.245280
v -0.626480 0.218893 0.244902
v -0.623828 0.225575 0.245599
v -0.627160 0.219573 0.245517
v -0.624817 0.225984 0.245280
v -0.627944 0.220358 0.245517
v -0.625541 0.226284 0.244411
v -0.628624 0.221037 0.244902
v -0.625807 0.226394 0.243222
v -0.629016 0.221430 0.243837
v -0.625541 0.226284 0.242034
v -0.629016 0.221430 0.242608
v -0.624817 0.225984 0.241164
v -0.628624 0.221037 0.241543
v -0.623828 0.225575 0.240846
v -0.627944 0.220358 0.240928
v -0.622838 0.225165 0.241164
v -0.627160 0.219573 0.240928
v -0.622114 0.224865 0.242034
v -0.626480 0.218893 0.241543
v -0.626088 0.218501 0.242608
v -0.632451 0.214527 0.244411
v -0.639761 0.212837 0.243837
v -0.632342 0.214262 0.243222
v -0.632751 0.215252 0.245280
v -0.639761 0.213392 0.244902
v -0.633161 0.216241 0.245599
v -0.639761 0.214353 0.245517
v -0.633571 0.217230 0.245280
v -0.639761 0.215463 0.245517
v -0.633871 0.217955 0.244411
v -0.639761 0.216424 0.244902
v -0.633981 0.218220 0.243222
v -0.639761 0.216979 0.243837
v -0.633871 0.217955 0.242034
v -0.639761 0.216979 0.242608
v -0.633571 0.217230 0.241164
v -0.639761 0.216424 0.241543
v -0.633161 0.216241 0.240846
v -0.639761 0.215463 0.240928
v -0.632751 0.215252 0.241164
v -0.639761 0.214353 0.240928
v -0.632451 0.214527 0.242034
v -0.639761 0.213392 0.241543
v -0.639761 0.212837 0.242608
v -0.647071 0.214527 0.244411
v -0.653435 0.218501 0.243837
v -0.647181 0.214262 0.243222
v -0.646771 0.215252 0.245280
v -0.653042 0.218893 0.244902
v -0.646361 0.216241 0.245599
v -0.652363 0.219573 0.245517
v -0.645951 0.217230 0.245280
v -0.651578 0.220358 0.245517
v -0.645651 0.217955 0.244411
v -0.650898 0.221037 0.244902
v -0.645541 0.218220 0.243222
v -0.650506 0.221430 0.243837
v -0.645651 0.217955 0.242034
v -0.650506 0.221430 0.242608
v -0.645951 0.217230 0.241164
v -0.650898 0.221037 0.241543
v -0.646361 0.216241 0.240846
v -0.651578 0.220358 0.240928
v -0.646771 0.215252 0.241164
v -0.652363 0.219573 0.240928
v -0.647071 0.214527 0.242034
v -0.653042 0.218893 0.241542
v -0.653435 0.218501 0.242608
v -0.657408 0.224865 0.244411
v -0.659098 0.232174 0.243837
v -0.657673 0.224755 0.243222
v -0.656684 0.225165 0.245280
v -0.658543 0.232174 0.244902
v -0.655695 0.225575 0.245599
v -0.657582 0.232174 0.245517
v -0.654705 0.225984 0.245280
v -0.656472 0.232174 0.245517
v -0.653981 0.226284 0.244411
v -0.655511 0.232174 0.244902
v -0.653716 0.226394 0.243222
v -0.654956 0.232174 0.243837
v -0.653981 0.226284 0.242034
v -0.654956 0.232174 0.242608
v -0.654705 0.225984 0.241164
v -0.655511 0.232174 0.241543
v -0.655695 0.225575 0.240846
v -0.656472 0.232174 0.240928
v -0.656684 0.225165 0.241164
v -0.657582 0.232174 0.240928
v -0.657408 0.224865 0.242034
v -0.658543 0.232174 0.241543
v -0.659098 0.232174 0.242608
v -0.657591 0.239667 0.244411
v -0.654914 0.247327 0.243837
v -0.657859 0.239780 0.243222
v -0.656859 0.239360 0.245280
v -0.654479 0.246892 0.244902
v -0.655860 0.238939 0.245599
v -0.653726 0.246139 0.245517
v -0.654860 0.238519 0.245280
v -0.652856 0.245270 0.245517
v -0.654128 0.238212 0.244411
v -0.652103 0.244517 0.244902
v -0.653860 0.238099 0.243222
v -0.651668 0.244082 0.243837
v -0.654128 0.238212 0.242034
v -0.651668 0.244082 0.242608
v -0.654860 0.238519 0.241164
v -0.652103 0.244517 0.241543
v -0.655860 0.238939 0.240846
v -0.652856 0.245270 0.240928
v -0.656859 0.239360 0.241164
v -0.653726 0.246139 0.240928
v -0.657591 0.239667 0.242034
v -0.654479 0.246892 0.241543
v -0.654914 0.247327 0.242608
v -0.621732 0.239751 0.243837
v -0.622249 0.239533 0.244902
v -0.623145 0.239157 0.245517
v -0.624180 0.238722 0.245517
v -0.625076 0.238346 0.244902
v -0.625593 0.238128 0.243837
v -0.625593 0.238128 0.242608
v -0.625076 0.238346 0.241543
v -0.624180 0.238722 0.240928
v -0.623145 0.239157 0.240928
v -0.622249 0.239533 0.241543
v -0.621732 0.239751 0.242608
v -0.621917 0.224783 0.243837
v -0.622429 0.224995 0.244902
v -0.623316 0.225362 0.245517
v -0.624340 0.225787 0.245517
v -0.625227 0.226154 0.244902
v -0.625739 0.226366 0.243837
v -0.625739 0.226366 0.242608
v -0.625227 0.226154 0.241543
v -0.624340 0.225787 0.240928
v -0.623316 0.225362 0.240928
v -0.622429 0.224995 0.241542
v -0.621917 0.224783 0.242608
v -0.632370 0.214330 0.243837
v -0.632582 0.214842 0.244902
v -0.632949 0.215729 0.245517
v -0.633373 0.216753 0.245517
v -0.633741 0.217640 0.244902
v -0.633953 0.218152 0.243837
v -0.633953 0.218152 0.242608
v -0.633741 0.217640 0.241543
v -0.633373 0.216753 0.240928
v -0.632949 0.215729 0.240928
v -0.632582 0.214842 0.241543
v -0.632370 0.214330 0.242608
v -0.647153 0.214330 0.243837
v -0.646940 0.214842 0.244902
v -0.646573 0.215729 0.245517
v -0.646149 0.216753 0.245517
v -0.645782 0.217640 0.244902
v -0.645569 0.218152 0.243837
v -0.645569 0.218152 0.242608
v -0.645782 0.217640 0.241543
v -0.646149 0.216753 0.240928
v -0.646573 0.215729 0.240928
v -0.646940 0.214842 0.241543
v -0.647153 0.214330 0.242608
v -0.657606 0.224783 0.243837
v -0.657094 0.224995 0.244902
v -0.656207 0.225362 0.245517
v -0.655183 0.225787 0.245517
v -0.654296 0.226154 0.244902
v -0.653784 0.226366 0.243837
v -0.653784 0.226366 0.242608
v -0.654296 0.226154 0.241543
v -0.655183 0.225787 0.240928
v -0.656207 0.225362 0.240928
v -0.657094 0.224995 0.241542
v -0.657606 0.224783 0.242608
v -0.657791 0.239751 0.243837
v -0.657273 0.239533 0.244902
v -0.656377 0.239157 0.245517
v -0.655342 0.238722 0.245517
v -0.654446 0.238346 0.244902
v -0.653929 0.238128 0.243837
v -0.653929 0.238128 0.242608
v -0.654446 0.238346 0.241543
v -0.655342 0.238722 0.240928
v -0.656377 0.239157 0.240928
v -0.657273 0.239533 0.241543
v -0.657791 0.239751 0.242608
vn -0.0000 -0.0000 1.0000
vn -0.0000 -0.0000 -1.0000
vn 1.0000 -0.0000 -0.0000
vn -0.0000 1.0000 -0.0000
vn -1.0000 -0.0000 -0.0000
vn -0.0000 -1.0000 -0.0000
vn -0.6933 -0.6933 -0.1966
vn -0.5513 -0.5513 -0.6263
vn -0.7211 -0.2987 -0.6251
vn -0.9059 -0.3752 -0.1964
vn -0.2096 -0.2096 -0.9550
vn -0.2747 -0.1138 -0.9548
vn -0.2965 -0.0000 -0.9550
vn -0.7796 -0.0000 -0.6263
vn -0.9805 -0.0000 -0.1967
vn -0.6933 0.6933 -0.1966
vn -0.5513 0.5513 -0.6263
vn -0.2987 0.7211 -0.6251
vn -0.3752 0.9059 -0.1964
vn -0.2096 0.2096 -0.9550
vn -0.1138 0.2747 -0.9548
vn -0.0000 0.2965 -0.9550
vn -0.0000 0.7796 -0.6263
vn -0.0000 0.9805 -0.1966
vn 0.2987 0.7211 -0.6251
vn 0.3752 0.9059 -0.1964
vn 0.1138 0.2747 -0.9548
vn 0.2096 0.2096 -0.9550
vn 0.5513 0.5513 -0.6263
vn 0.6933 0.6933 -0.1966
vn 0.9805 -0.0000 -0.1967
vn 0.7796 -0.0000 -0.6263
vn 0.7211 -0.2987 -0.6252
vn 0.9059 -0.3752 -0.1964
vn 0.2965 -0.0000 -0.9550
vn 0.2747 -0.1138 -0.9548
vn 0.2096 -0.2096 -0.9550
vn 0.5513 -0.5513 -0.6263
vn 0.6933 -0.6933 -0.1966
vn -0.0000 -0.9805 -0.1967
vn -0.0000 -0.7796 -0.6263
vn -0.2987 -0.7211 -0.6251
vn -0.3752 -0.9059 -0.1964
vn -0.0000 -0.2965 -0.9550
vn -0.1138 -0.2747 -0.9548
vn -0.7211 0.2987 -0.6252
vn -0.9059 0.3752 -0.1964
vn -0.2747 0.1138 -0.9548
vn 0.7211 0.2987 -0.6252
vn 0.9059 0.3752 -0.1964
vn 0.2747 0.1138 -0.9548
vn 0.2987 -0.7211 -0.6251
vn 0.3752 -0.9059 -0.1964
vn 0.1138 -0.2747 -0.9548
vn 0.2597 -0.0000 -0.9657
vn 0.2399 -0.0994 -0.9657
vn 0.5191 -0.0000 -0.8547
vn 0.4795 -0.1986 -0.8548
vn 0.3670 -0.3670 -0.8547
vn 0.1836 -0.1836 -0.9657
vn -0.0000 -0.2597 -0.9657
vn -0.0994 -0.2399 -0.9657
vn -0.0000 -0.5191 -0.8547
vn -0.1986 -0.4795 -0.8548
vn -0.3670 -0.3670 -0.8547
vn -0.1836 -0.1836 -0.9657
vn -0.2597 -0.0000 -0.9657
vn -0.2399 0.0994 -0.9657
vn -0.5191 -0.0000 -0.8547
vn -0.4795 0.1986 -0.8548
vn -0.3670 0.3670 -0.8547
vn -0.1836 0.1836 -0.9657
vn 0.1836 0.1836 -0.9657
vn 0.2399 0.0994 -0.9657
vn 0.3670 0.3670 -0.8547
vn 0.4795 0.1986 -0.8548
vn 0.0994 -0.2399 -0.9657
vn 0.1986 -0.4795 -0.8548
vn -0.2399 -0.0994 -0.9657
vn -0.4795 -0.1986 -0.8548
vn -0.0994 0.2399 -0.9657
vn -0.1986 0.4795 -0.8548
vn -0.0000 0.5191 -0.8547
vn -0.0000 0.2597 -0.9657
vn 0.0994 0.2399 -0.9657
vn 0.1986 0.4795 -0.8548
vn -0.5812 -0.5812 -0.5695
vn -0.7594 -0.3146 -0.5695
vn -0.7071 -0.7071 -0.0048
vn -0.9239 -0.3827 -0.0048
vn -1.0000 -0.0000 -0.0048
vn -0.8220 -0.0000 -0.5695
vn -0.7071 0.7071 -0.0048
vn -0.5922 0.5922 0.5464
vn -0.3205 0.7738 0.5463
vn -0.3827 0.9239 -0.0048
vn -0.3973 0.3973 0.8272
vn -0.2167 0.5203 0.8260
vn -0.0000 0.5653 0.8249
vn -0.0000 0.8375 0.5464
vn -0.0000 1.0000 -0.0048
vn 0.3205 0.7738 0.5463
vn 0.3827 0.9239 -0.0048
vn 0.2167 0.5203 0.8260
vn 0.3973 0.3973 0.8272
vn 0.5922 0.5922 0.5464
vn 0.7071 0.7071 -0.0048
vn 1.0000 -0.0000 -0.0048
vn 0.8375 -0.0000 0.5464
vn 0.7738 -0.3205 0.5463
vn 0.9239 -0.3827 -0.0048
vn 0.5653 -0.0000 0.8249
vn 0.5203 -0.2167 0.8260
vn 0.3973 -0.3973 0.8272
vn 0.5922 -0.5922 0.5464
vn 0.7071 -0.7071 -0.0048
vn -0.0000 -1.0000 -0.0048
vn -0.0000 -0.8375 0.5464
vn -0.3205 -0.7738 0.5463
vn -0.3827 -0.9239 -0.0048
vn -0.0000 -0.5653 0.8249
vn -0.2167 -0.5203 0.8260
vn -0.3973 -0.3973 0.8272
vn -0.5922 -0.5922 0.5464
vn -0.8375 -0.0000 0.5464
vn -0.7738 0.3205 0.5463
vn -0.9239 0.3827 -0.0048
vn -0.5653 -0.0000 0.8249
vn -0.5203 0.2167 0.8260
vn 0.7738 0.3205 0.5463
vn 0.9239 0.3827 -0.0048
vn 0.5203 0.2167 0.8260
vn 0.3205 -0.7738 0.5463
vn 0.3827 -0.9239 -0.0048
vn 0.2167 -0.5203 0.8260
vn -0.5812 0.5812 -0.5695
vn -0.3146 0.7594 -0.5695
vn -0.0000 0.8220 -0.5695
vn 0.3146 0.7594 -0.5695
vn 0.5812 0.5812 -0.5695
vn 0.8220 -0.0000 -0.5695
vn 0.7594 -0.3146 -0.5695
vn 0.5812 -0.5812 -0.5695
vn -0.0000 -0.8220 -0.5695
vn -0.3146 -0.7594 -0.5695
vn -0.7594 0.3146 -0.5695
vn 0.7594 0.3146 -0.5695
vn 0.3146 -0.7594 -0.5695
vn 0.1746 0.1746 0.9690
vn 0.2324 0.0990 0.9676
vn 0.0229 0.0229 0.9995
vn 0.0330 0.0154 0.9993
vn 0.0473 -0.0000 0.9989
vn 0.2600 -0.0000 0.9656
vn 0.1746 -0.1746 0.9690
vn 0.0990 -0.2324 0.9676
vn 0.0229 -0.0229 0.9995
vn 0.0154 -0.0330 0.9993
vn -0.0000 -0.0473 0.9989
vn -0.0000 -0.2600 0.9656
vn -0.1746 -0.1746 0.9690
vn -0.2324 -0.0990 0.9676
vn -0.5203 -0.2167 0.8260
vn -0.0229 -0.0229 0.9995
vn -0.0330 -0.0154 0.9993
vn -0.0473 -0.0000 0.9989
vn -0.2600 -0.0000 0.9656
vn -0.1746 0.1746 0.9690
vn -0.0990 0.2324 0.9676
vn -0.0229 0.0229 0.9995
vn -0.0154 0.0330 0.9993
vn -0.0000 0.0473 0.9989
vn -0.0000 0.2600 0.9656
vn 0.0990 0.2324 0.9676
vn 0.0154 0.0330 0.9993
vn 0.2324 -0.0990 0.9676
vn 0.0330 -0.0154 0.9993
vn -0.0990 -0.2324 0.9676
vn -0.0154 -0.0330 0.9993
vn -0.2324 0.0990 0.9676
vn -0.0330 0.0154 0.9993
vn -0.7738 -0.3205 0.5463
vn 0.8339 0.3166 0.4520
vn 0.8558 0.2343 0.4612
vn 0.9374 0.2571 0.2347
vn 0.9098 0.3455 0.2299
vn 0.8892 -0.0126 0.4573
vn 0.9725 -0.0136 0.2326
vn 0.9999 -0.0140 -0.0000
vn 0.9643 0.2647 -0.0000
vn 0.9349 0.3550 -0.0000
vn 0.5241 0.1990 0.8281
vn 0.5235 0.1422 0.8400
vn 0.7176 0.1959 0.6683
vn 0.7052 0.2678 0.6565
vn 0.5488 -0.0081 0.8359
vn 0.7479 -0.0107 0.6637
vn 0.0362 0.0137 0.9993
vn 0.0090 0.0012 1.0000
vn 0.2811 0.0755 0.9567
vn 0.2955 0.1122 0.9487
vn 0.0171 -0.0005 0.9999
vn 0.2988 -0.0046 0.9543
vn -0.4740 -0.1800 0.8619
vn -0.5117 -0.1399 0.8477
vn -0.2651 -0.0731 0.9615
vn -0.2302 -0.0874 0.9692
vn -0.5258 0.0075 0.8506
vn -0.2682 0.0037 0.9634
vn -0.8196 -0.3112 0.4811
vn -0.8530 -0.2324 0.4673
vn -0.7109 -0.1939 0.6760
vn -0.6747 -0.2562 0.6922
vn -0.8829 0.0127 0.4693
vn -0.7342 0.0106 0.6788
vn -0.9349 -0.3550 -0.0000
vn -0.9648 -0.2628 -0.0000
vn -0.9371 -0.2553 0.2379
vn -0.9062 -0.3441 0.2457
vn -0.9999 0.0144 -0.0000
vn -0.9709 0.0140 0.2389
vn -0.8196 -0.3112 -0.4811
vn -0.8530 -0.2324 -0.4673
vn -0.9371 -0.2553 -0.2379
vn -0.9062 -0.3441 -0.2457
vn -0.8829 0.0127 -0.4693
vn -0.9709 0.0140 -0.2389
vn -0.4740 -0.1800 -0.8619
vn -0.5117 -0.1399 -0.8477
vn -0.7109 -0.1939 -0.6760
vn -0.6747 -0.2562 -0.6922
vn -0.5258 0.0075 -0.8506
vn -0.7343 0.0106 -0.6788
vn 0.0362 0.0137 -0.9993
vn 0.0090 0.0012 -1.0000
vn -0.2650 -0.0731 -0.9615
vn -0.2302 -0.0874 -0.9692
vn 0.0171 -0.0005 -0.9999
vn -0.2682 0.0037 -0.9634
vn 0.5241 0.1990 -0.8281
vn 0.5235 0.1422 -0.8400
vn 0.2810 0.0755 -0.9567
vn 0.2954 0.1122 -0.9487
vn 0.5488 -0.0081 -0.8359
vn 0.2988 -0.0046 -0.9543
vn 0.8339 0.3166 -0.4520
vn 0.8558 0.2343 -0.4612
vn 0.7176 0.1959 -0.6683
vn 0.7052 0.2678 -0.6565
vn 0.8892 -0.0126 -0.4574
vn 0.7479 -0.0107 -0.6637
vn 0.9374 0.2571 -0.2347
vn 0.9098 0.3455 -0.2299
vn 0.9725 -0.0136 -0.2326
vn 0.8219 -0.3404 0.4567
vn 0.8986 -0.3722 0.2322
vn 0.6290 -0.6290 0.4570
vn 0.6877 -0.6878 0.2324
vn 0.7071 -0.7071 -0.0000
vn 0.9239 -0.3827 -0.0000
vn 0.5079 -0.2104 0.8353
vn 0.6916 -0.2865 0.6630
vn 0.3887 -0.3887 0.8354
vn 0.5292 -0.5292 0.6632
vn 0.0165 -0.0069 0.9998
vn 0.2770 -0.1147 0.9540
vn 0.0130 -0.0130 0.9998
vn 0.2121 -0.2121 0.9539
vn -0.4857 0.2012 0.8507
vn -0.2474 0.1025 0.9635
vn -0.3712 0.3712 0.8512
vn -0.1888 0.1888 0.9637
vn -0.8159 0.3379 0.4692
vn -0.6784 0.2810 0.6788
vn -0.6242 0.6242 0.4698
vn -0.5188 0.5188 0.6794
vn -0.9239 0.3827 -0.0000
vn -0.8971 0.3716 0.2389
vn -0.7071 0.7071 -0.0000
vn -0.6866 0.6866 0.2392
vn -0.8159 0.3379 -0.4692
vn -0.8971 0.3716 -0.2389
vn -0.6242 0.6242 -0.4698
vn -0.6866 0.6866 -0.2392
vn -0.4857 0.2012 -0.8507
vn -0.6785 0.2810 -0.6788
vn -0.3712 0.3712 -0.8512
vn -0.5188 0.5188 -0.6794
vn 0.0165 -0.0068 -0.9998
vn -0.2474 0.1025 -0.9635
vn 0.0130 -0.0130 -0.9998
vn -0.1888 0.1888 -0.9637
vn 0.5079 -0.2104 -0.8353
vn 0.2770 -0.1147 -0.9540
vn 0.3887 -0.3887 -0.8354
vn 0.2121 -0.2121 -0.9539
vn 0.8219 -0.3404 -0.4567
vn 0.6916 -0.2865 -0.6630
vn 0.6290 -0.6290 -0.4570
vn 0.5292 -0.5292 -0.6632
vn 0.8986 -0.3722 -0.2322
vn 0.6877 -0.6878 -0.2324
vn 0.3404 -0.8219 0.4567
vn 0.3722 -0.8986 0.2322
vn -0.0000 -0.8895 0.4570
vn -0.0000 -0.9726 0.2324
vn 0.3827 -0.9239 -0.0000
vn 0.2104 -0.5079 0.8353
vn 0.2865 -0.6916 0.6630
vn -0.0000 -0.5497 0.8354
vn -0.0000 -0.7485 0.6632
vn 0.0068 -0.0165 0.9998
vn 0.1147 -0.2770 0.9540
vn -0.0000 -0.0184 0.9998
vn -0.0000 -0.3000 0.9539
vn -0.2012 0.4857 0.8507
vn -0.1025 0.2474 0.9635
vn -0.0000 0.5249 0.8512
vn -0.0000 0.2670 0.9637
vn -0.3379 0.8159 0.4692
vn -0.2810 0.6784 0.6788
vn -0.0000 0.8828 0.4698
vn -0.0000 0.7337 0.6794
vn -0.3827 0.9239 -0.0000
vn -0.3716 0.8971 0.2389
vn -0.0000 0.9710 0.2392
vn -0.3379 0.8159 -0.4692
vn -0.3716 0.8971 -0.2389
vn -0.0000 0.8828 -0.4698
vn -0.0000 0.9710 -0.2392
vn -0.2012 0.4857 -0.8507
vn -0.2810 0.6785 -0.6788
vn -0.0000 0.5249 -0.8512
vn -0.0000 0.7338 -0.6794
vn 0.0068 -0.0165 -0.9998
vn -0.1025 0.2474 -0.9635
vn -0.0000 -0.0184 -0.9998
vn -0.0000 0.2670 -0.9637
vn 0.2104 -0.5079 -0.8353
vn 0.1147 -0.2770 -0.9540
vn -0.0000 -0.5497 -0.8354
vn -0.0000 -0.3000 -0.9539
vn 0.3404 -0.8219 -0.4567
vn 0.2865 -0.6916 -0.6630
vn -0.0000 -0.8895 -0.4570
vn -0.0000 -0.7484 -0.6632
vn 0.3722 -0.8986 -0.2322
vn -0.0000 -0.9726 -0.2324
vn -0.3404 -0.8219 0.4567
vn -0.3722 -0.8986 0.2322
vn -0.6290 -0.6290 0.4569
vn -0.6877 -0.6878 0.2324
vn -0.7071 -0.7071 -0.0000
vn -0.3827 -0.9239 -0.0000
vn -0.2104 -0.5079 0.8353
vn -0.2865 -0.6916 0.6630
vn -0.3887 -0.3887 0.8354
vn -0.5292 -0.5292 0.6632
vn -0.0069 -0.0165 0.9998
vn -0.1147 -0.2770 0.9540
vn -0.0130 -0.0130 0.9998
vn -0.2121 -0.2121 0.9539
vn 0.2012 0.4857 0.8507
vn 0.1025 0.2474 0.9635
vn 0.3712 0.3712 0.8512
vn 0.1888 0.1888 0.9637
vn 0.3379 0.8159 0.4692
vn 0.2810 0.6784 0.6788
vn 0.6242 0.6242 0.4698
vn 0.5188 0.5188 0.6794
vn 0.3827 0.9239 -0.0000
vn 0.3716 0.8971 0.2389
vn 0.7071 0.7071 -0.0000
vn 0.6866 0.6866 0.2392
vn 0.3379 0.8159 -0.4692
vn 0.3716 0.8971 -0.2389
vn 0.6242 0.6242 -0.4698
vn 0.6866 0.6866 -0.2392
vn 0.2012 0.4857 -0.8507
vn 0.2810 0.6785 -0.6788
vn 0.3712 0.3712 -0.8512
vn 0.5188 0.5188 -0.6794
vn -0.0068 -0.0165 -0.9998
vn 0.1025 0.2474 -0.9635
vn -0.0130 -0.0130 -0.9998
vn 0.1888 0.1888 -0.9637
vn -0.2104 -0.5079 -0.8353
vn -0.1147 -0.2770 -0.9540
vn -0.3887 -0.3887 -0.8354
vn -0.2121 -0.2121 -0.9539
vn -0.3404 -0.8219 -0.4567
vn -0.2865 -0.6916 -0.6630
vn -0.6290 -0.6290 -0.4570
vn -0.5292 -0.5292 -0.6632
vn -0.3722 -0.8986 -0.2322
vn -0.6877 -0.6878 -0.2324
vn -0.8219 -0.3404 0.4567
vn -0.8986 -0.3722 0.2322
vn -0.8892 -0.0126 0.4573
vn -0.9725 -0.0136 0.2326
vn -0.9999 -0.0140 -0.0000
vn -0.9239 -0.3827 -0.0000
vn -0.5079 -0.2104 0.8353
vn -0.6916 -0.2865 0.6630
vn -0.5488 -0.0081 0.8359
vn -0.7479 -0.0107 0.6637
vn -0.0165 -0.0069 0.9998
vn -0.2770 -0.1147 0.9540
vn -0.0171 -0.0005 0.9999
vn -0.2988 -0.0046 0.9543
vn 0.4857 0.2012 0.8507
vn 0.2474 0.1025 0.9635
vn 0.5258 0.0075 0.8506
vn 0.2682 0.0037 0.9634
vn 0.8159 0.3379 0.4692
vn 0.6784 0.2810 0.6788
vn 0.8829 0.0127 0.4693
vn 0.7342 0.0106 0.6788
vn 0.9239 0.3827 -0.0000
vn 0.8971 0.3716 0.2389
vn 0.9999 0.0144 -0.0000
vn 0.9709 0.0140 0.2389
vn 0.8159 0.3379 -0.4692
vn 0.8971 0.3716 -0.2389
vn 0.8829 0.0127 -0.4693
vn 0.9709 0.0140 -0.2389
vn 0.4857 0.2012 -0.8507
vn 0.6785 0.2810 -0.6788
vn 0.5258 0.0075 -0.8506
vn 0.7343 0.0106 -0.6788
vn -0.0165 -0.0068 -0.9998
vn 0.2474 0.1025 -0.9635
vn -0.0171 -0.0005 -0.9999
vn 0.2682 0.0037 -0.9634
vn -0.5079 -0.2104 -0.8353
vn -0.2770 -0.1147 -0.9540
vn -0.5488 -0.0081 -0.8359
vn -0.2988 -0.0046 -0.9543
vn -0.8219 -0.3404 -0.4567
vn -0.6916 -0.2865 -0.6630
vn -0.8892 -0.0126 -0.4574
vn -0.7479 -0.0107 -0.6637
vn -0.8986 -0.3722 -0.2322
vn -0.9725 -0.0136 -0.2326
vn -0.8558 0.2343 0.4612
vn -0.9374 0.2571 0.2347
vn -0.8339 0.3166 0.4520
vn -0.9098 0.3455 0.2299
vn -0.9349 0.3550 -0.0000
vn -0.9643 0.2647 -0.0000
vn -0.5235 0.1422 0.8400
vn -0.7176 0.1959 0.6683
vn -0.5241 0.1990 0.8281
vn -0.7052 0.2678 0.6565
vn -0.0090 0.0012 1.0000
vn -0.2811 0.0755 0.9567
vn -0.0362 0.0137 0.9993
vn -0.2955 0.1122 0.9487
vn 0.5117 -0.1399 0.8477
vn 0.2651 -0.0732 0.9615
vn 0.4740 -0.1800 0.8619
vn 0.2302 -0.0874 0.9692
vn 0.8530 -0.2324 0.4673
vn 0.7109 -0.1939 0.6761
vn 0.8196 -0.3112 0.4811
vn 0.6747 -0.2562 0.6923
vn 0.9648 -0.2628 -0.0000
vn 0.9371 -0.2553 0.2379
vn 0.9349 -0.3550 -0.0000
vn 0.9062 -0.3441 0.2457
vn 0.8530 -0.2324 -0.4673
vn 0.9371 -0.2553 -0.2379
vn 0.8196 -0.3112 -0.4811
vn 0.9062 -0.3441 -0.2457
vn 0.5117 -0.1399 -0.8477
vn 0.7109 -0.1939 -0.6760
vn 0.4740 -0.1800 -0.8619
vn 0.6747 -0.2562 -0.6922
vn -0.0090 0.0012 -1.0000
vn 0.2650 -0.0731 -0.9615
vn -0.0362 0.0137 -0.9993
vn 0.2302 -0.0874 -0.9692
vn -0.5235 0.1422 -0.8400
vn -0.2810 0.0755 -0.9567
vn -0.5241 0.1990 -0.8281
vn -0.2954 0.1122 -0.9488
vn -0.8558 0.2343 -0.4612
vn -0.7176 0.1959 -0.6683
vn -0.8339 0.3166 -0.4520
vn -0.7052 0.2678 -0.6565
vn -0.9374 0.2571 -0.2347
vn -0.9098 0.3455 -0.2299
vt 0.988413 0.535089
vt 0.988413 0.620221
vt 0.713361 0.620221
vt 0.713361 0.535089
vt 0.645677 0.939258
vt 0.402233 0.939258
vt 0.402233 0.863908
vt 0.645677 0.863908
vt 0.704031 0.620221
vt 0.704031 0.535089
vt 0.713361 0.525759
vt 0.988413 0.525759
vt 0.997743 0.535089
vt 0.997743 0.620221
vt 0.988413 0.629551
vt 0.713361 0.629551
vt 0.063156 0.635377
vt 0.246650 0.635377
vt 0.246650 0.683691
vt 0.063156 0.683691
vt 0.063156 0.831438
vt 0.246650 0.831438
vt 0.294964 0.683691
vt 0.294965 0.831438
vt 0.014841 0.831438
vt 0.014841 0.683691
vt 0.265604 0.642515
vt 0.265604 0.600704
vt 0.436092 0.600704
vt 0.436092 0.642515
vt 0.059991 0.842349
vt 0.245813 0.842349
vt 0.245813 0.994783
vt 0.059991 0.994783
vt 0.292559 0.842349
vt 0.292559 0.994783
vt 0.013245 0.842349
vt 0.013245 0.994783
vt 0.059991 0.833528
vt 0.245813 0.833528
vt 0.292559 0.833528
vt 0.013245 0.833528
vt 0.069659 0.628873
vt 0.240147 0.628873
vt 0.301380 0.842349
vt 0.301380 0.994783
vt 0.004424 0.994783
vt 0.004424 0.842349
vt 0.308249 0.867954
vt 0.312889 0.870607
vt 0.308694 0.887066
vt 0.303475 0.886402
vt 0.318852 0.874016
vt 0.315130 0.887885
vt 0.315258 0.902245
vt 0.308631 0.904052
vt 0.303475 0.905457
vt 0.326617 0.935351
vt 0.329270 0.930711
vt 0.345729 0.934906
vt 0.345065 0.940125
vt 0.332679 0.924748
vt 0.346548 0.928470
vt 0.360909 0.928342
vt 0.362715 0.934969
vt 0.364120 0.940125
vt 0.377319 0.926296
vt 0.380540 0.930457
vt 0.373348 0.921166
vt 0.383411 0.910921
vt 0.389374 0.914330
vt 0.394014 0.916983
vt 0.398788 0.879480
vt 0.393632 0.880885
vt 0.384959 0.866281
vt 0.389119 0.863060
vt 0.387004 0.882692
vt 0.379829 0.870252
vt 0.369584 0.860189
vt 0.372993 0.854226
vt 0.375646 0.849586
vt 0.338143 0.844812
vt 0.339548 0.849968
vt 0.324944 0.858641
vt 0.321723 0.854480
vt 0.341355 0.856595
vt 0.328915 0.863771
vt 0.317304 0.918656
vt 0.313143 0.921877
vt 0.322434 0.914685
vt 0.393569 0.897871
vt 0.398788 0.898535
vt 0.387133 0.897052
vt 0.356534 0.850031
vt 0.357198 0.844812
vt 0.355714 0.856467
vt 0.377150 0.885377
vt 0.371967 0.876339
vt 0.369296 0.887518
vt 0.365789 0.881121
vt 0.360475 0.876124
vt 0.364515 0.869057
vt 0.344040 0.866450
vt 0.335001 0.871633
vt 0.346181 0.874304
vt 0.339784 0.877811
vt 0.334786 0.883125
vt 0.327719 0.879085
vt 0.325113 0.899560
vt 0.330296 0.908599
vt 0.332967 0.897419
vt 0.336473 0.903816
vt 0.341788 0.908814
vt 0.337748 0.915881
vt 0.374544 0.905852
vt 0.377270 0.895796
vt 0.367477 0.901812
vt 0.369520 0.894810
vt 0.354459 0.866330
vt 0.353473 0.874080
vt 0.324993 0.889141
vt 0.332743 0.890127
vt 0.347804 0.918607
vt 0.348790 0.910857
vt 0.356082 0.910633
vt 0.358223 0.918487
vt 0.367262 0.913304
vt 0.362479 0.907126
vt 0.339434 0.885781
vt 0.337789 0.890770
vt 0.342114 0.887313
vt 0.340734 0.891144
vt 0.341111 0.895199
vt 0.338132 0.896011
vt 0.345976 0.901487
vt 0.347075 0.899564
vt 0.350103 0.900536
vt 0.349807 0.902866
vt 0.348061 0.897839
vt 0.350352 0.898568
vt 0.352756 0.898430
vt 0.353280 0.900351
vt 0.353862 0.902489
vt 0.356111 0.898899
vt 0.357548 0.900757
vt 0.354898 0.897329
vt 0.356502 0.895539
vt 0.358227 0.896525
vt 0.360149 0.897624
vt 0.361152 0.889738
vt 0.359013 0.890320
vt 0.357562 0.887489
vt 0.359419 0.886052
vt 0.357092 0.890844
vt 0.355992 0.888703
vt 0.354201 0.887098
vt 0.355188 0.885373
vt 0.356287 0.883451
vt 0.348400 0.882448
vt 0.348983 0.884587
vt 0.346152 0.886038
vt 0.344715 0.884180
vt 0.349507 0.886508
vt 0.347365 0.887608
vt 0.345761 0.889399
vt 0.344036 0.888412
vt 0.343249 0.894617
vt 0.344701 0.897448
vt 0.342843 0.898885
vt 0.345170 0.894093
vt 0.346271 0.896235
vt 0.359199 0.893497
vt 0.361529 0.893793
vt 0.357231 0.893248
vt 0.352160 0.884401
vt 0.352456 0.882071
vt 0.351911 0.886369
vt 0.344444 0.904167
vt 0.349433 0.905811
vt 0.354674 0.905468
vt 0.359365 0.903104
vt 0.362829 0.899156
vt 0.364131 0.888926
vt 0.361767 0.884235
vt 0.357819 0.880771
vt 0.347589 0.879469
vt 0.342898 0.881833
vt 0.340496 0.900702
vt 0.364474 0.894167
vt 0.352830 0.879126
vt 0.355297 0.894850
vt 0.355900 0.893041
vt 0.354158 0.894199
vt 0.354775 0.892650
vt 0.354995 0.891416
vt 0.355803 0.891195
vt 0.353513 0.888303
vt 0.351704 0.887700
vt 0.352862 0.889442
vt 0.351313 0.888825
vt 0.350078 0.888605
vt 0.349858 0.887797
vt 0.346965 0.890087
vt 0.346363 0.891896
vt 0.345032 0.891690
vt 0.348105 0.890738
vt 0.347488 0.892287
vt 0.347268 0.893521
vt 0.346460 0.893742
vt 0.348750 0.896635
vt 0.350559 0.897237
vt 0.349401 0.895495
vt 0.350950 0.896112
vt 0.352184 0.896332
vt 0.352405 0.897140
vt 0.354044 0.896287
vt 0.353136 0.895517
vt 0.354950 0.889556
vt 0.354179 0.890464
vt 0.348219 0.888650
vt 0.349126 0.889421
vt 0.347313 0.895381
vt 0.348083 0.894473
vt 0.351781 0.894851
vt 0.350213 0.894075
vt 0.351131 0.892469
vt 0.352738 0.893387
vt 0.353514 0.891819
vt 0.352050 0.890863
vt 0.348749 0.893118
vt 0.349525 0.891550
vt 0.350482 0.890086
vt 0.343064 0.891440
vt 0.325703 0.964705
vt 0.356008 0.965020
vt 0.355889 0.967237
vt 0.325317 0.967132
vt 0.382118 0.965311
vt 0.382053 0.967379
vt 0.381957 0.969458
vt 0.355828 0.969472
vt 0.325190 0.969584
vt 0.327139 0.960006
vt 0.356424 0.960704
vt 0.356188 0.962841
vt 0.326324 0.962326
vt 0.382217 0.961254
vt 0.382170 0.963269
vt 0.329140 0.955514
vt 0.357039 0.956510
vt 0.356711 0.958602
vt 0.328098 0.957741
vt 0.382347 0.957253
vt 0.382272 0.959257
vt 0.331209 0.951055
vt 0.357748 0.952221
vt 0.357393 0.954394
vt 0.330199 0.953295
vt 0.382557 0.953069
vt 0.382446 0.955203
vt 0.332823 0.946424
vt 0.358353 0.947623
vt 0.358077 0.949966
vt 0.332103 0.948768
vt 0.382745 0.948462
vt 0.382663 0.950823
vt 0.333565 0.941593
vt 0.358674 0.942753
vt 0.358554 0.945208
vt 0.333320 0.944026
vt 0.382816 0.943489
vt 0.382794 0.946005
vt 0.332955 0.992694
vt 0.358489 0.991381
vt 0.358709 0.993793
vt 0.333463 0.995091
vt 0.382796 0.990430
vt 0.382834 0.992882
vt 0.382859 0.995383
vt 0.358845 0.996241
vt 0.333721 0.997525
vt 0.331324 0.988070
vt 0.357874 0.986778
vt 0.358204 0.989039
vt 0.332226 0.990352
vt 0.382723 0.985817
vt 0.382761 0.988067
vt 0.329233 0.983626
vt 0.357151 0.982465
vt 0.357515 0.984594
vt 0.330304 0.985836
vt 0.382604 0.981625
vt 0.382675 0.983678
vt 0.327201 0.979150
vt 0.356487 0.978246
vt 0.356802 0.980359
vt 0.328177 0.981407
vt 0.382384 0.977635
vt 0.382505 0.979623
vt 0.325732 0.974461
vt 0.356021 0.973922
vt 0.356222 0.976103
vt 0.326370 0.976836
vt 0.382143 0.973597
vt 0.382258 0.975630
vt 0.355893 0.971707
vt 0.325331 0.972036
vt 0.382051 0.971536
vt 0.407264 0.965354
vt 0.407292 0.967409
vt 0.432304 0.965387
vt 0.432302 0.967445
vt 0.432292 0.969509
vt 0.407297 0.969482
vt 0.407170 0.961333
vt 0.407219 0.963328
vt 0.432245 0.961331
vt 0.432282 0.963349
vt 0.407132 0.957368
vt 0.407136 0.959355
vt 0.432189 0.957296
vt 0.432209 0.959322
vt 0.407222 0.953200
vt 0.407164 0.955330
vt 0.432207 0.953037
vt 0.432192 0.955214
vt 0.407333 0.948568
vt 0.407284 0.950948
vt 0.432217 0.948309
vt 0.432221 0.950737
vt 0.407353 0.943495
vt 0.407359 0.946081
vt 0.432159 0.943183
vt 0.432186 0.945775
vt 0.407289 0.990399
vt 0.407243 0.992886
vt 0.432258 0.990711
vt 0.432254 0.993246
vt 0.432238 0.995838
vt 0.407216 0.995474
vt 0.407413 0.985766
vt 0.407348 0.988019
vt 0.432317 0.985983
vt 0.432282 0.988283
vt 0.407495 0.981597
vt 0.407468 0.983635
vt 0.432363 0.981724
vt 0.432349 0.983806
vt 0.407443 0.977631
vt 0.407485 0.979609
vt 0.432325 0.977687
vt 0.432353 0.979697
vt 0.407336 0.973609
vt 0.407387 0.975635
vt 0.432276 0.973631
vt 0.432294 0.975669
vt 0.407304 0.971554
vt 0.432281 0.971573
vt 0.457405 0.965347
vt 0.457436 0.967432
vt 0.482715 0.965400
vt 0.482711 0.967476
vt 0.482700 0.969559
vt 0.457442 0.969534
vt 0.457301 0.961264
vt 0.457356 0.963291
vt 0.482660 0.961307
vt 0.482694 0.963343
vt 0.457249 0.957235
vt 0.457259 0.959255
vt 0.482612 0.957233
vt 0.482627 0.959279
vt 0.457326 0.952995
vt 0.457274 0.955162
vt 0.482645 0.952933
vt 0.482621 0.955131
vt 0.457429 0.948277
vt 0.457383 0.950702
vt 0.482679 0.948159
vt 0.482669 0.950611
vt 0.457451 0.943094
vt 0.457454 0.945738
vt 0.482659 0.942980
vt 0.482666 0.945599
vt 0.457386 0.990792
vt 0.457341 0.993330
vt 0.482721 0.990958
vt 0.482735 0.993519
vt 0.482741 0.996138
vt 0.457320 0.995974
vt 0.457518 0.986074
vt 0.457448 0.988367
vt 0.482756 0.986184
vt 0.482731 0.988506
vt 0.457613 0.981835
vt 0.457580 0.983907
vt 0.482788 0.981885
vt 0.482780 0.983987
vt 0.457572 0.977805
vt 0.457609 0.979814
vt 0.482740 0.977811
vt 0.482773 0.979839
vt 0.457476 0.973722
vt 0.457522 0.975778
vt 0.482686 0.973718
vt 0.482706 0.975775
vt 0.457447 0.971637
vt 0.482690 0.971642
vt 0.507925 0.965396
vt 0.507953 0.967481
vt 0.533125 0.965487
vt 0.533119 0.967545
vt 0.533109 0.969609
vt 0.507959 0.969584
vt 0.507828 0.961313
vt 0.507879 0.963340
vt 0.533076 0.961431
vt 0.533107 0.963449
vt 0.507787 0.957283
vt 0.507792 0.959303
vt 0.533037 0.957394
vt 0.533047 0.959421
vt 0.507882 0.953044
vt 0.507821 0.955211
vt 0.533084 0.953135
vt 0.533052 0.955312
vt 0.508014 0.948326
vt 0.507952 0.950751
vt 0.533143 0.948407
vt 0.533118 0.950835
vt 0.508081 0.943144
vt 0.508059 0.945788
vt 0.533162 0.943280
vt 0.533147 0.945872
vt 0.507972 0.990841
vt 0.507947 0.993379
vt 0.533183 0.990809
vt 0.533214 0.993343
vt 0.533242 0.995935
vt 0.507950 0.996024
vt 0.508075 0.986122
vt 0.508018 0.988416
vt 0.533193 0.986081
vt 0.533179 0.988381
vt 0.508152 0.981883
vt 0.508126 0.983956
vt 0.533211 0.981822
vt 0.533209 0.983904
vt 0.508099 0.977854
vt 0.508141 0.979863
vt 0.533155 0.977787
vt 0.533191 0.979795
vt 0.507995 0.973771
vt 0.508045 0.975827
vt 0.533096 0.973731
vt 0.533118 0.975769
vt 0.507965 0.971686
vt 0.533099 0.971673
vt 0.558064 0.965509
vt 0.558096 0.967564
vt 0.583257 0.965521
vt 0.583349 0.967582
vt 0.583444 0.969660
vt 0.558104 0.969636
vt 0.557957 0.961487
vt 0.558013 0.963483
vt 0.583016 0.961483
vt 0.583142 0.963488
vt 0.557905 0.957521
vt 0.557916 0.959509
vt 0.582796 0.957493
vt 0.582895 0.959494
vt 0.557987 0.953352
vt 0.557932 0.955482
vt 0.582677 0.953301
vt 0.582725 0.955440
vt 0.558112 0.948719
vt 0.558052 0.951099
vt 0.582604 0.948688
vt 0.582640 0.951051
vt 0.558184 0.943644
vt 0.558157 0.946231
vt 0.582542 0.943735
vt 0.582567 0.946236
vt 0.558067 0.990550
vt 0.558042 0.993037
vt 0.582655 0.990656
vt 0.582607 0.993112
vt 0.582585 0.995628
vt 0.558047 0.995623
vt 0.558179 0.985917
vt 0.558117 0.988170
vt 0.582843 0.986049
vt 0.582738 0.988295
vt 0.558268 0.981750
vt 0.558236 0.983788
vt 0.583053 0.981865
vt 0.582954 0.983915
vt 0.558230 0.977785
vt 0.558265 0.979762
vt 0.583184 0.977864
vt 0.583129 0.979860
vt 0.558137 0.973764
vt 0.558181 0.975790
vt 0.583282 0.973807
vt 0.583230 0.975849
vt 0.558109 0.971709
vt 0.583348 0.971739
vt 0.609379 0.965196
vt 0.609507 0.967411
vt 0.639668 0.964657
vt 0.640069 0.967082
vt 0.640211 0.969534
vt 0.609572 0.969646
vt 0.608913 0.960872
vt 0.609178 0.963015
vt 0.638199 0.959968
vt 0.639031 0.962282
vt 0.608249 0.956653
vt 0.608598 0.958759
vt 0.636168 0.955492
vt 0.637224 0.957711
vt 0.607527 0.952340
vt 0.607885 0.954524
vt 0.634077 0.951048
vt 0.635096 0.953282
vt 0.606912 0.947737
vt 0.607196 0.950079
vt 0.632445 0.946424
vt 0.633175 0.948766
vt 0.606555 0.942877
vt 0.606691 0.945325
vt 0.631679 0.941593
vt 0.631937 0.944027
vt 0.607048 0.991495
vt 0.606846 0.993910
vt 0.632577 0.992694
vt 0.632080 0.995092
vt 0.631835 0.997525
vt 0.606727 0.996365
vt 0.607652 0.986897
vt 0.607323 0.989152
vt 0.634191 0.988063
vt 0.633298 0.990350
vt 0.608361 0.982608
vt 0.608008 0.984724
vt 0.636261 0.983604
vt 0.635201 0.985823
vt 0.608976 0.978414
vt 0.608689 0.980516
vt 0.638262 0.979112
vt 0.637302 0.981377
vt 0.609392 0.974098
vt 0.609212 0.976277
vt 0.639698 0.974413
vt 0.639077 0.976792
vt 0.609511 0.971881
vt 0.640083 0.971986
s 1
usemtl FURNITURE_076_MAT
f 1499/1714/1253 1501/1715/1253 1502/1716/1253 1500/1717/1253
f 1503/1718/1254 1504/1719/1254 1506/1720/1254 1505/1721/1254
f 1502/1716/1255 1506/1722/1255 1504/1723/1255 1500/1717/1255
f 1500/1717/1256 1504/1724/1256 1503/1725/1256 1499/1714/1256
f 1499/1714/1257 1503/1726/1257 1505/1727/1257 1501/1715/1257
f 1501/1715/1258 1505/1728/1258 1506/1729/1258 1502/1716/1258
f 1511/1730/1254 1512/1731/1254 1514/1732/1254 1513/1733/1254
f 1509/1734/1258 1513/1733/1258 1514/1732/1258 1510/1735/1258
f 1510/1735/1255 1514/1732/1255 1512/1736/1255 1508/1737/1255
f 1507/1738/1257 1511/1739/1257 1513/1733/1257 1509/1734/1257
f 1519/1740/1253 1521/1741/1253 1522/1742/1253 1520/1743/1253
f 1517/1744/1256 1518/1745/1256 1522/1746/1256 1521/1747/1256
f 1518/1745/1257 1516/1748/1257 1520/1749/1257 1522/1746/1257
f 1515/1750/1255 1517/1744/1255 1521/1747/1255 1519/1751/1255
f 1509/1752/1253 1510/1753/1253 1518/1745/1253 1517/1744/1253
f 1510/1753/1253 1508/1754/1253 1516/1748/1253 1518/1745/1253
f 1507/1755/1253 1509/1752/1253 1517/1744/1253 1515/1750/1253
f 1512/1731/1256 1511/1730/1256 1519/1756/1256 1520/1757/1256
f 1508/1758/1256 1512/1759/1256 1520/1749/1256 1516/1748/1256
f 1511/1760/1256 1507/1761/1256 1515/1750/1256 1519/1751/1256
f 1526/1762/1259 1589/1763/1260 1664/1764/1261 1574/1765/1262
f 1589/1763/1260 1534/1766/1263 1582/1767/1264 1664/1764/1261
f 1664/1764/1261 1582/1767/1264 1533/1768/1265 1588/1769/1266
f 1574/1765/1262 1664/1764/1261 1588/1769/1266 1525/1770/1267
f 1524/1771/1268 1591/1772/1269 1665/1773/1270 1572/1774/1271
f 1591/1772/1269 1532/1775/1272 1580/1776/1273 1665/1773/1270
f 1665/1773/1270 1580/1776/1273 1531/1777/1274 1590/1778/1275
f 1572/1774/1271 1665/1773/1270 1590/1778/1275 1523/1779/1276
f 1523/1779/1276 1590/1778/1275 1666/1780/1277 1579/1781/1278
f 1590/1778/1275 1531/1777/1274 1587/1782/1279 1666/1780/1277
f 1666/1780/1277 1587/1782/1279 1538/1783/1280 1592/1784/1281
f 1579/1781/1278 1666/1780/1277 1592/1784/1281 1530/1785/1282
f 1529/1786/1283 1594/1787/1284 1667/1788/1285 1577/1789/1286
f 1594/1787/1284 1537/1790/1287 1585/1791/1288 1667/1788/1285
f 1667/1788/1285 1585/1791/1288 1536/1792/1289 1593/1793/1290
f 1577/1789/1286 1667/1788/1285 1593/1793/1290 1528/1794/1291
f 1527/1795/1292 1595/1796/1293 1668/1797/1294 1575/1798/1295
f 1595/1796/1293 1535/1799/1296 1583/1800/1297 1668/1797/1294
f 1668/1797/1294 1583/1800/1297 1534/1766/1263 1589/1763/1260
f 1575/1798/1295 1668/1797/1294 1589/1763/1260 1526/1762/1259
f 1525/1770/1267 1588/1769/1266 1669/1801/1298 1573/1802/1299
f 1588/1769/1266 1533/1768/1265 1581/1803/1300 1669/1801/1298
f 1669/1801/1298 1581/1803/1300 1532/1775/1272 1591/1772/1269
f 1573/1802/1299 1669/1801/1298 1591/1772/1269 1524/1771/1268
f 1530/1785/1282 1592/1784/1281 1670/1804/1301 1578/1805/1302
f 1592/1784/1281 1538/1783/1280 1586/1806/1303 1670/1804/1301
f 1670/1804/1301 1586/1806/1303 1537/1790/1287 1594/1787/1284
f 1578/1805/1302 1670/1804/1301 1594/1787/1284 1529/1786/1283
f 1528/1794/1291 1593/1793/1290 1671/1807/1304 1576/1808/1305
f 1593/1793/1290 1536/1792/1289 1584/1809/1306 1671/1807/1304
f 1671/1807/1304 1584/1809/1306 1535/1799/1296 1595/1796/1293
f 1576/1808/1305 1671/1807/1304 1595/1796/1293 1527/1795/1292
f 1537/1790/1287 1605/1810/1307 1672/1811/1308 1585/1791/1288
f 1605/1810/1307 1545/1812/1309 1601/1813/1310 1672/1811/1308
f 1672/1811/1308 1601/1813/1310 1544/1814/1311 1604/1815/1312
f 1585/1791/1288 1672/1811/1308 1604/1815/1312 1536/1792/1289
f 1535/1799/1296 1607/1816/1313 1673/1817/1314 1583/1800/1297
f 1607/1816/1313 1543/1818/1315 1599/1819/1316 1673/1817/1314
f 1673/1817/1314 1599/1819/1316 1542/1820/1317 1606/1821/1318
f 1583/1800/1297 1673/1817/1314 1606/1821/1318 1534/1766/1263
f 1533/1768/1265 1609/1822/1319 1674/1823/1320 1581/1803/1300
f 1609/1822/1319 1541/1824/1321 1597/1825/1322 1674/1823/1320
f 1674/1823/1320 1597/1825/1322 1540/1826/1323 1608/1827/1324
f 1581/1803/1300 1674/1823/1320 1608/1827/1324 1532/1775/1272
f 1538/1783/1280 1610/1828/1325 1675/1829/1326 1586/1806/1303
f 1610/1828/1325 1546/1830/1327 1602/1831/1328 1675/1829/1326
f 1675/1829/1326 1602/1831/1328 1545/1812/1309 1605/1810/1307
f 1586/1806/1303 1675/1829/1326 1605/1810/1307 1537/1790/1287
f 1536/1792/1289 1604/1815/1312 1676/1832/1329 1584/1809/1306
f 1604/1815/1312 1544/1814/1311 1600/1833/1330 1676/1832/1329
f 1676/1832/1329 1600/1833/1330 1543/1818/1315 1607/1816/1313
f 1584/1809/1306 1676/1832/1329 1607/1816/1313 1535/1799/1296
f 1534/1766/1263 1606/1821/1318 1677/1834/1331 1582/1767/1264
f 1606/1821/1318 1542/1820/1317 1598/1835/1332 1677/1834/1331
f 1677/1834/1331 1598/1835/1332 1541/1824/1321 1609/1822/1319
f 1582/1767/1264 1677/1834/1331 1609/1822/1319 1533/1768/1265
f 1532/1775/1272 1608/1827/1324 1678/1836/1333 1580/1776/1273
f 1608/1827/1324 1540/1826/1323 1596/1837/1334 1678/1836/1333
f 1678/1836/1333 1596/1837/1334 1539/1838/1335 1611/1839/1336
f 1580/1776/1273 1678/1836/1333 1611/1839/1336 1531/1777/1274
f 1531/1777/1274 1611/1839/1336 1679/1840/1337 1587/1782/1279
f 1611/1839/1336 1539/1838/1335 1603/1841/1338 1679/1840/1337
f 1679/1840/1337 1603/1841/1338 1546/1830/1327 1610/1828/1325
f 1587/1782/1279 1679/1840/1337 1610/1828/1325 1538/1783/1280
f 1542/1820/1317 1622/1842/1339 1680/1843/1340 1598/1835/1332
f 1622/1842/1339 1557/1844/1341 1643/1845/1342 1680/1843/1340
f 1680/1843/1340 1643/1845/1342 1555/1846/1343 1635/1847/1344
f 1598/1835/1332 1680/1843/1340 1635/1847/1344 1541/1824/1321
f 1561/1848/1345 1626/1849/1346 1681/1850/1347 1636/1851/1348
f 1626/1849/1346 1548/1852/1349 1612/1853/1350 1681/1850/1347
f 1681/1850/1347 1612/1853/1350 1547/1854/1351 1628/1855/1352
f 1636/1851/1348 1681/1850/1347 1628/1855/1352 1562/1856/1353
f 1562/1856/1353 1628/1855/1352 1682/1857/1354 1637/1858/1355
f 1628/1855/1352 1547/1854/1351 1619/1859/1356 1682/1857/1354
f 1682/1857/1354 1619/1859/1356 1554/1860/1357 1630/1861/1358
f 1637/1858/1355 1682/1857/1354 1630/1861/1358 1560/1862/1359
f 1558/1863/1360 1623/1864/1361 1683/1865/1362 1638/1866/1363
f 1623/1864/1361 1553/1867/1364 1617/1868/1365 1683/1865/1362
f 1683/1865/1362 1617/1868/1365 1552/1869/1366 1631/1870/1367
f 1638/1866/1363 1683/1865/1362 1631/1870/1367 1559/1871/1368
f 1556/1872/1369 1621/1873/1370 1684/1874/1371 1639/1875/1372
f 1621/1873/1370 1551/1876/1373 1615/1877/1374 1684/1874/1371
f 1684/1874/1371 1615/1877/1374 1550/1878/1375 1633/1879/1376
f 1639/1875/1372 1684/1874/1371 1633/1879/1376 1557/1844/1341
f 1555/1846/1343 1620/1880/1377 1685/1881/1378 1640/1882/1379
f 1620/1880/1377 1549/1883/1380 1613/1884/1381 1685/1881/1378
f 1685/1881/1378 1613/1884/1381 1548/1852/1349 1626/1849/1346
f 1640/1882/1379 1685/1881/1378 1626/1849/1346 1561/1848/1345
f 1560/1862/1359 1630/1861/1358 1686/1885/1382 1641/1886/1383
f 1630/1861/1358 1554/1860/1357 1618/1887/1384 1686/1885/1382
f 1686/1885/1382 1618/1887/1384 1553/1867/1364 1623/1864/1361
f 1641/1886/1383 1686/1885/1382 1623/1864/1361 1558/1863/1360
f 1559/1871/1368 1631/1870/1367 1687/1888/1385 1642/1889/1386
f 1631/1870/1367 1552/1869/1366 1616/1890/1387 1687/1888/1385
f 1687/1888/1385 1616/1890/1387 1551/1876/1373 1621/1873/1370
f 1642/1889/1386 1687/1888/1385 1621/1873/1370 1556/1872/1369
f 1540/1826/1323 1629/1891/1388 1688/1892/1389 1596/1837/1334
f 1629/1891/1388 1561/1848/1345 1636/1851/1348 1688/1892/1389
f 1688/1892/1389 1636/1851/1348 1562/1856/1353 1627/1893/1390
f 1596/1837/1334 1688/1892/1389 1627/1893/1390 1539/1838/1335
f 1539/1838/1335 1627/1893/1390 1689/1894/1391 1603/1841/1338
f 1627/1893/1390 1562/1856/1353 1637/1858/1355 1689/1894/1391
f 1689/1894/1391 1637/1858/1355 1560/1862/1359 1625/1895/1392
f 1603/1841/1338 1689/1894/1391 1625/1895/1392 1546/1830/1327
f 1545/1812/1309 1632/1896/1393 1690/1897/1394 1601/1813/1310
f 1632/1896/1393 1558/1863/1360 1638/1866/1363 1690/1897/1394
f 1690/1897/1394 1638/1866/1363 1559/1871/1368 1624/1898/1395
f 1601/1813/1310 1690/1897/1394 1624/1898/1395 1544/1814/1311
f 1543/1818/1315 1634/1899/1396 1691/1900/1397 1599/1819/1316
f 1634/1899/1396 1556/1872/1369 1639/1875/1372 1691/1900/1397
f 1691/1900/1397 1639/1875/1372 1557/1844/1341 1622/1842/1339
f 1599/1819/1316 1691/1900/1397 1622/1842/1339 1542/1820/1317
f 1541/1824/1321 1635/1847/1344 1692/1901/1398 1597/1825/1322
f 1635/1847/1344 1555/1846/1343 1640/1882/1379 1692/1901/1398
f 1692/1901/1398 1640/1882/1379 1561/1848/1345 1629/1891/1388
f 1597/1825/1322 1692/1901/1398 1629/1891/1388 1540/1826/1323
f 1546/1830/1327 1625/1895/1392 1693/1902/1399 1602/1831/1328
f 1625/1895/1392 1560/1862/1359 1641/1886/1383 1693/1902/1399
f 1693/1902/1399 1641/1886/1383 1558/1863/1360 1632/1896/1393
f 1602/1831/1328 1693/1902/1399 1632/1896/1393 1545/1812/1309
f 1544/1814/1311 1624/1898/1395 1694/1903/1400 1600/1833/1330
f 1624/1898/1395 1559/1871/1368 1642/1889/1386 1694/1903/1400
f 1694/1903/1400 1642/1889/1386 1556/1872/1369 1634/1899/1396
f 1600/1833/1330 1694/1903/1400 1634/1899/1396 1543/1818/1315
f 1554/1860/1357 1653/1904/1401 1695/1905/1402 1618/1887/1384
f 1653/1904/1401 1570/1906/1403 1650/1907/1404 1695/1905/1402
f 1695/1905/1402 1650/1907/1404 1569/1908/1405 1652/1909/1406
f 1618/1887/1384 1695/1905/1402 1652/1909/1406 1553/1867/1364
f 1552/1869/1366 1655/1910/1407 1696/1911/1408 1616/1890/1387
f 1655/1910/1407 1568/1912/1409 1648/1913/1410 1696/1911/1408
f 1696/1911/1408 1648/1913/1410 1567/1914/1411 1654/1915/1412
f 1616/1890/1387 1696/1911/1408 1654/1915/1412 1551/1876/1373
f 1550/1878/1375 1657/1916/1413 1697/1917/1414 1614/1918/1415
f 1657/1916/1413 1566/1919/1416 1646/1920/1417 1697/1917/1414
f 1697/1917/1414 1646/1920/1417 1565/1921/1418 1656/1922/1419
f 1614/1918/1415 1697/1917/1414 1656/1922/1419 1549/1883/1380
f 1548/1852/1349 1659/1923/1420 1698/1924/1421 1612/1853/1350
f 1659/1923/1420 1564/1925/1422 1644/1926/1423 1698/1924/1421
f 1698/1924/1421 1644/1926/1423 1563/1927/1424 1658/1928/1425
f 1612/1853/1350 1698/1924/1421 1658/1928/1425 1547/1854/1351
f 1547/1854/1351 1658/1928/1425 1699/1929/1426 1619/1859/1356
f 1658/1928/1425 1563/1927/1424 1651/1930/1427 1699/1929/1426
f 1699/1929/1426 1651/1930/1427 1570/1906/1403 1653/1904/1401
f 1619/1859/1356 1699/1929/1426 1653/1904/1401 1554/1860/1357
f 1553/1867/1364 1652/1909/1406 1700/1931/1428 1617/1868/1365
f 1652/1909/1406 1569/1908/1405 1649/1932/1429 1700/1931/1428
f 1700/1931/1428 1649/1932/1429 1568/1912/1409 1655/1910/1407
f 1617/1868/1365 1700/1931/1428 1655/1910/1407 1552/1869/1366
f 1551/1876/1373 1654/1915/1412 1701/1933/1430 1615/1877/1374
f 1654/1915/1412 1567/1914/1411 1647/1934/1431 1701/1933/1430
f 1701/1933/1430 1647/1934/1431 1566/1919/1416 1657/1916/1413
f 1615/1877/1374 1701/1933/1430 1657/1916/1413 1550/1878/1375
f 1549/1883/1380 1656/1922/1419 1702/1935/1432 1613/1884/1381
f 1656/1922/1419 1565/1921/1418 1645/1936/1433 1702/1935/1432
f 1702/1935/1432 1645/1936/1433 1564/1925/1422 1659/1923/1420
f 1613/1884/1381 1702/1935/1432 1659/1923/1420 1548/1852/1349
f 1563/1927/1424 1644/1926/1423 1703/1937/1253 1651/1930/1427
f 1644/1926/1423 1564/1925/1422 1661/1938/1253 1703/1937/1253
f 1703/1937/1253 1661/1938/1253 1571/1939/1253 1660/1940/1253
f 1651/1930/1427 1703/1937/1253 1660/1940/1253 1570/1906/1403
f 1570/1906/1403 1660/1940/1253 1704/1941/1253 1650/1907/1404
f 1660/1940/1253 1571/1939/1253 1662/1942/1253 1704/1941/1253
f 1704/1941/1253 1662/1942/1253 1568/1912/1409 1649/1932/1429
f 1650/1907/1404 1704/1941/1253 1649/1932/1429 1569/1908/1405
f 1564/1925/1422 1645/1936/1433 1705/1943/1253 1661/1938/1253
f 1645/1936/1433 1565/1921/1418 1646/1920/1417 1705/1943/1253
f 1705/1943/1253 1646/1920/1417 1566/1919/1416 1663/1944/1253
f 1661/1938/1253 1705/1943/1253 1663/1944/1253 1571/1939/1253
f 1571/1939/1253 1663/1944/1253 1706/1945/1253 1662/1942/1253
f 1663/1944/1253 1566/1919/1416 1647/1934/1431 1706/1945/1253
f 1706/1945/1253 1647/1934/1431 1567/1914/1411 1648/1913/1410
f 1662/1942/1253 1706/1945/1253 1648/1913/1410 1568/1912/1409
f 1557/1844/1341 1633/1879/1376 1707/1946/1434 1643/1845/1342
f 1633/1879/1376 1550/1878/1375 1614/1918/1415 1707/1946/1434
f 1707/1946/1434 1614/1918/1415 1549/1883/1380 1620/1880/1377
f 1643/1845/1342 1707/1946/1434 1620/1880/1377 1555/1846/1343
f 1708/1947/1435 1804/1948/1436 1948/1949/1437 1792/1950/1438
f 1804/1948/1436 1720/1951/1439 1805/1952/1440 1948/1949/1437
f 1948/1949/1437 1805/1952/1440 1731/1953/1441 1806/1954/1442
f 1792/1950/1438 1948/1949/1437 1806/1954/1442 1719/1955/1443
f 1709/1956/1444 1807/1957/1445 1949/1958/1446 1793/1959/1447
f 1807/1957/1445 1721/1960/1448 1808/1961/1449 1949/1958/1446
f 1949/1958/1446 1808/1961/1449 1720/1951/1439 1804/1948/1436
f 1793/1959/1447 1949/1958/1446 1804/1948/1436 1708/1947/1435
f 1710/1962/1450 1809/1963/1451 1950/1964/1452 1794/1965/1453
f 1809/1963/1451 1722/1966/1454 1810/1967/1455 1950/1964/1452
f 1950/1964/1452 1810/1967/1455 1721/1960/1448 1807/1957/1445
f 1794/1965/1453 1950/1964/1452 1807/1957/1445 1709/1956/1444
f 1711/1968/1456 1811/1969/1457 1951/1970/1458 1795/1971/1459
f 1811/1969/1457 1723/1972/1460 1812/1973/1461 1951/1970/1458
f 1951/1970/1458 1812/1973/1461 1722/1966/1454 1809/1963/1451
f 1795/1971/1459 1951/1970/1458 1809/1963/1451 1710/1962/1450
f 1712/1974/1462 1813/1975/1463 1952/1976/1464 1796/1977/1465
f 1813/1975/1463 1724/1978/1466 1814/1979/1467 1952/1976/1464
f 1952/1976/1464 1814/1979/1467 1723/1972/1460 1811/1969/1457
f 1796/1977/1465 1952/1976/1464 1811/1969/1457 1711/1968/1456
f 1713/1980/1468 1815/1981/1469 1953/1982/1470 1797/1983/1471
f 1815/1981/1469 1725/1984/1472 1816/1985/1473 1953/1982/1470
f 1953/1982/1470 1816/1985/1473 1724/1978/1466 1813/1975/1463
f 1797/1983/1471 1953/1982/1470 1813/1975/1463 1712/1974/1462
f 1714/1986/1474 1817/1987/1475 1954/1988/1476 1798/1989/1477
f 1817/1987/1475 1726/1990/1478 1818/1991/1479 1954/1988/1476
f 1954/1988/1476 1818/1991/1479 1725/1992/1472 1815/1993/1469
f 1798/1989/1477 1954/1988/1476 1815/1993/1469 1713/1994/1468
f 1715/1995/1480 1819/1996/1481 1955/1997/1482 1799/1998/1483
f 1819/1996/1481 1727/1999/1484 1820/2000/1485 1955/1997/1482
f 1955/1997/1482 1820/2000/1485 1726/1990/1478 1817/1987/1475
f 1799/1998/1483 1955/1997/1482 1817/1987/1475 1714/1986/1474
f 1716/2001/1486 1821/2002/1487 1956/2003/1488 1800/2004/1489
f 1821/2002/1487 1728/2005/1490 1822/2006/1491 1956/2003/1488
f 1956/2003/1488 1822/2006/1491 1727/1999/1484 1819/1996/1481
f 1800/2004/1489 1956/2003/1488 1819/1996/1481 1715/1995/1480
f 1717/2007/1492 1823/2008/1493 1957/2009/1494 1801/2010/1495
f 1823/2008/1493 1729/2011/1496 1824/2012/1497 1957/2009/1494
f 1957/2009/1494 1824/2012/1497 1728/2005/1490 1821/2002/1487
f 1801/2010/1495 1957/2009/1494 1821/2002/1487 1716/2001/1486
f 1718/2013/1498 1825/2014/1499 1958/2015/1500 1802/2016/1501
f 1825/2014/1499 1730/2017/1502 1826/2018/1503 1958/2015/1500
f 1958/2015/1500 1826/2018/1503 1729/2011/1496 1823/2008/1493
f 1802/2016/1501 1958/2015/1500 1823/2008/1493 1717/2007/1492
f 1719/1955/1443 1806/1954/1442 1959/2019/1504 1803/2020/1505
f 1806/1954/1442 1731/1953/1441 1827/2021/1506 1959/2019/1504
f 1959/2019/1504 1827/2021/1506 1730/2017/1502 1825/2014/1499
f 1803/2020/1505 1959/2019/1504 1825/2014/1499 1718/2013/1498
f 1720/1951/1439 1828/2022/1507 1960/2023/1508 1805/1952/1440
f 1828/2022/1507 1732/2024/1509 1829/2025/1510 1960/2023/1508
f 1960/2023/1508 1829/2025/1510 1743/2026/1511 1830/2027/1512
f 1805/1952/1440 1960/2023/1508 1830/2027/1512 1731/1953/1441
f 1721/1960/1448 1831/2028/1513 1961/2029/1514 1808/1961/1449
f 1831/2028/1513 1733/2030/1515 1832/2031/1516 1961/2029/1514
f 1961/2029/1514 1832/2031/1516 1732/2024/1509 1828/2022/1507
f 1808/1961/1449 1961/2029/1514 1828/2022/1507 1720/1951/1439
f 1722/1966/1454 1833/2032/1517 1962/2033/1518 1810/1967/1455
f 1833/2032/1517 1734/2034/1519 1834/2035/1520 1962/2033/1518
f 1962/2033/1518 1834/2035/1520 1733/2030/1515 1831/2028/1513
f 1810/1967/1455 1962/2033/1518 1831/2028/1513 1721/1960/1448
f 1723/1972/1460 1835/2036/1521 1963/2037/1522 1812/1973/1461
f 1835/2036/1521 1735/2038/1523 1836/2039/1524 1963/2037/1522
f 1963/2037/1522 1836/2039/1524 1734/2034/1519 1833/2032/1517
f 1812/1973/1461 1963/2037/1522 1833/2032/1517 1722/1966/1454
f 1724/1978/1466 1837/2040/1525 1964/2041/1526 1814/1979/1467
f 1837/2040/1525 1736/2042/1527 1838/2043/1528 1964/2041/1526
f 1964/2041/1526 1838/2043/1528 1735/2038/1523 1835/2036/1521
f 1814/1979/1467 1964/2041/1526 1835/2036/1521 1723/1972/1460
f 1725/1984/1472 1839/2044/1529 1965/2045/1530 1816/1985/1473
f 1839/2044/1529 1737/2046/1531 1840/2047/1532 1965/2045/1530
f 1965/2045/1530 1840/2047/1532 1736/2042/1527 1837/2040/1525
f 1816/1985/1473 1965/2045/1530 1837/2040/1525 1724/1978/1466
f 1726/1990/1478 1841/2048/1533 1966/2049/1534 1818/1991/1479
f 1841/2048/1533 1738/2050/1535 1842/2051/1536 1966/2049/1534
f 1966/2049/1534 1842/2051/1536 1737/2052/1531 1839/2053/1529
f 1818/1991/1479 1966/2049/1534 1839/2053/1529 1725/1992/1472
f 1727/1999/1484 1843/2054/1537 1967/2055/1538 1820/2000/1485
f 1843/2054/1537 1739/2056/1539 1844/2057/1540 1967/2055/1538
f 1967/2055/1538 1844/2057/1540 1738/2050/1535 1841/2048/1533
f 1820/2000/1485 1967/2055/1538 1841/2048/1533 1726/1990/1478
f 1728/2005/1490 1845/2058/1541 1968/2059/1542 1822/2006/1491
f 1845/2058/1541 1740/2060/1543 1846/2061/1544 1968/2059/1542
f 1968/2059/1542 1846/2061/1544 1739/2056/1539 1843/2054/1537
f 1822/2006/1491 1968/2059/1542 1843/2054/1537 1727/1999/1484
f 1729/2011/1496 1847/2062/1545 1969/2063/1546 1824/2012/1497
f 1847/2062/1545 1741/2064/1547 1848/2065/1548 1969/2063/1546
f 1969/2063/1546 1848/2065/1548 1740/2060/1543 1845/2058/1541
f 1824/2012/1497 1969/2063/1546 1845/2058/1541 1728/2005/1490
f 1730/2017/1502 1849/2066/1549 1970/2067/1550 1826/2018/1503
f 1849/2066/1549 1742/2068/1551 1850/2069/1552 1970/2067/1550
f 1970/2067/1550 1850/2069/1552 1741/2064/1547 1847/2062/1545
f 1826/2018/1503 1970/2067/1550 1847/2062/1545 1729/2011/1496
f 1731/1953/1441 1830/2027/1512 1971/2070/1553 1827/2021/1506
f 1830/2027/1512 1743/2026/1511 1851/2071/1554 1971/2070/1553
f 1971/2070/1553 1851/2071/1554 1742/2068/1551 1849/2066/1549
f 1827/2021/1506 1971/2070/1553 1849/2066/1549 1730/2017/1502
f 1732/2024/1509 1852/2072/1555 1972/2073/1556 1829/2025/1510
f 1852/2072/1555 1744/2074/1557 1853/2075/1558 1972/2073/1556
f 1972/2073/1556 1853/2075/1558 1755/2076/1258 1854/2077/1559
f 1829/2025/1510 1972/2073/1556 1854/2077/1559 1743/2026/1511
f 1733/2030/1515 1855/2078/1560 1973/2079/1561 1832/2031/1516
f 1855/2078/1560 1745/2080/1562 1856/2081/1563 1973/2079/1561
f 1973/2079/1561 1856/2081/1563 1744/2074/1557 1852/2072/1555
f 1832/2031/1516 1973/2079/1561 1852/2072/1555 1732/2024/1509
f 1734/2034/1519 1857/2082/1564 1974/2083/1565 1834/2035/1520
f 1857/2082/1564 1746/2084/1566 1858/2085/1567 1974/2083/1565
f 1974/2083/1565 1858/2085/1567 1745/2080/1562 1855/2078/1560
f 1834/2035/1520 1974/2083/1565 1855/2078/1560 1733/2030/1515
f 1735/2038/1523 1859/2086/1568 1975/2087/1569 1836/2039/1524
f 1859/2086/1568 1747/2088/1570 1860/2089/1571 1975/2087/1569
f 1975/2087/1569 1860/2089/1571 1746/2084/1566 1857/2082/1564
f 1836/2039/1524 1975/2087/1569 1857/2082/1564 1734/2034/1519
f 1736/2042/1527 1861/2090/1572 1976/2091/1573 1838/2043/1528
f 1861/2090/1572 1748/2092/1574 1862/2093/1575 1976/2091/1573
f 1976/2091/1573 1862/2093/1575 1747/2088/1570 1859/2086/1568
f 1838/2043/1528 1976/2091/1573 1859/2086/1568 1735/2038/1523
f 1737/2046/1531 1863/2094/1576 1977/2095/1577 1840/2047/1532
f 1863/2094/1576 1749/2096/1256 1864/2097/1578 1977/2095/1577
f 1977/2095/1577 1864/2097/1578 1748/2092/1574 1861/2090/1572
f 1840/2047/1532 1977/2095/1577 1861/2090/1572 1736/2042/1527
f 1738/2050/1535 1865/2098/1579 1978/2099/1580 1842/2051/1536
f 1865/2098/1579 1750/2100/1581 1866/2101/1582 1978/2099/1580
f 1978/2099/1580 1866/2101/1582 1749/2102/1256 1863/2103/1576
f 1842/2051/1536 1978/2099/1580 1863/2103/1576 1737/2052/1531
f 1739/2056/1539 1867/2104/1583 1979/2105/1584 1844/2057/1540
f 1867/2104/1583 1751/2106/1585 1868/2107/1586 1979/2105/1584
f 1979/2105/1584 1868/2107/1586 1750/2100/1581 1865/2098/1579
f 1844/2057/1540 1979/2105/1584 1865/2098/1579 1738/2050/1535
f 1740/2060/1543 1869/2108/1587 1980/2109/1588 1846/2061/1544
f 1869/2108/1587 1752/2110/1589 1870/2111/1590 1980/2109/1588
f 1980/2109/1588 1870/2111/1590 1751/2106/1585 1867/2104/1583
f 1846/2061/1544 1980/2109/1588 1867/2104/1583 1739/2056/1539
f 1741/2064/1547 1871/2112/1591 1981/2113/1592 1848/2065/1548
f 1871/2112/1591 1753/2114/1593 1872/2115/1594 1981/2113/1592
f 1981/2113/1592 1872/2115/1594 1752/2110/1589 1869/2108/1587
f 1848/2065/1548 1981/2113/1592 1869/2108/1587 1740/2060/1543
f 1742/2068/1551 1873/2116/1595 1982/2117/1596 1850/2069/1552
f 1873/2116/1595 1754/2118/1597 1874/2119/1598 1982/2117/1596
f 1982/2117/1596 1874/2119/1598 1753/2114/1593 1871/2112/1591
f 1850/2069/1552 1982/2117/1596 1871/2112/1591 1741/2064/1547
f 1743/2026/1511 1854/2077/1559 1983/2120/1599 1851/2071/1554
f 1854/2077/1559 1755/2076/1258 1875/2121/1600 1983/2120/1599
f 1983/2120/1599 1875/2121/1600 1754/2118/1597 1873/2116/1595
f 1851/2071/1554 1983/2120/1599 1873/2116/1595 1742/2068/1551
f 1744/2074/1557 1876/2122/1601 1984/2123/1602 1853/2075/1558
f 1876/2122/1601 1756/2124/1603 1877/2125/1604 1984/2123/1602
f 1984/2123/1602 1877/2125/1604 1767/2126/1605 1878/2127/1606
f 1853/2075/1558 1984/2123/1602 1878/2127/1606 1755/2076/1258
f 1745/2080/1562 1879/2128/1607 1985/2129/1608 1856/2081/1563
f 1879/2128/1607 1757/2130/1609 1880/2131/1610 1985/2129/1608
f 1985/2129/1608 1880/2131/1610 1756/2124/1603 1876/2122/1601
f 1856/2081/1563 1985/2129/1608 1876/2122/1601 1744/2074/1557
f 1746/2084/1566 1881/2132/1611 1986/2133/1612 1858/2085/1567
f 1881/2132/1611 1758/2134/1613 1882/2135/1614 1986/2133/1612
f 1986/2133/1612 1882/2135/1614 1757/2130/1609 1879/2128/1607
f 1858/2085/1567 1986/2133/1612 1879/2128/1607 1745/2080/1562
f 1747/2088/1570 1883/2136/1615 1987/2137/1616 1860/2089/1571
f 1883/2136/1615 1759/2138/1617 1884/2139/1618 1987/2137/1616
f 1987/2137/1616 1884/2139/1618 1758/2134/1613 1881/2132/1611
f 1860/2089/1571 1987/2137/1616 1881/2132/1611 1746/2084/1566
f 1748/2092/1574 1885/2140/1619 1988/2141/1620 1862/2093/1575
f 1885/2140/1619 1760/2142/1621 1886/2143/1622 1988/2141/1620
f 1988/2141/1620 1886/2143/1622 1759/2138/1617 1883/2136/1615
f 1862/2093/1575 1988/2141/1620 1883/2136/1615 1747/2088/1570
f 1749/2096/1256 1887/2144/1623 1989/2145/1624 1864/2097/1578
f 1887/2144/1623 1761/2146/1625 1888/2147/1626 1989/2145/1624
f 1989/2145/1624 1888/2147/1626 1760/2142/1621 1885/2140/1619
f 1864/2097/1578 1989/2145/1624 1885/2140/1619 1748/2092/1574
f 1750/2100/1581 1889/2148/1627 1990/2149/1628 1866/2101/1582
f 1889/2148/1627 1762/2150/1629 1890/2151/1630 1990/2149/1628
f 1990/2149/1628 1890/2151/1630 1761/2152/1625 1887/2153/1623
f 1866/2101/1582 1990/2149/1628 1887/2153/1623 1749/2102/1256
f 1751/2106/1585 1891/2154/1631 1991/2155/1632 1868/2107/1586
f 1891/2154/1631 1763/2156/1633 1892/2157/1634 1991/2155/1632
f 1991/2155/1632 1892/2157/1634 1762/2150/1629 1889/2148/1627
f 1868/2107/1586 1991/2155/1632 1889/2148/1627 1750/2100/1581
f 1752/2110/1589 1893/2158/1635 1992/2159/1636 1870/2111/1590
f 1893/2158/1635 1764/2160/1637 1894/2161/1638 1992/2159/1636
f 1992/2159/1636 1894/2161/1638 1763/2156/1633 1891/2154/1631
f 1870/2111/1590 1992/2159/1636 1891/2154/1631 1751/2106/1585
f 1753/2114/1593 1895/2162/1639 1993/2163/1640 1872/2115/1594
f 1895/2162/1639 1765/2164/1641 1896/2165/1642 1993/2163/1640
f 1993/2163/1640 1896/2165/1642 1764/2160/1637 1893/2158/1635
f 1872/2115/1594 1993/2163/1640 1893/2158/1635 1752/2110/1589
f 1754/2118/1597 1897/2166/1643 1994/2167/1644 1874/2119/1598
f 1897/2166/1643 1766/2168/1645 1898/2169/1646 1994/2167/1644
f 1994/2167/1644 1898/2169/1646 1765/2164/1641 1895/2162/1639
f 1874/2119/1598 1994/2167/1644 1895/2162/1639 1753/2114/1593
f 1755/2076/1258 1878/2127/1606 1995/2170/1647 1875/2121/1600
f 1878/2127/1606 1767/2126/1605 1899/2171/1648 1995/2170/1647
f 1995/2170/1647 1899/2171/1648 1766/2168/1645 1897/2166/1643
f 1875/2121/1600 1995/2170/1647 1897/2166/1643 1754/2118/1597
f 1756/2124/1603 1900/2172/1649 1996/2173/1650 1877/2125/1604
f 1900/2172/1649 1768/2174/1651 1901/2175/1652 1996/2173/1650
f 1996/2173/1650 1901/2175/1652 1779/2176/1653 1902/2177/1654
f 1877/2125/1604 1996/2173/1650 1902/2177/1654 1767/2126/1605
f 1757/2130/1609 1903/2178/1655 1997/2179/1656 1880/2131/1610
f 1903/2178/1655 1769/2180/1657 1904/2181/1658 1997/2179/1656
f 1997/2179/1656 1904/2181/1658 1768/2174/1651 1900/2172/1649
f 1880/2131/1610 1997/2179/1656 1900/2172/1649 1756/2124/1603
f 1758/2134/1613 1905/2182/1659 1998/2183/1660 1882/2135/1614
f 1905/2182/1659 1770/2184/1661 1906/2185/1662 1998/2183/1660
f 1998/2183/1660 1906/2185/1662 1769/2180/1657 1903/2178/1655
f 1882/2135/1614 1998/2183/1660 1903/2178/1655 1757/2130/1609
f 1759/2138/1617 1907/2186/1663 1999/2187/1664 1884/2139/1618
f 1907/2186/1663 1771/2188/1665 1908/2189/1666 1999/2187/1664
f 1999/2187/1664 1908/2189/1666 1770/2184/1661 1905/2182/1659
f 1884/2139/1618 1999/2187/1664 1905/2182/1659 1758/2134/1613
f 1760/2142/1621 1909/2190/1667 2000/2191/1668 1886/2143/1622
f 1909/2190/1667 1772/2192/1669 1910/2193/1670 2000/2191/1668
f 2000/2191/1668 1910/2193/1670 1771/2188/1665 1907/2186/1663
f 1886/2143/1622 2000/2191/1668 1907/2186/1663 1759/2138/1617
f 1761/2146/1625 1911/2194/1671 2001/2195/1672 1888/2147/1626
f 1911/2194/1671 1773/2196/1673 1912/2197/1674 2001/2195/1672
f 2001/2195/1672 1912/2197/1674 1772/2192/1669 1909/2190/1667
f 1888/2147/1626 2001/2195/1672 1909/2190/1667 1760/2142/1621
f 1762/2150/1629 1913/2198/1675 2002/2199/1676 1890/2151/1630
f 1913/2198/1675 1774/2200/1677 1914/2201/1678 2002/2199/1676
f 2002/2199/1676 1914/2201/1678 1773/2202/1673 1911/2203/1671
f 1890/2151/1630 2002/2199/1676 1911/2203/1671 1761/2152/1625
f 1763/2156/1633 1915/2204/1679 2003/2205/1680 1892/2157/1634
f 1915/2204/1679 1775/2206/1681 1916/2207/1682 2003/2205/1680
f 2003/2205/1680 1916/2207/1682 1774/2200/1677 1913/2198/1675
f 1892/2157/1634 2003/2205/1680 1913/2198/1675 1762/2150/1629
f 1764/2160/1637 1917/2208/1683 2004/2209/1684 1894/2161/1638
f 1917/2208/1683 1776/2210/1685 1918/2211/1686 2004/2209/1684
f 2004/2209/1684 1918/2211/1686 1775/2206/1681 1915/2204/1679
f 1894/2161/1638 2004/2209/1684 1915/2204/1679 1763/2156/1633
f 1765/2164/1641 1919/2212/1687 2005/2213/1688 1896/2165/1642
f 1919/2212/1687 1777/2214/1689 1920/2215/1690 2005/2213/1688
f 2005/2213/1688 1920/2215/1690 1776/2210/1685 1917/2208/1683
f 1896/2165/1642 2005/2213/1688 1917/2208/1683 1764/2160/1637
f 1766/2168/1645 1921/2216/1691 2006/2217/1692 1898/2169/1646
f 1921/2216/1691 1778/2218/1693 1922/2219/1694 2006/2217/1692
f 2006/2217/1692 1922/2219/1694 1777/2214/1689 1919/2212/1687
f 1898/2169/1646 2006/2217/1692 1919/2212/1687 1765/2164/1641
f 1767/2126/1605 1902/2177/1654 2007/2220/1695 1899/2171/1648
f 1902/2177/1654 1779/2176/1653 1923/2221/1696 2007/2220/1695
f 2007/2220/1695 1923/2221/1696 1778/2218/1693 1921/2216/1691
f 1899/2171/1648 2007/2220/1695 1921/2216/1691 1766/2168/1645
f 1768/2174/1651 1924/2222/1697 2008/2223/1698 1901/2175/1652
f 1924/2222/1697 1780/2224/1699 1925/2225/1700 2008/2223/1698
f 2008/2223/1698 1925/2225/1700 1791/2226/1701 1926/2227/1702
f 1901/2175/1652 2008/2223/1698 1926/2227/1702 1779/2176/1653
f 1769/2180/1657 1927/2228/1703 2009/2229/1704 1904/2181/1658
f 1927/2228/1703 1781/2230/1705 1928/2231/1706 2009/2229/1704
f 2009/2229/1704 1928/2231/1706 1780/2224/1699 1924/2222/1697
f 1904/2181/1658 2009/2229/1704 1924/2222/1697 1768/2174/1651
f 1770/2184/1661 1929/2232/1707 2010/2233/1708 1906/2185/1662
f 1929/2232/1707 1782/2234/1709 1930/2235/1710 2010/2233/1708
f 2010/2233/1708 1930/2235/1710 1781/2230/1705 1927/2228/1703
f 1906/2185/1662 2010/2233/1708 1927/2228/1703 1769/2180/1657
f 1771/2188/1665 1931/2236/1711 2011/2237/1712 1908/2189/1666
f 1931/2236/1711 1783/2238/1713 1932/2239/1714 2011/2237/1712
f 2011/2237/1712 1932/2239/1714 1782/2234/1709 1929/2232/1707
f 1908/2189/1666 2011/2237/1712 1929/2232/1707 1770/2184/1661
f 1772/2192/1669 1933/2240/1715 2012/2241/1716 1910/2193/1670
f 1933/2240/1715 1784/2242/1717 1934/2243/1718 2012/2241/1716
f 2012/2241/1716 1934/2243/1718 1783/2238/1713 1931/2236/1711
f 1910/2193/1670 2012/2241/1716 1931/2236/1711 1771/2188/1665
f 1773/2196/1673 1935/2244/1719 2013/2245/1720 1912/2197/1674
f 1935/2244/1719 1785/2246/1721 1936/2247/1722 2013/2245/1720
f 2013/2245/1720 1936/2247/1722 1784/2242/1717 1933/2240/1715
f 1912/2197/1674 2013/2245/1720 1933/2240/1715 1772/2192/1669
f 1774/2200/1677 1937/2248/1723 2014/2249/1724 1914/2201/1678
f 1937/2248/1723 1786/2250/1725 1938/2251/1726 2014/2249/1724
f 2014/2249/1724 1938/2251/1726 1785/2252/1721 1935/2253/1719
f 1914/2201/1678 2014/2249/1724 1935/2253/1719 1773/2202/1673
f 1775/2206/1681 1939/2254/1727 2015/2255/1728 1916/2207/1682
f 1939/2254/1727 1787/2256/1729 1940/2257/1730 2015/2255/1728
f 2015/2255/1728 1940/2257/1730 1786/2250/1725 1937/2248/1723
f 1916/2207/1682 2015/2255/1728 1937/2248/1723 1774/2200/1677
f 1776/2210/1685 1941/2258/1731 2016/2259/1732 1918/2211/1686
f 1941/2258/1731 1788/2260/1733 1942/2261/1734 2016/2259/1732
f 2016/2259/1732 1942/2261/1734 1787/2256/1729 1939/2254/1727
f 1918/2211/1686 2016/2259/1732 1939/2254/1727 1775/2206/1681
f 1777/2214/1689 1943/2262/1735 2017/2263/1736 1920/2215/1690
f 1943/2262/1735 1789/2264/1737 1944/2265/1738 2017/2263/1736
f 2017/2263/1736 1944/2265/1738 1788/2260/1733 1941/2258/1731
f 1920/2215/1690 2017/2263/1736 1941/2258/1731 1776/2210/1685
f 1778/2218/1693 1945/2266/1739 2018/2267/1740 1922/2219/1694
f 1945/2266/1739 1790/2268/1741 1946/2269/1742 2018/2267/1740
f 2018/2267/1740 1946/2269/1742 1789/2264/1737 1943/2262/1735
f 1922/2219/1694 2018/2267/1740 1943/2262/1735 1777/2214/1689
f 1779/2176/1653 1926/2227/1702 2019/2270/1743 1923/2221/1696
f 1926/2227/1702 1791/2226/1701 1947/2271/1744 2019/2270/1743
f 2019/2270/1743 1947/2271/1744 1790/2268/1741 1945/2266/1739
f 1923/2221/1696 2019/2270/1743 1945/2266/1739 1778/2218/1693
o Silver_Metal_Office_DESK.001
v -0.907819 0.501067 0.232785
v -0.371704 0.501067 0.232785
v -0.907819 0.335132 0.232785
v -0.371704 0.335132 0.232785
v -0.907819 0.501067 0.214600
v -0.371704 0.501067 0.214600
v -0.907819 0.335132 0.214600
v -0.371704 0.335132 0.214600
v -0.907819 0.476292 0.214600
v -0.371704 0.476292 0.214600
v -0.907819 0.335132 0.214600
v -0.371704 0.335132 0.214600
v -0.907819 0.476292 -0.217072
v -0.371704 0.476292 -0.217072
v -0.907819 0.335132 -0.217072
v -0.371704 0.335132 -0.217072
v -0.888819 0.476292 0.214600
v -0.390704 0.476292 0.214600
v -0.888819 0.354132 0.214600
v -0.390704 0.354132 0.214600
v -0.888819 0.476292 -0.198072
v -0.390704 0.476292 -0.198072
v -0.888819 0.354132 -0.198072
v -0.390704 0.354132 -0.198072
v -0.639761 0.419596 0.234865
v -0.643642 0.417989 0.234865
v -0.645249 0.414108 0.234865
v -0.643642 0.410227 0.234865
v -0.639761 0.408620 0.234865
v -0.635880 0.410227 0.234865
v -0.634273 0.414108 0.234865
v -0.635880 0.417989 0.234865
v -0.639761 0.420581 0.235933
v -0.644339 0.418685 0.235933
v -0.646235 0.414108 0.235933
v -0.644339 0.409530 0.235933
v -0.639761 0.407634 0.235933
v -0.635184 0.409530 0.235933
v -0.633288 0.414108 0.235933
v -0.635184 0.418685 0.235933
v -0.639761 0.425621 0.237322
v -0.647902 0.422249 0.237322
v -0.651274 0.414108 0.237322
v -0.647902 0.405967 0.237322
v -0.639761 0.402595 0.237322
v -0.631620 0.405967 0.237322
v -0.628248 0.414108 0.237322
v -0.631620 0.422249 0.237322
v -0.639761 0.425937 0.249070
v -0.648126 0.422473 0.249070
v -0.651591 0.414108 0.249070
v -0.648126 0.405743 0.249070
v -0.639761 0.402278 0.249070
v -0.631396 0.405743 0.249070
v -0.627932 0.414108 0.249070
v -0.631396 0.422473 0.249070
v -0.655552 0.414108 0.243196
v -0.639761 0.398317 0.243196
v -0.650927 0.402942 0.243196
v -0.623971 0.414108 0.243196
v -0.628596 0.402942 0.243196
v -0.628596 0.425273 0.243196
v -0.650927 0.425273 0.243196
v -0.639761 0.429898 0.243196
v -0.639761 0.421958 0.250245
v -0.644588 0.418934 0.250245
v -0.647612 0.414108 0.250245
v -0.644588 0.409281 0.250245
v -0.639761 0.406257 0.250245
v -0.634935 0.409281 0.250245
v -0.631911 0.414108 0.250245
v -0.634935 0.418934 0.250245
v -0.639761 0.414108 0.250245
v -0.641859 0.419172 0.234865
v -0.644826 0.416206 0.234865
v -0.644826 0.412010 0.234865
v -0.641859 0.409043 0.234865
v -0.637663 0.409043 0.234865
v -0.634697 0.412010 0.234865
v -0.634697 0.416206 0.234865
v -0.637663 0.419172 0.234865
v -0.642236 0.420082 0.235933
v -0.645735 0.416582 0.235933
v -0.645735 0.411633 0.235933
v -0.642236 0.408134 0.235933
v -0.637287 0.408134 0.235933
v -0.633787 0.411633 0.235933
v -0.633787 0.416582 0.235933
v -0.637287 0.420082 0.235933
v -0.645373 0.414108 0.235479
v -0.643729 0.410140 0.235479
v -0.639761 0.419719 0.235479
v -0.643729 0.418076 0.235479
v -0.635793 0.418076 0.235479
v -0.635793 0.410140 0.235479
v -0.634150 0.414108 0.235479
v -0.639761 0.408496 0.235479
v -0.644162 0.424732 0.237322
v -0.650385 0.418508 0.237322
v -0.650385 0.409707 0.237322
v -0.644162 0.403484 0.237322
v -0.635360 0.403484 0.237322
v -0.629137 0.409707 0.237322
v -0.629137 0.418508 0.237322
v -0.635360 0.424732 0.237322
v -0.633693 0.408040 0.236267
v -0.631179 0.414108 0.236267
v -0.645829 0.408040 0.236267
v -0.639761 0.405526 0.236267
v -0.645829 0.420176 0.236267
v -0.648343 0.414108 0.236267
v -0.633693 0.420176 0.236267
v -0.639761 0.422689 0.236267
v -0.644283 0.425024 0.249070
v -0.650678 0.418630 0.249070
v -0.650678 0.409586 0.249070
v -0.644283 0.403191 0.249070
v -0.635239 0.403191 0.249070
v -0.628845 0.409586 0.249070
v -0.628845 0.418630 0.249070
v -0.635239 0.425024 0.249070
v -0.654233 0.414108 0.246573
v -0.639761 0.399636 0.246573
v -0.649967 0.403902 0.239818
v -0.625289 0.414108 0.246573
v -0.629556 0.403902 0.239818
v -0.629556 0.424313 0.239818
v -0.649995 0.424341 0.246573
v -0.639761 0.428540 0.239818
v -0.639761 0.428580 0.246573
v -0.649967 0.424313 0.239818
v -0.629528 0.424341 0.246573
v -0.629528 0.403874 0.246573
v -0.625328 0.414108 0.239818
v -0.649995 0.403874 0.246573
v -0.639761 0.399675 0.239818
v -0.654194 0.414108 0.239818
v -0.645797 0.428679 0.243196
v -0.633725 0.428679 0.243196
v -0.625189 0.408072 0.243196
v -0.645797 0.399536 0.243196
v -0.654333 0.420144 0.243196
v -0.625189 0.420144 0.243196
v -0.633725 0.399536 0.243196
v -0.654333 0.408072 0.243196
v -0.641983 0.420904 0.250245
v -0.646557 0.416330 0.250245
v -0.646557 0.411886 0.250245
v -0.641983 0.407312 0.250245
v -0.637539 0.407312 0.250245
v -0.632965 0.411886 0.250245
v -0.632965 0.416330 0.250245
v -0.637539 0.420904 0.250245
v -0.630276 0.414108 0.250098
v -0.633130 0.420739 0.250098
v -0.639761 0.404622 0.250098
v -0.633130 0.407477 0.250098
v -0.649247 0.414108 0.250098
v -0.646392 0.407477 0.250098
v -0.639761 0.423593 0.250098
v -0.646392 0.420739 0.250098
v -0.637199 0.416670 0.250245
v -0.642324 0.416670 0.250245
v -0.637199 0.411545 0.250245
v -0.642324 0.411545 0.250245
v -0.644939 0.411963 0.235479
v -0.641906 0.419286 0.235479
v -0.637616 0.419286 0.235479
v -0.634583 0.411963 0.235479
v -0.641906 0.408930 0.235479
v -0.644939 0.416253 0.235479
v -0.634583 0.416253 0.235479
v -0.637616 0.408930 0.235479
v -0.631842 0.410828 0.236267
v -0.643041 0.406189 0.236267
v -0.647680 0.417388 0.236267
v -0.631842 0.417388 0.236267
v -0.636481 0.406189 0.236267
v -0.647680 0.410828 0.236267
v -0.643041 0.422027 0.236267
v -0.636481 0.422027 0.236267
v -0.653080 0.408591 0.239818
v -0.645293 0.427463 0.246574
v -0.634229 0.427463 0.246574
v -0.626406 0.408576 0.246573
v -0.645293 0.400753 0.246573
v -0.653116 0.419640 0.246573
v -0.626406 0.419640 0.246573
v -0.634229 0.400753 0.246573
v -0.645278 0.427427 0.239818
v -0.634244 0.427427 0.239818
v -0.626442 0.408591 0.239818
v -0.645278 0.400789 0.239818
v -0.653080 0.419625 0.239818
v -0.626442 0.419625 0.239818
v -0.634244 0.400789 0.239818
v -0.631045 0.417652 0.250098
v -0.636217 0.405392 0.250098
v -0.648477 0.410563 0.250098
v -0.643306 0.422824 0.250098
v -0.636217 0.422824 0.250098
v -0.631045 0.410563 0.250098
v -0.643306 0.405392 0.250098
v -0.648477 0.417652 0.250098
v -0.639761 0.418947 0.250245
v -0.634922 0.414108 0.250245
v -0.644600 0.414108 0.250245
v -0.639761 0.409269 0.250245
v -0.653116 0.408576 0.246573
v -0.624776 0.413057 0.244411
v -0.625391 0.412442 0.245280
v -0.626231 0.411602 0.245599
v -0.627071 0.410762 0.245280
v -0.627686 0.410147 0.244411
v -0.627912 0.409921 0.243222
v -0.627686 0.410147 0.242034
v -0.627071 0.410762 0.241165
v -0.626231 0.411602 0.240846
v -0.625391 0.412442 0.241164
v -0.624776 0.413057 0.242034
v -0.624551 0.413282 0.243222
v -0.620638 0.398072 0.244411
v -0.621423 0.398072 0.245280
v -0.622495 0.398072 0.245599
v -0.623567 0.398072 0.245280
v -0.624352 0.398072 0.244411
v -0.624639 0.398072 0.243222
v -0.624352 0.398072 0.242034
v -0.623567 0.398072 0.241164
v -0.622495 0.398072 0.240846
v -0.621423 0.398072 0.241164
v -0.620638 0.398072 0.242034
v -0.620351 0.398072 0.243222
v -0.626239 0.384550 0.244411
v -0.626794 0.385105 0.245280
v -0.627552 0.385863 0.245599
v -0.628310 0.386621 0.245280
v -0.628865 0.387176 0.244411
v -0.629068 0.387379 0.243222
v -0.628865 0.387176 0.242034
v -0.628310 0.386621 0.241164
v -0.627552 0.385863 0.240846
v -0.626794 0.385105 0.241164
v -0.626239 0.384550 0.242034
v -0.626036 0.384347 0.243222
v -0.639761 0.378949 0.244411
v -0.639761 0.379733 0.245280
v -0.639761 0.380806 0.245599
v -0.639761 0.381878 0.245280
v -0.639761 0.382663 0.244411
v -0.639761 0.382950 0.243222
v -0.639761 0.382663 0.242034
v -0.639761 0.381878 0.241164
v -0.639761 0.380806 0.240846
v -0.639761 0.379734 0.241164
v -0.639761 0.378949 0.242034
v -0.639761 0.378661 0.243222
v -0.653283 0.384550 0.244411
v -0.652728 0.385105 0.245280
v -0.651970 0.385863 0.245599
v -0.651212 0.386621 0.245280
v -0.650657 0.387176 0.244411
v -0.650454 0.387379 0.243222
v -0.650657 0.387176 0.242034
v -0.651212 0.386621 0.241164
v -0.651970 0.385863 0.240846
v -0.652728 0.385105 0.241164
v -0.653283 0.384550 0.242034
v -0.653486 0.384347 0.243222
v -0.658884 0.398072 0.244411
v -0.658100 0.398072 0.245280
v -0.657027 0.398072 0.245599
v -0.655955 0.398072 0.245280
v -0.655170 0.398072 0.244411
v -0.654883 0.398072 0.243222
v -0.655170 0.398072 0.242034
v -0.655955 0.398072 0.241164
v -0.657027 0.398072 0.240846
v -0.658100 0.398072 0.241164
v -0.658884 0.398072 0.242034
v -0.659172 0.398072 0.243222
v -0.654746 0.413057 0.244411
v -0.654131 0.412442 0.245280
v -0.653291 0.411602 0.245599
v -0.652451 0.410762 0.245280
v -0.651836 0.410147 0.244411
v -0.651611 0.409921 0.243222
v -0.651836 0.410147 0.242034
v -0.652451 0.410762 0.241164
v -0.653291 0.411602 0.240846
v -0.654131 0.412442 0.241164
v -0.654746 0.413057 0.242034
v -0.654971 0.413282 0.243222
v -0.624608 0.413225 0.243837
v -0.625043 0.412790 0.244902
v -0.625796 0.412037 0.245517
v -0.626666 0.411167 0.245517
v -0.627419 0.410414 0.244902
v -0.627854 0.409979 0.243837
v -0.627854 0.409979 0.242608
v -0.627419 0.410414 0.241543
v -0.626666 0.411167 0.240928
v -0.625796 0.412037 0.240928
v -0.625043 0.412790 0.241543
v -0.624608 0.413225 0.242608
v -0.621931 0.405564 0.244411
v -0.620424 0.398072 0.243837
v -0.621663 0.405677 0.243222
v -0.622663 0.405257 0.245280
v -0.620979 0.398072 0.244902
v -0.623663 0.404837 0.245599
v -0.621940 0.398072 0.245517
v -0.624662 0.404417 0.245280
v -0.623050 0.398072 0.245517
v -0.625394 0.404109 0.244411
v -0.624011 0.398072 0.244902
v -0.625662 0.403997 0.243222
v -0.624566 0.398072 0.243837
v -0.625394 0.404109 0.242034
v -0.624566 0.398072 0.242608
v -0.624662 0.404417 0.241164
v -0.624011 0.398072 0.241543
v -0.623663 0.404837 0.240846
v -0.623050 0.398072 0.240928
v -0.622663 0.405257 0.241164
v -0.621940 0.398072 0.240928
v -0.621931 0.405564 0.242034
v -0.620979 0.398072 0.241542
v -0.620424 0.398072 0.242608
v -0.622114 0.390762 0.244411
v -0.626088 0.384398 0.243837
v -0.621849 0.390652 0.243222
v -0.622838 0.391062 0.245280
v -0.626480 0.384791 0.244902
v -0.623828 0.391472 0.245599
v -0.627160 0.385470 0.245517
v -0.624817 0.391882 0.245280
v -0.627944 0.386255 0.245517
v -0.625541 0.392182 0.244411
v -0.628624 0.386935 0.244902
v -0.625807 0.392292 0.243222
v -0.629016 0.387327 0.243837
v -0.625541 0.392182 0.242034
v -0.629016 0.387327 0.242608
v -0.624817 0.391882 0.241164
v -0.628624 0.386935 0.241543
v -0.623828 0.391472 0.240846
v -0.627944 0.386255 0.240928
v -0.622838 0.391062 0.241164
v -0.627160 0.385470 0.240928
v -0.622114 0.390762 0.242034
v -0.626480 0.384791 0.241543
v -0.626088 0.384398 0.242608
v -0.632451 0.380425 0.244411
v -0.639761 0.378735 0.243837
v -0.632342 0.380160 0.243222
v -0.632751 0.381149 0.245280
v -0.639761 0.379290 0.244902
v -0.633161 0.382138 0.245599
v -0.639761 0.380251 0.245517
v -0.633571 0.383128 0.245280
v -0.639761 0.381361 0.245517
v -0.633871 0.383852 0.244411
v -0.639761 0.382322 0.244902
v -0.633981 0.384117 0.243222
v -0.639761 0.382877 0.243837
v -0.633871 0.383852 0.242034
v -0.639761 0.382877 0.242608
v -0.633571 0.383128 0.241164
v -0.639761 0.382322 0.241543
v -0.633161 0.382138 0.240846
v -0.639761 0.381361 0.240928
v -0.632751 0.381149 0.241164
v -0.639761 0.380251 0.240928
v -0.632451 0.380425 0.242034
v -0.639761 0.379290 0.241543
v -0.639761 0.378735 0.242608
v -0.647071 0.380425 0.244411
v -0.653435 0.384398 0.243837
v -0.647181 0.380160 0.243222
v -0.646771 0.381149 0.245280
v -0.653042 0.384791 0.244902
v -0.646361 0.382138 0.245599
v -0.652363 0.385470 0.245517
v -0.645951 0.383128 0.245280
v -0.651578 0.386255 0.245517
v -0.645651 0.383852 0.244411
v -0.650898 0.386935 0.244902
v -0.645541 0.384117 0.243222
v -0.650506 0.387327 0.243837
v -0.645651 0.383852 0.242034
v -0.650506 0.387327 0.242608
v -0.645951 0.383128 0.241164
v -0.650898 0.386935 0.241543
v -0.646361 0.382138 0.240846
v -0.651578 0.386255 0.240928
v -0.646771 0.381149 0.241164
v -0.652363 0.385470 0.240928
v -0.647071 0.380425 0.242034
v -0.653042 0.384791 0.241542
v -0.653435 0.384398 0.242608
v -0.657408 0.390762 0.244411
v -0.659098 0.398072 0.243837
v -0.657673 0.390652 0.243222
v -0.656684 0.391062 0.245280
v -0.658543 0.398072 0.244902
v -0.655695 0.391472 0.245599
v -0.657582 0.398072 0.245517
v -0.654705 0.391882 0.245280
v -0.656472 0.398072 0.245517
v -0.653981 0.392182 0.244411
v -0.655511 0.398072 0.244902
v -0.653716 0.392292 0.243222
v -0.654956 0.398072 0.243837
v -0.653981 0.392182 0.242034
v -0.654956 0.398072 0.242608
v -0.654705 0.391882 0.241164
v -0.655511 0.398072 0.241543
v -0.655695 0.391472 0.240846
v -0.656472 0.398072 0.240928
v -0.656684 0.391062 0.241164
v -0.657582 0.398072 0.240928
v -0.657408 0.390762 0.242034
v -0.658543 0.398072 0.241543
v -0.659098 0.398072 0.242608
v -0.657591 0.405564 0.244411
v -0.654914 0.413225 0.243837
v -0.657859 0.405677 0.243222
v -0.656859 0.405257 0.245280
v -0.654479 0.412790 0.244902
v -0.655860 0.404837 0.245599
v -0.653726 0.412037 0.245517
v -0.654860 0.404417 0.245280
v -0.652856 0.411167 0.245517
v -0.654128 0.404109 0.244411
v -0.652103 0.410414 0.244902
v -0.653860 0.403997 0.243222
v -0.651668 0.409979 0.243837
v -0.654128 0.404109 0.242034
v -0.651668 0.409979 0.242608
v -0.654860 0.404417 0.241164
v -0.652103 0.410414 0.241543
v -0.655860 0.404837 0.240846
v -0.652856 0.411167 0.240928
v -0.656859 0.405257 0.241164
v -0.653726 0.412037 0.240928
v -0.657591 0.405564 0.242034
v -0.654479 0.412790 0.241543
v -0.654914 0.413225 0.242608
v -0.621732 0.405648 0.243837
v -0.622249 0.405431 0.244902
v -0.623145 0.405054 0.245517
v -0.624180 0.404619 0.245517
v -0.625076 0.404243 0.244902
v -0.625593 0.404025 0.243837
v -0.625593 0.404025 0.242608
v -0.625076 0.404243 0.241543
v -0.624180 0.404619 0.240928
v -0.623145 0.405054 0.240928
v -0.622249 0.405431 0.241543
v -0.621732 0.405648 0.242608
v -0.621917 0.390680 0.243837
v -0.622429 0.390893 0.244902
v -0.623316 0.391260 0.245517
v -0.624340 0.391684 0.245517
v -0.625227 0.392051 0.244902
v -0.625739 0.392264 0.243837
v -0.625739 0.392264 0.242608
v -0.625227 0.392051 0.241543
v -0.624340 0.391684 0.240928
v -0.623316 0.391260 0.240928
v -0.622429 0.390893 0.241542
v -0.621917 0.390680 0.242608
v -0.632370 0.380227 0.243837
v -0.632582 0.380739 0.244902
v -0.632949 0.381626 0.245517
v -0.633373 0.382650 0.245517
v -0.633741 0.383537 0.244902
v -0.633953 0.384049 0.243837
v -0.633953 0.384049 0.242608
v -0.633741 0.383537 0.241543
v -0.633373 0.382650 0.240928
v -0.632949 0.381626 0.240928
v -0.632582 0.380739 0.241543
v -0.632370 0.380227 0.242608
v -0.647153 0.380227 0.243837
v -0.646940 0.380739 0.244902
v -0.646573 0.381626 0.245517
v -0.646149 0.382650 0.245517
v -0.645782 0.383537 0.244902
v -0.645569 0.384049 0.243837
v -0.645569 0.384049 0.242608
v -0.645782 0.383537 0.241543
v -0.646149 0.382650 0.240928
v -0.646573 0.381626 0.240928
v -0.646940 0.380739 0.241543
v -0.647153 0.380227 0.242608
v -0.657606 0.390680 0.243837
v -0.657094 0.390893 0.244902
v -0.656207 0.391260 0.245517
v -0.655183 0.391684 0.245517
v -0.654296 0.392051 0.244902
v -0.653784 0.392264 0.243837
v -0.653784 0.392264 0.242608
v -0.654296 0.392051 0.241543
v -0.655183 0.391684 0.240928
v -0.656207 0.391260 0.240928
v -0.657094 0.390893 0.241542
v -0.657606 0.390680 0.242608
v -0.657791 0.405648 0.243837
v -0.657273 0.405431 0.244902
v -0.656377 0.405054 0.245517
v -0.655342 0.404619 0.245517
v -0.654446 0.404243 0.244902
v -0.653929 0.404025 0.243837
v -0.653929 0.404025 0.242608
v -0.654446 0.404243 0.241543
v -0.655342 0.404619 0.240928
v -0.656377 0.405054 0.240928
v -0.657273 0.405431 0.241543
v -0.657791 0.405648 0.242608
vn -0.0000 -0.0000 1.0000
vn -0.0000 -0.0000 -1.0000
vn 1.0000 -0.0000 -0.0000
vn -0.0000 1.0000 -0.0000
vn -1.0000 -0.0000 -0.0000
vn -0.0000 -1.0000 -0.0000
vn -0.6933 -0.6933 -0.1966
vn -0.5513 -0.5513 -0.6263
vn -0.7211 -0.2987 -0.6251
vn -0.9059 -0.3752 -0.1964
vn -0.2096 -0.2096 -0.9550
vn -0.2747 -0.1138 -0.9548
vn -0.2965 -0.0000 -0.9550
vn -0.7796 -0.0000 -0.6263
vn -0.9805 -0.0000 -0.1967
vn -0.6933 0.6933 -0.1966
vn -0.5513 0.5513 -0.6263
vn -0.2987 0.7211 -0.6251
vn -0.3752 0.9059 -0.1964
vn -0.2096 0.2096 -0.9550
vn -0.1138 0.2747 -0.9548
vn -0.0000 0.2965 -0.9550
vn -0.0000 0.7796 -0.6263
vn -0.0000 0.9805 -0.1966
vn 0.2987 0.7211 -0.6251
vn 0.3752 0.9059 -0.1964
vn 0.1138 0.2747 -0.9548
vn 0.2096 0.2096 -0.9550
vn 0.5513 0.5513 -0.6263
vn 0.6933 0.6933 -0.1966
vn 0.9805 -0.0000 -0.1967
vn 0.7796 -0.0000 -0.6263
vn 0.7211 -0.2987 -0.6252
vn 0.9059 -0.3752 -0.1964
vn 0.2965 -0.0000 -0.9550
vn 0.2747 -0.1138 -0.9548
vn 0.2096 -0.2096 -0.9550
vn 0.5513 -0.5513 -0.6263
vn 0.6933 -0.6933 -0.1966
vn -0.0000 -0.9805 -0.1967
vn -0.0000 -0.7796 -0.6263
vn -0.2987 -0.7211 -0.6251
vn -0.3752 -0.9059 -0.1964
vn -0.0000 -0.2965 -0.9550
vn -0.1138 -0.2747 -0.9548
vn -0.7211 0.2987 -0.6252
vn -0.9059 0.3752 -0.1964
vn -0.2747 0.1138 -0.9548
vn 0.7211 0.2987 -0.6252
vn 0.9059 0.3752 -0.1964
vn 0.2747 0.1138 -0.9548
vn 0.2987 -0.7211 -0.6251
vn 0.3752 -0.9059 -0.1964
vn 0.1138 -0.2747 -0.9548
vn 0.2597 -0.0000 -0.9657
vn 0.2399 -0.0994 -0.9657
vn 0.5191 -0.0000 -0.8547
vn 0.4795 -0.1986 -0.8548
vn 0.3670 -0.3670 -0.8547
vn 0.1836 -0.1836 -0.9657
vn -0.0000 -0.2597 -0.9657
vn -0.0994 -0.2399 -0.9657
vn -0.0000 -0.5191 -0.8547
vn -0.1986 -0.4795 -0.8548
vn -0.3670 -0.3670 -0.8547
vn -0.1836 -0.1836 -0.9657
vn -0.2597 -0.0000 -0.9657
vn -0.2399 0.0994 -0.9657
vn -0.5191 -0.0000 -0.8547
vn -0.4795 0.1986 -0.8548
vn -0.3670 0.3670 -0.8547
vn -0.1836 0.1836 -0.9657
vn 0.1836 0.1836 -0.9657
vn 0.2399 0.0994 -0.9657
vn 0.3670 0.3670 -0.8547
vn 0.4795 0.1986 -0.8548
vn 0.0994 -0.2399 -0.9657
vn 0.1986 -0.4795 -0.8548
vn -0.2399 -0.0994 -0.9657
vn -0.4795 -0.1986 -0.8548
vn -0.0994 0.2399 -0.9657
vn -0.1986 0.4795 -0.8548
vn -0.0000 0.5191 -0.8547
vn -0.0000 0.2597 -0.9657
vn 0.0994 0.2399 -0.9657
vn 0.1986 0.4795 -0.8548
vn -0.5812 -0.5812 -0.5695
vn -0.7594 -0.3146 -0.5695
vn -0.7071 -0.7071 -0.0048
vn -0.9239 -0.3827 -0.0048
vn -1.0000 -0.0000 -0.0048
vn -0.8220 -0.0000 -0.5695
vn -0.7071 0.7071 -0.0048
vn -0.5922 0.5922 0.5464
vn -0.3205 0.7738 0.5463
vn -0.3827 0.9239 -0.0048
vn -0.3973 0.3973 0.8272
vn -0.2167 0.5203 0.8260
vn -0.0000 0.5653 0.8249
vn -0.0000 0.8375 0.5464
vn -0.0000 1.0000 -0.0048
vn 0.3205 0.7738 0.5463
vn 0.3827 0.9239 -0.0048
vn 0.2167 0.5203 0.8260
vn 0.3973 0.3973 0.8272
vn 0.5922 0.5922 0.5464
vn 0.7071 0.7071 -0.0048
vn 1.0000 -0.0000 -0.0048
vn 0.8375 -0.0000 0.5464
vn 0.7738 -0.3205 0.5463
vn 0.9239 -0.3827 -0.0048
vn 0.5653 -0.0000 0.8249
vn 0.5203 -0.2167 0.8260
vn 0.3973 -0.3973 0.8272
vn 0.5922 -0.5922 0.5464
vn 0.7071 -0.7071 -0.0048
vn -0.0000 -1.0000 -0.0048
vn -0.0000 -0.8375 0.5464
vn -0.3205 -0.7738 0.5463
vn -0.3827 -0.9239 -0.0048
vn -0.0000 -0.5653 0.8249
vn -0.2167 -0.5203 0.8260
vn -0.3973 -0.3973 0.8272
vn -0.5922 -0.5922 0.5464
vn -0.8375 -0.0000 0.5464
vn -0.7738 0.3205 0.5463
vn -0.9239 0.3827 -0.0048
vn -0.5653 -0.0000 0.8249
vn -0.5203 0.2167 0.8260
vn 0.7738 0.3205 0.5463
vn 0.9239 0.3827 -0.0048
vn 0.5203 0.2167 0.8260
vn 0.3205 -0.7738 0.5463
vn 0.3827 -0.9239 -0.0048
vn 0.2167 -0.5203 0.8260
vn -0.5812 0.5812 -0.5695
vn -0.3146 0.7594 -0.5695
vn -0.0000 0.8220 -0.5695
vn 0.3146 0.7594 -0.5695
vn 0.5812 0.5812 -0.5695
vn 0.8220 -0.0000 -0.5695
vn 0.7594 -0.3146 -0.5695
vn 0.5812 -0.5812 -0.5695
vn -0.0000 -0.8220 -0.5695
vn -0.3146 -0.7594 -0.5695
vn -0.7594 0.3146 -0.5695
vn 0.7594 0.3146 -0.5695
vn 0.3146 -0.7594 -0.5695
vn 0.1746 0.1746 0.9690
vn 0.2324 0.0990 0.9676
vn 0.0229 0.0229 0.9995
vn 0.0330 0.0154 0.9993
vn 0.0473 -0.0000 0.9989
vn 0.2600 -0.0000 0.9656
vn 0.1746 -0.1746 0.9690
vn 0.0990 -0.2324 0.9676
vn 0.0229 -0.0229 0.9995
vn 0.0154 -0.0330 0.9993
vn -0.0000 -0.0473 0.9989
vn -0.0000 -0.2600 0.9656
vn -0.1746 -0.1746 0.9690
vn -0.2324 -0.0990 0.9676
vn -0.5203 -0.2167 0.8260
vn -0.0229 -0.0229 0.9995
vn -0.0330 -0.0154 0.9993
vn -0.0473 -0.0000 0.9989
vn -0.2600 -0.0000 0.9656
vn -0.1746 0.1746 0.9690
vn -0.0990 0.2324 0.9676
vn -0.0229 0.0229 0.9995
vn -0.0154 0.0330 0.9993
vn -0.0000 0.0473 0.9989
vn -0.0000 0.2600 0.9656
vn 0.0990 0.2324 0.9676
vn 0.0154 0.0330 0.9993
vn 0.2324 -0.0990 0.9676
vn 0.0330 -0.0154 0.9993
vn -0.0990 -0.2324 0.9676
vn -0.0154 -0.0330 0.9993
vn -0.2324 0.0990 0.9676
vn -0.0330 0.0154 0.9993
vn -0.7738 -0.3205 0.5463
vn 0.8339 0.3166 0.4520
vn 0.8558 0.2343 0.4612
vn 0.9374 0.2571 0.2347
vn 0.9098 0.3455 0.2299
vn 0.8892 -0.0126 0.4573
vn 0.9725 -0.0136 0.2326
vn 0.9999 -0.0140 -0.0000
vn 0.9643 0.2647 -0.0000
vn 0.9349 0.3550 -0.0000
vn 0.5241 0.1990 0.8281
vn 0.5235 0.1422 0.8400
vn 0.7176 0.1959 0.6683
vn 0.7052 0.2678 0.6565
vn 0.5488 -0.0081 0.8359
vn 0.7479 -0.0107 0.6637
vn 0.0362 0.0137 0.9993
vn 0.0090 0.0012 1.0000
vn 0.2811 0.0755 0.9567
vn 0.2955 0.1122 0.9487
vn 0.0171 -0.0005 0.9999
vn 0.2988 -0.0046 0.9543
vn -0.4740 -0.1800 0.8619
vn -0.5117 -0.1399 0.8477
vn -0.2651 -0.0731 0.9615
vn -0.2302 -0.0874 0.9692
vn -0.5258 0.0075 0.8506
vn -0.2682 0.0037 0.9634
vn -0.8196 -0.3112 0.4811
vn -0.8530 -0.2324 0.4673
vn -0.7109 -0.1939 0.6760
vn -0.6747 -0.2562 0.6922
vn -0.8829 0.0127 0.4693
vn -0.7342 0.0106 0.6788
vn -0.9349 -0.3550 -0.0000
vn -0.9648 -0.2628 -0.0000
vn -0.9371 -0.2553 0.2379
vn -0.9062 -0.3441 0.2457
vn -0.9999 0.0144 -0.0000
vn -0.9709 0.0140 0.2389
vn -0.8196 -0.3112 -0.4811
vn -0.8530 -0.2324 -0.4673
vn -0.9371 -0.2553 -0.2379
vn -0.9062 -0.3441 -0.2457
vn -0.8829 0.0127 -0.4693
vn -0.9709 0.0140 -0.2389
vn -0.4740 -0.1800 -0.8619
vn -0.5117 -0.1399 -0.8477
vn -0.7109 -0.1939 -0.6760
vn -0.6747 -0.2562 -0.6922
vn -0.5258 0.0075 -0.8506
vn -0.7343 0.0106 -0.6788
vn 0.0362 0.0137 -0.9993
vn 0.0090 0.0012 -1.0000
vn -0.2650 -0.0731 -0.9615
vn -0.2302 -0.0874 -0.9692
vn 0.0171 -0.0005 -0.9999
vn -0.2682 0.0037 -0.9634
vn 0.5241 0.1990 -0.8281
vn 0.5235 0.1422 -0.8400
vn 0.2810 0.0755 -0.9567
vn 0.2954 0.1122 -0.9487
vn 0.5488 -0.0081 -0.8359
vn 0.2988 -0.0046 -0.9543
vn 0.8339 0.3166 -0.4520
vn 0.8558 0.2343 -0.4612
vn 0.7176 0.1959 -0.6683
vn 0.7052 0.2678 -0.6565
vn 0.8892 -0.0126 -0.4574
vn 0.7479 -0.0107 -0.6637
vn 0.9374 0.2571 -0.2347
vn 0.9098 0.3455 -0.2299
vn 0.9725 -0.0136 -0.2326
vn 0.8219 -0.3404 0.4567
vn 0.8986 -0.3722 0.2322
vn 0.6290 -0.6290 0.4570
vn 0.6877 -0.6878 0.2324
vn 0.7071 -0.7071 -0.0000
vn 0.9239 -0.3827 -0.0000
vn 0.5079 -0.2104 0.8353
vn 0.6916 -0.2865 0.6630
vn 0.3887 -0.3887 0.8354
vn 0.5292 -0.5292 0.6632
vn 0.0165 -0.0069 0.9998
vn 0.2770 -0.1147 0.9540
vn 0.0130 -0.0130 0.9998
vn 0.2121 -0.2121 0.9539
vn -0.4857 0.2012 0.8507
vn -0.2474 0.1025 0.9635
vn -0.3712 0.3712 0.8512
vn -0.1888 0.1888 0.9637
vn -0.8159 0.3379 0.4692
vn -0.6784 0.2810 0.6788
vn -0.6242 0.6242 0.4698
vn -0.5188 0.5188 0.6794
vn -0.9239 0.3827 -0.0000
vn -0.8971 0.3716 0.2389
vn -0.7071 0.7071 -0.0000
vn -0.6866 0.6866 0.2392
vn -0.8159 0.3379 -0.4692
vn -0.8971 0.3716 -0.2389
vn -0.6242 0.6242 -0.4698
vn -0.6866 0.6866 -0.2392
vn -0.4857 0.2012 -0.8507
vn -0.6785 0.2810 -0.6788
vn -0.3712 0.3712 -0.8512
vn -0.5188 0.5188 -0.6794
vn 0.0165 -0.0068 -0.9998
vn -0.2474 0.1025 -0.9635
vn 0.0130 -0.0130 -0.9998
vn -0.1888 0.1888 -0.9637
vn 0.5079 -0.2104 -0.8353
vn 0.2770 -0.1147 -0.9540
vn 0.3887 -0.3887 -0.8354
vn 0.2121 -0.2121 -0.9539
vn 0.8219 -0.3404 -0.4567
vn 0.6916 -0.2865 -0.6630
vn 0.6290 -0.6290 -0.4570
vn 0.5292 -0.5292 -0.6632
vn 0.8986 -0.3722 -0.2322
vn 0.6877 -0.6878 -0.2324
vn 0.3404 -0.8219 0.4567
vn 0.3722 -0.8986 0.2322
vn -0.0000 -0.8895 0.4570
vn -0.0000 -0.9726 0.2324
vn 0.3827 -0.9239 -0.0000
vn 0.2104 -0.5079 0.8353
vn 0.2865 -0.6916 0.6630
vn -0.0000 -0.5497 0.8354
vn -0.0000 -0.7485 0.6632
vn 0.0068 -0.0165 0.9998
vn 0.1147 -0.2770 0.9540
vn -0.0000 -0.0184 0.9998
vn -0.0000 -0.3000 0.9539
vn -0.2012 0.4857 0.8507
vn -0.1025 0.2474 0.9635
vn -0.0000 0.5249 0.8512
vn -0.0000 0.2670 0.9637
vn -0.3379 0.8159 0.4692
vn -0.2810 0.6784 0.6788
vn -0.0000 0.8828 0.4698
vn -0.0000 0.7337 0.6794
vn -0.3827 0.9239 -0.0000
vn -0.3716 0.8971 0.2389
vn -0.0000 0.9710 0.2392
vn -0.3379 0.8159 -0.4692
vn -0.3716 0.8971 -0.2389
vn -0.0000 0.8828 -0.4698
vn -0.0000 0.9710 -0.2392
vn -0.2012 0.4857 -0.8507
vn -0.2810 0.6785 -0.6788
vn -0.0000 0.5249 -0.8512
vn -0.0000 0.7338 -0.6794
vn 0.0068 -0.0165 -0.9998
vn -0.1025 0.2474 -0.9635
vn -0.0000 -0.0184 -0.9998
vn -0.0000 0.2670 -0.9637
vn 0.2104 -0.5079 -0.8353
vn 0.1147 -0.2770 -0.9540
vn -0.0000 -0.5497 -0.8354
vn -0.0000 -0.3000 -0.9539
vn 0.3404 -0.8219 -0.4567
vn 0.2865 -0.6916 -0.6630
vn -0.0000 -0.8895 -0.4570
vn -0.0000 -0.7484 -0.6632
vn 0.3722 -0.8986 -0.2322
vn -0.0000 -0.9726 -0.2324
vn -0.3404 -0.8219 0.4567
vn -0.3722 -0.8986 0.2322
vn -0.6290 -0.6290 0.4569
vn -0.6877 -0.6878 0.2324
vn -0.7071 -0.7071 -0.0000
vn -0.3827 -0.9239 -0.0000
vn -0.2104 -0.5079 0.8353
vn -0.2865 -0.6916 0.6630
vn -0.3887 -0.3887 0.8354
vn -0.5292 -0.5292 0.6632
vn -0.0069 -0.0165 0.9998
vn -0.1147 -0.2770 0.9540
vn -0.0130 -0.0130 0.9998
vn -0.2121 -0.2121 0.9539
vn 0.2012 0.4857 0.8507
vn 0.1025 0.2474 0.9635
vn 0.3712 0.3712 0.8512
vn 0.1888 0.1888 0.9637
vn 0.3379 0.8159 0.4692
vn 0.2810 0.6784 0.6788
vn 0.6242 0.6242 0.4698
vn 0.5188 0.5188 0.6794
vn 0.3827 0.9239 -0.0000
vn 0.3716 0.8971 0.2389
vn 0.7071 0.7071 -0.0000
vn 0.6866 0.6866 0.2392
vn 0.3379 0.8159 -0.4692
vn 0.3716 0.8971 -0.2389
vn 0.6242 0.6242 -0.4698
vn 0.6866 0.6866 -0.2392
vn 0.2012 0.4857 -0.8507
vn 0.2810 0.6785 -0.6788
vn 0.3712 0.3712 -0.8512
vn 0.5188 0.5188 -0.6794
vn -0.0068 -0.0165 -0.9998
vn 0.1025 0.2474 -0.9635
vn -0.0130 -0.0130 -0.9998
vn 0.1888 0.1888 -0.9637
vn -0.2104 -0.5079 -0.8353
vn -0.1147 -0.2770 -0.9540
vn -0.3887 -0.3887 -0.8354
vn -0.2121 -0.2121 -0.9539
vn -0.3404 -0.8219 -0.4567
vn -0.2865 -0.6916 -0.6630
vn -0.6290 -0.6290 -0.4570
vn -0.5292 -0.5292 -0.6632
vn -0.3722 -0.8986 -0.2322
vn -0.6877 -0.6878 -0.2324
vn -0.8219 -0.3404 0.4567
vn -0.8986 -0.3722 0.2322
vn -0.8892 -0.0126 0.4573
vn -0.9725 -0.0136 0.2326
vn -0.9999 -0.0140 -0.0000
vn -0.9239 -0.3827 -0.0000
vn -0.5079 -0.2104 0.8353
vn -0.6916 -0.2865 0.6630
vn -0.5488 -0.0081 0.8359
vn -0.7479 -0.0107 0.6637
vn -0.0165 -0.0069 0.9998
vn -0.2770 -0.1147 0.9540
vn -0.0171 -0.0005 0.9999
vn -0.2988 -0.0046 0.9543
vn 0.4857 0.2012 0.8507
vn 0.2474 0.1025 0.9635
vn 0.5258 0.0075 0.8506
vn 0.2682 0.0037 0.9634
vn 0.8159 0.3379 0.4692
vn 0.6784 0.2810 0.6788
vn 0.8829 0.0127 0.4693
vn 0.7342 0.0106 0.6788
vn 0.9239 0.3827 -0.0000
vn 0.8971 0.3716 0.2389
vn 0.9999 0.0144 -0.0000
vn 0.9709 0.0140 0.2389
vn 0.8159 0.3379 -0.4692
vn 0.8971 0.3716 -0.2389
vn 0.8829 0.0127 -0.4693
vn 0.9709 0.0140 -0.2389
vn 0.4857 0.2012 -0.8507
vn 0.6785 0.2810 -0.6788
vn 0.5258 0.0075 -0.8506
vn 0.7343 0.0106 -0.6788
vn -0.0165 -0.0068 -0.9998
vn 0.2474 0.1025 -0.9635
vn -0.0171 -0.0005 -0.9999
vn 0.2682 0.0037 -0.9634
vn -0.5079 -0.2104 -0.8353
vn -0.2770 -0.1147 -0.9540
vn -0.5488 -0.0081 -0.8359
vn -0.2988 -0.0046 -0.9543
vn -0.8219 -0.3404 -0.4567
vn -0.6916 -0.2865 -0.6630
vn -0.8892 -0.0126 -0.4574
vn -0.7479 -0.0107 -0.6637
vn -0.8986 -0.3722 -0.2322
vn -0.9725 -0.0136 -0.2326
vn -0.8558 0.2343 0.4612
vn -0.9374 0.2571 0.2347
vn -0.8339 0.3166 0.4520
vn -0.9098 0.3455 0.2299
vn -0.9349 0.3550 -0.0000
vn -0.9643 0.2647 -0.0000
vn -0.5235 0.1422 0.8400
vn -0.7176 0.1959 0.6683
vn -0.5241 0.1990 0.8281
vn -0.7052 0.2678 0.6565
vn -0.0090 0.0012 1.0000
vn -0.2811 0.0755 0.9567
vn -0.0362 0.0137 0.9993
vn -0.2955 0.1122 0.9487
vn 0.5117 -0.1399 0.8477
vn 0.2651 -0.0732 0.9615
vn 0.4740 -0.1800 0.8619
vn 0.2302 -0.0874 0.9692
vn 0.8530 -0.2324 0.4673
vn 0.7109 -0.1939 0.6761
vn 0.8196 -0.3112 0.4811
vn 0.6747 -0.2562 0.6923
vn 0.9648 -0.2628 -0.0000
vn 0.9371 -0.2553 0.2379
vn 0.9349 -0.3550 -0.0000
vn 0.9062 -0.3441 0.2457
vn 0.8530 -0.2324 -0.4673
vn 0.9371 -0.2553 -0.2379
vn 0.8196 -0.3112 -0.4811
vn 0.9062 -0.3441 -0.2457
vn 0.5117 -0.1399 -0.8477
vn 0.7109 -0.1939 -0.6760
vn 0.4740 -0.1800 -0.8619
vn 0.6747 -0.2562 -0.6922
vn -0.0090 0.0012 -1.0000
vn 0.2650 -0.0731 -0.9615
vn -0.0362 0.0137 -0.9993
vn 0.2302 -0.0874 -0.9692
vn -0.5235 0.1422 -0.8400
vn -0.2810 0.0755 -0.9567
vn -0.5241 0.1990 -0.8281
vn -0.2954 0.1122 -0.9488
vn -0.8558 0.2343 -0.4612
vn -0.7176 0.1959 -0.6683
vn -0.8339 0.3166 -0.4520
vn -0.7052 0.2678 -0.6565
vn -0.9374 0.2571 -0.2347
vn -0.9098 0.3455 -0.2299
vt 0.988413 0.535089
vt 0.988413 0.620221
vt 0.713361 0.620221
vt 0.713361 0.535089
vt 0.645677 0.939258
vt 0.402233 0.939258
vt 0.402233 0.863908
vt 0.645677 0.863908
vt 0.704031 0.620221
vt 0.704031 0.535089
vt 0.713361 0.525759
vt 0.988413 0.525759
vt 0.997743 0.535089
vt 0.997743 0.620221
vt 0.988413 0.629551
vt 0.713361 0.629551
vt 0.063156 0.635377
vt 0.246650 0.635377
vt 0.246650 0.683691
vt 0.063156 0.683691
vt 0.063156 0.831438
vt 0.246650 0.831438
vt 0.294964 0.683691
vt 0.294965 0.831438
vt 0.014841 0.831438
vt 0.014841 0.683691
vt 0.265604 0.642515
vt 0.265604 0.600704
vt 0.436092 0.600704
vt 0.436092 0.642515
vt 0.059991 0.842349
vt 0.245813 0.842349
vt 0.245813 0.994783
vt 0.059991 0.994783
vt 0.292559 0.842349
vt 0.292559 0.994783
vt 0.013245 0.842349
vt 0.013245 0.994783
vt 0.059991 0.833528
vt 0.245813 0.833528
vt 0.292559 0.833528
vt 0.013245 0.833528
vt 0.069659 0.628873
vt 0.240147 0.628873
vt 0.301380 0.842349
vt 0.301380 0.994783
vt 0.004424 0.994783
vt 0.004424 0.842349
vt 0.308249 0.867954
vt 0.312889 0.870607
vt 0.308694 0.887066
vt 0.303475 0.886402
vt 0.318852 0.874016
vt 0.315130 0.887885
vt 0.315258 0.902245
vt 0.308631 0.904052
vt 0.303475 0.905457
vt 0.326617 0.935351
vt 0.329270 0.930711
vt 0.345729 0.934906
vt 0.345065 0.940125
vt 0.332679 0.924748
vt 0.346548 0.928470
vt 0.360909 0.928342
vt 0.362715 0.934969
vt 0.364120 0.940125
vt 0.377319 0.926296
vt 0.380540 0.930457
vt 0.373348 0.921166
vt 0.383411 0.910921
vt 0.389374 0.914330
vt 0.394014 0.916983
vt 0.398788 0.879480
vt 0.393632 0.880885
vt 0.384959 0.866281
vt 0.389119 0.863060
vt 0.387004 0.882692
vt 0.379829 0.870252
vt 0.369584 0.860189
vt 0.372993 0.854226
vt 0.375646 0.849586
vt 0.338143 0.844812
vt 0.339548 0.849968
vt 0.324944 0.858641
vt 0.321723 0.854480
vt 0.341355 0.856595
vt 0.328915 0.863771
vt 0.317304 0.918656
vt 0.313143 0.921877
vt 0.322434 0.914685
vt 0.393569 0.897871
vt 0.398788 0.898535
vt 0.387133 0.897052
vt 0.356534 0.850031
vt 0.357198 0.844812
vt 0.355714 0.856467
vt 0.377150 0.885377
vt 0.371967 0.876339
vt 0.369296 0.887518
vt 0.365789 0.881121
vt 0.360475 0.876124
vt 0.364515 0.869057
vt 0.344040 0.866450
vt 0.335001 0.871633
vt 0.346181 0.874304
vt 0.339784 0.877811
vt 0.334786 0.883125
vt 0.327719 0.879085
vt 0.325113 0.899560
vt 0.330296 0.908599
vt 0.332967 0.897419
vt 0.336473 0.903816
vt 0.341788 0.908814
vt 0.337748 0.915881
vt 0.374544 0.905852
vt 0.377270 0.895796
vt 0.367477 0.901812
vt 0.369520 0.894810
vt 0.354459 0.866330
vt 0.353473 0.874080
vt 0.324993 0.889141
vt 0.332743 0.890127
vt 0.347804 0.918607
vt 0.348790 0.910857
vt 0.356082 0.910633
vt 0.358223 0.918487
vt 0.367262 0.913304
vt 0.362479 0.907126
vt 0.339434 0.885781
vt 0.337789 0.890770
vt 0.342114 0.887313
vt 0.340734 0.891144
vt 0.341111 0.895199
vt 0.338132 0.896011
vt 0.345976 0.901487
vt 0.347075 0.899564
vt 0.350103 0.900536
vt 0.349807 0.902866
vt 0.348061 0.897839
vt 0.350352 0.898568
vt 0.352756 0.898430
vt 0.353280 0.900351
vt 0.353862 0.902489
vt 0.356111 0.898899
vt 0.357548 0.900757
vt 0.354898 0.897329
vt 0.356502 0.895539
vt 0.358227 0.896525
vt 0.360149 0.897624
vt 0.361152 0.889738
vt 0.359013 0.890320
vt 0.357562 0.887489
vt 0.359419 0.886052
vt 0.357092 0.890844
vt 0.355992 0.888703
vt 0.354201 0.887098
vt 0.355188 0.885373
vt 0.356287 0.883451
vt 0.348400 0.882448
vt 0.348983 0.884587
vt 0.346152 0.886038
vt 0.344715 0.884180
vt 0.349507 0.886508
vt 0.347365 0.887608
vt 0.345761 0.889399
vt 0.344036 0.888412
vt 0.343249 0.894617
vt 0.344701 0.897448
vt 0.342843 0.898885
vt 0.345170 0.894093
vt 0.346271 0.896235
vt 0.359199 0.893497
vt 0.361529 0.893793
vt 0.357231 0.893248
vt 0.352160 0.884401
vt 0.352456 0.882071
vt 0.351911 0.886369
vt 0.344444 0.904167
vt 0.349433 0.905811
vt 0.354674 0.905468
vt 0.359365 0.903104
vt 0.362829 0.899156
vt 0.364131 0.888926
vt 0.361767 0.884235
vt 0.357819 0.880771
vt 0.347589 0.879469
vt 0.342898 0.881833
vt 0.340496 0.900702
vt 0.364474 0.894167
vt 0.352830 0.879126
vt 0.355297 0.894850
vt 0.355900 0.893041
vt 0.354158 0.894199
vt 0.354775 0.892650
vt 0.354995 0.891416
vt 0.355803 0.891195
vt 0.353513 0.888303
vt 0.351704 0.887700
vt 0.352862 0.889442
vt 0.351313 0.888825
vt 0.350078 0.888605
vt 0.349858 0.887797
vt 0.346965 0.890087
vt 0.346363 0.891896
vt 0.345032 0.891690
vt 0.348105 0.890738
vt 0.347488 0.892287
vt 0.347268 0.893521
vt 0.346460 0.893742
vt 0.348750 0.896635
vt 0.350559 0.897237
vt 0.349401 0.895495
vt 0.350950 0.896112
vt 0.352184 0.896332
vt 0.352405 0.897140
vt 0.354044 0.896287
vt 0.353136 0.895517
vt 0.354950 0.889556
vt 0.354179 0.890464
vt 0.348219 0.888650
vt 0.349126 0.889421
vt 0.347313 0.895381
vt 0.348083 0.894473
vt 0.351781 0.894851
vt 0.350213 0.894075
vt 0.351131 0.892469
vt 0.352738 0.893387
vt 0.353514 0.891819
vt 0.352050 0.890863
vt 0.348749 0.893118
vt 0.349525 0.891550
vt 0.350482 0.890086
vt 0.343064 0.891440
vt 0.325703 0.964705
vt 0.356008 0.965020
vt 0.355889 0.967237
vt 0.325317 0.967132
vt 0.382118 0.965311
vt 0.382053 0.967379
vt 0.381957 0.969458
vt 0.355828 0.969472
vt 0.325190 0.969584
vt 0.327139 0.960006
vt 0.356424 0.960704
vt 0.356188 0.962841
vt 0.326324 0.962326
vt 0.382217 0.961254
vt 0.382170 0.963269
vt 0.329140 0.955514
vt 0.357039 0.956510
vt 0.356711 0.958602
vt 0.328098 0.957741
vt 0.382347 0.957253
vt 0.382272 0.959257
vt 0.331209 0.951055
vt 0.357748 0.952221
vt 0.357393 0.954394
vt 0.330199 0.953295
vt 0.382557 0.953069
vt 0.382446 0.955203
vt 0.332823 0.946424
vt 0.358353 0.947623
vt 0.358077 0.949966
vt 0.332103 0.948768
vt 0.382745 0.948462
vt 0.382663 0.950823
vt 0.333565 0.941593
vt 0.358674 0.942753
vt 0.358554 0.945208
vt 0.333320 0.944026
vt 0.382816 0.943489
vt 0.382794 0.946005
vt 0.332955 0.992694
vt 0.358489 0.991381
vt 0.358709 0.993793
vt 0.333463 0.995091
vt 0.382796 0.990430
vt 0.382834 0.992882
vt 0.382859 0.995383
vt 0.358845 0.996241
vt 0.333721 0.997525
vt 0.331324 0.988070
vt 0.357874 0.986778
vt 0.358204 0.989039
vt 0.332226 0.990352
vt 0.382723 0.985817
vt 0.382761 0.988067
vt 0.329233 0.983626
vt 0.357151 0.982465
vt 0.357515 0.984594
vt 0.330304 0.985836
vt 0.382604 0.981625
vt 0.382675 0.983678
vt 0.327201 0.979150
vt 0.356487 0.978246
vt 0.356802 0.980359
vt 0.328177 0.981407
vt 0.382384 0.977635
vt 0.382505 0.979623
vt 0.325732 0.974461
vt 0.356021 0.973922
vt 0.356222 0.976103
vt 0.326370 0.976836
vt 0.382143 0.973597
vt 0.382258 0.975630
vt 0.355893 0.971707
vt 0.325331 0.972036
vt 0.382051 0.971536
vt 0.407264 0.965354
vt 0.407292 0.967409
vt 0.432304 0.965387
vt 0.432302 0.967445
vt 0.432292 0.969509
vt 0.407297 0.969482
vt 0.407170 0.961333
vt 0.407219 0.963328
vt 0.432245 0.961331
vt 0.432282 0.963349
vt 0.407132 0.957368
vt 0.407136 0.959355
vt 0.432189 0.957296
vt 0.432209 0.959322
vt 0.407222 0.953200
vt 0.407164 0.955330
vt 0.432207 0.953037
vt 0.432192 0.955214
vt 0.407333 0.948568
vt 0.407284 0.950948
vt 0.432217 0.948309
vt 0.432221 0.950737
vt 0.407353 0.943495
vt 0.407359 0.946081
vt 0.432159 0.943183
vt 0.432186 0.945775
vt 0.407289 0.990399
vt 0.407243 0.992886
vt 0.432258 0.990711
vt 0.432254 0.993246
vt 0.432238 0.995838
vt 0.407216 0.995474
vt 0.407413 0.985766
vt 0.407348 0.988019
vt 0.432317 0.985983
vt 0.432282 0.988283
vt 0.407495 0.981597
vt 0.407468 0.983635
vt 0.432363 0.981724
vt 0.432349 0.983806
vt 0.407443 0.977631
vt 0.407485 0.979609
vt 0.432325 0.977687
vt 0.432353 0.979697
vt 0.407336 0.973609
vt 0.407387 0.975635
vt 0.432276 0.973631
vt 0.432294 0.975669
vt 0.407304 0.971554
vt 0.432281 0.971573
vt 0.457405 0.965347
vt 0.457436 0.967432
vt 0.482715 0.965400
vt 0.482711 0.967476
vt 0.482700 0.969559
vt 0.457442 0.969534
vt 0.457301 0.961264
vt 0.457356 0.963291
vt 0.482660 0.961307
vt 0.482694 0.963343
vt 0.457249 0.957235
vt 0.457259 0.959255
vt 0.482612 0.957233
vt 0.482627 0.959279
vt 0.457326 0.952995
vt 0.457274 0.955162
vt 0.482645 0.952933
vt 0.482621 0.955131
vt 0.457429 0.948277
vt 0.457383 0.950702
vt 0.482679 0.948159
vt 0.482669 0.950611
vt 0.457451 0.943094
vt 0.457454 0.945738
vt 0.482659 0.942980
vt 0.482666 0.945599
vt 0.457386 0.990792
vt 0.457341 0.993330
vt 0.482721 0.990958
vt 0.482735 0.993519
vt 0.482741 0.996138
vt 0.457320 0.995974
vt 0.457518 0.986074
vt 0.457448 0.988367
vt 0.482756 0.986184
vt 0.482731 0.988506
vt 0.457613 0.981835
vt 0.457580 0.983907
vt 0.482788 0.981885
vt 0.482780 0.983987
vt 0.457572 0.977805
vt 0.457609 0.979814
vt 0.482740 0.977811
vt 0.482773 0.979839
vt 0.457476 0.973722
vt 0.457522 0.975778
vt 0.482686 0.973718
vt 0.482706 0.975775
vt 0.457447 0.971637
vt 0.482690 0.971642
vt 0.507925 0.965396
vt 0.507953 0.967481
vt 0.533125 0.965487
vt 0.533119 0.967545
vt 0.533109 0.969609
vt 0.507959 0.969584
vt 0.507828 0.961313
vt 0.507879 0.963340
vt 0.533076 0.961431
vt 0.533107 0.963449
vt 0.507787 0.957283
vt 0.507792 0.959303
vt 0.533037 0.957394
vt 0.533047 0.959421
vt 0.507882 0.953044
vt 0.507821 0.955211
vt 0.533084 0.953135
vt 0.533052 0.955312
vt 0.508014 0.948326
vt 0.507952 0.950751
vt 0.533143 0.948407
vt 0.533118 0.950835
vt 0.508081 0.943144
vt 0.508059 0.945788
vt 0.533162 0.943280
vt 0.533147 0.945872
vt 0.507972 0.990841
vt 0.507947 0.993379
vt 0.533183 0.990809
vt 0.533214 0.993343
vt 0.533242 0.995935
vt 0.507950 0.996024
vt 0.508075 0.986122
vt 0.508018 0.988416
vt 0.533193 0.986081
vt 0.533179 0.988381
vt 0.508152 0.981883
vt 0.508126 0.983956
vt 0.533211 0.981822
vt 0.533209 0.983904
vt 0.508099 0.977854
vt 0.508141 0.979863
vt 0.533155 0.977787
vt 0.533191 0.979795
vt 0.507995 0.973771
vt 0.508045 0.975827
vt 0.533096 0.973731
vt 0.533118 0.975769
vt 0.507965 0.971686
vt 0.533099 0.971673
vt 0.558064 0.965509
vt 0.558096 0.967564
vt 0.583257 0.965521
vt 0.583349 0.967582
vt 0.583444 0.969660
vt 0.558104 0.969636
vt 0.557957 0.961487
vt 0.558013 0.963483
vt 0.583016 0.961483
vt 0.583142 0.963488
vt 0.557905 0.957521
vt 0.557916 0.959509
vt 0.582796 0.957493
vt 0.582895 0.959494
vt 0.557987 0.953352
vt 0.557932 0.955482
vt 0.582677 0.953301
vt 0.582725 0.955440
vt 0.558112 0.948719
vt 0.558052 0.951099
vt 0.582604 0.948688
vt 0.582640 0.951051
vt 0.558184 0.943644
vt 0.558157 0.946231
vt 0.582542 0.943735
vt 0.582567 0.946236
vt 0.558067 0.990550
vt 0.558042 0.993037
vt 0.582655 0.990656
vt 0.582607 0.993112
vt 0.582585 0.995628
vt 0.558047 0.995623
vt 0.558179 0.985917
vt 0.558117 0.988170
vt 0.582843 0.986049
vt 0.582738 0.988295
vt 0.558268 0.981750
vt 0.558236 0.983788
vt 0.583053 0.981865
vt 0.582954 0.983915
vt 0.558230 0.977785
vt 0.558265 0.979762
vt 0.583184 0.977864
vt 0.583129 0.979860
vt 0.558137 0.973764
vt 0.558181 0.975790
vt 0.583282 0.973807
vt 0.583230 0.975849
vt 0.558109 0.971709
vt 0.583348 0.971739
vt 0.609379 0.965196
vt 0.609507 0.967411
vt 0.639668 0.964657
vt 0.640069 0.967082
vt 0.640211 0.969534
vt 0.609572 0.969646
vt 0.608913 0.960872
vt 0.609178 0.963015
vt 0.638199 0.959968
vt 0.639031 0.962282
vt 0.608249 0.956653
vt 0.608598 0.958759
vt 0.636168 0.955492
vt 0.637224 0.957711
vt 0.607527 0.952340
vt 0.607885 0.954524
vt 0.634077 0.951048
vt 0.635096 0.953282
vt 0.606912 0.947737
vt 0.607196 0.950079
vt 0.632445 0.946424
vt 0.633175 0.948766
vt 0.606555 0.942877
vt 0.606691 0.945325
vt 0.631679 0.941593
vt 0.631937 0.944027
vt 0.607048 0.991495
vt 0.606846 0.993910
vt 0.632577 0.992694
vt 0.632080 0.995092
vt 0.631835 0.997525
vt 0.606727 0.996365
vt 0.607652 0.986897
vt 0.607323 0.989152
vt 0.634191 0.988063
vt 0.633298 0.990350
vt 0.608361 0.982608
vt 0.608008 0.984724
vt 0.636261 0.983604
vt 0.635201 0.985823
vt 0.608976 0.978414
vt 0.608689 0.980516
vt 0.638262 0.979112
vt 0.637302 0.981377
vt 0.609392 0.974098
vt 0.609212 0.976277
vt 0.639698 0.974413
vt 0.639077 0.976792
vt 0.609511 0.971881
vt 0.640083 0.971986
s 1
usemtl FURNITURE_076_MAT
f 2020/2272/1745 2022/2273/1745 2023/2274/1745 2021/2275/1745
f 2024/2276/1746 2025/2277/1746 2027/2278/1746 2026/2279/1746
f 2023/2274/1747 2027/2280/1747 2025/2281/1747 2021/2275/1747
f 2021/2275/1748 2025/2282/1748 2024/2283/1748 2020/2272/1748
f 2020/2272/1749 2024/2284/1749 2026/2285/1749 2022/2273/1749
f 2022/2273/1750 2026/2286/1750 2027/2287/1750 2023/2274/1750
f 2032/2288/1746 2033/2289/1746 2035/2290/1746 2034/2291/1746
f 2030/2292/1750 2034/2291/1750 2035/2290/1750 2031/2293/1750
f 2031/2293/1747 2035/2290/1747 2033/2294/1747 2029/2295/1747
f 2028/2296/1749 2032/2297/1749 2034/2291/1749 2030/2292/1749
f 2040/2298/1745 2042/2299/1745 2043/2300/1745 2041/2301/1745
f 2038/2302/1748 2039/2303/1748 2043/2304/1748 2042/2305/1748
f 2039/2303/1749 2037/2306/1749 2041/2307/1749 2043/2304/1749
f 2036/2308/1747 2038/2302/1747 2042/2305/1747 2040/2309/1747
f 2030/2310/1745 2031/2311/1745 2039/2303/1745 2038/2302/1745
f 2031/2311/1745 2029/2312/1745 2037/2306/1745 2039/2303/1745
f 2028/2313/1745 2030/2310/1745 2038/2302/1745 2036/2308/1745
f 2033/2289/1748 2032/2288/1748 2040/2314/1748 2041/2315/1748
f 2029/2316/1748 2033/2317/1748 2041/2307/1748 2037/2306/1748
f 2032/2318/1748 2028/2319/1748 2036/2308/1748 2040/2309/1748
f 2047/2320/1751 2110/2321/1752 2185/2322/1753 2095/2323/1754
f 2110/2321/1752 2055/2324/1755 2103/2325/1756 2185/2322/1753
f 2185/2322/1753 2103/2325/1756 2054/2326/1757 2109/2327/1758
f 2095/2323/1754 2185/2322/1753 2109/2327/1758 2046/2328/1759
f 2045/2329/1760 2112/2330/1761 2186/2331/1762 2093/2332/1763
f 2112/2330/1761 2053/2333/1764 2101/2334/1765 2186/2331/1762
f 2186/2331/1762 2101/2334/1765 2052/2335/1766 2111/2336/1767
f 2093/2332/1763 2186/2331/1762 2111/2336/1767 2044/2337/1768
f 2044/2337/1768 2111/2336/1767 2187/2338/1769 2100/2339/1770
f 2111/2336/1767 2052/2335/1766 2108/2340/1771 2187/2338/1769
f 2187/2338/1769 2108/2340/1771 2059/2341/1772 2113/2342/1773
f 2100/2339/1770 2187/2338/1769 2113/2342/1773 2051/2343/1774
f 2050/2344/1775 2115/2345/1776 2188/2346/1777 2098/2347/1778
f 2115/2345/1776 2058/2348/1779 2106/2349/1780 2188/2346/1777
f 2188/2346/1777 2106/2349/1780 2057/2350/1781 2114/2351/1782
f 2098/2347/1778 2188/2346/1777 2114/2351/1782 2049/2352/1783
f 2048/2353/1784 2116/2354/1785 2189/2355/1786 2096/2356/1787
f 2116/2354/1785 2056/2357/1788 2104/2358/1789 2189/2355/1786
f 2189/2355/1786 2104/2358/1789 2055/2324/1755 2110/2321/1752
f 2096/2356/1787 2189/2355/1786 2110/2321/1752 2047/2320/1751
f 2046/2328/1759 2109/2327/1758 2190/2359/1790 2094/2360/1791
f 2109/2327/1758 2054/2326/1757 2102/2361/1792 2190/2359/1790
f 2190/2359/1790 2102/2361/1792 2053/2333/1764 2112/2330/1761
f 2094/2360/1791 2190/2359/1790 2112/2330/1761 2045/2329/1760
f 2051/2343/1774 2113/2342/1773 2191/2362/1793 2099/2363/1794
f 2113/2342/1773 2059/2341/1772 2107/2364/1795 2191/2362/1793
f 2191/2362/1793 2107/2364/1795 2058/2348/1779 2115/2345/1776
f 2099/2363/1794 2191/2362/1793 2115/2345/1776 2050/2344/1775
f 2049/2352/1783 2114/2351/1782 2192/2365/1796 2097/2366/1797
f 2114/2351/1782 2057/2350/1781 2105/2367/1798 2192/2365/1796
f 2192/2365/1796 2105/2367/1798 2056/2357/1788 2116/2354/1785
f 2097/2366/1797 2192/2365/1796 2116/2354/1785 2048/2353/1784
f 2058/2348/1779 2126/2368/1799 2193/2369/1800 2106/2349/1780
f 2126/2368/1799 2066/2370/1801 2122/2371/1802 2193/2369/1800
f 2193/2369/1800 2122/2371/1802 2065/2372/1803 2125/2373/1804
f 2106/2349/1780 2193/2369/1800 2125/2373/1804 2057/2350/1781
f 2056/2357/1788 2128/2374/1805 2194/2375/1806 2104/2358/1789
f 2128/2374/1805 2064/2376/1807 2120/2377/1808 2194/2375/1806
f 2194/2375/1806 2120/2377/1808 2063/2378/1809 2127/2379/1810
f 2104/2358/1789 2194/2375/1806 2127/2379/1810 2055/2324/1755
f 2054/2326/1757 2130/2380/1811 2195/2381/1812 2102/2361/1792
f 2130/2380/1811 2062/2382/1813 2118/2383/1814 2195/2381/1812
f 2195/2381/1812 2118/2383/1814 2061/2384/1815 2129/2385/1816
f 2102/2361/1792 2195/2381/1812 2129/2385/1816 2053/2333/1764
f 2059/2341/1772 2131/2386/1817 2196/2387/1818 2107/2364/1795
f 2131/2386/1817 2067/2388/1819 2123/2389/1820 2196/2387/1818
f 2196/2387/1818 2123/2389/1820 2066/2370/1801 2126/2368/1799
f 2107/2364/1795 2196/2387/1818 2126/2368/1799 2058/2348/1779
f 2057/2350/1781 2125/2373/1804 2197/2390/1821 2105/2367/1798
f 2125/2373/1804 2065/2372/1803 2121/2391/1822 2197/2390/1821
f 2197/2390/1821 2121/2391/1822 2064/2376/1807 2128/2374/1805
f 2105/2367/1798 2197/2390/1821 2128/2374/1805 2056/2357/1788
f 2055/2324/1755 2127/2379/1810 2198/2392/1823 2103/2325/1756
f 2127/2379/1810 2063/2378/1809 2119/2393/1824 2198/2392/1823
f 2198/2392/1823 2119/2393/1824 2062/2382/1813 2130/2380/1811
f 2103/2325/1756 2198/2392/1823 2130/2380/1811 2054/2326/1757
f 2053/2333/1764 2129/2385/1816 2199/2394/1825 2101/2334/1765
f 2129/2385/1816 2061/2384/1815 2117/2395/1826 2199/2394/1825
f 2199/2394/1825 2117/2395/1826 2060/2396/1827 2132/2397/1828
f 2101/2334/1765 2199/2394/1825 2132/2397/1828 2052/2335/1766
f 2052/2335/1766 2132/2397/1828 2200/2398/1829 2108/2340/1771
f 2132/2397/1828 2060/2396/1827 2124/2399/1830 2200/2398/1829
f 2200/2398/1829 2124/2399/1830 2067/2388/1819 2131/2386/1817
f 2108/2340/1771 2200/2398/1829 2131/2386/1817 2059/2341/1772
f 2063/2378/1809 2143/2400/1831 2201/2401/1832 2119/2393/1824
f 2143/2400/1831 2078/2402/1833 2164/2403/1834 2201/2401/1832
f 2201/2401/1832 2164/2403/1834 2076/2404/1835 2156/2405/1836
f 2119/2393/1824 2201/2401/1832 2156/2405/1836 2062/2382/1813
f 2082/2406/1837 2147/2407/1838 2202/2408/1839 2157/2409/1840
f 2147/2407/1838 2069/2410/1841 2133/2411/1842 2202/2408/1839
f 2202/2408/1839 2133/2411/1842 2068/2412/1843 2149/2413/1844
f 2157/2409/1840 2202/2408/1839 2149/2413/1844 2083/2414/1845
f 2083/2414/1845 2149/2413/1844 2203/2415/1846 2158/2416/1847
f 2149/2413/1844 2068/2412/1843 2140/2417/1848 2203/2415/1846
f 2203/2415/1846 2140/2417/1848 2075/2418/1849 2151/2419/1850
f 2158/2416/1847 2203/2415/1846 2151/2419/1850 2081/2420/1851
f 2079/2421/1852 2144/2422/1853 2204/2423/1854 2159/2424/1855
f 2144/2422/1853 2074/2425/1856 2138/2426/1857 2204/2423/1854
f 2204/2423/1854 2138/2426/1857 2073/2427/1858 2152/2428/1859
f 2159/2424/1855 2204/2423/1854 2152/2428/1859 2080/2429/1860
f 2077/2430/1861 2142/2431/1862 2205/2432/1863 2160/2433/1864
f 2142/2431/1862 2072/2434/1865 2136/2435/1866 2205/2432/1863
f 2205/2432/1863 2136/2435/1866 2071/2436/1867 2154/2437/1868
f 2160/2433/1864 2205/2432/1863 2154/2437/1868 2078/2402/1833
f 2076/2404/1835 2141/2438/1869 2206/2439/1870 2161/2440/1871
f 2141/2438/1869 2070/2441/1872 2134/2442/1873 2206/2439/1870
f 2206/2439/1870 2134/2442/1873 2069/2410/1841 2147/2407/1838
f 2161/2440/1871 2206/2439/1870 2147/2407/1838 2082/2406/1837
f 2081/2420/1851 2151/2419/1850 2207/2443/1874 2162/2444/1875
f 2151/2419/1850 2075/2418/1849 2139/2445/1876 2207/2443/1874
f 2207/2443/1874 2139/2445/1876 2074/2425/1856 2144/2422/1853
f 2162/2444/1875 2207/2443/1874 2144/2422/1853 2079/2421/1852
f 2080/2429/1860 2152/2428/1859 2208/2446/1877 2163/2447/1878
f 2152/2428/1859 2073/2427/1858 2137/2448/1879 2208/2446/1877
f 2208/2446/1877 2137/2448/1879 2072/2434/1865 2142/2431/1862
f 2163/2447/1878 2208/2446/1877 2142/2431/1862 2077/2430/1861
f 2061/2384/1815 2150/2449/1880 2209/2450/1881 2117/2395/1826
f 2150/2449/1880 2082/2406/1837 2157/2409/1840 2209/2450/1881
f 2209/2450/1881 2157/2409/1840 2083/2414/1845 2148/2451/1882
f 2117/2395/1826 2209/2450/1881 2148/2451/1882 2060/2396/1827
f 2060/2396/1827 2148/2451/1882 2210/2452/1883 2124/2399/1830
f 2148/2451/1882 2083/2414/1845 2158/2416/1847 2210/2452/1883
f 2210/2452/1883 2158/2416/1847 2081/2420/1851 2146/2453/1884
f 2124/2399/1830 2210/2452/1883 2146/2453/1884 2067/2388/1819
f 2066/2370/1801 2153/2454/1885 2211/2455/1886 2122/2371/1802
f 2153/2454/1885 2079/2421/1852 2159/2424/1855 2211/2455/1886
f 2211/2455/1886 2159/2424/1855 2080/2429/1860 2145/2456/1887
f 2122/2371/1802 2211/2455/1886 2145/2456/1887 2065/2372/1803
f 2064/2376/1807 2155/2457/1888 2212/2458/1889 2120/2377/1808
f 2155/2457/1888 2077/2430/1861 2160/2433/1864 2212/2458/1889
f 2212/2458/1889 2160/2433/1864 2078/2402/1833 2143/2400/1831
f 2120/2377/1808 2212/2458/1889 2143/2400/1831 2063/2378/1809
f 2062/2382/1813 2156/2405/1836 2213/2459/1890 2118/2383/1814
f 2156/2405/1836 2076/2404/1835 2161/2440/1871 2213/2459/1890
f 2213/2459/1890 2161/2440/1871 2082/2406/1837 2150/2449/1880
f 2118/2383/1814 2213/2459/1890 2150/2449/1880 2061/2384/1815
f 2067/2388/1819 2146/2453/1884 2214/2460/1891 2123/2389/1820
f 2146/2453/1884 2081/2420/1851 2162/2444/1875 2214/2460/1891
f 2214/2460/1891 2162/2444/1875 2079/2421/1852 2153/2454/1885
f 2123/2389/1820 2214/2460/1891 2153/2454/1885 2066/2370/1801
f 2065/2372/1803 2145/2456/1887 2215/2461/1892 2121/2391/1822
f 2145/2456/1887 2080/2429/1860 2163/2447/1878 2215/2461/1892
f 2215/2461/1892 2163/2447/1878 2077/2430/1861 2155/2457/1888
f 2121/2391/1822 2215/2461/1892 2155/2457/1888 2064/2376/1807
f 2075/2418/1849 2174/2462/1893 2216/2463/1894 2139/2445/1876
f 2174/2462/1893 2091/2464/1895 2171/2465/1896 2216/2463/1894
f 2216/2463/1894 2171/2465/1896 2090/2466/1897 2173/2467/1898
f 2139/2445/1876 2216/2463/1894 2173/2467/1898 2074/2425/1856
f 2073/2427/1858 2176/2468/1899 2217/2469/1900 2137/2448/1879
f 2176/2468/1899 2089/2470/1901 2169/2471/1902 2217/2469/1900
f 2217/2469/1900 2169/2471/1902 2088/2472/1903 2175/2473/1904
f 2137/2448/1879 2217/2469/1900 2175/2473/1904 2072/2434/1865
f 2071/2436/1867 2178/2474/1905 2218/2475/1906 2135/2476/1907
f 2178/2474/1905 2087/2477/1908 2167/2478/1909 2218/2475/1906
f 2218/2475/1906 2167/2478/1909 2086/2479/1910 2177/2480/1911
f 2135/2476/1907 2218/2475/1906 2177/2480/1911 2070/2441/1872
f 2069/2410/1841 2180/2481/1912 2219/2482/1913 2133/2411/1842
f 2180/2481/1912 2085/2483/1914 2165/2484/1915 2219/2482/1913
f 2219/2482/1913 2165/2484/1915 2084/2485/1916 2179/2486/1917
f 2133/2411/1842 2219/2482/1913 2179/2486/1917 2068/2412/1843
f 2068/2412/1843 2179/2486/1917 2220/2487/1918 2140/2417/1848
f 2179/2486/1917 2084/2485/1916 2172/2488/1919 2220/2487/1918
f 2220/2487/1918 2172/2488/1919 2091/2464/1895 2174/2462/1893
f 2140/2417/1848 2220/2487/1918 2174/2462/1893 2075/2418/1849
f 2074/2425/1856 2173/2467/1898 2221/2489/1920 2138/2426/1857
f 2173/2467/1898 2090/2466/1897 2170/2490/1921 2221/2489/1920
f 2221/2489/1920 2170/2490/1921 2089/2470/1901 2176/2468/1899
f 2138/2426/1857 2221/2489/1920 2176/2468/1899 2073/2427/1858
f 2072/2434/1865 2175/2473/1904 2222/2491/1922 2136/2435/1866
f 2175/2473/1904 2088/2472/1903 2168/2492/1923 2222/2491/1922
f 2222/2491/1922 2168/2492/1923 2087/2477/1908 2178/2474/1905
f 2136/2435/1866 2222/2491/1922 2178/2474/1905 2071/2436/1867
f 2070/2441/1872 2177/2480/1911 2223/2493/1924 2134/2442/1873
f 2177/2480/1911 2086/2479/1910 2166/2494/1925 2223/2493/1924
f 2223/2493/1924 2166/2494/1925 2085/2483/1914 2180/2481/1912
f 2134/2442/1873 2223/2493/1924 2180/2481/1912 2069/2410/1841
f 2084/2485/1916 2165/2484/1915 2224/2495/1745 2172/2488/1919
f 2165/2484/1915 2085/2483/1914 2182/2496/1745 2224/2495/1745
f 2224/2495/1745 2182/2496/1745 2092/2497/1745 2181/2498/1745
f 2172/2488/1919 2224/2495/1745 2181/2498/1745 2091/2464/1895
f 2091/2464/1895 2181/2498/1745 2225/2499/1745 2171/2465/1896
f 2181/2498/1745 2092/2497/1745 2183/2500/1745 2225/2499/1745
f 2225/2499/1745 2183/2500/1745 2089/2470/1901 2170/2490/1921
f 2171/2465/1896 2225/2499/1745 2170/2490/1921 2090/2466/1897
f 2085/2483/1914 2166/2494/1925 2226/2501/1745 2182/2496/1745
f 2166/2494/1925 2086/2479/1910 2167/2478/1909 2226/2501/1745
f 2226/2501/1745 2167/2478/1909 2087/2477/1908 2184/2502/1745
f 2182/2496/1745 2226/2501/1745 2184/2502/1745 2092/2497/1745
f 2092/2497/1745 2184/2502/1745 2227/2503/1745 2183/2500/1745
f 2184/2502/1745 2087/2477/1908 2168/2492/1923 2227/2503/1745
f 2227/2503/1745 2168/2492/1923 2088/2472/1903 2169/2471/1902
f 2183/2500/1745 2227/2503/1745 2169/2471/1902 2089/2470/1901
f 2078/2402/1833 2154/2437/1868 2228/2504/1926 2164/2403/1834
f 2154/2437/1868 2071/2436/1867 2135/2476/1907 2228/2504/1926
f 2228/2504/1926 2135/2476/1907 2070/2441/1872 2141/2438/1869
f 2164/2403/1834 2228/2504/1926 2141/2438/1869 2076/2404/1835
f 2229/2505/1927 2325/2506/1928 2469/2507/1929 2313/2508/1930
f 2325/2506/1928 2241/2509/1931 2326/2510/1932 2469/2507/1929
f 2469/2507/1929 2326/2510/1932 2252/2511/1933 2327/2512/1934
f 2313/2508/1930 2469/2507/1929 2327/2512/1934 2240/2513/1935
f 2230/2514/1936 2328/2515/1937 2470/2516/1938 2314/2517/1939
f 2328/2515/1937 2242/2518/1940 2329/2519/1941 2470/2516/1938
f 2470/2516/1938 2329/2519/1941 2241/2509/1931 2325/2506/1928
f 2314/2517/1939 2470/2516/1938 2325/2506/1928 2229/2505/1927
f 2231/2520/1942 2330/2521/1943 2471/2522/1944 2315/2523/1945
f 2330/2521/1943 2243/2524/1946 2331/2525/1947 2471/2522/1944
f 2471/2522/1944 2331/2525/1947 2242/2518/1940 2328/2515/1937
f 2315/2523/1945 2471/2522/1944 2328/2515/1937 2230/2514/1936
f 2232/2526/1948 2332/2527/1949 2472/2528/1950 2316/2529/1951
f 2332/2527/1949 2244/2530/1952 2333/2531/1953 2472/2528/1950
f 2472/2528/1950 2333/2531/1953 2243/2524/1946 2330/2521/1943
f 2316/2529/1951 2472/2528/1950 2330/2521/1943 2231/2520/1942
f 2233/2532/1954 2334/2533/1955 2473/2534/1956 2317/2535/1957
f 2334/2533/1955 2245/2536/1958 2335/2537/1959 2473/2534/1956
f 2473/2534/1956 2335/2537/1959 2244/2530/1952 2332/2527/1949
f 2317/2535/1957 2473/2534/1956 2332/2527/1949 2232/2526/1948
f 2234/2538/1960 2336/2539/1961 2474/2540/1962 2318/2541/1963
f 2336/2539/1961 2246/2542/1964 2337/2543/1965 2474/2540/1962
f 2474/2540/1962 2337/2543/1965 2245/2536/1958 2334/2533/1955
f 2318/2541/1963 2474/2540/1962 2334/2533/1955 2233/2532/1954
f 2235/2544/1966 2338/2545/1967 2475/2546/1968 2319/2547/1969
f 2338/2545/1967 2247/2548/1970 2339/2549/1971 2475/2546/1968
f 2475/2546/1968 2339/2549/1971 2246/2550/1964 2336/2551/1961
f 2319/2547/1969 2475/2546/1968 2336/2551/1961 2234/2552/1960
f 2236/2553/1972 2340/2554/1973 2476/2555/1974 2320/2556/1975
f 2340/2554/1973 2248/2557/1976 2341/2558/1977 2476/2555/1974
f 2476/2555/1974 2341/2558/1977 2247/2548/1970 2338/2545/1967
f 2320/2556/1975 2476/2555/1974 2338/2545/1967 2235/2544/1966
f 2237/2559/1978 2342/2560/1979 2477/2561/1980 2321/2562/1981
f 2342/2560/1979 2249/2563/1982 2343/2564/1983 2477/2561/1980
f 2477/2561/1980 2343/2564/1983 2248/2557/1976 2340/2554/1973
f 2321/2562/1981 2477/2561/1980 2340/2554/1973 2236/2553/1972
f 2238/2565/1984 2344/2566/1985 2478/2567/1986 2322/2568/1987
f 2344/2566/1985 2250/2569/1988 2345/2570/1989 2478/2567/1986
f 2478/2567/1986 2345/2570/1989 2249/2563/1982 2342/2560/1979
f 2322/2568/1987 2478/2567/1986 2342/2560/1979 2237/2559/1978
f 2239/2571/1990 2346/2572/1991 2479/2573/1992 2323/2574/1993
f 2346/2572/1991 2251/2575/1994 2347/2576/1995 2479/2573/1992
f 2479/2573/1992 2347/2576/1995 2250/2569/1988 2344/2566/1985
f 2323/2574/1993 2479/2573/1992 2344/2566/1985 2238/2565/1984
f 2240/2513/1935 2327/2512/1934 2480/2577/1996 2324/2578/1997
f 2327/2512/1934 2252/2511/1933 2348/2579/1998 2480/2577/1996
f 2480/2577/1996 2348/2579/1998 2251/2575/1994 2346/2572/1991
f 2324/2578/1997 2480/2577/1996 2346/2572/1991 2239/2571/1990
f 2241/2509/1931 2349/2580/1999 2481/2581/2000 2326/2510/1932
f 2349/2580/1999 2253/2582/2001 2350/2583/2002 2481/2581/2000
f 2481/2581/2000 2350/2583/2002 2264/2584/2003 2351/2585/2004
f 2326/2510/1932 2481/2581/2000 2351/2585/2004 2252/2511/1933
f 2242/2518/1940 2352/2586/2005 2482/2587/2006 2329/2519/1941
f 2352/2586/2005 2254/2588/2007 2353/2589/2008 2482/2587/2006
f 2482/2587/2006 2353/2589/2008 2253/2582/2001 2349/2580/1999
f 2329/2519/1941 2482/2587/2006 2349/2580/1999 2241/2509/1931
f 2243/2524/1946 2354/2590/2009 2483/2591/2010 2331/2525/1947
f 2354/2590/2009 2255/2592/2011 2355/2593/2012 2483/2591/2010
f 2483/2591/2010 2355/2593/2012 2254/2588/2007 2352/2586/2005
f 2331/2525/1947 2483/2591/2010 2352/2586/2005 2242/2518/1940
f 2244/2530/1952 2356/2594/2013 2484/2595/2014 2333/2531/1953
f 2356/2594/2013 2256/2596/2015 2357/2597/2016 2484/2595/2014
f 2484/2595/2014 2357/2597/2016 2255/2592/2011 2354/2590/2009
f 2333/2531/1953 2484/2595/2014 2354/2590/2009 2243/2524/1946
f 2245/2536/1958 2358/2598/2017 2485/2599/2018 2335/2537/1959
f 2358/2598/2017 2257/2600/2019 2359/2601/2020 2485/2599/2018
f 2485/2599/2018 2359/2601/2020 2256/2596/2015 2356/2594/2013
f 2335/2537/1959 2485/2599/2018 2356/2594/2013 2244/2530/1952
f 2246/2542/1964 2360/2602/2021 2486/2603/2022 2337/2543/1965
f 2360/2602/2021 2258/2604/2023 2361/2605/2024 2486/2603/2022
f 2486/2603/2022 2361/2605/2024 2257/2600/2019 2358/2598/2017
f 2337/2543/1965 2486/2603/2022 2358/2598/2017 2245/2536/1958
f 2247/2548/1970 2362/2606/2025 2487/2607/2026 2339/2549/1971
f 2362/2606/2025 2259/2608/2027 2363/2609/2028 2487/2607/2026
f 2487/2607/2026 2363/2609/2028 2258/2610/2023 2360/2611/2021
f 2339/2549/1971 2487/2607/2026 2360/2611/2021 2246/2550/1964
f 2248/2557/1976 2364/2612/2029 2488/2613/2030 2341/2558/1977
f 2364/2612/2029 2260/2614/2031 2365/2615/2032 2488/2613/2030
f 2488/2613/2030 2365/2615/2032 2259/2608/2027 2362/2606/2025
f 2341/2558/1977 2488/2613/2030 2362/2606/2025 2247/2548/1970
f 2249/2563/1982 2366/2616/2033 2489/2617/2034 2343/2564/1983
f 2366/2616/2033 2261/2618/2035 2367/2619/2036 2489/2617/2034
f 2489/2617/2034 2367/2619/2036 2260/2614/2031 2364/2612/2029
f 2343/2564/1983 2489/2617/2034 2364/2612/2029 2248/2557/1976
f 2250/2569/1988 2368/2620/2037 2490/2621/2038 2345/2570/1989
f 2368/2620/2037 2262/2622/2039 2369/2623/2040 2490/2621/2038
f 2490/2621/2038 2369/2623/2040 2261/2618/2035 2366/2616/2033
f 2345/2570/1989 2490/2621/2038 2366/2616/2033 2249/2563/1982
f 2251/2575/1994 2370/2624/2041 2491/2625/2042 2347/2576/1995
f 2370/2624/2041 2263/2626/2043 2371/2627/2044 2491/2625/2042
f 2491/2625/2042 2371/2627/2044 2262/2622/2039 2368/2620/2037
f 2347/2576/1995 2491/2625/2042 2368/2620/2037 2250/2569/1988
f 2252/2511/1933 2351/2585/2004 2492/2628/2045 2348/2579/1998
f 2351/2585/2004 2264/2584/2003 2372/2629/2046 2492/2628/2045
f 2492/2628/2045 2372/2629/2046 2263/2626/2043 2370/2624/2041
f 2348/2579/1998 2492/2628/2045 2370/2624/2041 2251/2575/1994
f 2253/2582/2001 2373/2630/2047 2493/2631/2048 2350/2583/2002
f 2373/2630/2047 2265/2632/2049 2374/2633/2050 2493/2631/2048
f 2493/2631/2048 2374/2633/2050 2276/2634/1750 2375/2635/2051
f 2350/2583/2002 2493/2631/2048 2375/2635/2051 2264/2584/2003
f 2254/2588/2007 2376/2636/2052 2494/2637/2053 2353/2589/2008
f 2376/2636/2052 2266/2638/2054 2377/2639/2055 2494/2637/2053
f 2494/2637/2053 2377/2639/2055 2265/2632/2049 2373/2630/2047
f 2353/2589/2008 2494/2637/2053 2373/2630/2047 2253/2582/2001
f 2255/2592/2011 2378/2640/2056 2495/2641/2057 2355/2593/2012
f 2378/2640/2056 2267/2642/2058 2379/2643/2059 2495/2641/2057
f 2495/2641/2057 2379/2643/2059 2266/2638/2054 2376/2636/2052
f 2355/2593/2012 2495/2641/2057 2376/2636/2052 2254/2588/2007
f 2256/2596/2015 2380/2644/2060 2496/2645/2061 2357/2597/2016
f 2380/2644/2060 2268/2646/2062 2381/2647/2063 2496/2645/2061
f 2496/2645/2061 2381/2647/2063 2267/2642/2058 2378/2640/2056
f 2357/2597/2016 2496/2645/2061 2378/2640/2056 2255/2592/2011
f 2257/2600/2019 2382/2648/2064 2497/2649/2065 2359/2601/2020
f 2382/2648/2064 2269/2650/2066 2383/2651/2067 2497/2649/2065
f 2497/2649/2065 2383/2651/2067 2268/2646/2062 2380/2644/2060
f 2359/2601/2020 2497/2649/2065 2380/2644/2060 2256/2596/2015
f 2258/2604/2023 2384/2652/2068 2498/2653/2069 2361/2605/2024
f 2384/2652/2068 2270/2654/1748 2385/2655/2070 2498/2653/2069
f 2498/2653/2069 2385/2655/2070 2269/2650/2066 2382/2648/2064
f 2361/2605/2024 2498/2653/2069 2382/2648/2064 2257/2600/2019
f 2259/2608/2027 2386/2656/2071 2499/2657/2072 2363/2609/2028
f 2386/2656/2071 2271/2658/2073 2387/2659/2074 2499/2657/2072
f 2499/2657/2072 2387/2659/2074 2270/2660/1748 2384/2661/2068
f 2363/2609/2028 2499/2657/2072 2384/2661/2068 2258/2610/2023
f 2260/2614/2031 2388/2662/2075 2500/2663/2076 2365/2615/2032
f 2388/2662/2075 2272/2664/2077 2389/2665/2078 2500/2663/2076
f 2500/2663/2076 2389/2665/2078 2271/2658/2073 2386/2656/2071
f 2365/2615/2032 2500/2663/2076 2386/2656/2071 2259/2608/2027
f 2261/2618/2035 2390/2666/2079 2501/2667/2080 2367/2619/2036
f 2390/2666/2079 2273/2668/2081 2391/2669/2082 2501/2667/2080
f 2501/2667/2080 2391/2669/2082 2272/2664/2077 2388/2662/2075
f 2367/2619/2036 2501/2667/2080 2388/2662/2075 2260/2614/2031
f 2262/2622/2039 2392/2670/2083 2502/2671/2084 2369/2623/2040
f 2392/2670/2083 2274/2672/2085 2393/2673/2086 2502/2671/2084
f 2502/2671/2084 2393/2673/2086 2273/2668/2081 2390/2666/2079
f 2369/2623/2040 2502/2671/2084 2390/2666/2079 2261/2618/2035
f 2263/2626/2043 2394/2674/2087 2503/2675/2088 2371/2627/2044
f 2394/2674/2087 2275/2676/2089 2395/2677/2090 2503/2675/2088
f 2503/2675/2088 2395/2677/2090 2274/2672/2085 2392/2670/2083
f 2371/2627/2044 2503/2675/2088 2392/2670/2083 2262/2622/2039
f 2264/2584/2003 2375/2635/2051 2504/2678/2091 2372/2629/2046
f 2375/2635/2051 2276/2634/1750 2396/2679/2092 2504/2678/2091
f 2504/2678/2091 2396/2679/2092 2275/2676/2089 2394/2674/2087
f 2372/2629/2046 2504/2678/2091 2394/2674/2087 2263/2626/2043
f 2265/2632/2049 2397/2680/2093 2505/2681/2094 2374/2633/2050
f 2397/2680/2093 2277/2682/2095 2398/2683/2096 2505/2681/2094
f 2505/2681/2094 2398/2683/2096 2288/2684/2097 2399/2685/2098
f 2374/2633/2050 2505/2681/2094 2399/2685/2098 2276/2634/1750
f 2266/2638/2054 2400/2686/2099 2506/2687/2100 2377/2639/2055
f 2400/2686/2099 2278/2688/2101 2401/2689/2102 2506/2687/2100
f 2506/2687/2100 2401/2689/2102 2277/2682/2095 2397/2680/2093
f 2377/2639/2055 2506/2687/2100 2397/2680/2093 2265/2632/2049
f 2267/2642/2058 2402/2690/2103 2507/2691/2104 2379/2643/2059
f 2402/2690/2103 2279/2692/2105 2403/2693/2106 2507/2691/2104
f 2507/2691/2104 2403/2693/2106 2278/2688/2101 2400/2686/2099
f 2379/2643/2059 2507/2691/2104 2400/2686/2099 2266/2638/2054
f 2268/2646/2062 2404/2694/2107 2508/2695/2108 2381/2647/2063
f 2404/2694/2107 2280/2696/2109 2405/2697/2110 2508/2695/2108
f 2508/2695/2108 2405/2697/2110 2279/2692/2105 2402/2690/2103
f 2381/2647/2063 2508/2695/2108 2402/2690/2103 2267/2642/2058
f 2269/2650/2066 2406/2698/2111 2509/2699/2112 2383/2651/2067
f 2406/2698/2111 2281/2700/2113 2407/2701/2114 2509/2699/2112
f 2509/2699/2112 2407/2701/2114 2280/2696/2109 2404/2694/2107
f 2383/2651/2067 2509/2699/2112 2404/2694/2107 2268/2646/2062
f 2270/2654/1748 2408/2702/2115 2510/2703/2116 2385/2655/2070
f 2408/2702/2115 2282/2704/2117 2409/2705/2118 2510/2703/2116
f 2510/2703/2116 2409/2705/2118 2281/2700/2113 2406/2698/2111
f 2385/2655/2070 2510/2703/2116 2406/2698/2111 2269/2650/2066
f 2271/2658/2073 2410/2706/2119 2511/2707/2120 2387/2659/2074
f 2410/2706/2119 2283/2708/2121 2411/2709/2122 2511/2707/2120
f 2511/2707/2120 2411/2709/2122 2282/2710/2117 2408/2711/2115
f 2387/2659/2074 2511/2707/2120 2408/2711/2115 2270/2660/1748
f 2272/2664/2077 2412/2712/2123 2512/2713/2124 2389/2665/2078
f 2412/2712/2123 2284/2714/2125 2413/2715/2126 2512/2713/2124
f 2512/2713/2124 2413/2715/2126 2283/2708/2121 2410/2706/2119
f 2389/2665/2078 2512/2713/2124 2410/2706/2119 2271/2658/2073
f 2273/2668/2081 2414/2716/2127 2513/2717/2128 2391/2669/2082
f 2414/2716/2127 2285/2718/2129 2415/2719/2130 2513/2717/2128
f 2513/2717/2128 2415/2719/2130 2284/2714/2125 2412/2712/2123
f 2391/2669/2082 2513/2717/2128 2412/2712/2123 2272/2664/2077
f 2274/2672/2085 2416/2720/2131 2514/2721/2132 2393/2673/2086
f 2416/2720/2131 2286/2722/2133 2417/2723/2134 2514/2721/2132
f 2514/2721/2132 2417/2723/2134 2285/2718/2129 2414/2716/2127
f 2393/2673/2086 2514/2721/2132 2414/2716/2127 2273/2668/2081
f 2275/2676/2089 2418/2724/2135 2515/2725/2136 2395/2677/2090
f 2418/2724/2135 2287/2726/2137 2419/2727/2138 2515/2725/2136
f 2515/2725/2136 2419/2727/2138 2286/2722/2133 2416/2720/2131
f 2395/2677/2090 2515/2725/2136 2416/2720/2131 2274/2672/2085
f 2276/2634/1750 2399/2685/2098 2516/2728/2139 2396/2679/2092
f 2399/2685/2098 2288/2684/2097 2420/2729/2140 2516/2728/2139
f 2516/2728/2139 2420/2729/2140 2287/2726/2137 2418/2724/2135
f 2396/2679/2092 2516/2728/2139 2418/2724/2135 2275/2676/2089
f 2277/2682/2095 2421/2730/2141 2517/2731/2142 2398/2683/2096
f 2421/2730/2141 2289/2732/2143 2422/2733/2144 2517/2731/2142
f 2517/2731/2142 2422/2733/2144 2300/2734/2145 2423/2735/2146
f 2398/2683/2096 2517/2731/2142 2423/2735/2146 2288/2684/2097
f 2278/2688/2101 2424/2736/2147 2518/2737/2148 2401/2689/2102
f 2424/2736/2147 2290/2738/2149 2425/2739/2150 2518/2737/2148
f 2518/2737/2148 2425/2739/2150 2289/2732/2143 2421/2730/2141
f 2401/2689/2102 2518/2737/2148 2421/2730/2141 2277/2682/2095
f 2279/2692/2105 2426/2740/2151 2519/2741/2152 2403/2693/2106
f 2426/2740/2151 2291/2742/2153 2427/2743/2154 2519/2741/2152
f 2519/2741/2152 2427/2743/2154 2290/2738/2149 2424/2736/2147
f 2403/2693/2106 2519/2741/2152 2424/2736/2147 2278/2688/2101
f 2280/2696/2109 2428/2744/2155 2520/2745/2156 2405/2697/2110
f 2428/2744/2155 2292/2746/2157 2429/2747/2158 2520/2745/2156
f 2520/2745/2156 2429/2747/2158 2291/2742/2153 2426/2740/2151
f 2405/2697/2110 2520/2745/2156 2426/2740/2151 2279/2692/2105
f 2281/2700/2113 2430/2748/2159 2521/2749/2160 2407/2701/2114
f 2430/2748/2159 2293/2750/2161 2431/2751/2162 2521/2749/2160
f 2521/2749/2160 2431/2751/2162 2292/2746/2157 2428/2744/2155
f 2407/2701/2114 2521/2749/2160 2428/2744/2155 2280/2696/2109
f 2282/2704/2117 2432/2752/2163 2522/2753/2164 2409/2705/2118
f 2432/2752/2163 2294/2754/2165 2433/2755/2166 2522/2753/2164
f 2522/2753/2164 2433/2755/2166 2293/2750/2161 2430/2748/2159
f 2409/2705/2118 2522/2753/2164 2430/2748/2159 2281/2700/2113
f 2283/2708/2121 2434/2756/2167 2523/2757/2168 2411/2709/2122
f 2434/2756/2167 2295/2758/2169 2435/2759/2170 2523/2757/2168
f 2523/2757/2168 2435/2759/2170 2294/2760/2165 2432/2761/2163
f 2411/2709/2122 2523/2757/2168 2432/2761/2163 2282/2710/2117
f 2284/2714/2125 2436/2762/2171 2524/2763/2172 2413/2715/2126
f 2436/2762/2171 2296/2764/2173 2437/2765/2174 2524/2763/2172
f 2524/2763/2172 2437/2765/2174 2295/2758/2169 2434/2756/2167
f 2413/2715/2126 2524/2763/2172 2434/2756/2167 2283/2708/2121
f 2285/2718/2129 2438/2766/2175 2525/2767/2176 2415/2719/2130
f 2438/2766/2175 2297/2768/2177 2439/2769/2178 2525/2767/2176
f 2525/2767/2176 2439/2769/2178 2296/2764/2173 2436/2762/2171
f 2415/2719/2130 2525/2767/2176 2436/2762/2171 2284/2714/2125
f 2286/2722/2133 2440/2770/2179 2526/2771/2180 2417/2723/2134
f 2440/2770/2179 2298/2772/2181 2441/2773/2182 2526/2771/2180
f 2526/2771/2180 2441/2773/2182 2297/2768/2177 2438/2766/2175
f 2417/2723/2134 2526/2771/2180 2438/2766/2175 2285/2718/2129
f 2287/2726/2137 2442/2774/2183 2527/2775/2184 2419/2727/2138
f 2442/2774/2183 2299/2776/2185 2443/2777/2186 2527/2775/2184
f 2527/2775/2184 2443/2777/2186 2298/2772/2181 2440/2770/2179
f 2419/2727/2138 2527/2775/2184 2440/2770/2179 2286/2722/2133
f 2288/2684/2097 2423/2735/2146 2528/2778/2187 2420/2729/2140
f 2423/2735/2146 2300/2734/2145 2444/2779/2188 2528/2778/2187
f 2528/2778/2187 2444/2779/2188 2299/2776/2185 2442/2774/2183
f 2420/2729/2140 2528/2778/2187 2442/2774/2183 2287/2726/2137
f 2289/2732/2143 2445/2780/2189 2529/2781/2190 2422/2733/2144
f 2445/2780/2189 2301/2782/2191 2446/2783/2192 2529/2781/2190
f 2529/2781/2190 2446/2783/2192 2312/2784/2193 2447/2785/2194
f 2422/2733/2144 2529/2781/2190 2447/2785/2194 2300/2734/2145
f 2290/2738/2149 2448/2786/2195 2530/2787/2196 2425/2739/2150
f 2448/2786/2195 2302/2788/2197 2449/2789/2198 2530/2787/2196
f 2530/2787/2196 2449/2789/2198 2301/2782/2191 2445/2780/2189
f 2425/2739/2150 2530/2787/2196 2445/2780/2189 2289/2732/2143
f 2291/2742/2153 2450/2790/2199 2531/2791/2200 2427/2743/2154
f 2450/2790/2199 2303/2792/2201 2451/2793/2202 2531/2791/2200
f 2531/2791/2200 2451/2793/2202 2302/2788/2197 2448/2786/2195
f 2427/2743/2154 2531/2791/2200 2448/2786/2195 2290/2738/2149
f 2292/2746/2157 2452/2794/2203 2532/2795/2204 2429/2747/2158
f 2452/2794/2203 2304/2796/2205 2453/2797/2206 2532/2795/2204
f 2532/2795/2204 2453/2797/2206 2303/2792/2201 2450/2790/2199
f 2429/2747/2158 2532/2795/2204 2450/2790/2199 2291/2742/2153
f 2293/2750/2161 2454/2798/2207 2533/2799/2208 2431/2751/2162
f 2454/2798/2207 2305/2800/2209 2455/2801/2210 2533/2799/2208
f 2533/2799/2208 2455/2801/2210 2304/2796/2205 2452/2794/2203
f 2431/2751/2162 2533/2799/2208 2452/2794/2203 2292/2746/2157
f 2294/2754/2165 2456/2802/2211 2534/2803/2212 2433/2755/2166
f 2456/2802/2211 2306/2804/2213 2457/2805/2214 2534/2803/2212
f 2534/2803/2212 2457/2805/2214 2305/2800/2209 2454/2798/2207
f 2433/2755/2166 2534/2803/2212 2454/2798/2207 2293/2750/2161
f 2295/2758/2169 2458/2806/2215 2535/2807/2216 2435/2759/2170
f 2458/2806/2215 2307/2808/2217 2459/2809/2218 2535/2807/2216
f 2535/2807/2216 2459/2809/2218 2306/2810/2213 2456/2811/2211
f 2435/2759/2170 2535/2807/2216 2456/2811/2211 2294/2760/2165
f 2296/2764/2173 2460/2812/2219 2536/2813/2220 2437/2765/2174
f 2460/2812/2219 2308/2814/2221 2461/2815/2222 2536/2813/2220
f 2536/2813/2220 2461/2815/2222 2307/2808/2217 2458/2806/2215
f 2437/2765/2174 2536/2813/2220 2458/2806/2215 2295/2758/2169
f 2297/2768/2177 2462/2816/2223 2537/2817/2224 2439/2769/2178
f 2462/2816/2223 2309/2818/2225 2463/2819/2226 2537/2817/2224
f 2537/2817/2224 2463/2819/2226 2308/2814/2221 2460/2812/2219
f 2439/2769/2178 2537/2817/2224 2460/2812/2219 2296/2764/2173
f 2298/2772/2181 2464/2820/2227 2538/2821/2228 2441/2773/2182
f 2464/2820/2227 2310/2822/2229 2465/2823/2230 2538/2821/2228
f 2538/2821/2228 2465/2823/2230 2309/2818/2225 2462/2816/2223
f 2441/2773/2182 2538/2821/2228 2462/2816/2223 2297/2768/2177
f 2299/2776/2185 2466/2824/2231 2539/2825/2232 2443/2777/2186
f 2466/2824/2231 2311/2826/2233 2467/2827/2234 2539/2825/2232
f 2539/2825/2232 2467/2827/2234 2310/2822/2229 2464/2820/2227
f 2443/2777/2186 2539/2825/2232 2464/2820/2227 2298/2772/2181
f 2300/2734/2145 2447/2785/2194 2540/2828/2235 2444/2779/2188
f 2447/2785/2194 2312/2784/2193 2468/2829/2236 2540/2828/2235
f 2540/2828/2235 2468/2829/2236 2311/2826/2233 2466/2824/2231
f 2444/2779/2188 2540/2828/2235 2466/2824/2231 2299/2776/2185
o Silver_Metal_Office__DESK.002
v -0.907819 0.670234 0.232785
v -0.371704 0.670234 0.232785
v -0.907819 0.504299 0.232785
v -0.371704 0.504299 0.232785
v -0.907819 0.670234 0.214600
v -0.371704 0.670234 0.214600
v -0.907819 0.504299 0.214600
v -0.371704 0.504299 0.214600
v -0.907819 0.645460 0.214600
v -0.371704 0.645460 0.214600
v -0.907819 0.504299 0.214600
v -0.371704 0.504299 0.214600
v -0.907819 0.645460 -0.217072
v -0.371704 0.645460 -0.217072
v -0.907819 0.504299 -0.217072
v -0.371704 0.504299 -0.217072
v -0.888819 0.645460 0.214600
v -0.390704 0.645460 0.214600
v -0.888819 0.523299 0.214600
v -0.390704 0.523299 0.214600
v -0.888819 0.645460 -0.198072
v -0.390704 0.645460 -0.198072
v -0.888819 0.523299 -0.198072
v -0.390704 0.523299 -0.198072
v -0.639761 0.588763 0.234865
v -0.643642 0.587156 0.234865
v -0.645249 0.583275 0.234865
v -0.643642 0.579394 0.234865
v -0.639761 0.577787 0.234865
v -0.635880 0.579394 0.234865
v -0.634273 0.583275 0.234865
v -0.635880 0.587156 0.234865
v -0.639761 0.589749 0.235933
v -0.644339 0.587853 0.235933
v -0.646235 0.583275 0.235933
v -0.644339 0.578698 0.235933
v -0.639761 0.576802 0.235933
v -0.635184 0.578698 0.235933
v -0.633288 0.583275 0.235933
v -0.635184 0.587853 0.235933
v -0.639761 0.594788 0.237322
v -0.647902 0.591416 0.237322
v -0.651274 0.583275 0.237322
v -0.647902 0.575134 0.237322
v -0.639761 0.571762 0.237322
v -0.631620 0.575134 0.237322
v -0.628248 0.583275 0.237322
v -0.631620 0.591416 0.237322
v -0.639761 0.595105 0.249070
v -0.648126 0.591640 0.249070
v -0.651591 0.583275 0.249070
v -0.648126 0.574910 0.249070
v -0.639761 0.571446 0.249070
v -0.631396 0.574910 0.249070
v -0.627932 0.583275 0.249070
v -0.631396 0.591640 0.249070
v -0.655552 0.583275 0.243196
v -0.639761 0.567485 0.243196
v -0.650927 0.572110 0.243196
v -0.623971 0.583275 0.243196
v -0.628596 0.572110 0.243196
v -0.628596 0.594441 0.243196
v -0.650927 0.594441 0.243196
v -0.639761 0.599066 0.243196
v -0.639761 0.591126 0.250245
v -0.644588 0.588102 0.250245
v -0.647612 0.583275 0.250245
v -0.644588 0.578449 0.250245
v -0.639761 0.575425 0.250245
v -0.634935 0.578449 0.250245
v -0.631911 0.583275 0.250245
v -0.634935 0.588102 0.250245
v -0.639761 0.583275 0.250245
v -0.641859 0.588340 0.234865
v -0.644826 0.585373 0.234865
v -0.644826 0.581177 0.234865
v -0.641859 0.578211 0.234865
v -0.637663 0.578211 0.234865
v -0.634697 0.581177 0.234865
v -0.634697 0.585373 0.234865
v -0.637663 0.588340 0.234865
v -0.642236 0.589249 0.235933
v -0.645735 0.585750 0.235933
v -0.645735 0.580801 0.235933
v -0.642236 0.577301 0.235933
v -0.637287 0.577301 0.235933
v -0.633787 0.580801 0.235933
v -0.633787 0.585750 0.235933
v -0.637287 0.589249 0.235933
v -0.645373 0.583275 0.235479
v -0.643729 0.579307 0.235479
v -0.639761 0.588887 0.235479
v -0.643729 0.587243 0.235479
v -0.635793 0.587243 0.235479
v -0.635793 0.579307 0.235479
v -0.634150 0.583275 0.235479
v -0.639761 0.577664 0.235479
v -0.644162 0.593899 0.237322
v -0.650385 0.587676 0.237322
v -0.650385 0.578875 0.237322
v -0.644162 0.572651 0.237322
v -0.635360 0.572651 0.237322
v -0.629137 0.578875 0.237322
v -0.629137 0.587676 0.237322
v -0.635360 0.593899 0.237322
v -0.633693 0.577207 0.236267
v -0.631179 0.583275 0.236267
v -0.645829 0.577207 0.236267
v -0.639761 0.574694 0.236267
v -0.645829 0.589343 0.236267
v -0.648343 0.583275 0.236267
v -0.633693 0.589343 0.236267
v -0.639761 0.591857 0.236267
v -0.644283 0.594192 0.249070
v -0.650678 0.587797 0.249070
v -0.650678 0.578753 0.249070
v -0.644283 0.572359 0.249070
v -0.635239 0.572359 0.249070
v -0.628845 0.578753 0.249070
v -0.628845 0.587797 0.249070
v -0.635239 0.594192 0.249070
v -0.654233 0.583275 0.246573
v -0.639761 0.568803 0.246573
v -0.649967 0.573070 0.239818
v -0.625289 0.583275 0.246573
v -0.629556 0.573070 0.239818
v -0.629556 0.593481 0.239818
v -0.649995 0.593509 0.246573
v -0.639761 0.597708 0.239818
v -0.639761 0.597747 0.246573
v -0.649967 0.593481 0.239818
v -0.629528 0.593509 0.246573
v -0.629528 0.573042 0.246573
v -0.625328 0.583275 0.239818
v -0.649995 0.573042 0.246573
v -0.639761 0.568842 0.239818
v -0.654194 0.583275 0.239818
v -0.645797 0.597847 0.243196
v -0.633725 0.597847 0.243196
v -0.625189 0.577239 0.243196
v -0.645797 0.568703 0.243196
v -0.654333 0.589311 0.243196
v -0.625189 0.589311 0.243196
v -0.633725 0.568703 0.243196
v -0.654333 0.577239 0.243196
v -0.641983 0.590071 0.250245
v -0.646557 0.585497 0.250245
v -0.646557 0.581053 0.250245
v -0.641983 0.576479 0.250245
v -0.637539 0.576479 0.250245
v -0.632965 0.581053 0.250245
v -0.632965 0.585497 0.250245
v -0.637539 0.590071 0.250245
v -0.630276 0.583275 0.250098
v -0.633130 0.589906 0.250098
v -0.639761 0.573790 0.250098
v -0.633130 0.576644 0.250098
v -0.649247 0.583275 0.250098
v -0.646392 0.576644 0.250098
v -0.639761 0.592761 0.250098
v -0.646392 0.589906 0.250098
v -0.637199 0.585838 0.250245
v -0.642324 0.585838 0.250245
v -0.637199 0.580713 0.250245
v -0.642324 0.580713 0.250245
v -0.644939 0.581130 0.235479
v -0.641906 0.588453 0.235479
v -0.637616 0.588453 0.235479
v -0.634583 0.581130 0.235479
v -0.641906 0.578097 0.235479
v -0.644939 0.585420 0.235479
v -0.634583 0.585420 0.235479
v -0.637616 0.578097 0.235479
v -0.631842 0.579995 0.236267
v -0.643041 0.575356 0.236267
v -0.647680 0.586555 0.236267
v -0.631842 0.586555 0.236267
v -0.636481 0.575356 0.236267
v -0.647680 0.579995 0.236267
v -0.643041 0.591194 0.236267
v -0.636481 0.591194 0.236267
v -0.653080 0.577758 0.239818
v -0.645293 0.596630 0.246574
v -0.634229 0.596630 0.246574
v -0.626406 0.577743 0.246573
v -0.645293 0.569920 0.246573
v -0.653116 0.588807 0.246573
v -0.626406 0.588807 0.246573
v -0.634229 0.569920 0.246573
v -0.645278 0.596594 0.239818
v -0.634244 0.596594 0.239818
v -0.626442 0.577758 0.239818
v -0.645278 0.569956 0.239818
v -0.653080 0.588792 0.239818
v -0.626442 0.588792 0.239818
v -0.634244 0.569956 0.239818
v -0.631045 0.586820 0.250098
v -0.636217 0.574559 0.250098
v -0.648477 0.579731 0.250098
v -0.643306 0.591991 0.250098
v -0.636217 0.591991 0.250098
v -0.631045 0.579731 0.250098
v -0.643306 0.574559 0.250098
v -0.648477 0.586820 0.250098
v -0.639761 0.588114 0.250245
v -0.634922 0.583275 0.250245
v -0.644600 0.583275 0.250245
v -0.639761 0.578436 0.250245
v -0.653116 0.577743 0.246573
v -0.624776 0.582224 0.244411
v -0.625391 0.581609 0.245280
v -0.626231 0.580769 0.245599
v -0.627071 0.579929 0.245280
v -0.627686 0.579314 0.244411
v -0.627912 0.579089 0.243222
v -0.627686 0.579314 0.242034
v -0.627071 0.579929 0.241165
v -0.626231 0.580769 0.240846
v -0.625391 0.581609 0.241164
v -0.624776 0.582224 0.242034
v -0.624551 0.582450 0.243222
v -0.620638 0.567239 0.244411
v -0.621423 0.567239 0.245280
v -0.622495 0.567239 0.245599
v -0.623567 0.567239 0.245280
v -0.624352 0.567239 0.244411
v -0.624639 0.567239 0.243222
v -0.624352 0.567239 0.242034
v -0.623567 0.567239 0.241164
v -0.622495 0.567239 0.240846
v -0.621423 0.567239 0.241164
v -0.620638 0.567239 0.242034
v -0.620351 0.567239 0.243222
v -0.626239 0.553717 0.244411
v -0.626794 0.554272 0.245280
v -0.627552 0.555030 0.245599
v -0.628310 0.555788 0.245280
v -0.628865 0.556343 0.244411
v -0.629068 0.556547 0.243222
v -0.628865 0.556343 0.242034
v -0.628310 0.555788 0.241164
v -0.627552 0.555030 0.240846
v -0.626794 0.554272 0.241164
v -0.626239 0.553717 0.242034
v -0.626036 0.553514 0.243222
v -0.639761 0.548116 0.244411
v -0.639761 0.548901 0.245280
v -0.639761 0.549973 0.245599
v -0.639761 0.551045 0.245280
v -0.639761 0.551830 0.244411
v -0.639761 0.552117 0.243222
v -0.639761 0.551830 0.242034
v -0.639761 0.551045 0.241164
v -0.639761 0.549973 0.240846
v -0.639761 0.548901 0.241164
v -0.639761 0.548116 0.242034
v -0.639761 0.547829 0.243222
v -0.653283 0.553717 0.244411
v -0.652728 0.554272 0.245280
v -0.651970 0.555030 0.245599
v -0.651212 0.555788 0.245280
v -0.650657 0.556343 0.244411
v -0.650454 0.556547 0.243222
v -0.650657 0.556343 0.242034
v -0.651212 0.555788 0.241164
v -0.651970 0.555030 0.240846
v -0.652728 0.554272 0.241164
v -0.653283 0.553717 0.242034
v -0.653486 0.553514 0.243222
v -0.658884 0.567239 0.244411
v -0.658100 0.567239 0.245280
v -0.657027 0.567239 0.245599
v -0.655955 0.567239 0.245280
v -0.655170 0.567239 0.244411
v -0.654883 0.567239 0.243222
v -0.655170 0.567239 0.242034
v -0.655955 0.567239 0.241164
v -0.657027 0.567239 0.240846
v -0.658100 0.567239 0.241164
v -0.658884 0.567239 0.242034
v -0.659172 0.567239 0.243222
v -0.654746 0.582224 0.244411
v -0.654131 0.581609 0.245280
v -0.653291 0.580769 0.245599
v -0.652451 0.579929 0.245280
v -0.651836 0.579314 0.244411
v -0.651611 0.579089 0.243222
v -0.651836 0.579314 0.242034
v -0.652451 0.579929 0.241164
v -0.653291 0.580769 0.240846
v -0.654131 0.581609 0.241164
v -0.654746 0.582224 0.242034
v -0.654971 0.582450 0.243222
v -0.624608 0.582392 0.243837
v -0.625043 0.581957 0.244902
v -0.625796 0.581204 0.245517
v -0.626666 0.580334 0.245517
v -0.627419 0.579581 0.244902
v -0.627854 0.579146 0.243837
v -0.627854 0.579146 0.242608
v -0.627419 0.579581 0.241543
v -0.626666 0.580334 0.240928
v -0.625796 0.581204 0.240928
v -0.625043 0.581957 0.241543
v -0.624608 0.582392 0.242608
v -0.621931 0.574732 0.244411
v -0.620424 0.567239 0.243837
v -0.621663 0.574844 0.243222
v -0.622663 0.574424 0.245280
v -0.620979 0.567239 0.244902
v -0.623663 0.574004 0.245599
v -0.621940 0.567239 0.245517
v -0.624662 0.573584 0.245280
v -0.623050 0.567239 0.245517
v -0.625394 0.573277 0.244411
v -0.624011 0.567239 0.244902
v -0.625662 0.573164 0.243222
v -0.624566 0.567239 0.243837
v -0.625394 0.573277 0.242034
v -0.624566 0.567239 0.242608
v -0.624662 0.573584 0.241164
v -0.624011 0.567239 0.241543
v -0.623663 0.574004 0.240846
v -0.623050 0.567239 0.240928
v -0.622663 0.574424 0.241164
v -0.621940 0.567239 0.240928
v -0.621931 0.574732 0.242034
v -0.620979 0.567239 0.241542
v -0.620424 0.567239 0.242608
v -0.622114 0.559929 0.244411
v -0.626088 0.553566 0.243837
v -0.621849 0.559820 0.243222
v -0.622838 0.560230 0.245280
v -0.626480 0.553958 0.244902
v -0.623828 0.560639 0.245599
v -0.627160 0.554638 0.245517
v -0.624817 0.561049 0.245280
v -0.627944 0.555423 0.245517
v -0.625541 0.561349 0.244411
v -0.628624 0.556102 0.244902
v -0.625807 0.561459 0.243222
v -0.629016 0.556495 0.243837
v -0.625541 0.561349 0.242034
v -0.629016 0.556495 0.242608
v -0.624817 0.561049 0.241164
v -0.628624 0.556102 0.241543
v -0.623828 0.560639 0.240846
v -0.627944 0.555423 0.240928
v -0.622838 0.560230 0.241164
v -0.627160 0.554638 0.240928
v -0.622114 0.559929 0.242034
v -0.626480 0.553958 0.241543
v -0.626088 0.553566 0.242608
v -0.632451 0.549592 0.244411
v -0.639761 0.547902 0.243837
v -0.632342 0.549327 0.243222
v -0.632751 0.550316 0.245280
v -0.639761 0.548457 0.244902
v -0.633161 0.551306 0.245599
v -0.639761 0.549418 0.245517
v -0.633571 0.552295 0.245280
v -0.639761 0.550528 0.245517
v -0.633871 0.553019 0.244411
v -0.639761 0.551489 0.244902
v -0.633981 0.553285 0.243222
v -0.639761 0.552044 0.243837
v -0.633871 0.553019 0.242034
v -0.639761 0.552044 0.242608
v -0.633571 0.552295 0.241164
v -0.639761 0.551489 0.241543
v -0.633161 0.551306 0.240846
v -0.639761 0.550528 0.240928
v -0.632751 0.550316 0.241164
v -0.639761 0.549418 0.240928
v -0.632451 0.549592 0.242034
v -0.639761 0.548457 0.241543
v -0.639761 0.547902 0.242608
v -0.647071 0.549592 0.244411
v -0.653435 0.553566 0.243837
v -0.647181 0.549327 0.243222
v -0.646771 0.550316 0.245280
v -0.653042 0.553958 0.244902
v -0.646361 0.551306 0.245599
v -0.652363 0.554638 0.245517
v -0.645951 0.552295 0.245280
v -0.651578 0.555423 0.245517
v -0.645651 0.553019 0.244411
v -0.650898 0.556102 0.244902
v -0.645541 0.553285 0.243222
v -0.650506 0.556495 0.243837
v -0.645651 0.553019 0.242034
v -0.650506 0.556495 0.242608
v -0.645951 0.552295 0.241164
v -0.650898 0.556102 0.241543
v -0.646361 0.551306 0.240846
v -0.651578 0.555423 0.240928
v -0.646771 0.550316 0.241164
v -0.652363 0.554638 0.240928
v -0.647071 0.549592 0.242034
v -0.653042 0.553958 0.241542
v -0.653435 0.553566 0.242608
v -0.657408 0.559929 0.244411
v -0.659098 0.567239 0.243837
v -0.657673 0.559820 0.243222
v -0.656684 0.560230 0.245280
v -0.658543 0.567239 0.244902
v -0.655695 0.560639 0.245599
v -0.657582 0.567239 0.245517
v -0.654705 0.561049 0.245280
v -0.656472 0.567239 0.245517
v -0.653981 0.561349 0.244411
v -0.655511 0.567239 0.244902
v -0.653716 0.561459 0.243222
v -0.654956 0.567239 0.243837
v -0.653981 0.561349 0.242034
v -0.654956 0.567239 0.242608
v -0.654705 0.561049 0.241164
v -0.655511 0.567239 0.241543
v -0.655695 0.560639 0.240846
v -0.656472 0.567239 0.240928
v -0.656684 0.560230 0.241164
v -0.657582 0.567239 0.240928
v -0.657408 0.559929 0.242034
v -0.658543 0.567239 0.241543
v -0.659098 0.567239 0.242608
v -0.657591 0.574732 0.244411
v -0.654914 0.582392 0.243837
v -0.657859 0.574844 0.243222
v -0.656859 0.574424 0.245280
v -0.654479 0.581957 0.244902
v -0.655860 0.574004 0.245599
v -0.653726 0.581204 0.245517
v -0.654860 0.573584 0.245280
v -0.652856 0.580334 0.245517
v -0.654128 0.573277 0.244411
v -0.652103 0.579581 0.244902
v -0.653860 0.573164 0.243222
v -0.651668 0.579146 0.243837
v -0.654128 0.573277 0.242034
v -0.651668 0.579146 0.242608
v -0.654860 0.573584 0.241164
v -0.652103 0.579581 0.241543
v -0.655860 0.574004 0.240846
v -0.652856 0.580334 0.240928
v -0.656859 0.574424 0.241164
v -0.653726 0.581204 0.240928
v -0.657591 0.574732 0.242034
v -0.654479 0.581957 0.241543
v -0.654914 0.582392 0.242608
v -0.621732 0.574816 0.243837
v -0.622249 0.574598 0.244902
v -0.623145 0.574222 0.245517
v -0.624180 0.573787 0.245517
v -0.625076 0.573410 0.244902
v -0.625593 0.573193 0.243837
v -0.625593 0.573193 0.242608
v -0.625076 0.573410 0.241543
v -0.624180 0.573787 0.240928
v -0.623145 0.574222 0.240928
v -0.622249 0.574598 0.241543
v -0.621732 0.574816 0.242608
v -0.621917 0.559848 0.243837
v -0.622429 0.560060 0.244902
v -0.623316 0.560427 0.245517
v -0.624340 0.560851 0.245517
v -0.625227 0.561219 0.244902
v -0.625739 0.561431 0.243837
v -0.625739 0.561431 0.242608
v -0.625227 0.561219 0.241543
v -0.624340 0.560851 0.240928
v -0.623316 0.560427 0.240928
v -0.622429 0.560060 0.241542
v -0.621917 0.559848 0.242608
v -0.632370 0.549395 0.243837
v -0.632582 0.549907 0.244902
v -0.632949 0.550794 0.245517
v -0.633373 0.551818 0.245517
v -0.633741 0.552705 0.244902
v -0.633953 0.553217 0.243837
v -0.633953 0.553217 0.242608
v -0.633741 0.552705 0.241543
v -0.633373 0.551818 0.240928
v -0.632949 0.550794 0.240928
v -0.632582 0.549907 0.241543
v -0.632370 0.549395 0.242608
v -0.647153 0.549395 0.243837
v -0.646940 0.549907 0.244902
v -0.646573 0.550794 0.245517
v -0.646149 0.551818 0.245517
v -0.645782 0.552705 0.244902
v -0.645569 0.553217 0.243837
v -0.645569 0.553217 0.242608
v -0.645782 0.552705 0.241543
v -0.646149 0.551818 0.240928
v -0.646573 0.550794 0.240928
v -0.646940 0.549907 0.241543
v -0.647153 0.549395 0.242608
v -0.657606 0.559848 0.243837
v -0.657094 0.560060 0.244902
v -0.656207 0.560427 0.245517
v -0.655183 0.560851 0.245517
v -0.654296 0.561219 0.244902
v -0.653784 0.561431 0.243837
v -0.653784 0.561431 0.242608
v -0.654296 0.561219 0.241543
v -0.655183 0.560851 0.240928
v -0.656207 0.560427 0.240928
v -0.657094 0.560060 0.241542
v -0.657606 0.559848 0.242608
v -0.657791 0.574816 0.243837
v -0.657273 0.574598 0.244902
v -0.656377 0.574222 0.245517
v -0.655342 0.573787 0.245517
v -0.654446 0.573410 0.244902
v -0.653929 0.573193 0.243837
v -0.653929 0.573193 0.242608
v -0.654446 0.573410 0.241543
v -0.655342 0.573787 0.240928
v -0.656377 0.574222 0.240928
v -0.657273 0.574598 0.241543
v -0.657791 0.574816 0.242608
vn -0.0000 -0.0000 1.0000
vn -0.0000 -0.0000 -1.0000
vn 1.0000 -0.0000 -0.0000
vn -0.0000 1.0000 -0.0000
vn -1.0000 -0.0000 -0.0000
vn -0.0000 -1.0000 -0.0000
vn -0.6933 -0.6933 -0.1966
vn -0.5513 -0.5513 -0.6263
vn -0.7211 -0.2987 -0.6251
vn -0.9059 -0.3752 -0.1964
vn -0.2096 -0.2096 -0.9550
vn -0.2747 -0.1138 -0.9548
vn -0.2965 -0.0000 -0.9550
vn -0.7796 -0.0000 -0.6263
vn -0.9805 -0.0000 -0.1967
vn -0.6933 0.6933 -0.1966
vn -0.5513 0.5513 -0.6263
vn -0.2987 0.7211 -0.6251
vn -0.3752 0.9059 -0.1964
vn -0.2096 0.2096 -0.9550
vn -0.1138 0.2747 -0.9548
vn -0.0000 0.2965 -0.9550
vn -0.0000 0.7796 -0.6263
vn -0.0000 0.9805 -0.1966
vn 0.2987 0.7211 -0.6251
vn 0.3752 0.9059 -0.1964
vn 0.1138 0.2747 -0.9548
vn 0.2096 0.2096 -0.9550
vn 0.5513 0.5513 -0.6263
vn 0.6933 0.6933 -0.1966
vn 0.9805 -0.0000 -0.1967
vn 0.7796 -0.0000 -0.6263
vn 0.7211 -0.2987 -0.6252
vn 0.9059 -0.3752 -0.1964
vn 0.2965 -0.0000 -0.9550
vn 0.2747 -0.1138 -0.9548
vn 0.2096 -0.2096 -0.9550
vn 0.5513 -0.5513 -0.6263
vn 0.6933 -0.6933 -0.1966
vn -0.0000 -0.9805 -0.1967
vn -0.0000 -0.7796 -0.6263
vn -0.2987 -0.7211 -0.6251
vn -0.3752 -0.9059 -0.1964
vn -0.0000 -0.2965 -0.9550
vn -0.1138 -0.2747 -0.9548
vn -0.7211 0.2987 -0.6252
vn -0.9059 0.3752 -0.1964
vn -0.2747 0.1138 -0.9548
vn 0.7211 0.2987 -0.6252
vn 0.9059 0.3752 -0.1964
vn 0.2747 0.1138 -0.9548
vn 0.2987 -0.7211 -0.6251
vn 0.3752 -0.9059 -0.1964
vn 0.1138 -0.2747 -0.9548
vn 0.2597 -0.0000 -0.9657
vn 0.2399 -0.0994 -0.9657
vn 0.5191 -0.0000 -0.8547
vn 0.4795 -0.1986 -0.8548
vn 0.3670 -0.3670 -0.8547
vn 0.1836 -0.1836 -0.9657
vn -0.0000 -0.2597 -0.9657
vn -0.0994 -0.2399 -0.9657
vn -0.0000 -0.5191 -0.8547
vn -0.1986 -0.4795 -0.8548
vn -0.3670 -0.3670 -0.8547
vn -0.1836 -0.1836 -0.9657
vn -0.2597 -0.0000 -0.9657
vn -0.2399 0.0994 -0.9657
vn -0.5191 -0.0000 -0.8547
vn -0.4795 0.1986 -0.8548
vn -0.3670 0.3670 -0.8547
vn -0.1836 0.1836 -0.9657
vn 0.1836 0.1836 -0.9657
vn 0.2399 0.0994 -0.9657
vn 0.3670 0.3670 -0.8547
vn 0.4795 0.1986 -0.8548
vn 0.0994 -0.2399 -0.9657
vn 0.1986 -0.4795 -0.8548
vn -0.2399 -0.0994 -0.9657
vn -0.4795 -0.1986 -0.8548
vn -0.0994 0.2399 -0.9657
vn -0.1986 0.4795 -0.8548
vn -0.0000 0.5191 -0.8547
vn -0.0000 0.2597 -0.9657
vn 0.0994 0.2399 -0.9657
vn 0.1986 0.4795 -0.8548
vn -0.5812 -0.5812 -0.5695
vn -0.7594 -0.3146 -0.5695
vn -0.7071 -0.7071 -0.0048
vn -0.9239 -0.3827 -0.0048
vn -1.0000 -0.0000 -0.0048
vn -0.8220 -0.0000 -0.5695
vn -0.7071 0.7071 -0.0048
vn -0.5922 0.5922 0.5464
vn -0.3205 0.7738 0.5463
vn -0.3827 0.9239 -0.0048
vn -0.3973 0.3973 0.8272
vn -0.2167 0.5203 0.8260
vn -0.0000 0.5653 0.8249
vn -0.0000 0.8375 0.5464
vn -0.0000 1.0000 -0.0048
vn 0.3205 0.7738 0.5463
vn 0.3827 0.9239 -0.0048
vn 0.2167 0.5203 0.8260
vn 0.3973 0.3973 0.8272
vn 0.5922 0.5922 0.5464
vn 0.7071 0.7071 -0.0048
vn 1.0000 -0.0000 -0.0048
vn 0.8375 -0.0000 0.5464
vn 0.7738 -0.3205 0.5463
vn 0.9239 -0.3827 -0.0048
vn 0.5653 -0.0000 0.8249
vn 0.5203 -0.2167 0.8260
vn 0.3973 -0.3973 0.8272
vn 0.5922 -0.5922 0.5464
vn 0.7071 -0.7071 -0.0048
vn -0.0000 -1.0000 -0.0048
vn -0.0000 -0.8375 0.5464
vn -0.3205 -0.7738 0.5463
vn -0.3827 -0.9239 -0.0048
vn -0.0000 -0.5653 0.8249
vn -0.2167 -0.5203 0.8260
vn -0.3973 -0.3973 0.8272
vn -0.5922 -0.5922 0.5464
vn -0.8375 -0.0000 0.5464
vn -0.7738 0.3205 0.5463
vn -0.9239 0.3827 -0.0048
vn -0.5653 -0.0000 0.8249
vn -0.5203 0.2167 0.8260
vn 0.7738 0.3205 0.5463
vn 0.9239 0.3827 -0.0048
vn 0.5203 0.2167 0.8260
vn 0.3205 -0.7738 0.5463
vn 0.3827 -0.9239 -0.0048
vn 0.2167 -0.5203 0.8260
vn -0.5812 0.5812 -0.5695
vn -0.3146 0.7594 -0.5695
vn -0.0000 0.8220 -0.5695
vn 0.3146 0.7594 -0.5695
vn 0.5812 0.5812 -0.5695
vn 0.8220 -0.0000 -0.5695
vn 0.7594 -0.3146 -0.5695
vn 0.5812 -0.5812 -0.5695
vn -0.0000 -0.8220 -0.5695
vn -0.3146 -0.7594 -0.5695
vn -0.7594 0.3146 -0.5695
vn 0.7594 0.3146 -0.5695
vn 0.3146 -0.7594 -0.5695
vn 0.1746 0.1746 0.9690
vn 0.2324 0.0990 0.9676
vn 0.0229 0.0229 0.9995
vn 0.0330 0.0154 0.9993
vn 0.0473 -0.0000 0.9989
vn 0.2600 -0.0000 0.9656
vn 0.1746 -0.1746 0.9690
vn 0.0990 -0.2324 0.9676
vn 0.0229 -0.0229 0.9995
vn 0.0154 -0.0330 0.9993
vn -0.0000 -0.0473 0.9989
vn -0.0000 -0.2600 0.9656
vn -0.1746 -0.1746 0.9690
vn -0.2324 -0.0990 0.9676
vn -0.5203 -0.2167 0.8260
vn -0.0229 -0.0229 0.9995
vn -0.0330 -0.0154 0.9993
vn -0.0473 -0.0000 0.9989
vn -0.2600 -0.0000 0.9656
vn -0.1746 0.1746 0.9690
vn -0.0990 0.2324 0.9676
vn -0.0229 0.0229 0.9995
vn -0.0154 0.0330 0.9993
vn -0.0000 0.0473 0.9989
vn -0.0000 0.2600 0.9656
vn 0.0990 0.2324 0.9676
vn 0.0154 0.0330 0.9993
vn 0.2324 -0.0990 0.9676
vn 0.0330 -0.0154 0.9993
vn -0.0990 -0.2324 0.9676
vn -0.0154 -0.0330 0.9993
vn -0.2324 0.0990 0.9676
vn -0.0330 0.0154 0.9993
vn -0.7738 -0.3205 0.5463
vn 0.8339 0.3166 0.4520
vn 0.8558 0.2343 0.4612
vn 0.9374 0.2571 0.2347
vn 0.9098 0.3455 0.2299
vn 0.8892 -0.0126 0.4573
vn 0.9725 -0.0136 0.2326
vn 0.9999 -0.0140 -0.0000
vn 0.9643 0.2647 -0.0000
vn 0.9349 0.3550 -0.0000
vn 0.5241 0.1990 0.8281
vn 0.5235 0.1422 0.8400
vn 0.7176 0.1959 0.6683
vn 0.7052 0.2678 0.6565
vn 0.5488 -0.0081 0.8359
vn 0.7479 -0.0107 0.6637
vn 0.0362 0.0137 0.9993
vn 0.0090 0.0012 1.0000
vn 0.2811 0.0755 0.9567
vn 0.2955 0.1122 0.9487
vn 0.0171 -0.0005 0.9999
vn 0.2988 -0.0046 0.9543
vn -0.4740 -0.1800 0.8619
vn -0.5117 -0.1399 0.8477
vn -0.2651 -0.0731 0.9615
vn -0.2302 -0.0874 0.9692
vn -0.5258 0.0075 0.8506
vn -0.2682 0.0037 0.9634
vn -0.8196 -0.3112 0.4811
vn -0.8530 -0.2324 0.4673
vn -0.7109 -0.1939 0.6760
vn -0.6747 -0.2562 0.6922
vn -0.8829 0.0127 0.4693
vn -0.7342 0.0106 0.6788
vn -0.9349 -0.3550 -0.0000
vn -0.9648 -0.2628 -0.0000
vn -0.9371 -0.2553 0.2379
vn -0.9062 -0.3441 0.2457
vn -0.9999 0.0144 -0.0000
vn -0.9709 0.0140 0.2389
vn -0.8196 -0.3112 -0.4811
vn -0.8530 -0.2324 -0.4673
vn -0.9371 -0.2553 -0.2379
vn -0.9062 -0.3441 -0.2457
vn -0.8829 0.0127 -0.4693
vn -0.9709 0.0140 -0.2389
vn -0.4740 -0.1800 -0.8619
vn -0.5117 -0.1399 -0.8477
vn -0.7109 -0.1939 -0.6760
vn -0.6747 -0.2562 -0.6922
vn -0.5258 0.0075 -0.8506
vn -0.7343 0.0106 -0.6788
vn 0.0362 0.0137 -0.9993
vn 0.0090 0.0012 -1.0000
vn -0.2650 -0.0731 -0.9615
vn -0.2302 -0.0874 -0.9692
vn 0.0171 -0.0005 -0.9999
vn -0.2682 0.0037 -0.9634
vn 0.5241 0.1990 -0.8281
vn 0.5235 0.1422 -0.8400
vn 0.2810 0.0755 -0.9567
vn 0.2954 0.1122 -0.9487
vn 0.5488 -0.0081 -0.8359
vn 0.2988 -0.0046 -0.9543
vn 0.8339 0.3166 -0.4520
vn 0.8558 0.2343 -0.4612
vn 0.7176 0.1959 -0.6683
vn 0.7052 0.2678 -0.6565
vn 0.8892 -0.0126 -0.4574
vn 0.7479 -0.0107 -0.6637
vn 0.9374 0.2571 -0.2347
vn 0.9098 0.3455 -0.2299
vn 0.9725 -0.0136 -0.2326
vn 0.8219 -0.3404 0.4567
vn 0.8986 -0.3722 0.2322
vn 0.6290 -0.6290 0.4570
vn 0.6877 -0.6878 0.2324
vn 0.7071 -0.7071 -0.0000
vn 0.9239 -0.3827 -0.0000
vn 0.5079 -0.2104 0.8353
vn 0.6916 -0.2865 0.6630
vn 0.3887 -0.3887 0.8354
vn 0.5292 -0.5292 0.6632
vn 0.0165 -0.0069 0.9998
vn 0.2770 -0.1147 0.9540
vn 0.0130 -0.0130 0.9998
vn 0.2121 -0.2121 0.9539
vn -0.4857 0.2012 0.8507
vn -0.2474 0.1025 0.9635
vn -0.3712 0.3712 0.8512
vn -0.1888 0.1888 0.9637
vn -0.8159 0.3379 0.4692
vn -0.6784 0.2810 0.6788
vn -0.6242 0.6242 0.4698
vn -0.5188 0.5188 0.6794
vn -0.9239 0.3827 -0.0000
vn -0.8971 0.3716 0.2389
vn -0.7071 0.7071 -0.0000
vn -0.6866 0.6866 0.2392
vn -0.8159 0.3379 -0.4692
vn -0.8971 0.3716 -0.2389
vn -0.6242 0.6242 -0.4698
vn -0.6866 0.6866 -0.2392
vn -0.4857 0.2012 -0.8507
vn -0.6785 0.2810 -0.6788
vn -0.3712 0.3712 -0.8512
vn -0.5188 0.5188 -0.6794
vn 0.0165 -0.0068 -0.9998
vn -0.2474 0.1025 -0.9635
vn 0.0130 -0.0130 -0.9998
vn -0.1888 0.1888 -0.9637
vn 0.5079 -0.2104 -0.8353
vn 0.2770 -0.1147 -0.9540
vn 0.3887 -0.3887 -0.8354
vn 0.2121 -0.2121 -0.9539
vn 0.8219 -0.3404 -0.4567
vn 0.6916 -0.2865 -0.6630
vn 0.6290 -0.6290 -0.4570
vn 0.5292 -0.5292 -0.6632
vn 0.8986 -0.3722 -0.2322
vn 0.6877 -0.6878 -0.2324
vn 0.3404 -0.8219 0.4567
vn 0.3722 -0.8986 0.2322
vn -0.0000 -0.8895 0.4570
vn -0.0000 -0.9726 0.2324
vn 0.3827 -0.9239 -0.0000
vn 0.2104 -0.5079 0.8353
vn 0.2865 -0.6916 0.6630
vn -0.0000 -0.5497 0.8354
vn -0.0000 -0.7485 0.6632
vn 0.0068 -0.0165 0.9998
vn 0.1147 -0.2770 0.9540
vn -0.0000 -0.0184 0.9998
vn -0.0000 -0.3000 0.9539
vn -0.2012 0.4857 0.8507
vn -0.1025 0.2474 0.9635
vn -0.0000 0.5249 0.8512
vn -0.0000 0.2670 0.9637
vn -0.3379 0.8159 0.4692
vn -0.2810 0.6784 0.6788
vn -0.0000 0.8828 0.4698
vn -0.0000 0.7337 0.6794
vn -0.3827 0.9239 -0.0000
vn -0.3716 0.8971 0.2389
vn -0.0000 0.9710 0.2392
vn -0.3379 0.8159 -0.4692
vn -0.3716 0.8971 -0.2389
vn -0.0000 0.8828 -0.4698
vn -0.0000 0.9710 -0.2392
vn -0.2012 0.4857 -0.8507
vn -0.2810 0.6785 -0.6788
vn -0.0000 0.5249 -0.8512
vn -0.0000 0.7338 -0.6794
vn 0.0068 -0.0165 -0.9998
vn -0.1025 0.2474 -0.9635
vn -0.0000 -0.0184 -0.9998
vn -0.0000 0.2670 -0.9637
vn 0.2104 -0.5079 -0.8353
vn 0.1147 -0.2770 -0.9540
vn -0.0000 -0.5497 -0.8354
vn -0.0000 -0.3000 -0.9539
vn 0.3404 -0.8219 -0.4567
vn 0.2865 -0.6916 -0.6630
vn -0.0000 -0.8895 -0.4570
vn -0.0000 -0.7484 -0.6632
vn 0.3722 -0.8986 -0.2322
vn -0.0000 -0.9726 -0.2324
vn -0.3404 -0.8219 0.4567
vn -0.3722 -0.8986 0.2322
vn -0.6290 -0.6290 0.4569
vn -0.6877 -0.6878 0.2324
vn -0.7071 -0.7071 -0.0000
vn -0.3827 -0.9239 -0.0000
vn -0.2104 -0.5079 0.8353
vn -0.2865 -0.6916 0.6630
vn -0.3887 -0.3887 0.8354
vn -0.5292 -0.5292 0.6632
vn -0.0069 -0.0165 0.9998
vn -0.1147 -0.2770 0.9540
vn -0.0130 -0.0130 0.9998
vn -0.2121 -0.2121 0.9539
vn 0.2012 0.4857 0.8507
vn 0.1025 0.2474 0.9635
vn 0.3712 0.3712 0.8512
vn 0.1888 0.1888 0.9637
vn 0.3379 0.8159 0.4692
vn 0.2810 0.6784 0.6788
vn 0.6242 0.6242 0.4698
vn 0.5188 0.5188 0.6794
vn 0.3827 0.9239 -0.0000
vn 0.3716 0.8971 0.2389
vn 0.7071 0.7071 -0.0000
vn 0.6866 0.6866 0.2392
vn 0.3379 0.8159 -0.4692
vn 0.3716 0.8971 -0.2389
vn 0.6242 0.6242 -0.4698
vn 0.6866 0.6866 -0.2392
vn 0.2012 0.4857 -0.8507
vn 0.2810 0.6785 -0.6788
vn 0.3712 0.3712 -0.8512
vn 0.5188 0.5188 -0.6794
vn -0.0068 -0.0165 -0.9998
vn 0.1025 0.2474 -0.9635
vn -0.0130 -0.0130 -0.9998
vn 0.1888 0.1888 -0.9637
vn -0.2104 -0.5079 -0.8353
vn -0.1147 -0.2770 -0.9540
vn -0.3887 -0.3887 -0.8354
vn -0.2121 -0.2121 -0.9539
vn -0.3404 -0.8219 -0.4567
vn -0.2865 -0.6916 -0.6630
vn -0.6290 -0.6290 -0.4570
vn -0.5292 -0.5292 -0.6632
vn -0.3722 -0.8986 -0.2322
vn -0.6877 -0.6878 -0.2324
vn -0.8219 -0.3404 0.4567
vn -0.8986 -0.3722 0.2322
vn -0.8892 -0.0126 0.4573
vn -0.9725 -0.0136 0.2326
vn -0.9999 -0.0140 -0.0000
vn -0.9239 -0.3827 -0.0000
vn -0.5079 -0.2104 0.8353
vn -0.6916 -0.2865 0.6630
vn -0.5488 -0.0081 0.8359
vn -0.7479 -0.0107 0.6637
vn -0.0165 -0.0069 0.9998
vn -0.2770 -0.1147 0.9540
vn -0.0171 -0.0005 0.9999
vn -0.2988 -0.0046 0.9543
vn 0.4857 0.2012 0.8507
vn 0.2474 0.1025 0.9635
vn 0.5258 0.0075 0.8506
vn 0.2682 0.0037 0.9634
vn 0.8159 0.3379 0.4692
vn 0.6784 0.2810 0.6788
vn 0.8829 0.0127 0.4693
vn 0.7342 0.0106 0.6788
vn 0.9239 0.3827 -0.0000
vn 0.8971 0.3716 0.2389
vn 0.9999 0.0144 -0.0000
vn 0.9709 0.0140 0.2389
vn 0.8159 0.3379 -0.4692
vn 0.8971 0.3716 -0.2389
vn 0.8829 0.0127 -0.4693
vn 0.9709 0.0140 -0.2389
vn 0.4857 0.2012 -0.8507
vn 0.6785 0.2810 -0.6788
vn 0.5258 0.0075 -0.8506
vn 0.7343 0.0106 -0.6788
vn -0.0165 -0.0068 -0.9998
vn 0.2474 0.1025 -0.9635
vn -0.0171 -0.0005 -0.9999
vn 0.2682 0.0037 -0.9634
vn -0.5079 -0.2104 -0.8353
vn -0.2770 -0.1147 -0.9540
vn -0.5488 -0.0081 -0.8359
vn -0.2988 -0.0046 -0.9543
vn -0.8219 -0.3404 -0.4567
vn -0.6916 -0.2865 -0.6630
vn -0.8892 -0.0126 -0.4574
vn -0.7479 -0.0107 -0.6637
vn -0.8986 -0.3722 -0.2322
vn -0.9725 -0.0136 -0.2326
vn -0.8558 0.2343 0.4612
vn -0.9374 0.2571 0.2347
vn -0.8339 0.3166 0.4520
vn -0.9098 0.3455 0.2299
vn -0.9349 0.3550 -0.0000
vn -0.9643 0.2647 -0.0000
vn -0.5235 0.1422 0.8400
vn -0.7176 0.1959 0.6683
vn -0.5241 0.1990 0.8281
vn -0.7052 0.2678 0.6565
vn -0.0090 0.0012 1.0000
vn -0.2811 0.0755 0.9567
vn -0.0362 0.0137 0.9993
vn -0.2955 0.1122 0.9487
vn 0.5117 -0.1399 0.8477
vn 0.2651 -0.0732 0.9615
vn 0.4740 -0.1800 0.8619
vn 0.2302 -0.0874 0.9692
vn 0.8530 -0.2324 0.4673
vn 0.7109 -0.1939 0.6761
vn 0.8196 -0.3112 0.4811
vn 0.6747 -0.2562 0.6923
vn 0.9648 -0.2628 -0.0000
vn 0.9371 -0.2553 0.2379
vn 0.9349 -0.3550 -0.0000
vn 0.9062 -0.3441 0.2457
vn 0.8530 -0.2324 -0.4673
vn 0.9371 -0.2553 -0.2379
vn 0.8196 -0.3112 -0.4811
vn 0.9062 -0.3441 -0.2457
vn 0.5117 -0.1399 -0.8477
vn 0.7109 -0.1939 -0.6760
vn 0.4740 -0.1800 -0.8619
vn 0.6747 -0.2562 -0.6922
vn -0.0090 0.0012 -1.0000
vn 0.2650 -0.0731 -0.9615
vn -0.0362 0.0137 -0.9993
vn 0.2302 -0.0874 -0.9692
vn -0.5235 0.1422 -0.8400
vn -0.2810 0.0755 -0.9567
vn -0.5241 0.1990 -0.8281
vn -0.2954 0.1122 -0.9488
vn -0.8558 0.2343 -0.4612
vn -0.7176 0.1959 -0.6683
vn -0.8339 0.3166 -0.4520
vn -0.7052 0.2678 -0.6565
vn -0.9374 0.2571 -0.2347
vn -0.9098 0.3455 -0.2299
vt 0.988413 0.535089
vt 0.988413 0.620221
vt 0.713361 0.620221
vt 0.713361 0.535089
vt 0.645677 0.939258
vt 0.402233 0.939258
vt 0.402233 0.863908
vt 0.645677 0.863908
vt 0.704031 0.620221
vt 0.704031 0.535089
vt 0.713361 0.525759
vt 0.988413 0.525759
vt 0.997743 0.535089
vt 0.997743 0.620221
vt 0.988413 0.629551
vt 0.713361 0.629551
vt 0.063156 0.635377
vt 0.246650 0.635377
vt 0.246650 0.683691
vt 0.063156 0.683691
vt 0.063156 0.831438
vt 0.246650 0.831438
vt 0.294964 0.683691
vt 0.294965 0.831438
vt 0.014841 0.831438
vt 0.014841 0.683691
vt 0.265604 0.642515
vt 0.265604 0.600704
vt 0.436092 0.600704
vt 0.436092 0.642515
vt 0.059991 0.842349
vt 0.245813 0.842349
vt 0.245813 0.994783
vt 0.059991 0.994783
vt 0.292559 0.842349
vt 0.292559 0.994783
vt 0.013245 0.842349
vt 0.013245 0.994783
vt 0.059991 0.833528
vt 0.245813 0.833528
vt 0.292559 0.833528
vt 0.013245 0.833528
vt 0.069659 0.628873
vt 0.240147 0.628873
vt 0.301380 0.842349
vt 0.301380 0.994783
vt 0.004424 0.994783
vt 0.004424 0.842349
vt 0.308249 0.867954
vt 0.312889 0.870607
vt 0.308694 0.887066
vt 0.303475 0.886402
vt 0.318852 0.874016
vt 0.315130 0.887885
vt 0.315258 0.902245
vt 0.308631 0.904052
vt 0.303475 0.905457
vt 0.326617 0.935351
vt 0.329270 0.930711
vt 0.345729 0.934906
vt 0.345065 0.940125
vt 0.332679 0.924748
vt 0.346548 0.928470
vt 0.360909 0.928342
vt 0.362715 0.934969
vt 0.364120 0.940125
vt 0.377319 0.926296
vt 0.380540 0.930457
vt 0.373348 0.921166
vt 0.383411 0.910921
vt 0.389374 0.914330
vt 0.394014 0.916983
vt 0.398788 0.879480
vt 0.393632 0.880885
vt 0.384959 0.866281
vt 0.389119 0.863060
vt 0.387004 0.882692
vt 0.379829 0.870252
vt 0.369584 0.860189
vt 0.372993 0.854226
vt 0.375646 0.849586
vt 0.338143 0.844812
vt 0.339548 0.849968
vt 0.324944 0.858641
vt 0.321723 0.854480
vt 0.341355 0.856595
vt 0.328915 0.863771
vt 0.317304 0.918656
vt 0.313143 0.921877
vt 0.322434 0.914685
vt 0.393569 0.897871
vt 0.398788 0.898535
vt 0.387133 0.897052
vt 0.356534 0.850031
vt 0.357198 0.844812
vt 0.355714 0.856467
vt 0.377150 0.885377
vt 0.371967 0.876339
vt 0.369296 0.887518
vt 0.365789 0.881121
vt 0.360475 0.876124
vt 0.364515 0.869057
vt 0.344040 0.866450
vt 0.335001 0.871633
vt 0.346181 0.874304
vt 0.339784 0.877811
vt 0.334786 0.883125
vt 0.327719 0.879085
vt 0.325113 0.899560
vt 0.330296 0.908599
vt 0.332967 0.897419
vt 0.336473 0.903816
vt 0.341788 0.908814
vt 0.337748 0.915881
vt 0.374544 0.905852
vt 0.377270 0.895796
vt 0.367477 0.901812
vt 0.369520 0.894810
vt 0.354459 0.866330
vt 0.353473 0.874080
vt 0.324993 0.889141
vt 0.332743 0.890127
vt 0.347804 0.918607
vt 0.348790 0.910857
vt 0.356082 0.910633
vt 0.358223 0.918487
vt 0.367262 0.913304
vt 0.362479 0.907126
vt 0.339434 0.885781
vt 0.337789 0.890770
vt 0.342114 0.887313
vt 0.340734 0.891144
vt 0.341111 0.895199
vt 0.338132 0.896011
vt 0.345976 0.901487
vt 0.347075 0.899564
vt 0.350103 0.900536
vt 0.349807 0.902866
vt 0.348061 0.897839
vt 0.350352 0.898568
vt 0.352756 0.898430
vt 0.353280 0.900351
vt 0.353862 0.902489
vt 0.356111 0.898899
vt 0.357548 0.900757
vt 0.354898 0.897329
vt 0.356502 0.895539
vt 0.358227 0.896525
vt 0.360149 0.897624
vt 0.361152 0.889738
vt 0.359013 0.890320
vt 0.357562 0.887489
vt 0.359419 0.886052
vt 0.357092 0.890844
vt 0.355992 0.888703
vt 0.354201 0.887098
vt 0.355188 0.885373
vt 0.356287 0.883451
vt 0.348400 0.882448
vt 0.348983 0.884587
vt 0.346152 0.886038
vt 0.344715 0.884180
vt 0.349507 0.886508
vt 0.347365 0.887608
vt 0.345761 0.889399
vt 0.344036 0.888412
vt 0.343249 0.894617
vt 0.344701 0.897448
vt 0.342843 0.898885
vt 0.345170 0.894093
vt 0.346271 0.896235
vt 0.359199 0.893497
vt 0.361529 0.893793
vt 0.357231 0.893248
vt 0.352160 0.884401
vt 0.352456 0.882071
vt 0.351911 0.886369
vt 0.344444 0.904167
vt 0.349433 0.905811
vt 0.354674 0.905468
vt 0.359365 0.903104
vt 0.362829 0.899156
vt 0.364131 0.888926
vt 0.361767 0.884235
vt 0.357819 0.880771
vt 0.347589 0.879469
vt 0.342898 0.881833
vt 0.340496 0.900702
vt 0.364474 0.894167
vt 0.352830 0.879126
vt 0.355297 0.894850
vt 0.355900 0.893041
vt 0.354158 0.894199
vt 0.354775 0.892650
vt 0.354995 0.891416
vt 0.355803 0.891195
vt 0.353513 0.888303
vt 0.351704 0.887700
vt 0.352862 0.889442
vt 0.351313 0.888825
vt 0.350078 0.888605
vt 0.349858 0.887797
vt 0.346965 0.890087
vt 0.346363 0.891896
vt 0.345032 0.891690
vt 0.348105 0.890738
vt 0.347488 0.892287
vt 0.347268 0.893521
vt 0.346460 0.893742
vt 0.348750 0.896635
vt 0.350559 0.897237
vt 0.349401 0.895495
vt 0.350950 0.896112
vt 0.352184 0.896332
vt 0.352405 0.897140
vt 0.354044 0.896287
vt 0.353136 0.895517
vt 0.354950 0.889556
vt 0.354179 0.890464
vt 0.348219 0.888650
vt 0.349126 0.889421
vt 0.347313 0.895381
vt 0.348083 0.894473
vt 0.351781 0.894851
vt 0.350213 0.894075
vt 0.351131 0.892469
vt 0.352738 0.893387
vt 0.353514 0.891819
vt 0.352050 0.890863
vt 0.348749 0.893118
vt 0.349525 0.891550
vt 0.350482 0.890086
vt 0.343064 0.891440
vt 0.325703 0.964705
vt 0.356008 0.965020
vt 0.355889 0.967237
vt 0.325317 0.967132
vt 0.382118 0.965311
vt 0.382053 0.967379
vt 0.381957 0.969458
vt 0.355828 0.969472
vt 0.325190 0.969584
vt 0.327139 0.960006
vt 0.356424 0.960704
vt 0.356188 0.962841
vt 0.326324 0.962326
vt 0.382217 0.961254
vt 0.382170 0.963269
vt 0.329140 0.955514
vt 0.357039 0.956510
vt 0.356711 0.958602
vt 0.328098 0.957741
vt 0.382347 0.957253
vt 0.382272 0.959257
vt 0.331209 0.951055
vt 0.357748 0.952221
vt 0.357393 0.954394
vt 0.330199 0.953295
vt 0.382557 0.953069
vt 0.382446 0.955203
vt 0.332823 0.946424
vt 0.358353 0.947623
vt 0.358077 0.949966
vt 0.332103 0.948768
vt 0.382745 0.948462
vt 0.382663 0.950823
vt 0.333565 0.941593
vt 0.358674 0.942753
vt 0.358554 0.945208
vt 0.333320 0.944026
vt 0.382816 0.943489
vt 0.382794 0.946005
vt 0.332955 0.992694
vt 0.358489 0.991381
vt 0.358709 0.993793
vt 0.333463 0.995091
vt 0.382796 0.990430
vt 0.382834 0.992882
vt 0.382859 0.995383
vt 0.358845 0.996241
vt 0.333721 0.997525
vt 0.331324 0.988070
vt 0.357874 0.986778
vt 0.358204 0.989039
vt 0.332226 0.990352
vt 0.382723 0.985817
vt 0.382761 0.988067
vt 0.329233 0.983626
vt 0.357151 0.982465
vt 0.357515 0.984594
vt 0.330304 0.985836
vt 0.382604 0.981625
vt 0.382675 0.983678
vt 0.327201 0.979150
vt 0.356487 0.978246
vt 0.356802 0.980359
vt 0.328177 0.981407
vt 0.382384 0.977635
vt 0.382505 0.979623
vt 0.325732 0.974461
vt 0.356021 0.973922
vt 0.356222 0.976103
vt 0.326370 0.976836
vt 0.382143 0.973597
vt 0.382258 0.975630
vt 0.355893 0.971707
vt 0.325331 0.972036
vt 0.382051 0.971536
vt 0.407264 0.965354
vt 0.407292 0.967409
vt 0.432304 0.965387
vt 0.432302 0.967445
vt 0.432292 0.969509
vt 0.407297 0.969482
vt 0.407170 0.961333
vt 0.407219 0.963328
vt 0.432245 0.961331
vt 0.432282 0.963349
vt 0.407132 0.957368
vt 0.407136 0.959355
vt 0.432189 0.957296
vt 0.432209 0.959322
vt 0.407222 0.953200
vt 0.407164 0.955330
vt 0.432207 0.953037
vt 0.432192 0.955214
vt 0.407333 0.948568
vt 0.407284 0.950948
vt 0.432217 0.948309
vt 0.432221 0.950737
vt 0.407353 0.943495
vt 0.407359 0.946081
vt 0.432159 0.943183
vt 0.432186 0.945775
vt 0.407289 0.990399
vt 0.407243 0.992886
vt 0.432258 0.990711
vt 0.432254 0.993246
vt 0.432238 0.995838
vt 0.407216 0.995474
vt 0.407413 0.985766
vt 0.407348 0.988019
vt 0.432317 0.985983
vt 0.432282 0.988283
vt 0.407495 0.981597
vt 0.407468 0.983635
vt 0.432363 0.981724
vt 0.432349 0.983806
vt 0.407443 0.977631
vt 0.407485 0.979609
vt 0.432325 0.977687
vt 0.432353 0.979697
vt 0.407336 0.973609
vt 0.407387 0.975635
vt 0.432276 0.973631
vt 0.432294 0.975669
vt 0.407304 0.971554
vt 0.432281 0.971573
vt 0.457405 0.965347
vt 0.457436 0.967432
vt 0.482715 0.965400
vt 0.482711 0.967476
vt 0.482700 0.969559
vt 0.457442 0.969534
vt 0.457301 0.961264
vt 0.457356 0.963291
vt 0.482660 0.961307
vt 0.482694 0.963343
vt 0.457249 0.957235
vt 0.457259 0.959255
vt 0.482612 0.957233
vt 0.482627 0.959279
vt 0.457326 0.952995
vt 0.457274 0.955162
vt 0.482645 0.952933
vt 0.482621 0.955131
vt 0.457429 0.948277
vt 0.457383 0.950702
vt 0.482679 0.948159
vt 0.482669 0.950611
vt 0.457451 0.943094
vt 0.457454 0.945738
vt 0.482659 0.942980
vt 0.482666 0.945599
vt 0.457386 0.990792
vt 0.457341 0.993330
vt 0.482721 0.990958
vt 0.482735 0.993519
vt 0.482741 0.996138
vt 0.457320 0.995974
vt 0.457518 0.986074
vt 0.457448 0.988367
vt 0.482756 0.986184
vt 0.482731 0.988506
vt 0.457613 0.981835
vt 0.457580 0.983907
vt 0.482788 0.981885
vt 0.482780 0.983987
vt 0.457572 0.977805
vt 0.457609 0.979814
vt 0.482740 0.977811
vt 0.482773 0.979839
vt 0.457476 0.973722
vt 0.457522 0.975778
vt 0.482686 0.973718
vt 0.482706 0.975775
vt 0.457447 0.971637
vt 0.482690 0.971642
vt 0.507925 0.965396
vt 0.507953 0.967481
vt 0.533125 0.965487
vt 0.533119 0.967545
vt 0.533109 0.969609
vt 0.507959 0.969584
vt 0.507828 0.961313
vt 0.507879 0.963340
vt 0.533076 0.961431
vt 0.533107 0.963449
vt 0.507787 0.957283
vt 0.507792 0.959303
vt 0.533037 0.957394
vt 0.533047 0.959421
vt 0.507882 0.953044
vt 0.507821 0.955211
vt 0.533084 0.953135
vt 0.533052 0.955312
vt 0.508014 0.948326
vt 0.507952 0.950751
vt 0.533143 0.948407
vt 0.533118 0.950835
vt 0.508081 0.943144
vt 0.508059 0.945788
vt 0.533162 0.943280
vt 0.533147 0.945872
vt 0.507972 0.990841
vt 0.507947 0.993379
vt 0.533183 0.990809
vt 0.533214 0.993343
vt 0.533242 0.995935
vt 0.507950 0.996024
vt 0.508075 0.986122
vt 0.508018 0.988416
vt 0.533193 0.986081
vt 0.533179 0.988381
vt 0.508152 0.981883
vt 0.508126 0.983956
vt 0.533211 0.981822
vt 0.533209 0.983904
vt 0.508099 0.977854
vt 0.508141 0.979863
vt 0.533155 0.977787
vt 0.533191 0.979795
vt 0.507995 0.973771
vt 0.508045 0.975827
vt 0.533096 0.973731
vt 0.533118 0.975769
vt 0.507965 0.971686
vt 0.533099 0.971673
vt 0.558064 0.965509
vt 0.558096 0.967564
vt 0.583257 0.965521
vt 0.583349 0.967582
vt 0.583444 0.969660
vt 0.558104 0.969636
vt 0.557957 0.961487
vt 0.558013 0.963483
vt 0.583016 0.961483
vt 0.583142 0.963488
vt 0.557905 0.957521
vt 0.557916 0.959509
vt 0.582796 0.957493
vt 0.582895 0.959494
vt 0.557987 0.953352
vt 0.557932 0.955482
vt 0.582677 0.953301
vt 0.582725 0.955440
vt 0.558112 0.948719
vt 0.558052 0.951099
vt 0.582604 0.948688
vt 0.582640 0.951051
vt 0.558184 0.943644
vt 0.558157 0.946231
vt 0.582542 0.943735
vt 0.582567 0.946236
vt 0.558067 0.990550
vt 0.558042 0.993037
vt 0.582655 0.990656
vt 0.582607 0.993112
vt 0.582585 0.995628
vt 0.558047 0.995623
vt 0.558179 0.985917
vt 0.558117 0.988170
vt 0.582843 0.986049
vt 0.582738 0.988295
vt 0.558268 0.981750
vt 0.558236 0.983788
vt 0.583053 0.981865
vt 0.582954 0.983915
vt 0.558230 0.977785
vt 0.558265 0.979762
vt 0.583184 0.977864
vt 0.583129 0.979860
vt 0.558137 0.973764
vt 0.558181 0.975790
vt 0.583282 0.973807
vt 0.583230 0.975849
vt 0.558109 0.971709
vt 0.583348 0.971739
vt 0.609379 0.965196
vt 0.609507 0.967411
vt 0.639668 0.964657
vt 0.640069 0.967082
vt 0.640211 0.969534
vt 0.609572 0.969646
vt 0.608913 0.960872
vt 0.609178 0.963015
vt 0.638199 0.959968
vt 0.639031 0.962282
vt 0.608249 0.956653
vt 0.608598 0.958759
vt 0.636168 0.955492
vt 0.637224 0.957711
vt 0.607527 0.952340
vt 0.607885 0.954524
vt 0.634077 0.951048
vt 0.635096 0.953282
vt 0.606912 0.947737
vt 0.607196 0.950079
vt 0.632445 0.946424
vt 0.633175 0.948766
vt 0.606555 0.942877
vt 0.606691 0.945325
vt 0.631679 0.941593
vt 0.631937 0.944027
vt 0.607048 0.991495
vt 0.606846 0.993910
vt 0.632577 0.992694
vt 0.632080 0.995092
vt 0.631835 0.997525
vt 0.606727 0.996365
vt 0.607652 0.986897
vt 0.607323 0.989152
vt 0.634191 0.988063
vt 0.633298 0.990350
vt 0.608361 0.982608
vt 0.608008 0.984724
vt 0.636261 0.983604
vt 0.635201 0.985823
vt 0.608976 0.978414
vt 0.608689 0.980516
vt 0.638262 0.979112
vt 0.637302 0.981377
vt 0.609392 0.974098
vt 0.609212 0.976277
vt 0.639698 0.974413
vt 0.639077 0.976792
vt 0.609511 0.971881
vt 0.640083 0.971986
s 1
usemtl FURNITURE_076_MAT
f 2541/2830/2237 2543/2831/2237 2544/2832/2237 2542/2833/2237
f 2545/2834/2238 2546/2835/2238 2548/2836/2238 2547/2837/2238
f 2544/2832/2239 2548/2838/2239 2546/2839/2239 2542/2833/2239
f 2542/2833/2240 2546/2840/2240 2545/2841/2240 2541/2830/2240
f 2541/2830/2241 2545/2842/2241 2547/2843/2241 2543/2831/2241
f 2543/2831/2242 2547/2844/2242 2548/2845/2242 2544/2832/2242
f 2553/2846/2238 2554/2847/2238 2556/2848/2238 2555/2849/2238
f 2551/2850/2242 2555/2849/2242 2556/2848/2242 2552/2851/2242
f 2552/2851/2239 2556/2848/2239 2554/2852/2239 2550/2853/2239
f 2549/2854/2241 2553/2855/2241 2555/2849/2241 2551/2850/2241
f 2561/2856/2237 2563/2857/2237 2564/2858/2237 2562/2859/2237
f 2559/2860/2240 2560/2861/2240 2564/2862/2240 2563/2863/2240
f 2560/2861/2241 2558/2864/2241 2562/2865/2241 2564/2862/2241
f 2557/2866/2239 2559/2860/2239 2563/2863/2239 2561/2867/2239
f 2551/2868/2237 2552/2869/2237 2560/2861/2237 2559/2860/2237
f 2552/2869/2237 2550/2870/2237 2558/2864/2237 2560/2861/2237
f 2549/2871/2237 2551/2868/2237 2559/2860/2237 2557/2866/2237
f 2554/2847/2240 2553/2846/2240 2561/2872/2240 2562/2873/2240
f 2550/2874/2240 2554/2875/2240 2562/2865/2240 2558/2864/2240
f 2553/2876/2240 2549/2877/2240 2557/2866/2240 2561/2867/2240
f 2568/2878/2243 2631/2879/2244 2706/2880/2245 2616/2881/2246
f 2631/2879/2244 2576/2882/2247 2624/2883/2248 2706/2880/2245
f 2706/2880/2245 2624/2883/2248 2575/2884/2249 2630/2885/2250
f 2616/2881/2246 2706/2880/2245 2630/2885/2250 2567/2886/2251
f 2566/2887/2252 2633/2888/2253 2707/2889/2254 2614/2890/2255
f 2633/2888/2253 2574/2891/2256 2622/2892/2257 2707/2889/2254
f 2707/2889/2254 2622/2892/2257 2573/2893/2258 2632/2894/2259
f 2614/2890/2255 2707/2889/2254 2632/2894/2259 2565/2895/2260
f 2565/2895/2260 2632/2894/2259 2708/2896/2261 2621/2897/2262
f 2632/2894/2259 2573/2893/2258 2629/2898/2263 2708/2896/2261
f 2708/2896/2261 2629/2898/2263 2580/2899/2264 2634/2900/2265
f 2621/2897/2262 2708/2896/2261 2634/2900/2265 2572/2901/2266
f 2571/2902/2267 2636/2903/2268 2709/2904/2269 2619/2905/2270
f 2636/2903/2268 2579/2906/2271 2627/2907/2272 2709/2904/2269
f 2709/2904/2269 2627/2907/2272 2578/2908/2273 2635/2909/2274
f 2619/2905/2270 2709/2904/2269 2635/2909/2274 2570/2910/2275
f 2569/2911/2276 2637/2912/2277 2710/2913/2278 2617/2914/2279
f 2637/2912/2277 2577/2915/2280 2625/2916/2281 2710/2913/2278
f 2710/2913/2278 2625/2916/2281 2576/2882/2247 2631/2879/2244
f 2617/2914/2279 2710/2913/2278 2631/2879/2244 2568/2878/2243
f 2567/2886/2251 2630/2885/2250 2711/2917/2282 2615/2918/2283
f 2630/2885/2250 2575/2884/2249 2623/2919/2284 2711/2917/2282
f 2711/2917/2282 2623/2919/2284 2574/2891/2256 2633/2888/2253
f 2615/2918/2283 2711/2917/2282 2633/2888/2253 2566/2887/2252
f 2572/2901/2266 2634/2900/2265 2712/2920/2285 2620/2921/2286
f 2634/2900/2265 2580/2899/2264 2628/2922/2287 2712/2920/2285
f 2712/2920/2285 2628/2922/2287 2579/2906/2271 2636/2903/2268
f 2620/2921/2286 2712/2920/2285 2636/2903/2268 2571/2902/2267
f 2570/2910/2275 2635/2909/2274 2713/2923/2288 2618/2924/2289
f 2635/2909/2274 2578/2908/2273 2626/2925/2290 2713/2923/2288
f 2713/2923/2288 2626/2925/2290 2577/2915/2280 2637/2912/2277
f 2618/2924/2289 2713/2923/2288 2637/2912/2277 2569/2911/2276
f 2579/2906/2271 2647/2926/2291 2714/2927/2292 2627/2907/2272
f 2647/2926/2291 2587/2928/2293 2643/2929/2294 2714/2927/2292
f 2714/2927/2292 2643/2929/2294 2586/2930/2295 2646/2931/2296
f 2627/2907/2272 2714/2927/2292 2646/2931/2296 2578/2908/2273
f 2577/2915/2280 2649/2932/2297 2715/2933/2298 2625/2916/2281
f 2649/2932/2297 2585/2934/2299 2641/2935/2300 2715/2933/2298
f 2715/2933/2298 2641/2935/2300 2584/2936/2301 2648/2937/2302
f 2625/2916/2281 2715/2933/2298 2648/2937/2302 2576/2882/2247
f 2575/2884/2249 2651/2938/2303 2716/2939/2304 2623/2919/2284
f 2651/2938/2303 2583/2940/2305 2639/2941/2306 2716/2939/2304
f 2716/2939/2304 2639/2941/2306 2582/2942/2307 2650/2943/2308
f 2623/2919/2284 2716/2939/2304 2650/2943/2308 2574/2891/2256
f 2580/2899/2264 2652/2944/2309 2717/2945/2310 2628/2922/2287
f 2652/2944/2309 2588/2946/2311 2644/2947/2312 2717/2945/2310
f 2717/2945/2310 2644/2947/2312 2587/2928/2293 2647/2926/2291
f 2628/2922/2287 2717/2945/2310 2647/2926/2291 2579/2906/2271
f 2578/2908/2273 2646/2931/2296 2718/2948/2313 2626/2925/2290
f 2646/2931/2296 2586/2930/2295 2642/2949/2314 2718/2948/2313
f 2718/2948/2313 2642/2949/2314 2585/2934/2299 2649/2932/2297
f 2626/2925/2290 2718/2948/2313 2649/2932/2297 2577/2915/2280
f 2576/2882/2247 2648/2937/2302 2719/2950/2315 2624/2883/2248
f 2648/2937/2302 2584/2936/2301 2640/2951/2316 2719/2950/2315
f 2719/2950/2315 2640/2951/2316 2583/2940/2305 2651/2938/2303
f 2624/2883/2248 2719/2950/2315 2651/2938/2303 2575/2884/2249
f 2574/2891/2256 2650/2943/2308 2720/2952/2317 2622/2892/2257
f 2650/2943/2308 2582/2942/2307 2638/2953/2318 2720/2952/2317
f 2720/2952/2317 2638/2953/2318 2581/2954/2319 2653/2955/2320
f 2622/2892/2257 2720/2952/2317 2653/2955/2320 2573/2893/2258
f 2573/2893/2258 2653/2955/2320 2721/2956/2321 2629/2898/2263
f 2653/2955/2320 2581/2954/2319 2645/2957/2322 2721/2956/2321
f 2721/2956/2321 2645/2957/2322 2588/2946/2311 2652/2944/2309
f 2629/2898/2263 2721/2956/2321 2652/2944/2309 2580/2899/2264
f 2584/2936/2301 2664/2958/2323 2722/2959/2324 2640/2951/2316
f 2664/2958/2323 2599/2960/2325 2685/2961/2326 2722/2959/2324
f 2722/2959/2324 2685/2961/2326 2597/2962/2327 2677/2963/2328
f 2640/2951/2316 2722/2959/2324 2677/2963/2328 2583/2940/2305
f 2603/2964/2329 2668/2965/2330 2723/2966/2331 2678/2967/2332
f 2668/2965/2330 2590/2968/2333 2654/2969/2334 2723/2966/2331
f 2723/2966/2331 2654/2969/2334 2589/2970/2335 2670/2971/2336
f 2678/2967/2332 2723/2966/2331 2670/2971/2336 2604/2972/2337
f 2604/2972/2337 2670/2971/2336 2724/2973/2338 2679/2974/2339
f 2670/2971/2336 2589/2970/2335 2661/2975/2340 2724/2973/2338
f 2724/2973/2338 2661/2975/2340 2596/2976/2341 2672/2977/2342
f 2679/2974/2339 2724/2973/2338 2672/2977/2342 2602/2978/2343
f 2600/2979/2344 2665/2980/2345 2725/2981/2346 2680/2982/2347
f 2665/2980/2345 2595/2983/2348 2659/2984/2349 2725/2981/2346
f 2725/2981/2346 2659/2984/2349 2594/2985/2350 2673/2986/2351
f 2680/2982/2347 2725/2981/2346 2673/2986/2351 2601/2987/2352
f 2598/2988/2353 2663/2989/2354 2726/2990/2355 2681/2991/2356
f 2663/2989/2354 2593/2992/2357 2657/2993/2358 2726/2990/2355
f 2726/2990/2355 2657/2993/2358 2592/2994/2359 2675/2995/2360
f 2681/2991/2356 2726/2990/2355 2675/2995/2360 2599/2960/2325
f 2597/2962/2327 2662/2996/2361 2727/2997/2362 2682/2998/2363
f 2662/2996/2361 2591/2999/2364 2655/3000/2365 2727/2997/2362
f 2727/2997/2362 2655/3000/2365 2590/2968/2333 2668/2965/2330
f 2682/2998/2363 2727/2997/2362 2668/2965/2330 2603/2964/2329
f 2602/2978/2343 2672/2977/2342 2728/3001/2366 2683/3002/2367
f 2672/2977/2342 2596/2976/2341 2660/3003/2368 2728/3001/2366
f 2728/3001/2366 2660/3003/2368 2595/2983/2348 2665/2980/2345
f 2683/3002/2367 2728/3001/2366 2665/2980/2345 2600/2979/2344
f 2601/2987/2352 2673/2986/2351 2729/3004/2369 2684/3005/2370
f 2673/2986/2351 2594/2985/2350 2658/3006/2371 2729/3004/2369
f 2729/3004/2369 2658/3006/2371 2593/2992/2357 2663/2989/2354
f 2684/3005/2370 2729/3004/2369 2663/2989/2354 2598/2988/2353
f 2582/2942/2307 2671/3007/2372 2730/3008/2373 2638/2953/2318
f 2671/3007/2372 2603/2964/2329 2678/2967/2332 2730/3008/2373
f 2730/3008/2373 2678/2967/2332 2604/2972/2337 2669/3009/2374
f 2638/2953/2318 2730/3008/2373 2669/3009/2374 2581/2954/2319
f 2581/2954/2319 2669/3009/2374 2731/3010/2375 2645/2957/2322
f 2669/3009/2374 2604/2972/2337 2679/2974/2339 2731/3010/2375
f 2731/3010/2375 2679/2974/2339 2602/2978/2343 2667/3011/2376
f 2645/2957/2322 2731/3010/2375 2667/3011/2376 2588/2946/2311
f 2587/2928/2293 2674/3012/2377 2732/3013/2378 2643/2929/2294
f 2674/3012/2377 2600/2979/2344 2680/2982/2347 2732/3013/2378
f 2732/3013/2378 2680/2982/2347 2601/2987/2352 2666/3014/2379
f 2643/2929/2294 2732/3013/2378 2666/3014/2379 2586/2930/2295
f 2585/2934/2299 2676/3015/2380 2733/3016/2381 2641/2935/2300
f 2676/3015/2380 2598/2988/2353 2681/2991/2356 2733/3016/2381
f 2733/3016/2381 2681/2991/2356 2599/2960/2325 2664/2958/2323
f 2641/2935/2300 2733/3016/2381 2664/2958/2323 2584/2936/2301
f 2583/2940/2305 2677/2963/2328 2734/3017/2382 2639/2941/2306
f 2677/2963/2328 2597/2962/2327 2682/2998/2363 2734/3017/2382
f 2734/3017/2382 2682/2998/2363 2603/2964/2329 2671/3007/2372
f 2639/2941/2306 2734/3017/2382 2671/3007/2372 2582/2942/2307
f 2588/2946/2311 2667/3011/2376 2735/3018/2383 2644/2947/2312
f 2667/3011/2376 2602/2978/2343 2683/3002/2367 2735/3018/2383
f 2735/3018/2383 2683/3002/2367 2600/2979/2344 2674/3012/2377
f 2644/2947/2312 2735/3018/2383 2674/3012/2377 2587/2928/2293
f 2586/2930/2295 2666/3014/2379 2736/3019/2384 2642/2949/2314
f 2666/3014/2379 2601/2987/2352 2684/3005/2370 2736/3019/2384
f 2736/3019/2384 2684/3005/2370 2598/2988/2353 2676/3015/2380
f 2642/2949/2314 2736/3019/2384 2676/3015/2380 2585/2934/2299
f 2596/2976/2341 2695/3020/2385 2737/3021/2386 2660/3003/2368
f 2695/3020/2385 2612/3022/2387 2692/3023/2388 2737/3021/2386
f 2737/3021/2386 2692/3023/2388 2611/3024/2389 2694/3025/2390
f 2660/3003/2368 2737/3021/2386 2694/3025/2390 2595/2983/2348
f 2594/2985/2350 2697/3026/2391 2738/3027/2392 2658/3006/2371
f 2697/3026/2391 2610/3028/2393 2690/3029/2394 2738/3027/2392
f 2738/3027/2392 2690/3029/2394 2609/3030/2395 2696/3031/2396
f 2658/3006/2371 2738/3027/2392 2696/3031/2396 2593/2992/2357
f 2592/2994/2359 2699/3032/2397 2739/3033/2398 2656/3034/2399
f 2699/3032/2397 2608/3035/2400 2688/3036/2401 2739/3033/2398
f 2739/3033/2398 2688/3036/2401 2607/3037/2402 2698/3038/2403
f 2656/3034/2399 2739/3033/2398 2698/3038/2403 2591/2999/2364
f 2590/2968/2333 2701/3039/2404 2740/3040/2405 2654/2969/2334
f 2701/3039/2404 2606/3041/2406 2686/3042/2407 2740/3040/2405
f 2740/3040/2405 2686/3042/2407 2605/3043/2408 2700/3044/2409
f 2654/2969/2334 2740/3040/2405 2700/3044/2409 2589/2970/2335
f 2589/2970/2335 2700/3044/2409 2741/3045/2410 2661/2975/2340
f 2700/3044/2409 2605/3043/2408 2693/3046/2411 2741/3045/2410
f 2741/3045/2410 2693/3046/2411 2612/3022/2387 2695/3020/2385
f 2661/2975/2340 2741/3045/2410 2695/3020/2385 2596/2976/2341
f 2595/2983/2348 2694/3025/2390 2742/3047/2412 2659/2984/2349
f 2694/3025/2390 2611/3024/2389 2691/3048/2413 2742/3047/2412
f 2742/3047/2412 2691/3048/2413 2610/3028/2393 2697/3026/2391
f 2659/2984/2349 2742/3047/2412 2697/3026/2391 2594/2985/2350
f 2593/2992/2357 2696/3031/2396 2743/3049/2414 2657/2993/2358
f 2696/3031/2396 2609/3030/2395 2689/3050/2415 2743/3049/2414
f 2743/3049/2414 2689/3050/2415 2608/3035/2400 2699/3032/2397
f 2657/2993/2358 2743/3049/2414 2699/3032/2397 2592/2994/2359
f 2591/2999/2364 2698/3038/2403 2744/3051/2416 2655/3000/2365
f 2698/3038/2403 2607/3037/2402 2687/3052/2417 2744/3051/2416
f 2744/3051/2416 2687/3052/2417 2606/3041/2406 2701/3039/2404
f 2655/3000/2365 2744/3051/2416 2701/3039/2404 2590/2968/2333
f 2605/3043/2408 2686/3042/2407 2745/3053/2237 2693/3046/2411
f 2686/3042/2407 2606/3041/2406 2703/3054/2237 2745/3053/2237
f 2745/3053/2237 2703/3054/2237 2613/3055/2237 2702/3056/2237
f 2693/3046/2411 2745/3053/2237 2702/3056/2237 2612/3022/2387
f 2612/3022/2387 2702/3056/2237 2746/3057/2237 2692/3023/2388
f 2702/3056/2237 2613/3055/2237 2704/3058/2237 2746/3057/2237
f 2746/3057/2237 2704/3058/2237 2610/3028/2393 2691/3048/2413
f 2692/3023/2388 2746/3057/2237 2691/3048/2413 2611/3024/2389
f 2606/3041/2406 2687/3052/2417 2747/3059/2237 2703/3054/2237
f 2687/3052/2417 2607/3037/2402 2688/3036/2401 2747/3059/2237
f 2747/3059/2237 2688/3036/2401 2608/3035/2400 2705/3060/2237
f 2703/3054/2237 2747/3059/2237 2705/3060/2237 2613/3055/2237
f 2613/3055/2237 2705/3060/2237 2748/3061/2237 2704/3058/2237
f 2705/3060/2237 2608/3035/2400 2689/3050/2415 2748/3061/2237
f 2748/3061/2237 2689/3050/2415 2609/3030/2395 2690/3029/2394
f 2704/3058/2237 2748/3061/2237 2690/3029/2394 2610/3028/2393
f 2599/2960/2325 2675/2995/2360 2749/3062/2418 2685/2961/2326
f 2675/2995/2360 2592/2994/2359 2656/3034/2399 2749/3062/2418
f 2749/3062/2418 2656/3034/2399 2591/2999/2364 2662/2996/2361
f 2685/2961/2326 2749/3062/2418 2662/2996/2361 2597/2962/2327
f 2750/3063/2419 2846/3064/2420 2990/3065/2421 2834/3066/2422
f 2846/3064/2420 2762/3067/2423 2847/3068/2424 2990/3065/2421
f 2990/3065/2421 2847/3068/2424 2773/3069/2425 2848/3070/2426
f 2834/3066/2422 2990/3065/2421 2848/3070/2426 2761/3071/2427
f 2751/3072/2428 2849/3073/2429 2991/3074/2430 2835/3075/2431
f 2849/3073/2429 2763/3076/2432 2850/3077/2433 2991/3074/2430
f 2991/3074/2430 2850/3077/2433 2762/3067/2423 2846/3064/2420
f 2835/3075/2431 2991/3074/2430 2846/3064/2420 2750/3063/2419
f 2752/3078/2434 2851/3079/2435 2992/3080/2436 2836/3081/2437
f 2851/3079/2435 2764/3082/2438 2852/3083/2439 2992/3080/2436
f 2992/3080/2436 2852/3083/2439 2763/3076/2432 2849/3073/2429
f 2836/3081/2437 2992/3080/2436 2849/3073/2429 2751/3072/2428
f 2753/3084/2440 2853/3085/2441 2993/3086/2442 2837/3087/2443
f 2853/3085/2441 2765/3088/2444 2854/3089/2445 2993/3086/2442
f 2993/3086/2442 2854/3089/2445 2764/3082/2438 2851/3079/2435
f 2837/3087/2443 2993/3086/2442 2851/3079/2435 2752/3078/2434
f 2754/3090/2446 2855/3091/2447 2994/3092/2448 2838/3093/2449
f 2855/3091/2447 2766/3094/2450 2856/3095/2451 2994/3092/2448
f 2994/3092/2448 2856/3095/2451 2765/3088/2444 2853/3085/2441
f 2838/3093/2449 2994/3092/2448 2853/3085/2441 2753/3084/2440
f 2755/3096/2452 2857/3097/2453 2995/3098/2454 2839/3099/2455
f 2857/3097/2453 2767/3100/2456 2858/3101/2457 2995/3098/2454
f 2995/3098/2454 2858/3101/2457 2766/3094/2450 2855/3091/2447
f 2839/3099/2455 2995/3098/2454 2855/3091/2447 2754/3090/2446
f 2756/3102/2458 2859/3103/2459 2996/3104/2460 2840/3105/2461
f 2859/3103/2459 2768/3106/2462 2860/3107/2463 2996/3104/2460
f 2996/3104/2460 2860/3107/2463 2767/3108/2456 2857/3109/2453
f 2840/3105/2461 2996/3104/2460 2857/3109/2453 2755/3110/2452
f 2757/3111/2464 2861/3112/2465 2997/3113/2466 2841/3114/2467
f 2861/3112/2465 2769/3115/2468 2862/3116/2469 2997/3113/2466
f 2997/3113/2466 2862/3116/2469 2768/3106/2462 2859/3103/2459
f 2841/3114/2467 2997/3113/2466 2859/3103/2459 2756/3102/2458
f 2758/3117/2470 2863/3118/2471 2998/3119/2472 2842/3120/2473
f 2863/3118/2471 2770/3121/2474 2864/3122/2475 2998/3119/2472
f 2998/3119/2472 2864/3122/2475 2769/3115/2468 2861/3112/2465
f 2842/3120/2473 2998/3119/2472 2861/3112/2465 2757/3111/2464
f 2759/3123/2476 2865/3124/2477 2999/3125/2478 2843/3126/2479
f 2865/3124/2477 2771/3127/2480 2866/3128/2481 2999/3125/2478
f 2999/3125/2478 2866/3128/2481 2770/3121/2474 2863/3118/2471
f 2843/3126/2479 2999/3125/2478 2863/3118/2471 2758/3117/2470
f 2760/3129/2482 2867/3130/2483 3000/3131/2484 2844/3132/2485
f 2867/3130/2483 2772/3133/2486 2868/3134/2487 3000/3131/2484
f 3000/3131/2484 2868/3134/2487 2771/3127/2480 2865/3124/2477
f 2844/3132/2485 3000/3131/2484 2865/3124/2477 2759/3123/2476
f 2761/3071/2427 2848/3070/2426 3001/3135/2488 2845/3136/2489
f 2848/3070/2426 2773/3069/2425 2869/3137/2490 3001/3135/2488
f 3001/3135/2488 2869/3137/2490 2772/3133/2486 2867/3130/2483
f 2845/3136/2489 3001/3135/2488 2867/3130/2483 2760/3129/2482
f 2762/3067/2423 2870/3138/2491 3002/3139/2492 2847/3068/2424
f 2870/3138/2491 2774/3140/2493 2871/3141/2494 3002/3139/2492
f 3002/3139/2492 2871/3141/2494 2785/3142/2495 2872/3143/2496
f 2847/3068/2424 3002/3139/2492 2872/3143/2496 2773/3069/2425
f 2763/3076/2432 2873/3144/2497 3003/3145/2498 2850/3077/2433
f 2873/3144/2497 2775/3146/2499 2874/3147/2500 3003/3145/2498
f 3003/3145/2498 2874/3147/2500 2774/3140/2493 2870/3138/2491
f 2850/3077/2433 3003/3145/2498 2870/3138/2491 2762/3067/2423
f 2764/3082/2438 2875/3148/2501 3004/3149/2502 2852/3083/2439
f 2875/3148/2501 2776/3150/2503 2876/3151/2504 3004/3149/2502
f 3004/3149/2502 2876/3151/2504 2775/3146/2499 2873/3144/2497
f 2852/3083/2439 3004/3149/2502 2873/3144/2497 2763/3076/2432
f 2765/3088/2444 2877/3152/2505 3005/3153/2506 2854/3089/2445
f 2877/3152/2505 2777/3154/2507 2878/3155/2508 3005/3153/2506
f 3005/3153/2506 2878/3155/2508 2776/3150/2503 2875/3148/2501
f 2854/3089/2445 3005/3153/2506 2875/3148/2501 2764/3082/2438
f 2766/3094/2450 2879/3156/2509 3006/3157/2510 2856/3095/2451
f 2879/3156/2509 2778/3158/2511 2880/3159/2512 3006/3157/2510
f 3006/3157/2510 2880/3159/2512 2777/3154/2507 2877/3152/2505
f 2856/3095/2451 3006/3157/2510 2877/3152/2505 2765/3088/2444
f 2767/3100/2456 2881/3160/2513 3007/3161/2514 2858/3101/2457
f 2881/3160/2513 2779/3162/2515 2882/3163/2516 3007/3161/2514
f 3007/3161/2514 2882/3163/2516 2778/3158/2511 2879/3156/2509
f 2858/3101/2457 3007/3161/2514 2879/3156/2509 2766/3094/2450
f 2768/3106/2462 2883/3164/2517 3008/3165/2518 2860/3107/2463
f 2883/3164/2517 2780/3166/2519 2884/3167/2520 3008/3165/2518
f 3008/3165/2518 2884/3167/2520 2779/3168/2515 2881/3169/2513
f 2860/3107/2463 3008/3165/2518 2881/3169/2513 2767/3108/2456
f 2769/3115/2468 2885/3170/2521 3009/3171/2522 2862/3116/2469
f 2885/3170/2521 2781/3172/2523 2886/3173/2524 3009/3171/2522
f 3009/3171/2522 2886/3173/2524 2780/3166/2519 2883/3164/2517
f 2862/3116/2469 3009/3171/2522 2883/3164/2517 2768/3106/2462
f 2770/3121/2474 2887/3174/2525 3010/3175/2526 2864/3122/2475
f 2887/3174/2525 2782/3176/2527 2888/3177/2528 3010/3175/2526
f 3010/3175/2526 2888/3177/2528 2781/3172/2523 2885/3170/2521
f 2864/3122/2475 3010/3175/2526 2885/3170/2521 2769/3115/2468
f 2771/3127/2480 2889/3178/2529 3011/3179/2530 2866/3128/2481
f 2889/3178/2529 2783/3180/2531 2890/3181/2532 3011/3179/2530
f 3011/3179/2530 2890/3181/2532 2782/3176/2527 2887/3174/2525
f 2866/3128/2481 3011/3179/2530 2887/3174/2525 2770/3121/2474
f 2772/3133/2486 2891/3182/2533 3012/3183/2534 2868/3134/2487
f 2891/3182/2533 2784/3184/2535 2892/3185/2536 3012/3183/2534
f 3012/3183/2534 2892/3185/2536 2783/3180/2531 2889/3178/2529
f 2868/3134/2487 3012/3183/2534 2889/3178/2529 2771/3127/2480
f 2773/3069/2425 2872/3143/2496 3013/3186/2537 2869/3137/2490
f 2872/3143/2496 2785/3142/2495 2893/3187/2538 3013/3186/2537
f 3013/3186/2537 2893/3187/2538 2784/3184/2535 2891/3182/2533
f 2869/3137/2490 3013/3186/2537 2891/3182/2533 2772/3133/2486
f 2774/3140/2493 2894/3188/2539 3014/3189/2540 2871/3141/2494
f 2894/3188/2539 2786/3190/2541 2895/3191/2542 3014/3189/2540
f 3014/3189/2540 2895/3191/2542 2797/3192/2242 2896/3193/2543
f 2871/3141/2494 3014/3189/2540 2896/3193/2543 2785/3142/2495
f 2775/3146/2499 2897/3194/2544 3015/3195/2545 2874/3147/2500
f 2897/3194/2544 2787/3196/2546 2898/3197/2547 3015/3195/2545
f 3015/3195/2545 2898/3197/2547 2786/3190/2541 2894/3188/2539
f 2874/3147/2500 3015/3195/2545 2894/3188/2539 2774/3140/2493
f 2776/3150/2503 2899/3198/2548 3016/3199/2549 2876/3151/2504
f 2899/3198/2548 2788/3200/2550 2900/3201/2551 3016/3199/2549
f 3016/3199/2549 2900/3201/2551 2787/3196/2546 2897/3194/2544
f 2876/3151/2504 3016/3199/2549 2897/3194/2544 2775/3146/2499
f 2777/3154/2507 2901/3202/2552 3017/3203/2553 2878/3155/2508
f 2901/3202/2552 2789/3204/2554 2902/3205/2555 3017/3203/2553
f 3017/3203/2553 2902/3205/2555 2788/3200/2550 2899/3198/2548
f 2878/3155/2508 3017/3203/2553 2899/3198/2548 2776/3150/2503
f 2778/3158/2511 2903/3206/2556 3018/3207/2557 2880/3159/2512
f 2903/3206/2556 2790/3208/2558 2904/3209/2559 3018/3207/2557
f 3018/3207/2557 2904/3209/2559 2789/3204/2554 2901/3202/2552
f 2880/3159/2512 3018/3207/2557 2901/3202/2552 2777/3154/2507
f 2779/3162/2515 2905/3210/2560 3019/3211/2561 2882/3163/2516
f 2905/3210/2560 2791/3212/2240 2906/3213/2562 3019/3211/2561
f 3019/3211/2561 2906/3213/2562 2790/3208/2558 2903/3206/2556
f 2882/3163/2516 3019/3211/2561 2903/3206/2556 2778/3158/2511
f 2780/3166/2519 2907/3214/2563 3020/3215/2564 2884/3167/2520
f 2907/3214/2563 2792/3216/2565 2908/3217/2566 3020/3215/2564
f 3020/3215/2564 2908/3217/2566 2791/3218/2240 2905/3219/2560
f 2884/3167/2520 3020/3215/2564 2905/3219/2560 2779/3168/2515
f 2781/3172/2523 2909/3220/2567 3021/3221/2568 2886/3173/2524
f 2909/3220/2567 2793/3222/2569 2910/3223/2570 3021/3221/2568
f 3021/3221/2568 2910/3223/2570 2792/3216/2565 2907/3214/2563
f 2886/3173/2524 3021/3221/2568 2907/3214/2563 2780/3166/2519
f 2782/3176/2527 2911/3224/2571 3022/3225/2572 2888/3177/2528
f 2911/3224/2571 2794/3226/2573 2912/3227/2574 3022/3225/2572
f 3022/3225/2572 2912/3227/2574 2793/3222/2569 2909/3220/2567
f 2888/3177/2528 3022/3225/2572 2909/3220/2567 2781/3172/2523
f 2783/3180/2531 2913/3228/2575 3023/3229/2576 2890/3181/2532
f 2913/3228/2575 2795/3230/2577 2914/3231/2578 3023/3229/2576
f 3023/3229/2576 2914/3231/2578 2794/3226/2573 2911/3224/2571
f 2890/3181/2532 3023/3229/2576 2911/3224/2571 2782/3176/2527
f 2784/3184/2535 2915/3232/2579 3024/3233/2580 2892/3185/2536
f 2915/3232/2579 2796/3234/2581 2916/3235/2582 3024/3233/2580
f 3024/3233/2580 2916/3235/2582 2795/3230/2577 2913/3228/2575
f 2892/3185/2536 3024/3233/2580 2913/3228/2575 2783/3180/2531
f 2785/3142/2495 2896/3193/2543 3025/3236/2583 2893/3187/2538
f 2896/3193/2543 2797/3192/2242 2917/3237/2584 3025/3236/2583
f 3025/3236/2583 2917/3237/2584 2796/3234/2581 2915/3232/2579
f 2893/3187/2538 3025/3236/2583 2915/3232/2579 2784/3184/2535
f 2786/3190/2541 2918/3238/2585 3026/3239/2586 2895/3191/2542
f 2918/3238/2585 2798/3240/2587 2919/3241/2588 3026/3239/2586
f 3026/3239/2586 2919/3241/2588 2809/3242/2589 2920/3243/2590
f 2895/3191/2542 3026/3239/2586 2920/3243/2590 2797/3192/2242
f 2787/3196/2546 2921/3244/2591 3027/3245/2592 2898/3197/2547
f 2921/3244/2591 2799/3246/2593 2922/3247/2594 3027/3245/2592
f 3027/3245/2592 2922/3247/2594 2798/3240/2587 2918/3238/2585
f 2898/3197/2547 3027/3245/2592 2918/3238/2585 2786/3190/2541
f 2788/3200/2550 2923/3248/2595 3028/3249/2596 2900/3201/2551
f 2923/3248/2595 2800/3250/2597 2924/3251/2598 3028/3249/2596
f 3028/3249/2596 2924/3251/2598 2799/3246/2593 2921/3244/2591
f 2900/3201/2551 3028/3249/2596 2921/3244/2591 2787/3196/2546
f 2789/3204/2554 2925/3252/2599 3029/3253/2600 2902/3205/2555
f 2925/3252/2599 2801/3254/2601 2926/3255/2602 3029/3253/2600
f 3029/3253/2600 2926/3255/2602 2800/3250/2597 2923/3248/2595
f 2902/3205/2555 3029/3253/2600 2923/3248/2595 2788/3200/2550
f 2790/3208/2558 2927/3256/2603 3030/3257/2604 2904/3209/2559
f 2927/3256/2603 2802/3258/2605 2928/3259/2606 3030/3257/2604
f 3030/3257/2604 2928/3259/2606 2801/3254/2601 2925/3252/2599
f 2904/3209/2559 3030/3257/2604 2925/3252/2599 2789/3204/2554
f 2791/3212/2240 2929/3260/2607 3031/3261/2608 2906/3213/2562
f 2929/3260/2607 2803/3262/2609 2930/3263/2610 3031/3261/2608
f 3031/3261/2608 2930/3263/2610 2802/3258/2605 2927/3256/2603
f 2906/3213/2562 3031/3261/2608 2927/3256/2603 2790/3208/2558
f 2792/3216/2565 2931/3264/2611 3032/3265/2612 2908/3217/2566
f 2931/3264/2611 2804/3266/2613 2932/3267/2614 3032/3265/2612
f 3032/3265/2612 2932/3267/2614 2803/3268/2609 2929/3269/2607
f 2908/3217/2566 3032/3265/2612 2929/3269/2607 2791/3218/2240
f 2793/3222/2569 2933/3270/2615 3033/3271/2616 2910/3223/2570
f 2933/3270/2615 2805/3272/2617 2934/3273/2618 3033/3271/2616
f 3033/3271/2616 2934/3273/2618 2804/3266/2613 2931/3264/2611
f 2910/3223/2570 3033/3271/2616 2931/3264/2611 2792/3216/2565
f 2794/3226/2573 2935/3274/2619 3034/3275/2620 2912/3227/2574
f 2935/3274/2619 2806/3276/2621 2936/3277/2622 3034/3275/2620
f 3034/3275/2620 2936/3277/2622 2805/3272/2617 2933/3270/2615
f 2912/3227/2574 3034/3275/2620 2933/3270/2615 2793/3222/2569
f 2795/3230/2577 2937/3278/2623 3035/3279/2624 2914/3231/2578
f 2937/3278/2623 2807/3280/2625 2938/3281/2626 3035/3279/2624
f 3035/3279/2624 2938/3281/2626 2806/3276/2621 2935/3274/2619
f 2914/3231/2578 3035/3279/2624 2935/3274/2619 2794/3226/2573
f 2796/3234/2581 2939/3282/2627 3036/3283/2628 2916/3235/2582
f 2939/3282/2627 2808/3284/2629 2940/3285/2630 3036/3283/2628
f 3036/3283/2628 2940/3285/2630 2807/3280/2625 2937/3278/2623
f 2916/3235/2582 3036/3283/2628 2937/3278/2623 2795/3230/2577
f 2797/3192/2242 2920/3243/2590 3037/3286/2631 2917/3237/2584
f 2920/3243/2590 2809/3242/2589 2941/3287/2632 3037/3286/2631
f 3037/3286/2631 2941/3287/2632 2808/3284/2629 2939/3282/2627
f 2917/3237/2584 3037/3286/2631 2939/3282/2627 2796/3234/2581
f 2798/3240/2587 2942/3288/2633 3038/3289/2634 2919/3241/2588
f 2942/3288/2633 2810/3290/2635 2943/3291/2636 3038/3289/2634
f 3038/3289/2634 2943/3291/2636 2821/3292/2637 2944/3293/2638
f 2919/3241/2588 3038/3289/2634 2944/3293/2638 2809/3242/2589
f 2799/3246/2593 2945/3294/2639 3039/3295/2640 2922/3247/2594
f 2945/3294/2639 2811/3296/2641 2946/3297/2642 3039/3295/2640
f 3039/3295/2640 2946/3297/2642 2810/3290/2635 2942/3288/2633
f 2922/3247/2594 3039/3295/2640 2942/3288/2633 2798/3240/2587
f 2800/3250/2597 2947/3298/2643 3040/3299/2644 2924/3251/2598
f 2947/3298/2643 2812/3300/2645 2948/3301/2646 3040/3299/2644
f 3040/3299/2644 2948/3301/2646 2811/3296/2641 2945/3294/2639
f 2924/3251/2598 3040/3299/2644 2945/3294/2639 2799/3246/2593
f 2801/3254/2601 2949/3302/2647 3041/3303/2648 2926/3255/2602
f 2949/3302/2647 2813/3304/2649 2950/3305/2650 3041/3303/2648
f 3041/3303/2648 2950/3305/2650 2812/3300/2645 2947/3298/2643
f 2926/3255/2602 3041/3303/2648 2947/3298/2643 2800/3250/2597
f 2802/3258/2605 2951/3306/2651 3042/3307/2652 2928/3259/2606
f 2951/3306/2651 2814/3308/2653 2952/3309/2654 3042/3307/2652
f 3042/3307/2652 2952/3309/2654 2813/3304/2649 2949/3302/2647
f 2928/3259/2606 3042/3307/2652 2949/3302/2647 2801/3254/2601
f 2803/3262/2609 2953/3310/2655 3043/3311/2656 2930/3263/2610
f 2953/3310/2655 2815/3312/2657 2954/3313/2658 3043/3311/2656
f 3043/3311/2656 2954/3313/2658 2814/3308/2653 2951/3306/2651
f 2930/3263/2610 3043/3311/2656 2951/3306/2651 2802/3258/2605
f 2804/3266/2613 2955/3314/2659 3044/3315/2660 2932/3267/2614
f 2955/3314/2659 2816/3316/2661 2956/3317/2662 3044/3315/2660
f 3044/3315/2660 2956/3317/2662 2815/3318/2657 2953/3319/2655
f 2932/3267/2614 3044/3315/2660 2953/3319/2655 2803/3268/2609
f 2805/3272/2617 2957/3320/2663 3045/3321/2664 2934/3273/2618
f 2957/3320/2663 2817/3322/2665 2958/3323/2666 3045/3321/2664
f 3045/3321/2664 2958/3323/2666 2816/3316/2661 2955/3314/2659
f 2934/3273/2618 3045/3321/2664 2955/3314/2659 2804/3266/2613
f 2806/3276/2621 2959/3324/2667 3046/3325/2668 2936/3277/2622
f 2959/3324/2667 2818/3326/2669 2960/3327/2670 3046/3325/2668
f 3046/3325/2668 2960/3327/2670 2817/3322/2665 2957/3320/2663
f 2936/3277/2622 3046/3325/2668 2957/3320/2663 2805/3272/2617
f 2807/3280/2625 2961/3328/2671 3047/3329/2672 2938/3281/2626
f 2961/3328/2671 2819/3330/2673 2962/3331/2674 3047/3329/2672
f 3047/3329/2672 2962/3331/2674 2818/3326/2669 2959/3324/2667
f 2938/3281/2626 3047/3329/2672 2959/3324/2667 2806/3276/2621
f 2808/3284/2629 2963/3332/2675 3048/3333/2676 2940/3285/2630
f 2963/3332/2675 2820/3334/2677 2964/3335/2678 3048/3333/2676
f 3048/3333/2676 2964/3335/2678 2819/3330/2673 2961/3328/2671
f 2940/3285/2630 3048/3333/2676 2961/3328/2671 2807/3280/2625
f 2809/3242/2589 2944/3293/2638 3049/3336/2679 2941/3287/2632
f 2944/3293/2638 2821/3292/2637 2965/3337/2680 3049/3336/2679
f 3049/3336/2679 2965/3337/2680 2820/3334/2677 2963/3332/2675
f 2941/3287/2632 3049/3336/2679 2963/3332/2675 2808/3284/2629
f 2810/3290/2635 2966/3338/2681 3050/3339/2682 2943/3291/2636
f 2966/3338/2681 2822/3340/2683 2967/3341/2684 3050/3339/2682
f 3050/3339/2682 2967/3341/2684 2833/3342/2685 2968/3343/2686
f 2943/3291/2636 3050/3339/2682 2968/3343/2686 2821/3292/2637
f 2811/3296/2641 2969/3344/2687 3051/3345/2688 2946/3297/2642
f 2969/3344/2687 2823/3346/2689 2970/3347/2690 3051/3345/2688
f 3051/3345/2688 2970/3347/2690 2822/3340/2683 2966/3338/2681
f 2946/3297/2642 3051/3345/2688 2966/3338/2681 2810/3290/2635
f 2812/3300/2645 2971/3348/2691 3052/3349/2692 2948/3301/2646
f 2971/3348/2691 2824/3350/2693 2972/3351/2694 3052/3349/2692
f 3052/3349/2692 2972/3351/2694 2823/3346/2689 2969/3344/2687
f 2948/3301/2646 3052/3349/2692 2969/3344/2687 2811/3296/2641
f 2813/3304/2649 2973/3352/2695 3053/3353/2696 2950/3305/2650
f 2973/3352/2695 2825/3354/2697 2974/3355/2698 3053/3353/2696
f 3053/3353/2696 2974/3355/2698 2824/3350/2693 2971/3348/2691
f 2950/3305/2650 3053/3353/2696 2971/3348/2691 2812/3300/2645
f 2814/3308/2653 2975/3356/2699 3054/3357/2700 2952/3309/2654
f 2975/3356/2699 2826/3358/2701 2976/3359/2702 3054/3357/2700
f 3054/3357/2700 2976/3359/2702 2825/3354/2697 2973/3352/2695
f 2952/3309/2654 3054/3357/2700 2973/3352/2695 2813/3304/2649
f 2815/3312/2657 2977/3360/2703 3055/3361/2704 2954/3313/2658
f 2977/3360/2703 2827/3362/2705 2978/3363/2706 3055/3361/2704
f 3055/3361/2704 2978/3363/2706 2826/3358/2701 2975/3356/2699
f 2954/3313/2658 3055/3361/2704 2975/3356/2699 2814/3308/2653
f 2816/3316/2661 2979/3364/2707 3056/3365/2708 2956/3317/2662
f 2979/3364/2707 2828/3366/2709 2980/3367/2710 3056/3365/2708
f 3056/3365/2708 2980/3367/2710 2827/3368/2705 2977/3369/2703
f 2956/3317/2662 3056/3365/2708 2977/3369/2703 2815/3318/2657
f 2817/3322/2665 2981/3370/2711 3057/3371/2712 2958/3323/2666
f 2981/3370/2711 2829/3372/2713 2982/3373/2714 3057/3371/2712
f 3057/3371/2712 2982/3373/2714 2828/3366/2709 2979/3364/2707
f 2958/3323/2666 3057/3371/2712 2979/3364/2707 2816/3316/2661
f 2818/3326/2669 2983/3374/2715 3058/3375/2716 2960/3327/2670
f 2983/3374/2715 2830/3376/2717 2984/3377/2718 3058/3375/2716
f 3058/3375/2716 2984/3377/2718 2829/3372/2713 2981/3370/2711
f 2960/3327/2670 3058/3375/2716 2981/3370/2711 2817/3322/2665
f 2819/3330/2673 2985/3378/2719 3059/3379/2720 2962/3331/2674
f 2985/3378/2719 2831/3380/2721 2986/3381/2722 3059/3379/2720
f 3059/3379/2720 2986/3381/2722 2830/3376/2717 2983/3374/2715
f 2962/3331/2674 3059/3379/2720 2983/3374/2715 2818/3326/2669
f 2820/3334/2677 2987/3382/2723 3060/3383/2724 2964/3335/2678
f 2987/3382/2723 2832/3384/2725 2988/3385/2726 3060/3383/2724
f 3060/3383/2724 2988/3385/2726 2831/3380/2721 2985/3378/2719
f 2964/3335/2678 3060/3383/2724 2985/3378/2719 2819/3330/2673
f 2821/3292/2637 2968/3343/2686 3061/3386/2727 2965/3337/2680
f 2968/3343/2686 2833/3342/2685 2989/3387/2728 3061/3386/2727
f 3061/3386/2727 2989/3387/2728 2832/3384/2725 2987/3382/2723
f 2965/3337/2680 3061/3386/2727 2987/3382/2723 2820/3334/2677
