# 3ds Max Wavefront OBJ Exporter v0.97b - (c)2007 guruware
# File Created: 19.11.2021 10:25:14

mtllib 5766_GreatDane.mtl

#
# object GreatDane_Frame
#

v  230.5953 6.7889 9.1665
v  207.4144 6.7883 9.1665
v  209.8680 4.5366 9.1053
v  233.3139 4.5372 9.1053
v  211.9126 2.6602 8.8166
v  235.5794 2.6607 8.8166
v  161.3917 6.7883 9.1665
v  163.3191 4.5366 9.1053
v  164.9252 2.6602 8.8166
v  241.3263 4.5388 9.1053
v  238.5171 6.7905 9.1665
v  241.5744 4.5421 9.1053
v  238.7625 6.7938 9.1665
v  243.6672 2.6624 8.8166
v  243.9176 2.6657 8.8166
v  235.7080 9.0422 8.9651
v  227.8767 9.0406 8.9651
v  233.3671 10.9187 8.4663
v  225.6113 10.9170 8.4663
v  235.9506 9.0455 8.9651
v  233.6074 10.9220 8.4663
v  204.9608 9.0400 8.9651
v  159.4642 9.0400 8.9651
v  202.9162 10.9165 8.4663
v  157.8581 10.9165 8.4663
v  239.2977 393.6401 9.1665
v  239.2983 374.9518 9.1665
v  242.1130 376.9064 9.1053
v  242.1123 395.8084 9.1053
v  244.4585 378.5352 8.8166
v  244.4578 397.6153 8.8166
v  239.2983 338.1107 9.1665
v  242.1130 339.6441 9.1053
v  244.4585 340.9220 8.8166
v  242.1102 402.4195 9.1053
v  239.2956 400.1765 9.1665
v  242.1061 402.8091 9.1053
v  239.2914 400.5617 9.1665
v  244.4557 404.2887 8.8166
v  244.4516 404.6819 8.8166
v  236.4809 397.9336 8.9651
v  236.4830 391.4719 8.9651
v  234.1354 396.0645 8.4663
v  234.1375 389.6650 8.4663
v  236.4768 398.3144 8.9651
v  234.1312 396.4416 8.4663
v  236.4837 372.9971 8.9651
v  236.4837 336.5772 8.9651
v  234.1382 371.3683 8.4663
v  234.1382 335.2994 8.4663
v  -260.9607 399.7148 -7.3918
v  -260.9614 380.5858 -7.3918
v  -261.1960 380.7492 -7.0125
v  -261.1953 399.8959 -7.0125
v  -261.1960 380.7492 -6.3259
v  -261.1953 399.8959 -6.3259
v  -260.9614 342.6610 -7.3918
v  -261.1960 342.7893 -7.0125
v  -261.1960 342.7893 -6.3259
v  -261.1932 406.4697 -7.0125
v  -260.9586 406.2825 -7.3918
v  -261.1891 406.7105 -7.0125
v  -260.9545 406.5231 -7.3918
v  -261.1932 406.4697 -6.3259
v  -261.1891 406.7105 -6.3259
v  -260.2550 405.7209 -7.5594
v  -260.2571 399.1714 -7.5594
v  -258.8477 404.5977 -7.6108
v  -258.8498 398.0847 -7.6108
v  -260.2509 405.9608 -7.5594
v  -258.8435 404.8364 -7.6108
v  -260.2578 380.0955 -7.5594
v  -260.2578 342.2760 -7.5594
v  -258.8505 379.1149 -7.6108
v  -258.8505 341.5060 -7.6108
v  -244.2515 401.1786 9.1665
v  -220.8837 401.1792 9.1665
v  -223.3267 403.4309 9.1053
v  -246.9617 403.4303 9.1053
v  -225.3625 405.3073 8.8166
v  -249.2202 405.3068 8.8166
v  -174.8237 401.1792 9.1665
v  -176.7402 403.4309 9.1053
v  -178.3372 405.3073 8.8166
v  -255.2317 403.4286 9.1053
v  -252.4281 401.1770 9.1665
v  -255.7231 403.4254 9.1053
v  -252.9140 401.1737 9.1665
v  -257.5681 405.3051 8.8166
v  -258.0640 405.3018 8.8166
v  -249.6245 398.9252 8.9651
v  -241.5414 398.9269 8.9651
v  -247.2881 397.0488 8.4663
v  -239.2829 397.0505 8.4663
v  -250.1048 398.9220 8.9651
v  -247.7639 397.0455 8.4663
v  -218.4406 398.9275 8.9651
v  -172.9073 398.9275 8.9651
v  -216.4048 397.0510 8.4663
v  -171.3103 397.0510 8.4663
v  -237.2503 395.3617 6.4620
v  -237.0244 395.1740 4.9390
v  -214.3690 395.1746 4.9390
v  -214.5725 395.3622 6.4620
v  -169.7133 395.1746 4.9390
v  -169.8730 395.3622 6.4620
v  -237.0244 395.1740 3.0572
v  -214.3689 395.1746 3.0572
v  -169.7133 395.1746 3.0572
v  -215.1833 395.9252 7.6348
v  -237.9278 395.9246 7.6348
v  -170.3520 395.9252 7.6348
v  -245.8863 395.9230 7.6348
v  -245.1854 395.3600 6.4620
v  -246.3593 395.9197 7.6348
v  -245.6570 395.3568 6.4620
v  -244.9518 395.1724 4.9390
v  -244.9518 395.1724 3.0572
v  -245.4230 395.1691 4.9390
v  -245.4229 395.1691 3.0572
v  -246.4184 388.4849 -7.2699
v  -246.1839 388.3038 -6.6633
v  -246.1846 370.2899 -6.6633
v  -246.4191 370.4533 -7.2699
v  -246.1846 334.5761 -6.6633
v  -246.4191 334.7045 -7.2699
v  -246.1839 388.3038 -5.5450
v  -246.1846 370.2899 -5.5450
v  -246.1846 334.5761 -5.5450
v  -247.1228 370.9436 -7.5264
v  -247.1221 389.0283 -7.5264
v  -248.5301 371.9242 -7.5943
v  -248.5294 390.1151 -7.5943
v  -247.1228 335.0894 -7.5264
v  -248.5301 335.8594 -7.5943
v  -247.1200 395.2375 -7.5264
v  -246.4163 394.6759 -7.2699
v  -247.1159 395.4652 -7.5264
v  -246.4122 394.9029 -7.2699
v  -248.5273 396.3607 -7.5943
v  -248.5232 396.5897 -7.5943
v  -246.1818 394.4887 -6.6633
v  -246.1818 394.4887 -5.5450
v  -246.1777 394.7155 -6.6633
v  -246.1777 394.7155 -5.5450
v  232.0265 388.0388 6.4620
v  231.7919 387.8581 4.9390
v  231.7926 369.7394 4.9390
v  232.0272 369.9023 6.4620
v  231.7926 334.0215 4.9390
v  232.0272 334.1493 6.4620
v  231.7919 387.8581 3.0572
v  231.7926 369.7394 3.0572
v  231.7926 334.0215 3.0572
v  232.7309 370.3910 7.6348
v  232.7301 388.5809 7.6348
v  232.7309 334.5327 7.6348
v  232.7281 394.9429 7.6348
v  232.0244 394.3822 6.4620
v  232.7239 395.3179 7.6348
v  232.0203 394.7560 6.4620
v  231.7899 394.1953 4.9390
v  231.7899 394.1953 3.0572
v  231.7857 394.5688 4.9390
v  231.7857 394.5688 3.0572
v  -253.6896 394.0999 -7.6503
v  -253.6903 375.5196 -7.6503
v  -256.5049 377.4806 -7.6416
v  -256.5042 396.2734 -7.6416
v  -253.6903 338.6827 -7.6503
v  -256.5049 340.2227 -7.6416
v  -256.5021 402.7257 -7.6416
v  -253.6875 400.4792 -7.6503
v  -256.4980 402.9621 -7.6416
v  -253.6834 400.7130 -7.6503
v  -250.8729 398.2328 -7.6350
v  -250.8749 391.9263 -7.6350
v  -250.8687 398.4640 -7.6350
v  -250.8756 373.5584 -7.6350
v  -250.8756 337.1428 -7.6350
v  239.2977 14.3885 -7.6503
v  239.2983 33.0999 -7.6503
v  242.1130 31.1462 -7.6416
v  242.1123 12.2210 -7.6416
v  244.4585 29.5182 -7.6108
v  244.4578 10.4147 -7.6108
v  239.2983 69.9601 -7.6503
v  242.1130 68.4278 -7.6416
v  244.4585 67.1510 -7.6108
v  242.1102 5.5866 -7.6416
v  239.2956 7.8292 -7.6503
v  242.1061 5.1778 -7.6416
v  239.2914 7.4249 -7.6503
v  244.4557 3.7179 -7.6108
v  244.4516 3.3052 -7.6108
v  236.4809 10.0718 -7.6350
v  236.4830 16.5561 -7.6350
v  234.1354 11.9405 -7.5943
v  234.1375 18.3624 -7.5943
v  236.4768 9.6721 -7.6350
v  234.1313 11.5446 -7.5943
v  236.4837 35.0535 -7.6350
v  236.4837 71.4923 -7.6350
v  234.1382 36.6816 -7.5943
v  234.1382 72.7692 -7.5943
v  246.5688 399.2415 7.6521
v  246.5695 380.0012 7.6521
v  246.8040 380.1641 6.7571
v  246.8034 399.4222 6.7571
v  246.8040 380.1641 5.6407
v  246.8034 399.4222 5.6407
v  246.5695 342.0720 7.6521
v  246.8040 342.1998 6.7571
v  246.8040 342.1998 5.6407
v  246.8013 406.1578 6.7571
v  246.5667 405.9709 7.6521
v  246.7971 406.5546 6.7571
v  246.5626 406.3673 7.6521
v  246.8013 406.1578 5.6407
v  246.7971 406.5546 5.6407
v  245.8631 405.4102 8.3354
v  245.8651 398.6994 8.3354
v  245.8589 405.8055 8.3354
v  245.8658 379.5126 8.3354
v  245.8658 341.6887 8.3354
v  -244.5064 6.7889 -7.6503
v  -221.1451 6.7883 -7.6503
v  -223.5911 4.5366 -7.6416
v  -247.2195 4.5372 -7.6416
v  -225.6294 2.6602 -7.6108
v  -249.4803 2.6607 -7.6108
v  -174.9721 6.7883 -7.6503
v  -176.8902 4.5366 -7.6416
v  -178.4886 2.6602 -7.6108
v  -255.4142 4.5388 -7.6416
v  -252.6085 6.7905 -7.6503
v  -255.8143 4.5421 -7.6416
v  -253.0042 6.7938 -7.6503
v  -257.7523 2.6624 -7.6108
v  -258.1562 2.6657 -7.6108
v  -249.8028 9.0422 -7.6350
v  -241.7933 9.0406 -7.6350
v  -247.4648 10.9187 -7.5943
v  -239.5324 10.9170 -7.5943
v  -250.1940 9.0455 -7.6350
v  -247.8522 10.9220 -7.5943
v  -218.6991 9.0400 -7.6350
v  -173.0539 9.0400 -7.6350
v  -216.6608 10.9165 -7.5943
v  -171.4555 10.9165 -7.5943
v  -251.2528 406.9955 7.6521
v  -227.1948 406.9961 7.6521
v  -227.3984 407.1838 6.7571
v  -251.4787 407.1832 6.7571
v  -227.3984 407.1838 5.6407
v  -251.4787 407.1832 5.6407
v  -179.7745 406.9961 7.6521
v  -179.9342 407.1838 6.7571
v  -179.9342 407.1838 5.6407
v  -259.9044 407.1815 6.7571
v  -259.6708 406.9939 7.6521
v  -260.4050 407.1782 6.7571
v  -260.1709 406.9906 7.6521
v  -259.9044 407.1815 5.6407
v  -260.4050 407.1782 5.6407
v  -258.9699 406.4310 8.3354
v  -250.5753 406.4326 8.3354
v  -259.4686 406.4277 8.3354
v  -226.5840 406.4332 8.3354
v  -179.2954 406.4332 8.3354
v  -253.6896 14.1130 9.1665
v  -253.6903 32.7853 9.1665
v  -256.5049 30.8281 9.1053
v  -256.5042 11.9423 9.1053
v  -258.8505 29.1970 8.8166
v  -258.8497 10.1333 8.8166
v  -253.6903 69.6988 9.1665
v  -256.5049 68.1636 9.1053
v  -258.8504 66.8842 8.8166
v  -256.5021 5.3970 9.1053
v  -253.6875 7.6417 9.1665
v  -256.4980 5.0830 9.1053
v  -253.6834 7.3312 9.1665
v  -258.8477 3.5264 8.8166
v  -258.8435 3.2094 8.8166
v  -250.8729 9.8863 8.9651
v  -250.8749 16.2837 8.9651
v  -248.5273 11.7569 8.4663
v  -248.5294 18.0927 8.4663
v  -250.8687 9.5794 8.9651
v  -248.5232 11.4529 8.4663
v  -250.8756 34.7426 8.9651
v  -250.8756 71.2341 8.9651
v  -248.5301 36.3736 8.4663
v  -248.5301 72.5134 8.4663
v  223.5723 12.6058 6.4620
v  223.3458 12.7934 4.9390
v  200.8715 12.7929 4.9390
v  201.0760 12.6052 6.4620
v  156.2519 12.7929 4.9390
v  156.4125 12.6052 6.4620
v  223.3458 12.7934 3.0572
v  200.8716 12.7929 3.0572
v  156.2519 12.7929 3.0572
v  201.6894 12.0423 7.6348
v  224.2520 12.0429 7.6348
v  156.8944 12.0423 7.6348
v  231.9625 12.0445 7.6348
v  231.2602 12.6074 6.4620
v  232.2015 12.0478 7.6348
v  231.4985 12.6108 6.4620
v  231.0262 12.7951 4.9390
v  231.0262 12.7951 3.0572
v  231.2642 12.7984 4.9390
v  231.2642 12.7984 3.0572
v  229.8336 401.1786 -7.6503
v  206.4560 401.1792 -7.6503
v  208.8986 403.4309 -7.6416
v  232.5435 403.4303 -7.6416
v  210.9341 405.3073 -7.6108
v  234.8017 405.3068 -7.6108
v  160.3879 401.1792 -7.6503
v  162.3038 403.4309 -7.6416
v  163.9005 405.3073 -7.6108
v  240.8233 403.4286 -7.6416
v  238.0199 401.1770 -7.6503
v  241.3230 403.4254 -7.6416
v  238.5139 401.1737 -7.6503
v  243.1595 405.3051 -7.6108
v  243.6638 405.3018 -7.6108
v  235.2164 398.9252 -7.6350
v  227.1237 398.9269 -7.6350
v  232.8802 397.0489 -7.5943
v  224.8655 397.0505 -7.5943
v  235.7049 398.9220 -7.6350
v  233.3640 397.0455 -7.5943
v  204.0134 398.9275 -7.6350
v  158.4720 398.9275 -7.6350
v  201.9779 397.0510 -7.5943
v  156.8754 397.0510 -7.5943
v  -260.6729 1.2021 7.6461
v  -260.9014 1.0193 6.7519
v  -260.8983 1.0067 6.7521
v  -260.6697 1.1897 7.6463
v  -260.9076 0.9836 6.7527
v  -260.6783 1.1670 7.6470
v  -260.9014 1.0193 5.6365
v  -260.8983 1.0067 5.6366
v  -260.9076 0.9836 5.6371
v  -259.9838 1.7384 8.3290
v  -259.9876 1.7504 8.3287
v  -258.6119 2.8359 8.8098
v  -258.6169 2.8469 8.8095
v  -259.9906 1.7172 8.3298
v  -258.6152 2.8176 8.8106
v  -260.0026 1.7534 8.3290
v  -260.6885 1.2047 7.6463
v  -260.0291 1.7479 8.3298
v  -260.7168 1.1978 7.6470
v  -258.6307 2.8509 8.8098
v  -258.6537 2.8483 8.8106
v  -260.9171 1.0218 6.7521
v  -260.9171 1.0218 5.6366
v  -260.9460 1.0144 6.7527
v  -260.9460 1.0144 5.6371
v  -260.6729 406.7654 -7.3846
v  -260.9014 406.9482 -7.0056
v  -260.8983 406.9608 -7.0059
v  -260.6697 406.7778 -7.3848
v  -260.9076 406.9839 -7.0067
v  -260.6783 406.8005 -7.3857
v  -260.9014 406.9482 -6.3196
v  -260.8983 406.9608 -6.3198
v  -260.9076 406.9839 -6.3206
v  -259.9838 406.2291 -7.5523
v  -259.9876 406.2171 -7.5520
v  -258.6119 405.1316 -7.6036
v  -258.6169 405.1206 -7.6033
v  -259.9906 406.2503 -7.5531
v  -258.6152 405.1500 -7.6045
v  -260.0026 406.2141 -7.5523
v  -260.6885 406.7628 -7.3848
v  -260.0291 406.2195 -7.5531
v  -260.7168 406.7697 -7.3857
v  -258.6307 405.1166 -7.6036
v  -258.6537 405.1192 -7.6045
v  -260.9171 406.9457 -7.0059
v  -260.9171 406.9457 -6.3198
v  -260.9460 406.9531 -7.0067
v  -260.9460 406.9531 -6.3206
v  246.2810 1.2021 -7.3846
v  246.5094 1.0193 -7.0056
v  246.5064 1.0067 -7.0059
v  246.2777 1.1897 -7.3848
v  246.5156 0.9836 -7.0067
v  246.2864 1.1670 -7.3857
v  246.5094 1.0193 -6.3196
v  246.5064 1.0067 -6.3198
v  246.5156 0.9836 -6.3206
v  245.5918 1.7384 -7.5523
v  245.5957 1.7504 -7.5520
v  244.2200 2.8359 -7.6036
v  244.2250 2.8469 -7.6033
v  245.5987 1.7172 -7.5531
v  244.2233 2.8176 -7.6045
v  245.6107 1.7534 -7.5523
v  246.2966 1.2047 -7.3848
v  245.6371 1.7479 -7.5531
v  246.3249 1.1978 -7.3857
v  244.2388 2.8509 -7.6036
v  244.2617 2.8483 -7.6045
v  246.5252 1.0218 -7.0059
v  246.5252 1.0218 -6.3198
v  246.5541 1.0144 -7.0067
v  246.5541 1.0144 -6.3206
v  246.2810 406.7654 7.6461
v  246.5094 406.9482 6.7519
v  246.5064 406.9608 6.7521
v  246.2777 406.7778 7.6463
v  246.5156 406.9839 6.7527
v  246.2864 406.8005 7.6470
v  246.5094 406.9482 5.6365
v  246.5064 406.9608 5.6366
v  246.5156 406.9839 5.6371
v  245.5918 406.2291 8.3290
v  245.5957 406.2171 8.3287
v  244.2200 405.1316 8.8098
v  244.2250 405.1206 8.8095
v  245.5987 406.2503 8.3298
v  244.2233 405.1500 8.8106
v  245.6107 406.2141 8.3290
v  246.2966 406.7628 7.6463
v  245.6371 406.2195 8.3298
v  246.3249 406.7697 7.6470
v  244.2388 405.1166 8.8098
v  244.2617 405.1192 8.8106
v  246.5252 406.9457 6.7521
v  246.5252 406.9457 5.6366
v  246.5541 406.9531 6.7527
v  246.5541 406.9531 5.6371
v  -246.5095 12.5329 6.4570
v  -246.2810 12.7156 4.9354
v  -246.2841 12.7283 4.9355
v  -246.5127 12.5453 6.4572
v  -246.2748 12.7514 4.9359
v  -246.5041 12.5680 6.4578
v  -246.2810 12.7156 3.0552
v  -246.2841 12.7283 3.0553
v  -246.2748 12.7514 3.0555
v  -247.1987 11.9966 7.6290
v  -247.1948 11.9846 7.6287
v  -248.5705 10.8991 8.4597
v  -248.5655 10.8881 8.4595
v  -247.1918 12.0178 7.6297
v  -248.5672 10.9175 8.4606
v  -247.1798 11.9815 7.6290
v  -246.4939 12.5303 6.4572
v  -247.1533 11.9870 7.6297
v  -246.4656 12.5372 6.4578
v  -248.5517 10.8841 8.4597
v  -248.5288 10.8867 8.4606
v  -246.2653 12.7132 4.9355
v  -246.2652 12.7132 3.0553
v  -246.2364 12.7206 4.9359
v  -246.2364 12.7206 3.0555
v  -246.5095 395.4346 -7.2627
v  -246.2810 395.2518 -6.6566
v  -246.2841 395.2393 -6.6569
v  -246.5127 395.4222 -7.2630
v  -246.2748 395.2161 -6.6577
v  -246.5041 395.3995 -7.2639
v  -246.2810 395.2518 -5.5393
v  -246.2841 395.2393 -5.5396
v  -246.2748 395.2161 -5.5402
v  -247.1987 395.9709 -7.5193
v  -247.1948 395.9829 -7.5190
v  -248.5705 397.0684 -7.5871
v  -248.5655 397.0794 -7.5868
v  -247.1918 395.9497 -7.5202
v  -248.5672 397.0500 -7.5880
v  -247.1798 395.9860 -7.5193
v  -246.4939 395.4373 -7.2630
v  -247.1533 395.9805 -7.5202
v  -246.4656 395.4303 -7.2639
v  -248.5517 397.0834 -7.5871
v  -248.5288 397.0808 -7.5880
v  -246.2653 395.2543 -6.6569
v  -246.2652 395.2543 -5.5396
v  -246.2364 395.2469 -6.6577
v  -246.2364 395.2469 -5.5402
v  232.1175 12.5329 -7.2627
v  231.8891 12.7156 -6.6566
v  231.8922 12.7283 -6.6569
v  232.1208 12.5453 -7.2630
v  231.8829 12.7514 -6.6577
v  232.1121 12.5680 -7.2639
v  231.8891 12.7156 -5.5393
v  231.8922 12.7283 -5.5396
v  231.8829 12.7514 -5.5402
v  232.8067 11.9966 -7.5193
v  232.8028 11.9846 -7.5190
v  234.1785 10.8991 -7.5871
v  234.1735 10.8881 -7.5868
v  232.7998 12.0178 -7.5202
v  234.1753 10.9175 -7.5880
v  232.7879 11.9815 -7.5193
v  232.1019 12.5303 -7.2630
v  232.7614 11.9870 -7.5202
v  232.0737 12.5372 -7.2639
v  234.1597 10.8841 -7.5871
v  234.1368 10.8867 -7.5880
v  231.8733 12.7132 -6.6569
v  231.8733 12.7132 -5.5396
v  231.8444 12.7206 -6.6577
v  231.8444 12.7206 -5.5402
v  232.1175 395.4346 6.4570
v  231.8891 395.2518 4.9354
v  231.8922 395.2393 4.9355
v  232.1208 395.4222 6.4572
v  231.8829 395.2161 4.9359
v  232.1121 395.3995 6.4578
v  231.8891 395.2518 3.0552
v  231.8922 395.2393 3.0553
v  231.8829 395.2161 3.0555
v  232.8067 395.9709 7.6290
v  232.8028 395.9829 7.6287
v  234.1785 397.0684 8.4597
v  234.1735 397.0794 8.4595
v  232.7998 395.9497 7.6297
v  234.1753 397.0500 8.4606
v  232.7879 395.9860 7.6290
v  232.1019 395.4373 6.4572
v  232.7614 395.9805 7.6297
v  232.0737 395.4303 6.4578
v  234.1597 397.0834 8.4597
v  234.1368 397.0808 8.4606
v  231.8733 395.2543 4.9355
v  231.8733 395.2543 3.0553
v  231.8444 395.2469 4.9359
v  231.8444 395.2469 3.0555
v  -253.5912 401.1000 9.1591
v  -256.3325 403.2931 9.0979
v  -256.3444 403.2874 9.0982
v  -253.6006 401.0925 9.1594
v  -256.3613 403.2853 9.0991
v  -253.6105 401.0846 9.1602
v  -258.6170 405.1206 8.8095
v  -258.6307 405.1166 8.8098
v  -258.6537 405.1192 8.8106
v  -250.8569 398.8975 8.9582
v  -250.8499 398.9069 8.9579
v  -248.5705 397.0684 8.4597
v  -248.5655 397.0794 8.4595
v  -250.8596 398.8839 8.9591
v  -248.5672 397.0500 8.4606
v  -250.8381 398.9126 8.9582
v  -253.5818 401.1075 9.1594
v  -250.8211 398.9147 8.9591
v  -253.5720 401.1154 9.1602
v  -248.5517 397.0834 8.4597
v  -248.5288 397.0808 8.4606
v  -256.3255 403.3025 9.0982
v  -258.6119 405.1316 8.8098
v  -256.3228 403.3160 9.0991
v  -258.6152 405.1500 8.8106
v  239.1992 401.1000 9.1591
v  236.4579 398.9069 8.9579
v  236.4650 398.8975 8.9582
v  239.2087 401.0925 9.1594
v  236.4676 398.8839 8.9591
v  239.2185 401.0846 9.1602
v  241.9524 403.2874 9.0982
v  241.9406 403.2931 9.0979
v  241.9693 403.2853 9.0991
v  241.9335 403.3025 9.0982
v  239.1898 401.1075 9.1594
v  241.9309 403.3160 9.0991
v  239.1801 401.1154 9.1602
v  236.4462 398.9126 8.9582
v  236.4292 398.9147 8.9591
v  239.1993 6.8675 9.1591
v  236.4579 9.0605 8.9579
v  236.4462 9.0549 8.9582
v  239.1898 6.8600 9.1594
v  236.4292 9.0528 8.9591
v  239.1801 6.8521 9.1602
v  234.1735 10.8881 8.4595
v  234.1597 10.8841 8.4597
v  234.1368 10.8867 8.4606
v  241.9335 4.6650 9.0982
v  241.9406 4.6745 9.0979
v  244.2200 2.8359 8.8098
v  244.2250 2.8469 8.8095
v  241.9309 4.6515 9.0991
v  244.2233 2.8176 8.8106
v  241.9524 4.6801 9.0982
v  239.2087 6.8750 9.1594
v  241.9694 4.6822 9.0991
v  239.2185 6.8829 9.1602
v  244.2388 2.8509 8.8098
v  244.2617 2.8483 8.8106
v  236.4650 9.0700 8.9582
v  234.1785 10.8991 8.4597
v  236.4676 9.0836 8.9591
v  234.1753 10.9175 8.4606
v  239.1992 401.1000 -7.6427
v  241.9406 403.2931 -7.6341
v  241.9524 403.2874 -7.6344
v  239.2087 401.0925 -7.6431
v  241.9693 403.2853 -7.6353
v  239.2185 401.0846 -7.6439
v  244.2250 405.1206 -7.6033
v  244.2388 405.1166 -7.6036
v  244.2617 405.1192 -7.6045
v  236.4650 398.8975 -7.6278
v  236.4579 398.9069 -7.6275
v  234.1785 397.0684 -7.5871
v  234.1735 397.0794 -7.5868
v  236.4676 398.8839 -7.6287
v  234.1753 397.0500 -7.5880
v  236.4461 398.9126 -7.6278
v  239.1898 401.1075 -7.6431
v  236.4292 398.9147 -7.6287
v  239.1801 401.1154 -7.6439
v  234.1597 397.0834 -7.5871
v  234.1368 397.0808 -7.5880
v  241.9335 403.3025 -7.6344
v  244.2200 405.1316 -7.6036
v  241.9309 403.3160 -7.6353
v  244.2233 405.1500 -7.6045
v  -253.5912 401.1000 -7.6427
v  -250.8499 398.9069 -7.6275
v  -250.8569 398.8975 -7.6278
v  -253.6006 401.0925 -7.6431
v  -250.8596 398.8839 -7.6287
v  -253.6105 401.0846 -7.6439
v  -256.3443 403.2874 -7.6344
v  -256.3325 403.2931 -7.6341
v  -256.3613 403.2853 -7.6353
v  -256.3255 403.3025 -7.6344
v  -253.5818 401.1075 -7.6431
v  -256.3228 403.3160 -7.6353
v  -253.5720 401.1154 -7.6439
v  -250.8381 398.9126 -7.6278
v  -250.8211 398.9147 -7.6287
v  -253.5912 6.8675 -7.6427
v  -250.8499 9.0605 -7.6275
v  -250.8381 9.0549 -7.6278
v  -253.5818 6.8600 -7.6431
v  -250.8211 9.0528 -7.6287
v  -253.5720 6.8521 -7.6439
v  -248.5655 10.8881 -7.5868
v  -248.5517 10.8841 -7.5871
v  -248.5287 10.8867 -7.5880
v  -256.3255 4.6650 -7.6344
v  -256.3325 4.6745 -7.6341
v  -258.6119 2.8359 -7.6036
v  -258.6170 2.8469 -7.6033
v  -256.3228 4.6515 -7.6353
v  -258.6152 2.8176 -7.6045
v  -256.3443 4.6801 -7.6344
v  -253.6006 6.8750 -7.6431
v  -256.3613 4.6822 -7.6353
v  -253.6105 6.8829 -7.6439
v  -258.6307 2.8509 -7.6036
v  -258.6537 2.8483 -7.6045
v  -250.8569 9.0700 -7.6278
v  -248.5705 10.8991 -7.5871
v  -250.8596 9.0836 -7.6287
v  -248.5672 10.9175 -7.5880
v  -253.5912 6.8675 9.1591
v  -256.3325 4.6745 9.0979
v  -256.3255 4.6650 9.0982
v  -253.5818 6.8600 9.1594
v  -256.3228 4.6515 9.0991
v  -253.5720 6.8521 9.1602
v  -250.8381 9.0549 8.9582
v  -250.8499 9.0606 8.9579
v  -250.8211 9.0528 8.9591
v  -250.8569 9.0700 8.9582
v  -253.6006 6.8750 9.1594
v  -250.8596 9.0836 8.9591
v  -253.6105 6.8829 9.1602
v  -256.3443 4.6801 9.0982
v  -256.3613 4.6822 9.0991
v  239.1992 6.8675 -7.6427
v  241.9406 4.6745 -7.6341
v  241.9336 4.6650 -7.6344
v  239.1898 6.8600 -7.6431
v  241.9309 4.6515 -7.6353
v  239.1801 6.8521 -7.6439
v  236.4462 9.0549 -7.6278
v  236.4579 9.0606 -7.6275
v  236.4292 9.0528 -7.6287
v  236.4650 9.0700 -7.6278
v  239.2087 6.8750 -7.6431
v  236.4676 9.0836 -7.6287
v  239.2185 6.8829 -7.6439
v  241.9524 4.6801 -7.6344
v  241.9693 4.6822 -7.6353
v  237.6183 0.9719 7.6521
v  213.7528 0.9714 7.6521
v  213.9572 0.7837 6.7571
v  237.8449 0.7843 6.7571
v  213.9572 0.7837 5.6407
v  237.8448 0.7843 5.6407
v  166.3708 0.9714 7.6521
v  166.5314 0.7837 6.7571
v  166.5314 0.7837 5.6407
v  246.0081 0.7860 6.7571
v  245.7740 0.9736 7.6521
v  246.2609 0.7893 6.7571
v  246.0266 0.9769 7.6521
v  246.0081 0.7860 5.6407
v  246.2609 0.7893 5.6407
v  245.0717 1.5365 8.3354
v  236.9387 1.5349 8.3354
v  245.3236 1.5398 8.3354
v  213.1394 1.5343 8.3354
v  165.8889 1.5343 8.3354
v  -260.6432 0.9889 -7.3919
v  -260.8777 0.8013 -7.0126
v  -260.9308 0.8075 -7.0127
v  -260.6963 0.9951 -7.3919
v  -260.9467 0.8122 -7.0128
v  -260.7121 0.9998 -7.3921
v  -260.8777 0.8013 -6.3259
v  -260.9308 0.8075 -6.3260
v  -260.9467 0.8122 -6.3262
v  -259.9926 1.5581 -7.5595
v  -259.9397 1.5518 -7.5594
v  -258.5853 2.6839 -7.6109
v  -258.5326 2.6777 -7.6108
v  -260.0085 1.5628 -7.5597
v  -258.6011 2.6887 -7.6111
v  -259.8093 1.5454 -7.5594
v  -260.5125 0.9824 -7.3918
v  -259.5612 1.5398 -7.5594
v  -260.2638 0.9769 -7.3918
v  -258.4029 2.6712 -7.6108
v  -260.7469 0.7948 -7.0125
v  -260.7469 0.7948 -6.3259
v  -260.4980 0.7893 -7.0125
v  -260.4980 0.7893 -6.3259
v  -260.9395 1.2253 7.6522
v  -261.1741 1.0377 6.7572
v  -261.1663 0.9958 6.7572
v  -260.9317 1.1835 7.6522
v  -261.1604 0.9832 6.7573
v  -260.9259 1.1708 7.6524
v  -261.1741 1.0377 5.6408
v  -261.1663 0.9958 5.6408
v  -261.1604 0.9832 5.6409
v  -260.2281 1.7464 8.3355
v  -260.2359 1.7882 8.3354
v  -258.8207 2.8723 8.8167
v  -258.8285 2.9138 8.8166
v  -260.2222 1.7338 8.3357
v  -258.8148 2.8596 8.8168
v  -260.2440 1.8906 8.3354
v  -260.9476 1.3280 7.6521
v  -260.2509 2.0854 8.3354
v  -260.9545 1.5233 7.6521
v  -258.8366 3.0158 8.8166
v  -261.1822 1.1405 6.7571
v  -261.1822 1.1405 5.6407
v  -261.1891 1.3360 6.7571
v  -261.1891 1.3360 5.6407
v  -260.6339 406.9786 7.6522
v  -260.8685 407.1662 6.7572
v  -260.9308 407.1600 6.7572
v  -260.6963 406.9724 7.6522
v  -260.9467 407.1553 6.7573
v  -260.7121 406.9677 7.6524
v  -260.8685 407.1662 5.6408
v  -260.9308 407.1600 5.6408
v  -260.9467 407.1553 5.6409
v  -259.9926 406.4095 8.3355
v  -259.9304 406.4156 8.3354
v  -258.5853 405.2836 8.8167
v  -258.5234 405.2898 8.8166
v  -260.0085 406.4047 8.3357
v  -258.6011 405.2789 8.8168
v  -259.7722 406.4221 8.3354
v  -260.4754 406.9851 7.6521
v  -258.3660 405.2963 8.8166
v  -260.7097 407.1727 6.7571
v  -260.7097 407.1727 5.6407
v  -260.9395 406.7501 -7.3919
v  -261.1741 406.9377 -7.0126
v  -261.1663 406.9717 -7.0127
v  -260.9317 406.7840 -7.3919
v  -261.1604 406.9843 -7.0128
v  -260.9259 406.7967 -7.3921
v  -261.1741 406.9377 -6.3259
v  -261.1663 406.9717 -6.3260
v  -261.1604 406.9843 -6.3262
v  -260.2281 406.2211 -7.5595
v  -260.2359 406.1872 -7.5594
v  -258.8207 405.0952 -7.6109
v  -258.8285 405.0615 -7.6108
v  -260.2222 406.2338 -7.5597
v  -258.8148 405.1079 -7.6111
v  -260.2440 406.1084 -7.5594
v  -260.9476 406.6711 -7.3918
v  -258.8366 404.9831 -7.6108
v  -261.1822 406.8586 -7.0125
v  -261.1822 406.8586 -6.3259
v  246.2668 0.9889 7.6522
v  246.5013 0.8013 6.7572
v  246.5389 0.8075 6.7572
v  246.3044 0.9951 7.6522
v  246.5548 0.8122 6.7573
v  246.3202 0.9998 7.6524
v  246.5013 0.8013 5.6408
v  246.5389 0.8075 5.6408
v  246.5548 0.8122 5.6409
v  245.6007 1.5581 8.3355
v  245.5632 1.5518 8.3354
v  244.1933 2.6839 8.8167
v  244.1560 2.6777 8.8166
v  245.6165 1.5628 8.3357
v  244.2091 2.6887 8.8168
v  245.4791 1.5454 8.3354
v  246.1825 0.9824 7.6521
v  244.0723 2.6712 8.8166
v  246.4169 0.7948 6.7571
v  246.4169 0.7948 5.6407
v  246.5476 1.2350 -7.3919
v  246.7821 1.0474 -7.0126
v  246.7744 0.9958 -7.0127
v  246.5398 1.1835 -7.3919
v  246.7685 0.9832 -7.0128
v  246.5340 1.1708 -7.3921
v  246.7822 1.0474 -6.3259
v  246.7744 0.9958 -6.3260
v  246.7685 0.9832 -6.3262
v  245.8362 1.7464 -7.5595
v  245.8439 1.7978 -7.5594
v  244.4288 2.8723 -7.6109
v  244.4366 2.9234 -7.6108
v  245.8302 1.7338 -7.5597
v  244.4229 2.8596 -7.6111
v  245.8520 1.9291 -7.5594
v  246.5557 1.3666 -7.3918
v  245.8589 2.1816 -7.5594
v  246.5626 1.6199 -7.3918
v  244.4447 3.0540 -7.6108
v  246.7902 1.1792 -7.0125
v  246.7902 1.1792 -6.3259
v  246.7971 1.4326 -7.0125
v  246.7971 1.4326 -6.3259
v  246.2412 406.9786 -7.3919
v  246.4757 407.1662 -7.0126
v  246.5389 407.1600 -7.0127
v  246.3044 406.9724 -7.3919
v  246.5548 407.1553 -7.0128
v  246.3202 406.9677 -7.3921
v  246.4757 407.1662 -6.3259
v  246.5389 407.1600 -6.3260
v  246.5548 407.1553 -6.3262
v  245.6007 406.4095 -7.5595
v  245.5377 406.4156 -7.5594
v  244.1933 405.2836 -7.6109
v  244.1306 405.2898 -7.6108
v  245.6165 406.4047 -7.5597
v  244.2091 405.2789 -7.6111
v  245.3770 406.4221 -7.5594
v  246.0801 406.9851 -7.3918
v  245.0683 406.4277 -7.5594
v  245.7706 406.9906 -7.3918
v  243.9708 405.2963 -7.6108
v  246.3145 407.1727 -7.0125
v  246.3145 407.1727 -6.3259
v  246.0047 407.1782 -7.0125
v  246.0047 407.1782 -6.3259
v  246.5476 406.7345 7.6522
v  246.7821 406.9221 6.7572
v  246.7744 406.9717 6.7572
v  246.5398 406.7840 7.6522
v  246.7685 406.9843 6.7573
v  246.5340 406.7967 7.6524
v  246.7822 406.9221 5.6408
v  246.7744 406.9717 5.6408
v  246.7685 406.9843 5.6409
v  245.8362 406.2211 8.3355
v  245.8439 406.1716 8.3354
v  244.4288 405.0952 8.8167
v  244.4366 405.0460 8.8166
v  245.8302 406.2338 8.3357
v  244.4229 405.1079 8.8168
v  245.8520 406.0463 8.3354
v  246.5557 406.6087 7.6521
v  244.4447 404.9213 8.8166
v  246.7902 406.7962 6.7571
v  246.7902 406.7962 5.6407
v  -246.3972 12.8574 -7.2699
v  -246.1626 13.0450 -6.6633
v  -246.1547 13.0051 -6.6634
v  -246.3893 12.8175 -7.2700
v  -246.1485 12.9927 -6.6635
v  -246.3831 12.8051 -7.2702
v  -246.1626 13.0450 -5.5450
v  -246.1547 13.0051 -5.5451
v  -246.1485 12.9927 -5.5452
v  -247.0929 12.2546 -7.5265
v  -247.1008 12.2945 -7.5265
v  -248.5002 11.1287 -7.5944
v  -248.5081 11.1689 -7.5943
v  -247.0868 12.2421 -7.5267
v  -248.4941 11.1162 -7.5946
v  -247.1090 12.3920 -7.5264
v  -246.4053 12.9546 -7.2699
v  -247.1159 12.5770 -7.5264
v  -246.4122 13.1390 -7.2699
v  -248.5163 11.2669 -7.5943
v  -248.5232 11.4528 -7.5943
v  -246.1707 13.1421 -6.6633
v  -246.1707 13.1421 -5.5450
v  -246.1777 13.3264 -6.6633
v  -246.1777 13.3264 -5.5450
v  -246.1032 12.6228 6.4620
v  -245.8687 12.8104 4.9390
v  -245.9192 12.8168 4.9391
v  -246.1538 12.6291 6.4620
v  -245.9348 12.8217 4.9392
v  -246.1694 12.6340 6.4622
v  -245.8687 12.8104 3.0572
v  -245.9193 12.8168 3.0572
v  -245.9348 12.8217 3.0572
v  -246.8575 12.0662 7.6349
v  -246.8067 12.0598 7.6348
v  -248.2648 10.9403 8.4664
v  -248.2138 10.9340 8.4663
v  -246.8730 12.0711 7.6350
v  -248.2804 10.9452 8.4665
v  -246.6827 12.0534 7.6348
v  -245.9795 12.6163 6.4620
v  -246.4471 12.0478 7.6348
v  -245.7446 12.6108 6.4620
v  -248.0891 10.9275 8.4663
v  -247.8522 10.9220 8.4663
v  -245.7451 12.8039 4.9390
v  -245.7451 12.8039 3.0572
v  -245.5104 12.7984 4.9390
v  -245.5104 12.7984 3.0572
v  -246.3972 395.1176 6.4620
v  -246.1626 394.9299 4.9390
v  -246.1547 394.9624 4.9391
v  -246.3893 395.1500 6.4620
v  -246.1485 394.9748 4.9392
v  -246.3831 395.1624 6.4622
v  -246.1626 394.9299 3.0572
v  -246.1547 394.9624 3.0572
v  -246.1485 394.9748 3.0572
v  -247.0929 395.7129 7.6349
v  -247.1008 395.6804 7.6348
v  -248.5002 396.8388 8.4664
v  -248.5081 396.8062 8.4663
v  -247.0868 395.7254 7.6350
v  -248.4941 396.8513 8.4665
v  -247.1090 395.6053 7.6348
v  -246.4053 395.0427 6.4620
v  -247.1159 395.4651 7.6348
v  -246.4122 394.9029 6.4620
v  -248.5163 396.7307 8.4663
v  -248.5232 396.5897 8.4663
v  -246.1707 394.8551 4.9390
v  -246.1707 394.8551 3.0572
v  -246.1777 394.7155 4.9390
v  -246.1777 394.7155 3.0572
v  -246.0944 395.3447 -7.2699
v  -245.8599 395.1571 -6.6633
v  -245.9192 395.1508 -6.6634
v  -246.1538 395.3384 -7.2700
v  -245.9348 395.1458 -6.6635
v  -246.1694 395.3335 -7.2702
v  -245.8599 395.1571 -5.5450
v  -245.9193 395.1508 -5.5451
v  -245.9348 395.1458 -5.5452
v  -246.8575 395.9013 -7.5265
v  -246.7980 395.9077 -7.5265
v  -248.2648 397.0272 -7.5944
v  -248.2050 397.0335 -7.5943
v  -246.8730 395.8964 -7.5267
v  -248.2804 397.0223 -7.5946
v  -246.6476 395.9142 -7.5264
v  -245.9444 395.3512 -7.2699
v  -246.3593 395.9197 -7.5264
v  -245.6570 395.3568 -7.2699
v  -248.0538 397.0400 -7.5943
v  -247.7639 397.0455 -7.5943
v  -245.7101 395.1636 -6.6633
v  -245.7101 395.1636 -5.5450
v  -245.4230 395.1691 -6.6633
v  -245.4229 395.1691 -5.5450
v  232.0052 12.8665 6.4620
v  231.7707 13.0541 4.9390
v  231.7628 13.0051 4.9391
v  231.9973 12.8175 6.4620
v  231.7566 12.9927 4.9392
v  231.9911 12.8051 6.4622
v  231.7707 13.0541 3.0572
v  231.7628 13.0051 3.0572
v  231.7566 12.9927 3.0572
v  232.7010 12.2546 7.6349
v  232.7089 12.3037 7.6348
v  234.1083 11.1287 8.4664
v  234.1162 11.1781 8.4663
v  232.6948 12.2421 7.6350
v  234.1022 11.1162 8.4665
v  232.7171 12.4285 7.6348
v  232.0134 12.9910 6.4620
v  232.7239 12.6682 7.6348
v  232.0203 13.2300 6.4620
v  234.1244 11.3036 8.4663
v  234.1312 11.5446 8.4663
v  231.7789 13.1785 4.9390
v  231.7788 13.1785 3.0572
v  231.7857 13.4172 4.9390
v  231.7857 13.4172 3.0572
v  231.7258 12.6228 -7.2699
v  231.4913 12.8104 -6.6633
v  231.5273 12.8168 -6.6634
v  231.7619 12.6291 -7.2700
v  231.5428 12.8217 -6.6635
v  231.7774 12.6340 -7.2702
v  231.4913 12.8104 -5.5450
v  231.5273 12.8168 -5.5451
v  231.5428 12.8217 -5.5452
v  232.4655 12.0662 -7.5265
v  232.4294 12.0598 -7.5265
v  233.8729 10.9403 -7.5944
v  233.8366 10.9340 -7.5943
v  232.4811 12.0711 -7.5267
v  233.8885 10.9452 -7.5946
v  232.3493 12.0534 -7.5264
v  231.6459 12.6163 -7.2699
v  232.2015 12.0478 -7.5264
v  231.4985 12.6108 -7.2699
v  233.7561 10.9275 -7.5943
v  233.6074 10.9220 -7.5943
v  231.4114 12.8039 -6.6633
v  231.4114 12.8039 -5.5450
v  231.2642 12.7984 -6.6633
v  231.2642 12.7984 -5.5450
v  232.0052 395.1028 -7.2699
v  231.7707 394.9152 -6.6633
v  231.7628 394.9624 -6.6634
v  231.9973 395.1500 -7.2700
v  231.7566 394.9748 -6.6635
v  231.9911 395.1624 -7.2702
v  231.7707 394.9152 -5.5450
v  231.7628 394.9624 -5.5451
v  231.7566 394.9748 -5.5452
v  232.7010 395.7129 -7.5265
v  232.7089 395.6656 -7.5265
v  234.1083 396.8388 -7.5944
v  234.1162 396.7913 -7.5943
v  232.6948 395.7254 -7.5267
v  234.1022 396.8513 -7.5946
v  232.7171 395.5464 -7.5264
v  232.0134 394.9839 -7.2699
v  232.7239 395.3179 -7.5264
v  232.0203 394.7560 -7.2699
v  234.1244 396.6714 -7.5943
v  234.1312 396.4416 -7.5943
v  231.7789 394.7964 -6.6633
v  231.7788 394.7964 -5.5450
v  231.7857 394.5688 -6.6633
v  231.7857 394.5688 -5.5450
v  231.7017 395.3447 6.4620
v  231.4672 395.1571 4.9390
v  231.5273 395.1508 4.9391
v  231.7619 395.3384 6.4620
v  231.5428 395.1458 4.9392
v  231.7774 395.3335 6.4622
v  231.4672 395.1571 3.0572
v  231.5273 395.1508 3.0572
v  231.5428 395.1458 3.0572
v  232.4655 395.9013 7.6349
v  232.4052 395.9077 7.6348
v  233.8729 397.0272 8.4664
v  233.8123 397.0335 8.4663
v  232.4811 395.8964 7.6350
v  233.8885 397.0223 8.4665
v  232.2525 395.9142 7.6348
v  231.5494 395.3512 6.4620
v  231.9595 395.9197 7.6348
v  231.2572 395.3568 6.4620
v  233.6587 397.0400 8.4663
v  233.3640 397.0455 8.4663
v  231.3150 395.1636 4.9390
v  231.3150 395.1636 3.0572
v  231.0231 395.1691 4.9390
v  231.0231 395.1691 3.0572
v  -253.6683 400.9338 9.1665
v  -250.8537 398.6824 8.9652
v  -250.8458 398.7153 8.9653
v  -253.6605 400.9670 9.1666
v  -250.8398 398.7278 8.9654
v  -253.6545 400.9796 9.1667
v  -256.4752 403.2187 9.1054
v  -256.4830 403.1853 9.1053
v  -258.8208 405.0952 8.8167
v  -258.8285 405.0615 8.8166
v  -256.4692 403.2314 9.1055
v  -258.8148 405.1079 8.8168
v  -256.4911 403.1075 9.1053
v  -253.6765 400.8569 9.1665
v  -256.4980 402.9621 9.1053
v  -253.6834 400.7130 9.1665
v  -258.8366 404.9831 8.8166
v  -258.8435 404.8364 8.8166
v  -250.8618 398.6062 8.9651
v  -250.8687 398.4640 8.9651
v  -253.3642 401.1617 9.1665
v  -256.1783 403.4134 9.1053
v  -256.2397 403.4071 9.1054
v  -253.4250 401.1554 9.1666
v  -256.2555 403.4023 9.1055
v  -253.4408 401.1506 9.1667
v  -250.6104 398.9037 8.9653
v  -250.5501 398.9099 8.9652
v  -248.2648 397.0272 8.4664
v  -248.2050 397.0335 8.4663
v  -250.6260 398.8988 8.9654
v  -248.2804 397.0223 8.4665
v  -250.3975 398.9164 8.9651
v  -253.2099 401.1682 9.1665
v  -248.0538 397.0400 8.4663
v  -256.0223 403.4198 9.1053
v  239.2764 400.9186 9.1665
v  242.0910 403.1699 9.1053
v  242.0833 403.2188 9.1054
v  239.2686 400.9670 9.1666
v  242.0773 403.2314 9.1055
v  239.2625 400.9796 9.1667
v  236.4539 398.7153 8.9653
v  236.4618 398.6674 8.9652
v  234.1083 396.8388 8.4664
v  234.1162 396.7913 8.4663
v  236.4478 398.7278 8.9654
v  234.1022 396.8513 8.4665
v  236.4699 398.5464 8.9651
v  239.2845 400.7963 9.1665
v  234.1244 396.6714 8.4663
v  242.0992 403.0463 9.1053
v  238.9714 401.1617 9.1665
v  236.1573 398.9099 8.9652
v  236.2184 398.9037 8.9653
v  239.0331 401.1554 9.1666
v  236.2341 398.8988 8.9654
v  239.0488 401.1506 9.1667
v  241.8478 403.4071 9.1054
v  241.7855 403.4134 9.1053
v  244.1934 405.2836 8.8167
v  244.1306 405.2898 8.8166
v  241.8635 403.4023 9.1055
v  244.2092 405.2789 8.8168
v  241.6271 403.4198 9.1053
v  238.8147 401.1682 9.1665
v  241.3230 403.4254 9.1053
v  238.5139 401.1737 9.1665
v  243.9708 405.2963 8.8166
v  243.6638 405.3018 8.8166
v  236.0023 398.9164 8.9651
v  235.7049 398.9220 8.9651
v  238.9963 6.8059 9.1665
v  241.8107 4.5541 9.1053
v  241.8478 4.5604 9.1054
v  239.0331 6.8121 9.1666
v  241.8635 4.5651 9.1055
v  239.0488 6.8169 9.1667
v  236.2184 9.0639 8.9653
v  236.1819 9.0576 8.9652
v  233.8729 10.9403 8.4664
v  233.8366 10.9340 8.4663
v  236.2341 9.0687 8.9654
v  233.8885 10.9452 8.4665
v  236.1006 9.0511 8.9651
v  238.9142 6.7994 9.1665
v  233.7560 10.9275 8.4663
v  241.7277 4.5477 9.1053
v  239.2764 7.0507 9.1665
v  236.4618 9.3020 8.9652
v  236.4539 9.2522 8.9653
v  239.2686 7.0005 9.1666
v  236.4478 9.2397 8.9654
v  239.2625 6.9879 9.1667
v  242.0833 4.7488 9.1054
v  242.0910 4.7995 9.1053
v  244.4288 2.8723 8.8167
v  244.4366 2.9234 8.8166
v  242.0773 4.7361 9.1055
v  244.4229 2.8596 8.8168
v  242.0992 4.9290 9.1053
v  239.2845 7.1788 9.1665
v  242.1061 5.1778 9.1053
v  239.2915 7.4249 9.1665
v  244.4447 3.0540 8.8166
v  244.4516 3.3052 8.8166
v  236.4699 9.4287 8.9651
v  236.4768 9.6721 8.9651
v  239.2764 400.9186 -7.6503
v  236.4618 398.6674 -7.6351
v  236.4539 398.7153 -7.6352
v  239.2686 400.9670 -7.6504
v  236.4478 398.7278 -7.6353
v  239.2625 400.9796 -7.6505
v  242.0833 403.2187 -7.6417
v  242.0910 403.1699 -7.6417
v  244.4288 405.0952 -7.6109
v  244.4366 405.0460 -7.6108
v  242.0773 403.2314 -7.6419
v  244.4229 405.1079 -7.6111
v  242.0992 403.0463 -7.6416
v  239.2845 400.7963 -7.6503
v  242.1061 402.8091 -7.6416
v  239.2915 400.5617 -7.6503
v  244.4447 404.9213 -7.6108
v  244.4516 404.6819 -7.6108
v  236.4699 398.5464 -7.6350
v  236.4768 398.3144 -7.6350
v  238.9714 401.1617 -7.6503
v  241.7855 403.4134 -7.6417
v  241.8478 403.4071 -7.6417
v  239.0331 401.1554 -7.6504
v  241.8635 403.4023 -7.6419
v  239.0488 401.1506 -7.6505
v  236.2184 398.9037 -7.6352
v  236.1573 398.9099 -7.6351
v  233.8729 397.0272 -7.5944
v  233.8123 397.0335 -7.5943
v  236.2341 398.8988 -7.6353
v  233.8885 397.0223 -7.5946
v  236.0023 398.9164 -7.6350
v  238.8147 401.1682 -7.6503
v  233.6587 397.0400 -7.5943
v  241.6271 403.4198 -7.6416
v  -253.6683 400.9338 -7.6503
v  -256.4830 403.1853 -7.6417
v  -256.4752 403.2188 -7.6417
v  -253.6605 400.9670 -7.6504
v  -256.4692 403.2314 -7.6419
v  -253.6545 400.9796 -7.6505
v  -250.8458 398.7153 -7.6352
v  -250.8537 398.6824 -7.6351
v  -248.5002 396.8388 -7.5944
v  -248.5081 396.8062 -7.5943
v  -250.8398 398.7278 -7.6353
v  -248.4941 396.8513 -7.5946
v  -250.8618 398.6062 -7.6350
v  -253.6765 400.8569 -7.6503
v  -248.5163 396.7307 -7.5943
v  -256.4911 403.1075 -7.6416
v  -253.3642 401.1617 -7.6503
v  -250.5501 398.9099 -7.6351
v  -250.6104 398.9037 -7.6352
v  -253.4250 401.1554 -7.6504
v  -250.6260 398.8988 -7.6353
v  -253.4408 401.1506 -7.6505
v  -256.2397 403.4071 -7.6417
v  -256.1783 403.4134 -7.6417
v  -258.5853 405.2836 -7.6109
v  -258.5234 405.2898 -7.6108
v  -256.2555 403.4023 -7.6419
v  -258.6011 405.2789 -7.6111
v  -256.0224 403.4198 -7.6416
v  -253.2099 401.1682 -7.6503
v  -255.7231 403.4254 -7.6416
v  -252.9140 401.1737 -7.6503
v  -258.3660 405.2963 -7.6108
v  -258.0641 405.3018 -7.6108
v  -250.3975 398.9164 -7.6350
v  -250.1048 398.9220 -7.6350
v  -253.3732 6.8059 -7.6503
v  -256.1874 4.5541 -7.6417
v  -256.2397 4.5604 -7.6417
v  -253.4250 6.8121 -7.6504
v  -256.2555 4.5651 -7.6419
v  -253.4408 6.8169 -7.6505
v  -250.6104 9.0639 -7.6352
v  -250.5590 9.0576 -7.6351
v  -248.2648 10.9403 -7.5944
v  -248.2138 10.9340 -7.5943
v  -250.6260 9.0687 -7.6353
v  -248.2804 10.9452 -7.5946
v  -250.4331 9.0511 -7.6350
v  -253.2460 6.7994 -7.6503
v  -248.0891 10.9275 -7.5943
v  -256.0588 4.5477 -7.6416
v  -253.6683 7.0413 -7.6503
v  -250.8537 9.2927 -7.6351
v  -250.8458 9.2522 -7.6352
v  -253.6605 7.0005 -7.6504
v  -250.8398 9.2397 -7.6353
v  -253.6545 6.9879 -7.6505
v  -256.4752 4.7488 -7.6417
v  -256.4830 4.7900 -7.6417
v  -258.8208 2.8723 -7.6109
v  -258.8285 2.9138 -7.6108
v  -256.4692 4.7361 -7.6419
v  -258.8148 2.8596 -7.6111
v  -256.4911 4.8910 -7.6416
v  -253.6765 7.1413 -7.6503
v  -256.4980 5.0830 -7.6416
v  -253.6834 7.3312 -7.6503
v  -258.8366 3.0158 -7.6108
v  -258.8435 3.2094 -7.6108
v  -250.8618 9.3916 -7.6350
v  -250.8687 9.5794 -7.6350
v  -253.3732 6.8059 9.1665
v  -250.5590 9.0576 8.9652
v  -250.6104 9.0639 8.9653
v  -253.4250 6.8121 9.1666
v  -250.6260 9.0687 8.9654
v  -253.4408 6.8169 9.1667
v  -256.2397 4.5604 9.1054
v  -256.1874 4.5541 9.1053
v  -258.5853 2.6839 8.8167
v  -258.5326 2.6777 8.8166
v  -256.2555 4.5651 9.1055
v  -258.6011 2.6887 8.8168
v  -256.0588 4.5477 9.1053
v  -253.2460 6.7994 9.1665
v  -255.8143 4.5421 9.1053
v  -253.0042 6.7938 9.1665
v  -258.4029 2.6712 8.8166
v  -258.1562 2.6657 8.8166
v  -250.4331 9.0511 8.9651
v  -250.1940 9.0455 8.9651
v  -253.6683 7.0414 9.1665
v  -256.4830 4.7900 9.1053
v  -256.4752 4.7487 9.1054
v  -253.6605 7.0005 9.1666
v  -256.4692 4.7362 9.1055
v  -253.6545 6.9879 9.1667
v  -250.8458 9.2522 8.9653
v  -250.8537 9.2927 8.9652
v  -248.5002 11.1287 8.4664
v  -248.5081 11.1689 8.4663
v  -250.8398 9.2397 8.9654
v  -248.4941 11.1162 8.4665
v  -250.8618 9.3916 8.9651
v  -253.6765 7.1413 9.1665
v  -248.5163 11.2669 8.4663
v  -256.4911 4.8910 9.1053
v  238.9963 6.8059 -7.6503
v  236.1819 9.0576 -7.6351
v  236.2184 9.0639 -7.6352
v  239.0331 6.8121 -7.6504
v  236.2341 9.0687 -7.6353
v  239.0488 6.8169 -7.6505
v  241.8478 4.5604 -7.6417
v  241.8107 4.5541 -7.6417
v  244.1934 2.6839 -7.6109
v  244.1560 2.6777 -7.6108
v  241.8635 4.5651 -7.6419
v  244.2092 2.6887 -7.6111
v  241.7277 4.5477 -7.6416
v  238.9142 6.7994 -7.6503
v  241.5744 4.5421 -7.6416
v  238.7625 6.7938 -7.6503
v  244.0723 2.6712 -7.6108
v  243.9176 2.6657 -7.6108
v  236.1006 9.0511 -7.6350
v  235.9506 9.0455 -7.6350
v  239.2764 7.0507 -7.6503
v  242.0910 4.7995 -7.6417
v  242.0833 4.7487 -7.6417
v  239.2686 7.0005 -7.6504
v  242.0773 4.7362 -7.6419
v  239.2625 6.9879 -7.6505
v  236.4539 9.2522 -7.6352
v  236.4618 9.3020 -7.6351
v  234.1083 11.1287 -7.5944
v  234.1162 11.1781 -7.5943
v  236.4478 9.2397 -7.6353
v  234.1022 11.1162 -7.5946
v  236.4699 9.4287 -7.6350
v  239.2845 7.1788 -7.6503
v  234.1244 11.3036 -7.5943
v  242.0992 4.9290 -7.6416
v  -260.7488 1.0048 -7.3926
v  -260.9833 0.8172 -7.0132
v  -260.9945 0.8255 -7.0131
v  -260.7604 1.0129 -7.3924
v  -260.9948 0.8429 -7.0125
v  -260.7612 1.0298 -7.3918
v  -260.9833 0.8172 -6.3265
v  -260.9945 0.8255 -6.3264
v  -260.9948 0.8429 -6.3259
v  -260.0578 1.5749 -7.5600
v  -260.0454 1.5676 -7.5601
v  -258.6527 2.6990 -7.6114
v  -258.6385 2.6931 -7.6115
v  -260.0604 1.5904 -7.5594
v  -258.6588 2.7117 -7.6108
v  -260.0275 1.5647 -7.5599
v  -260.7312 1.0017 -7.3924
v  -258.6201 2.6906 -7.6114
v  -260.9658 0.8141 -7.0131
v  -260.9658 0.8141 -6.3264
v  -260.9196 1.1415 7.6527
v  -261.1541 0.9539 6.7577
v  -261.1438 0.9449 6.7576
v  -260.9095 1.1322 7.6526
v  -261.1220 0.9447 6.7571
v  -260.8884 1.1315 7.6521
v  -261.1541 0.9539 5.6412
v  -261.1437 0.9449 5.6411
v  -261.1220 0.9447 5.6407
v  -260.2070 1.6943 8.3360
v  -260.2162 1.7042 8.3361
v  -258.8018 2.8184 8.8172
v  -258.8093 2.8297 8.8173
v  -260.1876 1.6922 8.3354
v  -258.7860 2.8135 8.8166
v  -260.2198 1.7185 8.3359
v  -260.9235 1.1556 7.6526
v  -258.8123 2.8444 8.8171
v  -261.1580 0.9679 6.7575
v  -261.1580 0.9679 5.6411
v  -260.7488 406.9627 7.6527
v  -260.9833 407.1503 6.7577
v  -260.9945 407.1420 6.7576
v  -260.7604 406.9547 7.6526
v  -260.9948 407.1246 6.7571
v  -260.7612 406.9377 7.6521
v  -260.9833 407.1503 5.6412
v  -260.9945 407.1420 5.6411
v  -260.9948 407.1246 5.6407
v  -260.0578 406.3926 8.3360
v  -260.0454 406.4000 8.3361
v  -258.6527 405.2685 8.8172
v  -258.6385 405.2744 8.8173
v  -260.0604 406.3771 8.3354
v  -258.6588 405.2558 8.8166
v  -260.0275 406.4028 8.3359
v  -260.7312 406.9658 7.6526
v  -258.6201 405.2769 8.8171
v  -260.9658 407.1534 6.7575
v  -260.9658 407.1534 5.6411
v  -260.9196 406.8260 -7.3926
v  -261.1541 407.0136 -7.0132
v  -261.1438 407.0226 -7.0131
v  -260.9095 406.8353 -7.3924
v  -261.1220 407.0229 -7.0125
v  -260.8884 406.8359 -7.3918
v  -261.1541 407.0136 -6.3265
v  -261.1437 407.0226 -6.3264
v  -261.1220 407.0229 -6.3259
v  -260.2070 406.2732 -7.5600
v  -260.2162 406.2633 -7.5601
v  -258.8018 405.1491 -7.6114
v  -258.8093 405.1378 -7.6115
v  -260.1876 406.2753 -7.5594
v  -258.7860 405.1541 -7.6108
v  -260.2198 406.2490 -7.5599
v  -260.9235 406.8120 -7.3924
v  -258.8123 405.1230 -7.6114
v  -261.1580 406.9996 -7.0131
v  -261.1580 406.9996 -6.3264
v  246.3569 1.0048 7.6527
v  246.5914 0.8172 6.7577
v  246.6026 0.8255 6.7576
v  246.3684 1.0129 7.6526
v  246.6029 0.8429 6.7571
v  246.3692 1.0298 7.6521
v  246.5914 0.8172 5.6412
v  246.6026 0.8255 5.6411
v  246.6029 0.8429 5.6407
v  245.6659 1.5749 8.3360
v  245.6534 1.5676 8.3361
v  244.2607 2.6990 8.8172
v  244.2466 2.6931 8.8173
v  245.6685 1.5904 8.3354
v  244.2668 2.7117 8.8166
v  245.6356 1.5647 8.3359
v  246.3393 1.0017 7.6526
v  244.2281 2.6906 8.8171
v  246.5739 0.8141 6.7575
v  246.5739 0.8141 5.6411
v  246.5277 1.1415 -7.3926
v  246.7622 0.9539 -7.0132
v  246.7518 0.9449 -7.0131
v  246.5176 1.1322 -7.3924
v  246.7300 0.9447 -7.0125
v  246.4964 1.1315 -7.3918
v  246.7622 0.9539 -6.3265
v  246.7518 0.9449 -6.3264
v  246.7300 0.9447 -6.3259
v  245.8150 1.6943 -7.5600
v  245.8243 1.7042 -7.5601
v  244.4099 2.8184 -7.6114
v  244.4174 2.8297 -7.6115
v  245.7956 1.6922 -7.5594
v  244.3941 2.8135 -7.6108
v  245.8278 1.7185 -7.5599
v  246.5315 1.1556 -7.3924
v  244.4204 2.8444 -7.6114
v  246.7661 0.9679 -7.0131
v  246.7661 0.9679 -6.3264
v  246.3569 406.9627 -7.3926
v  246.5914 407.1503 -7.0132
v  246.6026 407.1420 -7.0131
v  246.3684 406.9547 -7.3924
v  246.6029 407.1246 -7.0125
v  246.3692 406.9377 -7.3918
v  246.5914 407.1503 -6.3265
v  246.6026 407.1420 -6.3264
v  246.6029 407.1246 -6.3259
v  245.6659 406.3926 -7.5600
v  245.6534 406.4000 -7.5601
v  244.2607 405.2685 -7.6114
v  244.2466 405.2744 -7.6115
v  245.6685 406.3771 -7.5594
v  244.2668 405.2558 -7.6108
v  245.6356 406.4028 -7.5599
v  246.3393 406.9658 -7.3924
v  244.2281 405.2769 -7.6114
v  246.5739 407.1534 -7.0131
v  246.5739 407.1534 -6.3264
v  246.5277 406.8260 7.6527
v  246.7622 407.0136 6.7577
v  246.7518 407.0226 6.7576
v  246.5176 406.8353 7.6526
v  246.7300 407.0229 6.7571
v  246.4964 406.8359 7.6521
v  246.7622 407.0136 5.6412
v  246.7518 407.0226 5.6411
v  246.7300 407.0229 5.6407
v  245.8150 406.2732 8.3360
v  245.8243 406.2633 8.3361
v  244.4099 405.1491 8.8172
v  244.4174 405.1378 8.8173
v  245.7956 406.2753 8.3354
v  244.3941 405.1541 8.8166
v  245.8278 406.2490 8.3359
v  246.5315 406.8120 7.6526
v  244.4204 405.1230 8.8171
v  246.7661 406.9996 6.7575
v  246.7661 406.9996 5.6411
v  -246.3820 12.7716 -7.2706
v  -246.1475 12.9592 -6.6639
v  -246.1556 12.9354 -6.6638
v  -246.3898 12.7480 -7.2705
v  -246.1715 12.9050 -6.6633
v  -246.4051 12.7182 -7.2699
v  -246.1475 12.9592 -5.5455
v  -246.1556 12.9354 -5.5455
v  -246.1715 12.9050 -5.5450
v  -247.0924 12.1860 -7.5270
v  -247.0854 12.2089 -7.5272
v  -248.4975 11.0619 -7.5949
v  -248.4923 11.0834 -7.5950
v  -247.1059 12.1575 -7.5264
v  -248.5075 11.0362 -7.5943
v  -247.0839 12.2272 -7.5270
v  -246.3802 12.7902 -7.2704
v  -248.4913 11.1013 -7.5949
v  -246.1456 12.9778 -6.6637
v  -246.1456 12.9778 -5.5454
v  -246.2111 12.6349 6.4625
v  -245.9767 12.8225 4.9394
v  -246.0064 12.8160 4.9393
v  -246.2406 12.6287 6.4624
v  -246.0443 12.8033 4.9390
v  -246.2779 12.6164 6.4620
v  -245.9767 12.8225 3.0574
v  -246.0064 12.8160 3.0573
v  -246.0443 12.8033 3.0572
v  -246.9432 12.0666 7.6353
v  -246.9146 12.0722 7.6354
v  -248.3483 10.9425 8.4668
v  -248.3214 10.9467 8.4669
v  -246.9787 12.0558 7.6348
v  -248.3803 10.9345 8.4663
v  -246.8916 12.0734 7.6352
v  -246.1879 12.6363 6.4623
v  -248.2990 10.9475 8.4668
v  -245.9534 12.8240 4.9393
v  -245.9534 12.8240 3.0573
v  -246.3820 395.1959 6.4625
v  -246.1475 395.0083 4.9394
v  -246.1556 395.0321 4.9393
v  -246.3898 395.2195 6.4624
v  -246.1715 395.0625 4.9390
v  -246.4051 395.2493 6.4620
v  -246.1475 395.0083 3.0574
v  -246.1556 395.0321 3.0573
v  -246.1715 395.0624 3.0572
v  -247.0924 395.7815 7.6353
v  -247.0854 395.7586 7.6354
v  -248.4975 396.9056 8.4668
v  -248.4923 396.8842 8.4669
v  -247.1059 395.8100 7.6348
v  -248.5075 396.9313 8.4663
v  -247.0839 395.7403 7.6352
v  -246.3802 395.1773 6.4623
v  -248.4913 396.8662 8.4668
v  -246.1456 394.9897 4.9393
v  -246.1456 394.9897 3.0573
v  -246.2111 395.3326 -7.2706
v  -245.9767 395.1450 -6.6639
v  -246.0064 395.1515 -6.6638
v  -246.2406 395.3388 -7.2705
v  -246.0443 395.1642 -6.6633
v  -246.2779 395.3511 -7.2699
v  -245.9767 395.1450 -5.5455
v  -246.0064 395.1515 -5.5455
v  -246.0443 395.1642 -5.5450
v  -246.9432 395.9009 -7.5270
v  -246.9146 395.8954 -7.5272
v  -248.3483 397.0250 -7.5949
v  -248.3214 397.0208 -7.5950
v  -246.9787 395.9117 -7.5264
v  -248.3803 397.0330 -7.5943
v  -246.8916 395.8941 -7.5270
v  -246.1879 395.3312 -7.2704
v  -248.2990 397.0200 -7.5949
v  -245.9534 395.1435 -6.6637
v  -245.9534 395.1435 -5.5454
v  231.9900 12.7716 6.4625
v  231.7556 12.9592 4.9394
v  231.7636 12.9354 4.9393
v  231.9978 12.7480 6.4624
v  231.7796 12.9050 4.9390
v  232.0132 12.7182 6.4620
v  231.7555 12.9592 3.0574
v  231.7637 12.9354 3.0573
v  231.7796 12.9050 3.0572
v  232.7004 12.1860 7.6353
v  232.6935 12.2089 7.6354
v  234.1056 11.0619 8.4668
v  234.1003 11.0834 8.4669
v  232.7139 12.1575 7.6348
v  234.1155 11.0362 8.4663
v  232.6920 12.2272 7.6352
v  231.9883 12.7902 6.4623
v  234.0994 11.1013 8.4668
v  231.7537 12.9778 4.9393
v  231.7537 12.9778 3.0573
v  231.8192 12.6349 -7.2706
v  231.5847 12.8225 -6.6639
v  231.6145 12.8160 -6.6638
v  231.8487 12.6287 -7.2705
v  231.6524 12.8033 -6.6633
v  231.8860 12.6164 -7.2699
v  231.5847 12.8225 -5.5455
v  231.6145 12.8160 -5.5455
v  231.6524 12.8033 -5.5450
v  232.5513 12.0666 -7.5270
v  232.5226 12.0722 -7.5272
v  233.9564 10.9425 -7.5949
v  233.9295 10.9467 -7.5950
v  232.5868 12.0558 -7.5264
v  233.9884 10.9345 -7.5943
v  232.4997 12.0734 -7.5270
v  231.7960 12.6363 -7.2704
v  233.9071 10.9475 -7.5949
v  231.5614 12.8240 -6.6637
v  231.5614 12.8240 -5.5454
v  231.9900 395.1959 -7.2706
v  231.7556 395.0083 -6.6639
v  231.7636 395.0321 -6.6638
v  231.9978 395.2195 -7.2705
v  231.7796 395.0625 -6.6633
v  232.0132 395.2493 -7.2699
v  231.7555 395.0083 -5.5455
v  231.7637 395.0321 -5.5455
v  231.7796 395.0624 -5.5450
v  232.7004 395.7815 -7.5270
v  232.6935 395.7586 -7.5272
v  234.1056 396.9056 -7.5949
v  234.1003 396.8842 -7.5950
v  232.7139 395.8100 -7.5264
v  234.1155 396.9313 -7.5943
v  232.6920 395.7403 -7.5270
v  231.9883 395.1773 -7.2704
v  234.0994 396.8662 -7.5949
v  231.7537 394.9897 -6.6637
v  231.7537 394.9897 -5.5454
v  231.8192 395.3326 6.4625
v  231.5847 395.1450 4.9394
v  231.6145 395.1515 4.9393
v  231.8487 395.3388 6.4624
v  231.6524 395.1642 4.9390
v  231.8860 395.3511 6.4620
v  231.5847 395.1450 3.0574
v  231.6145 395.1515 3.0573
v  231.6524 395.1642 3.0572
v  232.5513 395.9009 7.6353
v  232.5226 395.8954 7.6354
v  233.9564 397.0250 8.4668
v  233.9295 397.0208 8.4669
v  232.5868 395.9117 7.6348
v  233.9884 397.0330 8.4663
v  232.4997 395.8941 7.6352
v  231.7960 395.3312 6.4623
v  233.9071 397.0200 8.4668
v  231.5614 395.1435 4.9393
v  231.5614 395.1435 3.0573
v  -253.6508 401.0110 9.1672
v  -250.8371 398.7599 8.9659
v  -250.8394 398.7791 8.9657
v  -253.6497 401.0274 9.1671
v  -250.8435 398.8000 8.9651
v  -253.6467 401.0426 9.1665
v  -256.4600 403.2756 9.1059
v  -256.4645 403.2620 9.1060
v  -258.8019 405.1491 8.8172
v  -258.8093 405.1378 8.8173
v  -256.4500 403.2852 9.1053
v  -258.7860 405.1541 8.8166
v  -256.4666 403.2465 9.1058
v  -253.6518 400.9946 9.1670
v  -258.8123 405.1230 8.8171
v  -250.8370 398.7427 8.9657
v  -253.4800 401.1476 9.1672
v  -256.2937 403.3986 9.1060
v  -256.3108 403.3949 9.1059
v  -253.5005 401.1467 9.1671
v  -256.3228 403.3870 9.1053
v  -253.5196 401.1444 9.1665
v  -250.6902 398.8985 8.9657
v  -250.6663 398.8966 8.9659
v  -248.3483 397.0250 8.4668
v  -248.3215 397.0208 8.4669
v  -250.7163 398.9018 8.9651
v  -248.3803 397.0330 8.4663
v  -250.6447 398.8965 8.9657
v  -253.4596 401.1484 9.1670
v  -248.2990 397.0200 8.4668
v  -256.2744 403.4003 9.1058
v  239.2589 401.0110 9.1672
v  242.0726 403.2620 9.1060
v  242.0680 403.2756 9.1059
v  239.2577 401.0274 9.1671
v  242.0580 403.2852 9.1053
v  239.2548 401.0426 9.1665
v  236.4475 398.7791 8.9657
v  236.4451 398.7599 8.9659
v  234.1056 396.9056 8.4668
v  234.1003 396.8842 8.4669
v  236.4516 398.8000 8.9651
v  234.1156 396.9313 8.4663
v  236.4451 398.7427 8.9657
v  239.2599 400.9946 9.1670
v  234.0994 396.8662 8.4668
v  242.0747 403.2465 9.1058
v  239.0881 401.1476 9.1672
v  236.2743 398.8966 8.9659
v  236.2983 398.8985 8.9657
v  239.1086 401.1467 9.1671
v  236.3244 398.9018 8.9651
v  239.1276 401.1444 9.1665
v  241.9188 403.3949 9.1059
v  241.9018 403.3986 9.1060
v  244.2607 405.2685 8.8172
v  244.2466 405.2744 8.8173
v  241.9308 403.3870 9.1053
v  244.2669 405.2558 8.8166
v  241.8825 403.4003 9.1058
v  239.0676 401.1484 9.1670
v  244.2282 405.2769 8.8171
v  236.2528 398.8965 8.9657
v  239.0880 6.8199 9.1672
v  241.9018 4.5689 9.1060
v  241.9188 4.5725 9.1059
v  239.1085 6.8208 9.1671
v  241.9308 4.5805 9.1053
v  239.1276 6.8231 9.1665
v  236.2982 9.0690 8.9657
v  236.2743 9.0709 8.9659
v  233.9564 10.9425 8.4668
v  233.9295 10.9467 8.4669
v  236.3244 9.0657 8.9651
v  233.9884 10.9345 8.4663
v  236.2528 9.0709 8.9657
v  239.0676 6.8191 9.1670
v  233.9071 10.9475 8.4668
v  241.8824 4.5672 9.1058
v  239.2589 6.9565 9.1672
v  236.4451 9.2075 8.9659
v  236.4475 9.1883 8.9657
v  239.2577 6.9401 9.1671
v  236.4516 9.1674 8.9651
v  239.2548 6.9249 9.1665
v  242.0680 4.6919 9.1059
v  242.0726 4.7056 9.1060
v  244.4099 2.8184 8.8172
v  244.4174 2.8297 8.8173
v  242.0580 4.6823 9.1053
v  244.3940 2.8135 8.8166
v  242.0747 4.7210 9.1058
v  239.2599 6.9729 9.1670
v  244.4204 2.8444 8.8171
v  236.4451 9.2247 8.9657
v  239.2589 401.0110 -7.6510
v  236.4451 398.7599 -7.6358
v  236.4475 398.7791 -7.6357
v  239.2577 401.0274 -7.6509
v  236.4516 398.8000 -7.6350
v  239.2548 401.0426 -7.6503
v  242.0680 403.2756 -7.6423
v  242.0726 403.2620 -7.6424
v  244.4099 405.1491 -7.6114
v  244.4174 405.1378 -7.6115
v  242.0580 403.2852 -7.6416
v  244.3940 405.1541 -7.6108
v  242.0747 403.2465 -7.6422
v  239.2599 400.9946 -7.6508
v  244.4204 405.1230 -7.6113
v  236.4451 398.7427 -7.6356
v  239.0880 401.1476 -7.6510
v  241.9018 403.3986 -7.6424
v  241.9188 403.3949 -7.6423
v  239.1085 401.1467 -7.6509
v  241.9308 403.3870 -7.6416
v  239.1276 401.1444 -7.6503
v  236.2982 398.8985 -7.6357
v  236.2743 398.8966 -7.6358
v  233.9564 397.0250 -7.5949
v  233.9295 397.0208 -7.5950
v  236.3244 398.9018 -7.6350
v  233.9884 397.0330 -7.5943
v  236.2528 398.8965 -7.6356
v  239.0676 401.1484 -7.6508
v  233.9071 397.0200 -7.5949
v  241.8824 403.4003 -7.6422
v  -253.6508 401.0110 -7.6510
v  -256.4645 403.2620 -7.6424
v  -256.4599 403.2756 -7.6423
v  -253.6497 401.0274 -7.6509
v  -256.4500 403.2852 -7.6416
v  -253.6467 401.0426 -7.6503
v  -250.8394 398.7791 -7.6357
v  -250.8371 398.7599 -7.6358
v  -248.4975 396.9056 -7.5949
v  -248.4923 396.8842 -7.5950
v  -250.8435 398.8000 -7.6350
v  -248.5075 396.9313 -7.5943
v  -250.8370 398.7427 -7.6356
v  -253.6519 400.9946 -7.6508
v  -248.4913 396.8662 -7.5949
v  -256.4667 403.2465 -7.6422
v  -253.4800 401.1476 -7.6510
v  -250.6662 398.8966 -7.6358
v  -250.6902 398.8985 -7.6357
v  -253.5005 401.1467 -7.6509
v  -250.7164 398.9018 -7.6350
v  -253.5196 401.1444 -7.6503
v  -256.3108 403.3949 -7.6423
v  -256.2937 403.3986 -7.6424
v  -258.6527 405.2685 -7.6114
v  -258.6385 405.2744 -7.6115
v  -256.3228 403.3870 -7.6416
v  -258.6588 405.2558 -7.6108
v  -256.2744 403.4003 -7.6422
v  -253.4596 401.1484 -7.6508
v  -258.6201 405.2769 -7.6113
v  -250.6447 398.8965 -7.6356
v  -253.4800 6.8199 -7.6510
v  -256.2937 4.5689 -7.6424
v  -256.3108 4.5725 -7.6423
v  -253.5005 6.8208 -7.6509
v  -256.3228 4.5805 -7.6416
v  -253.5196 6.8231 -7.6503
v  -250.6902 9.0690 -7.6357
v  -250.6663 9.0709 -7.6358
v  -248.3483 10.9425 -7.5949
v  -248.3215 10.9467 -7.5950
v  -250.7163 9.0657 -7.6350
v  -248.3803 10.9345 -7.5943
v  -250.6447 9.0709 -7.6356
v  -253.4596 6.8191 -7.6508
v  -248.2990 10.9475 -7.5949
v  -256.2744 4.5672 -7.6422
v  -253.6508 6.9565 -7.6510
v  -250.8371 9.2075 -7.6358
v  -250.8394 9.1883 -7.6357
v  -253.6497 6.9401 -7.6509
v  -250.8435 9.1674 -7.6350
v  -253.6467 6.9249 -7.6503
v  -256.4600 4.6919 -7.6423
v  -256.4645 4.7056 -7.6424
v  -258.8019 2.8184 -7.6114
v  -258.8093 2.8297 -7.6115
v  -256.4500 4.6823 -7.6416
v  -258.7860 2.8135 -7.6108
v  -256.4666 4.7210 -7.6422
v  -253.6518 6.9729 -7.6508
v  -258.8123 2.8444 -7.6113
v  -250.8370 9.2247 -7.6356
v  -253.4800 6.8199 9.1672
v  -250.6662 9.0709 8.9659
v  -250.6902 9.0690 8.9657
v  -253.5005 6.8208 9.1671
v  -250.7164 9.0657 8.9651
v  -253.5196 6.8231 9.1665
v  -256.3108 4.5725 9.1059
v  -256.2937 4.5689 9.1060
v  -258.6527 2.6990 8.8172
v  -258.6385 2.6931 8.8173
v  -256.3228 4.5805 9.1053
v  -258.6588 2.7117 8.8166
v  -256.2744 4.5672 9.1058
v  -253.4596 6.8191 9.1670
v  -258.6201 2.6906 8.8171
v  -250.6447 9.0709 8.9657
v  -253.6508 6.9565 9.1672
v  -256.4645 4.7056 9.1060
v  -256.4599 4.6919 9.1059
v  -253.6497 6.9401 9.1671
v  -256.4500 4.6823 9.1053
v  -253.6467 6.9249 9.1665
v  -250.8394 9.1884 8.9657
v  -250.8371 9.2075 8.9659
v  -248.4975 11.0619 8.4668
v  -248.4923 11.0834 8.4669
v  -250.8435 9.1674 8.9651
v  -248.5075 11.0362 8.4663
v  -250.8370 9.2247 8.9657
v  -253.6519 6.9729 9.1670
v  -248.4913 11.1013 8.4668
v  -256.4667 4.7210 9.1058
v  239.0881 6.8199 -7.6510
v  236.2743 9.0709 -7.6358
v  236.2983 9.0690 -7.6357
v  239.1086 6.8208 -7.6509
v  236.3244 9.0657 -7.6350
v  239.1276 6.8231 -7.6503
v  241.9188 4.5725 -7.6423
v  241.9018 4.5689 -7.6424
v  244.2607 2.6990 -7.6114
v  244.2466 2.6931 -7.6115
v  241.9308 4.5805 -7.6416
v  244.2669 2.7117 -7.6108
v  241.8825 4.5672 -7.6422
v  239.0676 6.8191 -7.6508
v  244.2282 2.6906 -7.6113
v  236.2528 9.0709 -7.6356
v  239.2589 6.9565 -7.6510
v  242.0726 4.7056 -7.6424
v  242.0680 4.6919 -7.6423
v  239.2577 6.9401 -7.6509
v  242.0580 4.6823 -7.6416
v  239.2548 6.9249 -7.6503
v  236.4475 9.1884 -7.6357
v  236.4451 9.2075 -7.6358
v  234.1056 11.0619 -7.5949
v  234.1003 11.0834 -7.5950
v  236.4516 9.1674 -7.6350
v  234.1156 11.0362 -7.5943
v  236.4451 9.2247 -7.6356
v  239.2599 6.9729 -7.6508
v  234.0994 11.1013 -7.5949
v  242.0747 4.7210 -7.6422
v  -260.7236 1.0961 -7.3889
v  -260.9550 0.9110 -7.0097
v  -260.9288 0.9497 -7.0081
v  -260.6986 1.1339 -7.3872
v  -260.9076 0.9836 -7.0067
v  -260.6783 1.1670 -7.3857
v  -260.9550 0.9110 -6.3233
v  -260.9288 0.9497 -6.3218
v  -260.9076 0.9836 -6.3206
v  -260.0079 1.6865 -7.5546
v  -260.0293 1.6515 -7.5564
v  -258.6265 2.7916 -7.6060
v  -258.6408 2.7624 -7.6078
v  -259.9906 1.7172 -7.5531
v  -260.0489 1.6178 -7.5581
v  -260.7467 1.0595 -7.3905
v  -258.6532 2.7343 -7.6095
v  -260.9793 0.8734 -7.0113
v  -260.9793 0.8734 -6.3248
v  -260.8054 1.1616 7.6497
v  -261.0369 0.9764 6.7550
v  -260.9884 0.9974 6.7538
v  -260.7582 1.1816 7.6483
v  -261.0369 0.9764 5.6390
v  -260.9884 0.9974 5.6380
v  -260.0675 1.7341 8.3311
v  -260.1111 1.7170 8.3327
v  -258.6861 2.8393 8.8120
v  -258.7226 2.8279 8.8137
v  -260.1534 1.7014 8.3342
v  -260.8513 1.1431 7.6511
v  -258.7578 2.8179 8.8153
v  -261.0839 0.9570 6.7562
v  -261.0839 0.9570 5.6400
v  -260.7236 406.8714 7.6497
v  -260.9550 407.0565 6.7550
v  -260.9288 407.0178 6.7538
v  -260.6986 406.8336 7.6483
v  -260.9076 406.9839 6.7527
v  -260.6783 406.8005 7.6470
v  -260.9550 407.0565 5.6390
v  -260.9288 407.0178 5.6380
v  -260.9076 406.9839 5.6371
v  -260.0079 406.2811 8.3311
v  -260.0293 406.3159 8.3327
v  -258.6265 405.1759 8.8120
v  -258.6408 405.2051 8.8137
v  -259.9906 406.2503 8.3298
v  -260.0489 406.3497 8.3342
v  -260.7467 406.9080 7.6511
v  -258.6532 405.2332 8.8153
v  -260.9793 407.0941 6.7562
v  -260.9793 407.0941 5.6400
v  -260.8054 406.8059 -7.3889
v  -261.0369 406.9910 -7.0097
v  -260.9884 406.9701 -7.0081
v  -260.7582 406.7859 -7.3872
v  -261.0369 406.9910 -6.3233
v  -260.9884 406.9701 -6.3218
v  -260.0675 406.2334 -7.5546
v  -260.1111 406.2505 -7.5564
v  -258.6861 405.1282 -7.6060
v  -258.7226 405.1396 -7.6078
v  -260.1534 406.2661 -7.5581
v  -260.8513 406.8244 -7.3905
v  -258.7578 405.1495 -7.6095
v  -261.0839 407.0105 -7.0113
v  -261.0839 407.0105 -6.3248
v  246.3316 1.0961 7.6497
v  246.5631 0.9110 6.7550
v  246.5368 0.9497 6.7538
v  246.3066 1.1339 7.6483
v  246.5157 0.9836 6.7527
v  246.2864 1.1670 7.6470
v  246.5631 0.9110 5.6390
v  246.5369 0.9497 5.6380
v  246.5156 0.9836 5.6371
v  245.6159 1.6865 8.3311
v  245.6374 1.6515 8.3327
v  244.2345 2.7916 8.8120
v  244.2488 2.7624 8.8137
v  245.5987 1.7172 8.3298
v  245.6569 1.6178 8.3342
v  246.3548 1.0595 7.6511
v  244.2612 2.7343 8.8153
v  246.5874 0.8734 6.7562
v  246.5874 0.8734 5.6400
v  246.4135 1.1616 -7.3889
v  246.6449 0.9764 -7.0097
v  246.5965 0.9974 -7.0081
v  246.3663 1.1816 -7.3872
v  246.6449 0.9764 -6.3233
v  246.5965 0.9974 -6.3218
v  245.6756 1.7341 -7.5546
v  245.7192 1.7170 -7.5564
v  244.2942 2.8393 -7.6060
v  244.3307 2.8279 -7.6078
v  245.7615 1.7014 -7.5581
v  246.4593 1.1431 -7.3905
v  244.3658 2.8179 -7.6095
v  246.6919 0.9570 -7.0113
v  246.6919 0.9570 -6.3248
v  246.3316 406.8714 -7.3889
v  246.5631 407.0565 -7.0097
v  246.5368 407.0178 -7.0081
v  246.3066 406.8336 -7.3872
v  246.5157 406.9839 -7.0067
v  246.2864 406.8005 -7.3857
v  246.5631 407.0565 -6.3233
v  246.5369 407.0178 -6.3218
v  246.5156 406.9839 -6.3206
v  245.6159 406.2811 -7.5546
v  245.6374 406.3159 -7.5564
v  244.2345 405.1759 -7.6060
v  244.2488 405.2051 -7.6078
v  245.5987 406.2503 -7.5531
v  245.6569 406.3497 -7.5581
v  246.3548 406.9080 -7.3905
v  244.2612 405.2332 -7.6095
v  246.5874 407.0941 -7.0113
v  246.5874 407.0941 -6.3248
v  246.4135 406.8059 7.6497
v  246.6449 406.9910 6.7550
v  246.5965 406.9701 6.7538
v  246.3663 406.7859 7.6483
v  246.6449 406.9910 5.6390
v  246.5965 406.9701 5.6380
v  245.6756 406.2334 8.3311
v  245.7192 406.2505 8.3327
v  244.2942 405.1282 8.8120
v  244.3307 405.1396 8.8137
v  245.7615 406.2661 8.3342
v  246.4593 406.8244 7.6511
v  244.3658 405.1495 8.8153
v  246.6919 407.0105 6.7562
v  246.6919 407.0105 5.6400
v  -246.4572 12.6402 -7.2670
v  -246.2258 12.8253 -6.6606
v  -246.2536 12.7853 -6.6590
v  -246.4839 12.6011 -7.2653
v  -246.2748 12.7514 -6.6577
v  -246.5041 12.5680 -7.2639
v  -246.2258 12.8253 -5.5427
v  -246.2536 12.7853 -5.5414
v  -246.2748 12.7514 -5.5402
v  -247.1746 12.0485 -7.5217
v  -247.1515 12.0848 -7.5234
v  -248.5559 10.9435 -7.5895
v  -248.5401 10.9739 -7.5913
v  -247.1918 12.0178 -7.5202
v  -247.1271 12.1225 -7.5251
v  -246.4293 12.6807 -7.2686
v  -248.5228 11.0059 -7.5930
v  -246.1967 12.8668 -6.6621
v  -246.1967 12.8668 -5.5440
v  -246.3754 12.5747 6.4599
v  -246.1440 12.7598 4.9375
v  -246.1940 12.7376 4.9367
v  -246.4242 12.5534 6.4588
v  -246.1440 12.7598 3.0564
v  -246.1940 12.7376 3.0559
v  -247.1149 12.0008 7.6309
v  -247.0696 12.0193 7.6323
v  -248.4963 10.8957 8.4619
v  -248.4582 10.9085 8.4635
v  -247.0226 12.0388 7.6337
v  -246.3247 12.5971 6.4611
v  -248.4183 10.9223 8.4651
v  -246.0921 12.7831 4.9384
v  -246.0921 12.7831 3.0568
v  -246.4572 395.3273 6.4599
v  -246.2258 395.1422 4.9375
v  -246.2536 395.1822 4.9367
v  -246.4839 395.3664 6.4588
v  -246.2748 395.2161 4.9359
v  -246.5041 395.3995 6.4578
v  -246.2258 395.1422 3.0564
v  -246.2536 395.1822 3.0559
v  -246.2748 395.2161 3.0555
v  -247.1746 395.9189 7.6309
v  -247.1515 395.8827 7.6323
v  -248.5559 397.0241 8.4619
v  -248.5401 396.9936 8.4635
v  -247.1918 395.9497 7.6297
v  -247.1271 395.8450 7.6337
v  -246.4293 395.2868 6.4611
v  -248.5228 396.9616 8.4651
v  -246.1967 395.1007 4.9384
v  -246.1967 395.1007 3.0568
v  -246.3754 395.3928 -7.2670
v  -246.1440 395.2077 -6.6606
v  -246.1940 395.2299 -6.6590
v  -246.4242 395.4141 -7.2653
v  -246.1440 395.2077 -5.5427
v  -246.1940 395.2299 -5.5414
v  -247.1149 395.9666 -7.5217
v  -247.0696 395.9482 -7.5234
v  -248.4963 397.0718 -7.5895
v  -248.4582 397.0590 -7.5913
v  -247.0226 395.9287 -7.5251
v  -246.3247 395.3704 -7.2686
v  -248.4183 397.0453 -7.5930
v  -246.0921 395.1843 -6.6621
v  -246.0921 395.1843 -5.5440
v  232.0653 12.6402 6.4599
v  231.8339 12.8253 4.9375
v  231.8617 12.7853 4.9367
v  232.0919 12.6011 6.4588
v  231.8829 12.7514 4.9359
v  232.1121 12.5680 6.4578
v  231.8339 12.8253 3.0564
v  231.8617 12.7853 3.0559
v  231.8829 12.7514 3.0555
v  232.7826 12.0485 7.6309
v  232.7596 12.0848 7.6323
v  234.1640 10.9435 8.4619
v  234.1481 10.9739 8.4635
v  232.7998 12.0178 7.6297
v  232.7352 12.1225 7.6337
v  232.0373 12.6807 6.4611
v  234.1308 11.0059 8.4651
v  231.8047 12.8668 4.9384
v  231.8047 12.8668 3.0568
v  231.9834 12.5747 -7.2670
v  231.7520 12.7598 -6.6606
v  231.8021 12.7376 -6.6590
v  232.0323 12.5534 -7.2653
v  231.7520 12.7598 -5.5427
v  231.8021 12.7376 -5.5414
v  232.7230 12.0008 -7.5217
v  232.6777 12.0193 -7.5234
v  234.1044 10.8957 -7.5895
v  234.0663 10.9085 -7.5913
v  232.6306 12.0388 -7.5251
v  231.9328 12.5971 -7.2686
v  234.0263 10.9223 -7.5930
v  231.7002 12.7831 -6.6621
v  231.7002 12.7831 -5.5440
v  232.0653 395.3273 -7.2670
v  231.8339 395.1422 -6.6606
v  231.8617 395.1822 -6.6590
v  232.0919 395.3664 -7.2653
v  231.8829 395.2161 -6.6577
v  232.1121 395.3995 -7.2639
v  231.8339 395.1422 -5.5427
v  231.8617 395.1822 -5.5414
v  231.8829 395.2161 -5.5402
v  232.7826 395.9189 -7.5217
v  232.7596 395.8827 -7.5234
v  234.1640 397.0241 -7.5895
v  234.1481 396.9936 -7.5913
v  232.7998 395.9497 -7.5202
v  232.7352 395.8450 -7.5251
v  232.0373 395.2868 -7.2686
v  234.1308 396.9616 -7.5930
v  231.8047 395.1007 -6.6621
v  231.8047 395.1007 -5.5440
v  231.9834 395.3928 6.4599
v  231.7520 395.2077 4.9375
v  231.8021 395.2299 4.9367
v  232.0323 395.4141 6.4588
v  231.7520 395.2077 3.0564
v  231.8021 395.2299 3.0559
v  232.7230 395.9666 7.6309
v  232.6777 395.9482 7.6323
v  234.1044 397.0718 8.4619
v  234.0663 397.0590 8.4635
v  232.6306 395.9287 7.6337
v  231.9328 395.3704 6.4611
v  234.0263 397.0453 8.4651
v  231.7002 395.1843 4.9384
v  231.7002 395.1843 3.0568
v  -253.6313 401.0666 9.1635
v  -250.8543 398.8449 8.9622
v  -250.8582 398.8659 8.9605
v  -253.6210 401.0761 9.1617
v  -256.3838 403.2864 9.1006
v  -256.4084 403.2883 9.1023
v  -258.6861 405.1282 8.8120
v  -258.7227 405.1396 8.8137
v  -256.4316 403.2886 9.1040
v  -253.6403 401.0556 9.1652
v  -258.7578 405.1496 8.8153
v  -250.8489 398.8225 8.9639
v  -253.5495 401.1321 9.1635
v  -256.3266 403.3537 9.1023
v  -256.3242 403.3340 9.1006
v  -253.5614 401.1238 9.1617
v  -250.7986 398.9136 8.9605
v  -250.7724 398.9105 8.9622
v  -248.4963 397.0718 8.4619
v  -248.4582 397.0590 8.4635
v  -250.7444 398.9061 8.9639
v  -253.5357 401.1392 9.1652
v  -248.4182 397.0453 8.4651
v  -256.3271 403.3723 9.1040
v  239.2394 401.0666 9.1635
v  242.0165 403.2883 9.1023
v  241.9919 403.2864 9.1006
v  239.2291 401.0761 9.1617
v  236.4663 398.8659 8.9605
v  236.4623 398.8450 8.9622
v  234.1640 397.0241 8.4619
v  234.1481 396.9936 8.4635
v  236.4570 398.8225 8.9639
v  239.2483 401.0556 9.1652
v  234.1308 396.9616 8.4651
v  242.0397 403.2886 9.1040
v  239.1575 401.1321 9.1635
v  236.3805 398.9104 8.9622
v  236.4067 398.9136 8.9605
v  239.1694 401.1238 9.1617
v  241.9322 403.3340 9.1006
v  241.9346 403.3537 9.1023
v  244.2345 405.1759 8.8120
v  244.2488 405.2051 8.8137
v  241.9351 403.3723 9.1040
v  239.1438 401.1392 9.1652
v  244.2612 405.2332 8.8153
v  236.3524 398.9061 8.9639
v  239.1575 6.8354 9.1635
v  241.9346 4.6138 9.1023
v  241.9322 4.6334 9.1006
v  239.1694 6.8436 9.1617
v  236.4067 9.0539 8.9605
v  236.3805 9.0571 8.9622
v  234.1044 10.8957 8.4619
v  234.0663 10.9085 8.4635
v  236.3524 9.0614 8.9639
v  239.1438 6.8283 9.1652
v  234.0263 10.9223 8.4651
v  241.9351 4.5952 9.1040
v  239.2394 6.9009 9.1635
v  236.4623 9.1226 8.9622
v  236.4663 9.1016 8.9605
v  239.2291 6.8914 9.1617
v  241.9919 4.6811 9.1006
v  242.0165 4.6793 9.1023
v  244.2942 2.8393 8.8120
v  244.3307 2.8279 8.8137
v  242.0397 4.6788 9.1040
v  239.2483 6.9119 9.1652
v  244.3658 2.8179 8.8153
v  236.4570 9.1450 8.9639
v  239.2394 401.0666 -7.6472
v  236.4623 398.8449 -7.6320
v  236.4663 398.8659 -7.6302
v  239.2291 401.0761 -7.6454
v  241.9919 403.2864 -7.6368
v  242.0165 403.2883 -7.6386
v  244.2942 405.1282 -7.6060
v  244.3307 405.1396 -7.6078
v  242.0397 403.2886 -7.6403
v  239.2483 401.0556 -7.6489
v  244.3658 405.1495 -7.6095
v  236.4570 398.8225 -7.6337
v  239.1575 401.1321 -7.6472
v  241.9346 403.3537 -7.6386
v  241.9322 403.3340 -7.6368
v  239.1694 401.1238 -7.6454
v  236.4067 398.9136 -7.6302
v  236.3805 398.9105 -7.6320
v  234.1043 397.0718 -7.5895
v  234.0663 397.0590 -7.5913
v  236.3524 398.9061 -7.6337
v  239.1438 401.1392 -7.6489
v  234.0263 397.0453 -7.5930
v  241.9351 403.3723 -7.6403
v  -253.6313 401.0666 -7.6472
v  -256.4084 403.2883 -7.6386
v  -256.3838 403.2864 -7.6368
v  -253.6210 401.0761 -7.6454
v  -250.8582 398.8659 -7.6302
v  -250.8543 398.8450 -7.6320
v  -248.5559 397.0241 -7.5895
v  -248.5400 396.9936 -7.5913
v  -250.8489 398.8225 -7.6337
v  -253.6403 401.0556 -7.6489
v  -248.5228 396.9616 -7.5930
v  -256.4316 403.2886 -7.6403
v  -253.5495 401.1321 -7.6472
v  -250.7724 398.9104 -7.6320
v  -250.7986 398.9136 -7.6302
v  -253.5614 401.1238 -7.6454
v  -256.3242 403.3340 -7.6368
v  -256.3266 403.3537 -7.6386
v  -258.6265 405.1759 -7.6060
v  -258.6408 405.2051 -7.6078
v  -256.3271 403.3723 -7.6403
v  -253.5357 401.1392 -7.6489
v  -258.6532 405.2332 -7.6095
v  -250.7444 398.9061 -7.6337
v  -253.5495 6.8354 -7.6472
v  -256.3266 4.6138 -7.6386
v  -256.3242 4.6334 -7.6368
v  -253.5614 6.8436 -7.6454
v  -250.7986 9.0539 -7.6302
v  -250.7724 9.0571 -7.6320
v  -248.4963 10.8957 -7.5895
v  -248.4582 10.9085 -7.5913
v  -250.7444 9.0614 -7.6337
v  -253.5357 6.8283 -7.6489
v  -248.4182 10.9223 -7.5930
v  -256.3271 4.5952 -7.6403
v  -253.6313 6.9009 -7.6472
v  -250.8543 9.1226 -7.6320
v  -250.8582 9.1016 -7.6302
v  -253.6210 6.8914 -7.6454
v  -256.3838 4.6811 -7.6368
v  -256.4084 4.6793 -7.6386
v  -258.6862 2.8393 -7.6060
v  -258.7227 2.8279 -7.6078
v  -256.4316 4.6788 -7.6403
v  -253.6403 6.9119 -7.6489
v  -258.7578 2.8179 -7.6095
v  -250.8489 9.1450 -7.6337
v  -253.5495 6.8354 9.1635
v  -250.7724 9.0571 8.9622
v  -250.7986 9.0539 8.9605
v  -253.5614 6.8436 9.1617
v  -256.3242 4.6334 9.1006
v  -256.3266 4.6138 9.1023
v  -258.6265 2.7916 8.8120
v  -258.6408 2.7624 8.8137
v  -256.3271 4.5952 9.1040
v  -253.5357 6.8283 9.1652
v  -258.6532 2.7343 8.8153
v  -250.7444 9.0614 8.9639
v  -253.6313 6.9009 9.1635
v  -256.4084 4.6792 9.1023
v  -256.3838 4.6811 9.1006
v  -253.6210 6.8914 9.1617
v  -250.8582 9.1016 8.9605
v  -250.8543 9.1225 8.9622
v  -248.5559 10.9434 8.4619
v  -248.5400 10.9739 8.4635
v  -250.8489 9.1450 8.9639
v  -253.6403 6.9119 9.1652
v  -248.5228 11.0059 8.4651
v  -256.4316 4.6788 9.1040
v  239.1575 6.8354 -7.6472
v  236.3805 9.0571 -7.6320
v  236.4067 9.0539 -7.6302
v  239.1694 6.8436 -7.6454
v  241.9322 4.6334 -7.6368
v  241.9346 4.6138 -7.6386
v  244.2345 2.7916 -7.6060
v  244.2488 2.7624 -7.6078
v  241.9351 4.5952 -7.6403
v  239.1438 6.8283 -7.6489
v  244.2612 2.7343 -7.6095
v  236.3524 9.0614 -7.6337
v  239.2394 6.9009 -7.6472
v  242.0165 4.6792 -7.6386
v  241.9919 4.6811 -7.6368
v  239.2291 6.8914 -7.6454
v  236.4663 9.1016 -7.6302
v  236.4623 9.1225 -7.6320
v  234.1640 10.9434 -7.5895
v  234.1481 10.9739 -7.5913
v  236.4570 9.1450 -7.6337
v  239.2483 6.9119 -7.6489
v  234.1308 11.0059 -7.5930
v  242.0397 4.6788 -7.6403
v  246.4135 406.8059 -7.3889
v  245.7192 406.2505 -7.5564
v  245.6756 406.2334 -7.5546
v  246.3663 406.7859 -7.3872
v  245.6371 406.2195 -7.5531
v  246.3249 406.7697 -7.3857
v  246.5965 406.9701 -7.0081
v  246.6449 406.9910 -7.0097
v  246.5965 406.9701 -6.3218
v  246.6449 406.9910 -6.3233
v  246.5541 406.9531 -7.0067
v  246.5541 406.9531 -6.3206
v  246.6919 407.0105 -7.0113
v  246.4593 406.8244 -7.3905
v  246.7300 407.0229 -7.0125
v  246.4964 406.8359 -7.3918
v  246.6919 407.0105 -6.3248
v  246.7300 407.0229 -6.3259
v  245.7615 406.2661 -7.5581
v  245.7956 406.2753 -7.5594
v  246.5631 407.0565 -3.8429
v  246.5631 407.0565 -2.2503
v  246.5368 407.0178 -2.2497
v  246.5368 407.0178 -3.8420
v  246.5156 406.9839 -2.2491
v  246.5156 406.9839 -3.8411
v  246.5631 407.0565 -0.5570
v  246.5368 407.0178 -0.5567
v  246.5156 406.9839 -0.5564
v  246.5368 407.0178 -5.2329
v  246.5631 407.0565 -5.2342
v  246.5157 406.9839 -5.2318
v  246.5874 407.0941 -5.2354
v  246.5874 407.0941 -3.8439
v  246.6028 407.1246 -5.2364
v  246.6029 407.1246 -3.8446
v  246.5874 407.0941 -2.2509
v  246.5874 407.0941 -0.5573
v  246.6028 407.1246 -2.2514
v  246.6029 407.1246 -0.5575
v  246.6449 0.9764 -3.8429
v  246.6449 0.9764 -2.2503
v  246.5965 0.9974 -2.2497
v  246.5965 0.9974 -3.8420
v  246.5541 1.0144 -2.2491
v  246.5541 1.0144 -3.8411
v  246.6449 0.9764 -0.5570
v  246.5965 0.9974 -0.5567
v  246.5541 1.0144 -0.5564
v  246.5965 0.9974 -5.2329
v  246.6449 0.9764 -5.2342
v  246.5541 1.0144 -5.2318
v  246.6919 0.9570 -5.2354
v  246.6919 0.9570 -3.8439
v  246.7300 0.9447 -5.2364
v  246.7300 0.9447 -3.8446
v  246.6919 0.9570 -2.2509
v  246.6919 0.9570 -0.5573
v  246.7300 0.9447 -2.2514
v  246.7300 0.9447 -0.5575
v  246.3316 1.0961 -7.3889
v  245.6374 1.6515 -7.5564
v  245.6159 1.6865 -7.5546
v  246.3066 1.1339 -7.3872
v  246.5368 0.9497 -7.0081
v  246.5631 0.9110 -7.0097
v  246.5368 0.9497 -6.3218
v  246.5631 0.9110 -6.3233
v  246.5874 0.8734 -7.0113
v  246.3548 1.0595 -7.3905
v  246.6028 0.8429 -7.0125
v  246.3693 1.0298 -7.3918
v  246.5874 0.8734 -6.3248
v  246.6029 0.8429 -6.3259
v  245.6569 1.6178 -7.5581
v  245.6685 1.5904 -7.5594
v  -261.0369 406.9910 -3.8429
v  -261.0369 406.9910 -2.2503
v  -260.9884 406.9701 -2.2497
v  -260.9884 406.9701 -3.8420
v  -260.9460 406.9531 -2.2491
v  -260.9460 406.9531 -3.8411
v  -261.0369 406.9910 -0.5570
v  -260.9884 406.9701 -0.5567
v  -260.9460 406.9531 -0.5564
v  -260.9884 406.9701 -5.2329
v  -261.0369 406.9910 -5.2342
v  -260.9460 406.9531 -5.2318
v  -261.0839 407.0105 -5.2354
v  -261.0839 407.0105 -3.8439
v  -261.1220 407.0229 -5.2364
v  -261.1220 407.0229 -3.8446
v  -261.0839 407.0105 -2.2509
v  -261.0839 407.0105 -0.5573
v  -261.1220 407.0229 -2.2514
v  -261.1220 407.0229 -0.5575
v  -260.7236 406.8714 -7.3889
v  -260.0293 406.3159 -7.5564
v  -260.0079 406.2811 -7.5546
v  -260.6986 406.8336 -7.3872
v  -260.9288 407.0178 -7.0081
v  -260.9550 407.0565 -7.0097
v  -260.9288 407.0178 -6.3218
v  -260.9550 407.0565 -6.3233
v  -260.9793 407.0941 -7.0113
v  -260.7467 406.9080 -7.3905
v  -260.9948 407.1246 -7.0125
v  -260.7612 406.9377 -7.3918
v  -260.9793 407.0941 -6.3248
v  -260.9948 407.1246 -6.3259
v  -260.0489 406.3497 -7.5581
v  -260.0604 406.3771 -7.5594
v  -260.8054 1.1616 -7.3889
v  -260.1112 1.7170 -7.5564
v  -260.0675 1.7341 -7.5546
v  -260.7582 1.1816 -7.3872
v  -260.0291 1.7480 -7.5531
v  -260.7168 1.1978 -7.3857
v  -260.9884 0.9974 -7.0081
v  -261.0369 0.9764 -7.0097
v  -260.9884 0.9974 -6.3218
v  -261.0369 0.9764 -6.3233
v  -260.9460 1.0144 -7.0067
v  -260.9460 1.0144 -6.3206
v  -261.0839 0.9570 -7.0113
v  -260.8513 1.1431 -7.3905
v  -261.1220 0.9447 -7.0125
v  -260.8884 1.1315 -7.3918
v  -261.0839 0.9570 -6.3248
v  -261.1220 0.9447 -6.3259
v  -260.1534 1.7014 -7.5581
v  -260.1876 1.6922 -7.5594
v  -260.9550 0.9110 -3.8429
v  -260.9550 0.9110 -2.2503
v  -260.9288 0.9497 -2.2497
v  -260.9288 0.9497 -3.8420
v  -260.9076 0.9836 -2.2491
v  -260.9076 0.9836 -3.8411
v  -260.9550 0.9110 -0.5570
v  -260.9288 0.9497 -0.5567
v  -260.9076 0.9836 -0.5564
v  -260.9288 0.9497 -5.2329
v  -260.9550 0.9110 -5.2342
v  -260.9076 0.9836 -5.2318
v  -260.9793 0.8734 -5.2354
v  -260.9793 0.8734 -3.8439
v  -260.9948 0.8429 -5.2364
v  -260.9948 0.8429 -3.8446
v  -260.9793 0.8734 -2.2509
v  -260.9793 0.8734 -0.5573
v  -260.9948 0.8429 -2.2514
v  -260.9948 0.8429 -0.5575
v  246.5277 406.8260 -7.3926
v  245.8243 406.2633 -7.5601
v  245.8150 406.2732 -7.5600
v  246.5176 406.8353 -7.3924
v  246.7518 407.0226 -7.0131
v  246.7622 407.0136 -7.0132
v  246.7518 407.0226 -6.3264
v  246.7622 407.0136 -6.3265
v  246.7661 406.9996 -7.0131
v  246.5315 406.8120 -7.3924
v  246.7685 406.9843 -7.0128
v  246.5340 406.7967 -7.3921
v  246.7661 406.9996 -6.3264
v  246.7685 406.9843 -6.3262
v  245.8278 406.2490 -7.5599
v  245.8303 406.2338 -7.5597
v  246.5914 407.1503 -3.8450
v  246.5914 407.1503 -2.2517
v  246.6026 407.1420 -2.2516
v  246.6026 407.1420 -3.8450
v  246.5914 407.1503 -0.5576
v  246.6026 407.1420 -0.5576
v  246.6026 407.1420 -5.2368
v  246.5914 407.1503 -5.2369
v  246.5739 407.1534 -5.2368
v  246.5739 407.1534 -3.8449
v  246.5548 407.1553 -5.2366
v  246.5548 407.1553 -3.8448
v  246.5739 407.1534 -2.2516
v  246.5739 407.1534 -0.5576
v  246.5548 407.1553 -2.2515
v  246.5548 407.1553 -0.5575
v  246.7622 0.9539 -3.8450
v  246.7622 0.9539 -2.2517
v  246.7518 0.9449 -2.2516
v  246.7518 0.9449 -3.8450
v  246.7622 0.9539 -0.5576
v  246.7518 0.9449 -0.5576
v  246.7518 0.9449 -5.2368
v  246.7622 0.9539 -5.2369
v  246.7661 0.9679 -5.2368
v  246.7661 0.9679 -3.8449
v  246.7685 0.9832 -5.2366
v  246.7685 0.9832 -3.8448
v  246.7661 0.9679 -2.2516
v  246.7661 0.9679 -0.5576
v  246.7685 0.9832 -2.2515
v  246.7685 0.9832 -0.5575
v  246.3569 1.0048 -7.3926
v  245.6535 1.5676 -7.5601
v  245.6659 1.5749 -7.5600
v  246.3684 1.0129 -7.3924
v  246.6026 0.8255 -7.0131
v  246.5914 0.8172 -7.0132
v  246.6026 0.8255 -6.3264
v  246.5914 0.8172 -6.3265
v  246.5739 0.8141 -7.0131
v  246.3393 1.0017 -7.3924
v  246.5548 0.8122 -7.0128
v  246.3202 0.9998 -7.3921
v  246.5739 0.8141 -6.3264
v  246.5548 0.8122 -6.3262
v  245.6356 1.5647 -7.5599
v  245.6165 1.5628 -7.5597
v  -261.1541 407.0136 -3.8450
v  -261.1541 407.0136 -2.2517
v  -261.1438 407.0226 -2.2516
v  -261.1438 407.0226 -3.8450
v  -261.1541 407.0136 -0.5576
v  -261.1437 407.0226 -0.5576
v  -261.1437 407.0226 -5.2368
v  -261.1541 407.0136 -5.2369
v  -261.1580 406.9996 -5.2368
v  -261.1580 406.9996 -3.8449
v  -261.1604 406.9843 -5.2366
v  -261.1604 406.9843 -3.8448
v  -261.1580 406.9996 -2.2516
v  -261.1580 406.9996 -0.5576
v  -261.1604 406.9843 -2.2515
v  -261.1604 406.9843 -0.5575
v  -260.7488 406.9627 -7.3926
v  -260.0454 406.3999 -7.5601
v  -260.0578 406.3926 -7.5600
v  -260.7604 406.9547 -7.3924
v  -260.9945 407.1420 -7.0131
v  -260.9833 407.1503 -7.0132
v  -260.9945 407.1420 -6.3264
v  -260.9833 407.1503 -6.3265
v  -260.9658 407.1534 -7.0131
v  -260.7312 406.9658 -7.3924
v  -260.9467 407.1553 -7.0128
v  -260.7121 406.9677 -7.3921
v  -260.9658 407.1534 -6.3264
v  -260.9467 407.1553 -6.3262
v  -260.0275 406.4028 -7.5599
v  -260.0085 406.4047 -7.5597
v  -260.9196 1.1415 -7.3926
v  -260.2162 1.7042 -7.5601
v  -260.2070 1.6943 -7.5600
v  -260.9095 1.1322 -7.3924
v  -261.1437 0.9449 -7.0131
v  -261.1541 0.9539 -7.0132
v  -261.1438 0.9449 -6.3264
v  -261.1541 0.9539 -6.3265
v  -261.1580 0.9679 -7.0131
v  -260.9235 1.1556 -7.3924
v  -261.1604 0.9832 -7.0128
v  -260.9259 1.1708 -7.3921
v  -261.1580 0.9679 -6.3264
v  -261.1604 0.9832 -6.3262
v  -260.2198 1.7185 -7.5599
v  -260.2222 1.7338 -7.5597
v  -260.9833 0.8172 -3.8450
v  -260.9833 0.8172 -2.2517
v  -260.9945 0.8255 -2.2516
v  -260.9945 0.8255 -3.8450
v  -260.9833 0.8172 -0.5576
v  -260.9945 0.8255 -0.5576
v  -260.9945 0.8255 -5.2368
v  -260.9833 0.8172 -5.2369
v  -260.9658 0.8141 -5.2368
v  -260.9658 0.8141 -3.8449
v  -260.9467 0.8122 -5.2366
v  -260.9467 0.8122 -3.8448
v  -260.9658 0.8141 -2.2516
v  -260.9658 0.8141 -0.5576
v  -260.9467 0.8122 -2.2515
v  -260.9467 0.8122 -0.5575
v  246.5476 406.7345 -7.3919
v  245.8439 406.1716 -7.5594
v  245.8362 406.2211 -7.5595
v  246.5398 406.7840 -7.3919
v  246.7744 406.9717 -7.0127
v  246.7822 406.9221 -7.0126
v  246.7744 406.9717 -6.3260
v  246.7822 406.9221 -6.3259
v  246.7902 406.7962 -7.0125
v  246.5557 406.6087 -7.3918
v  246.7971 406.5546 -7.0125
v  246.5626 406.3673 -7.3918
v  246.7902 406.7962 -6.3259
v  246.7971 406.5546 -6.3259
v  245.8520 406.0462 -7.5594
v  245.8589 405.8055 -7.5594
v  246.4757 407.1662 -3.8446
v  246.4757 407.1662 -2.2514
v  246.5389 407.1600 -2.2515
v  246.5389 407.1600 -3.8447
v  246.4757 407.1662 -0.5575
v  246.5389 407.1600 -0.5575
v  246.5389 407.1600 -5.2364
v  246.4757 407.1662 -5.2364
v  246.3145 407.1727 -5.2364
v  246.3145 407.1727 -3.8446
v  246.0047 407.1783 -5.2364
v  246.0047 407.1783 -3.8446
v  246.3145 407.1727 -2.2514
v  246.3145 407.1727 -0.5575
v  246.0047 407.1782 -2.2514
v  246.0047 407.1782 -0.5575
v  246.7822 1.0474 -3.8446
v  246.7821 1.0474 -2.2514
v  246.7744 0.9958 -2.2515
v  246.7744 0.9958 -3.8447
v  246.7822 1.0474 -0.5575
v  246.7744 0.9958 -0.5575
v  246.7744 0.9958 -5.2364
v  246.7822 1.0474 -5.2364
v  246.7902 1.1792 -5.2364
v  246.7902 1.1792 -3.8446
v  246.7971 1.4326 -5.2364
v  246.7971 1.4326 -3.8446
v  246.7902 1.1792 -2.2514
v  246.7902 1.1792 -0.5575
v  246.7971 1.4326 -2.2514
v  246.7971 1.4326 -0.5575
v  246.2668 0.9889 -7.3919
v  245.5632 1.5518 -7.5594
v  245.6007 1.5581 -7.5595
v  246.3044 0.9951 -7.3919
v  246.5389 0.8075 -7.0127
v  246.5013 0.8013 -7.0126
v  246.5389 0.8075 -6.3260
v  246.5013 0.8013 -6.3259
v  246.4169 0.7948 -7.0125
v  246.1825 0.9824 -7.3918
v  246.2609 0.7893 -7.0125
v  246.0266 0.9769 -7.3918
v  246.4169 0.7948 -6.3259
v  246.2609 0.7893 -6.3259
v  245.4791 1.5454 -7.5594
v  245.3236 1.5398 -7.5594
v  -261.1741 406.9377 -3.8446
v  -261.1741 406.9377 -2.2514
v  -261.1663 406.9717 -2.2515
v  -261.1663 406.9717 -3.8447
v  -261.1741 406.9377 -0.5575
v  -261.1663 406.9717 -0.5575
v  -261.1663 406.9717 -5.2364
v  -261.1740 406.9377 -5.2364
v  -261.1822 406.8586 -5.2364
v  -261.1822 406.8586 -3.8446
v  -261.1891 406.7105 -5.2364
v  -261.1891 406.7105 -3.8446
v  -261.1822 406.8586 -2.2514
v  -261.1822 406.8586 -0.5575
v  -261.1891 406.7105 -2.2514
v  -261.1891 406.7105 -0.5575
v  -260.6339 406.9786 -7.3919
v  -259.9304 406.4156 -7.5594
v  -259.9926 406.4095 -7.5595
v  -260.6963 406.9724 -7.3919
v  -260.9308 407.1600 -7.0127
v  -260.8685 407.1662 -7.0126
v  -260.9308 407.1600 -6.3260
v  -260.8685 407.1662 -6.3259
v  -260.7097 407.1727 -7.0125
v  -260.4754 406.9851 -7.3918
v  -260.4050 407.1783 -7.0125
v  -260.1709 406.9906 -7.3918
v  -260.7097 407.1727 -6.3259
v  -260.4050 407.1782 -6.3259
v  -259.7723 406.4221 -7.5594
v  -259.4686 406.4277 -7.5594
v  -260.9395 1.2253 -7.3919
v  -260.2358 1.7882 -7.5594
v  -260.2281 1.7464 -7.5595
v  -260.9317 1.1835 -7.3919
v  -261.1663 0.9958 -7.0127
v  -261.1740 1.0377 -7.0126
v  -261.1663 0.9958 -6.3260
v  -261.1741 1.0377 -6.3259
v  -261.1822 1.1405 -7.0125
v  -260.9476 1.3280 -7.3918
v  -261.1891 1.3360 -7.0125
v  -260.9545 1.5233 -7.3918
v  -261.1822 1.1405 -6.3259
v  -261.1891 1.3360 -6.3259
v  -260.2440 1.8906 -7.5594
v  -260.2509 2.0854 -7.5594
v  -260.8777 0.8013 -3.8446
v  -260.8777 0.8013 -2.2514
v  -260.9308 0.8075 -2.2515
v  -260.9308 0.8075 -3.8447
v  -260.8777 0.8013 -0.5575
v  -260.9308 0.8075 -0.5575
v  -260.9308 0.8075 -5.2364
v  -260.8777 0.8013 -5.2364
v  -260.7469 0.7948 -5.2364
v  -260.7469 0.7948 -3.8446
v  -260.4979 0.7893 -5.2364
v  -260.4979 0.7893 -3.8446
v  -260.7469 0.7948 -2.2514
v  -260.7469 0.7948 -0.5575
v  -260.4980 0.7893 -2.2514
v  -260.4980 0.7893 -0.5575
v  237.6183 0.9719 -7.3918
v  213.7528 0.9714 -7.3918
v  213.1394 1.5343 -7.5594
v  236.9387 1.5349 -7.5594
v  211.9126 2.6602 -7.6108
v  235.5794 2.6607 -7.6108
v  166.3708 0.9714 -7.3918
v  165.8889 1.5343 -7.5594
v  164.9252 2.6602 -7.6108
v  245.0717 1.5365 -7.5594
v  245.7740 0.9736 -7.3918
v  243.6672 2.6624 -7.6108
v  246.0081 0.7860 -7.0125
v  237.8449 0.7843 -7.0125
v  246.0081 0.7860 -6.3259
v  237.8448 0.7843 -6.3259
v  213.9572 0.7837 -7.0125
v  166.5314 0.7837 -7.0125
v  213.9572 0.7837 -6.3259
v  166.5314 0.7837 -6.3259
v  246.2810 406.7654 -7.3846
v  245.5957 406.2171 -7.5520
v  245.5918 406.2291 -7.5523
v  246.2777 406.7778 -7.3848
v  246.5064 406.9608 -7.0059
v  246.5094 406.9482 -7.0056
v  246.5064 406.9608 -6.3198
v  246.5094 406.9482 -6.3196
v  246.5252 406.9457 -7.0059
v  246.2966 406.7628 -7.3848
v  246.5252 406.9457 -6.3198
v  245.6106 406.2141 -7.5523
v  246.5094 1.0193 -3.8405
v  246.5094 1.0193 -2.2487
v  246.5064 1.0067 -2.2488
v  246.5064 1.0067 -3.8406
v  246.5156 0.9836 -2.2491
v  246.5156 0.9836 -3.8411
v  246.5094 1.0193 -0.5562
v  246.5064 1.0067 -0.5563
v  246.5156 0.9836 -0.5564
v  246.5064 1.0067 -5.2312
v  246.5094 1.0193 -5.2310
v  246.5156 0.9836 -5.2318
v  246.5252 1.0218 -5.2312
v  246.5252 1.0218 -3.8406
v  246.5252 1.0218 -2.2488
v  246.5252 1.0218 -0.5563
v  -260.9014 406.9482 -3.8405
v  -260.9014 406.9482 -2.2487
v  -260.8983 406.9608 -2.2488
v  -260.8983 406.9608 -3.8406
v  -260.9076 406.9839 -2.2491
v  -260.9076 406.9839 -3.8411
v  -260.9014 406.9482 -0.5562
v  -260.8983 406.9608 -0.5563
v  -260.9076 406.9839 -0.5564
v  -260.8983 406.9608 -5.2312
v  -260.9014 406.9482 -5.2310
v  -260.9076 406.9839 -5.2318
v  -260.9171 406.9457 -5.2312
v  -260.9171 406.9457 -3.8406
v  -260.9171 406.9457 -2.2488
v  -260.9171 406.9457 -0.5563
v  -260.6729 1.2021 -7.3846
v  -259.9876 1.7504 -7.5520
v  -259.9838 1.7384 -7.5523
v  -260.6697 1.1897 -7.3848
v  -260.8983 1.0067 -7.0059
v  -260.9014 1.0193 -7.0056
v  -260.8983 1.0067 -6.3198
v  -260.9014 1.0193 -6.3196
v  -260.9171 1.0218 -7.0059
v  -260.6885 1.2047 -7.3848
v  -260.9171 1.0218 -6.3198
v  -260.0026 1.7534 -7.5523
v  -251.2528 406.9955 -7.3918
v  -227.1948 406.9961 -7.3918
v  -226.5840 406.4332 -7.5594
v  -250.5753 406.4326 -7.5594
v  -225.3625 405.3073 -7.6108
v  -249.2202 405.3068 -7.6108
v  -179.7745 406.9961 -7.3918
v  -179.2954 406.4332 -7.5594
v  -178.3372 405.3073 -7.6108
v  -258.9699 406.4310 -7.5594
v  -259.6708 406.9939 -7.3918
v  -257.5681 405.3051 -7.6108
v  -259.9044 407.1815 -7.0125
v  -251.4787 407.1832 -7.0125
v  -259.9044 407.1815 -6.3259
v  -251.4787 407.1832 -6.3259
v  -227.3984 407.1838 -7.0125
v  -179.9342 407.1838 -7.0125
v  -227.3984 407.1838 -6.3259
v  -179.9342 407.1838 -6.3259
v  246.5688 399.2415 -7.3918
v  246.5695 380.0012 -7.3918
v  245.8658 379.5126 -7.5594
v  245.8651 398.6995 -7.5594
v  244.4585 378.5352 -7.6108
v  244.4578 397.6153 -7.6108
v  246.5695 342.0720 -7.3918
v  245.8658 341.6887 -7.5594
v  244.4585 340.9220 -7.6108
v  245.8631 405.4102 -7.5594
v  246.5667 405.9709 -7.3918
v  244.4557 404.2887 -7.6108
v  246.8013 406.1578 -7.0125
v  246.8033 399.4222 -7.0125
v  246.8013 406.1578 -6.3259
v  246.8034 399.4222 -6.3259
v  246.8040 380.1641 -7.0125
v  246.8040 342.1998 -7.0125
v  246.8040 380.1641 -6.3259
v  246.8040 342.1998 -6.3259
v  -261.1953 399.8959 -3.8446
v  -261.1960 380.7492 -3.8446
v  -261.1960 380.7492 -2.2514
v  -261.1953 399.8959 -2.2514
v  -261.1960 380.7492 -0.5575
v  -261.1953 399.8959 -0.5575
v  -261.1960 342.7893 -3.8446
v  -261.1960 342.7893 -2.2514
v  -261.1960 342.7893 -0.5575
v  -261.1932 406.4697 -2.2514
v  -261.1932 406.4697 -3.8446
v  -261.1932 406.4697 -0.5575
v  -261.1932 406.4697 -5.2364
v  -261.1953 399.8959 -5.2364
v  -261.1960 380.7492 -5.2364
v  -261.1960 342.7893 -5.2364
v  231.9835 395.3928 -7.2670
v  232.6777 395.9482 -7.5234
v  232.7230 395.9666 -7.5217
v  232.0323 395.4141 -7.2653
v  232.7614 395.9805 -7.5202
v  232.0737 395.4303 -7.2639
v  231.8020 395.2299 -6.6590
v  231.7520 395.2077 -6.6606
v  231.8021 395.2299 -5.5414
v  231.7520 395.2077 -5.5427
v  231.8444 395.2469 -6.6577
v  231.8444 395.2469 -5.5402
v  231.7002 395.1843 -6.6621
v  231.9328 395.3704 -7.2686
v  231.6524 395.1642 -6.6633
v  231.8860 395.3511 -7.2699
v  231.7002 395.1843 -5.5440
v  231.6524 395.1642 -5.5450
v  232.6306 395.9287 -7.5251
v  232.5868 395.9117 -7.5264
v  231.8339 395.1422 -1.5485
v  231.8339 395.1422 0.8076
v  231.8617 395.1822 0.8076
v  231.8617 395.1822 -1.5480
v  231.8829 395.2161 0.8077
v  231.8829 395.2161 -1.5476
v  231.8339 395.1422 3.0564
v  231.8617 395.1822 3.0559
v  231.8617 395.1822 -3.7510
v  231.8338 395.1422 -3.7520
v  231.8829 395.2161 -3.7502
v  231.8047 395.1007 -3.7529
v  231.8047 395.1007 -1.5490
v  231.7796 395.0624 -3.7536
v  231.7796 395.0624 -1.5493
v  231.8047 395.1007 0.8076
v  231.8047 395.1007 3.0568
v  231.7796 395.0624 0.8076
v  231.7796 395.0624 3.0572
v  231.7520 12.7598 -1.5485
v  231.7520 12.7598 0.8076
v  231.8021 12.7376 0.8076
v  231.8021 12.7376 -1.5480
v  231.8444 12.7206 0.8077
v  231.8444 12.7206 -1.5476
v  231.7520 12.7598 3.0564
v  231.8020 12.7376 3.0559
v  231.8444 12.7206 3.0555
v  231.8020 12.7376 -3.7510
v  231.7520 12.7598 -3.7520
v  231.8444 12.7206 -3.7502
v  231.7002 12.7831 -3.7529
v  231.7002 12.7831 -1.5490
v  231.6524 12.8033 -3.7536
v  231.6524 12.8033 -1.5493
v  231.7002 12.7831 0.8076
v  231.7002 12.7831 3.0568
v  231.6524 12.8033 0.8076
v  231.6524 12.8033 3.0572
v  232.0653 12.6402 -7.2670
v  232.7596 12.0848 -7.5234
v  232.7826 12.0485 -7.5217
v  232.0919 12.6011 -7.2653
v  231.8617 12.7853 -6.6590
v  231.8338 12.8253 -6.6606
v  231.8617 12.7853 -5.5414
v  231.8339 12.8253 -5.5427
v  231.8047 12.8668 -6.6621
v  232.0373 12.6807 -7.2686
v  231.7796 12.9050 -6.6633
v  232.0131 12.7182 -7.2699
v  231.8047 12.8668 -5.5440
v  231.7796 12.9050 -5.5450
v  232.7352 12.1225 -7.5251
v  232.7139 12.1575 -7.5264
v  -246.1440 395.2077 -1.5485
v  -246.1440 395.2077 0.8076
v  -246.1940 395.2299 0.8076
v  -246.1940 395.2299 -1.5480
v  -246.2364 395.2469 0.8077
v  -246.2364 395.2469 -1.5476
v  -246.1440 395.2077 3.0564
v  -246.1940 395.2299 3.0559
v  -246.2364 395.2469 3.0555
v  -246.1940 395.2299 -3.7510
v  -246.1440 395.2077 -3.7520
v  -246.2364 395.2469 -3.7502
v  -246.0921 395.1843 -3.7529
v  -246.0921 395.1843 -1.5490
v  -246.0443 395.1642 -3.7536
v  -246.0443 395.1642 -1.5493
v  -246.0921 395.1843 0.8076
v  -246.0921 395.1843 3.0568
v  -246.0443 395.1642 0.8076
v  -246.0443 395.1642 3.0572
v  -246.4572 395.3273 -7.2670
v  -247.1515 395.8827 -7.5234
v  -247.1746 395.9189 -7.5217
v  -246.4839 395.3664 -7.2653
v  -246.2536 395.1822 -6.6590
v  -246.2258 395.1422 -6.6606
v  -246.2536 395.1822 -5.5414
v  -246.2258 395.1422 -5.5427
v  -246.1967 395.1007 -6.6621
v  -246.4293 395.2868 -7.2686
v  -246.1715 395.0624 -6.6633
v  -246.4051 395.2493 -7.2699
v  -246.1967 395.1007 -5.5440
v  -246.1715 395.0624 -5.5450
v  -247.1271 395.8450 -7.5251
v  -247.1059 395.8100 -7.5264
v  -246.3754 12.5747 -7.2670
v  -247.0696 12.0193 -7.5234
v  -247.1149 12.0008 -7.5217
v  -246.4242 12.5534 -7.2653
v  -247.1533 11.9870 -7.5202
v  -246.4656 12.5372 -7.2639
v  -246.1940 12.7376 -6.6590
v  -246.1440 12.7598 -6.6606
v  -246.1940 12.7376 -5.5414
v  -246.1440 12.7598 -5.5427
v  -246.2364 12.7206 -6.6577
v  -246.2364 12.7206 -5.5402
v  -246.0921 12.7831 -6.6621
v  -246.3247 12.5971 -7.2686
v  -246.0443 12.8033 -6.6633
v  -246.2779 12.6164 -7.2699
v  -246.0921 12.7831 -5.5440
v  -246.0443 12.8033 -5.5450
v  -247.0226 12.0388 -7.5251
v  -246.9787 12.0558 -7.5264
v  -246.2258 12.8253 -1.5485
v  -246.2258 12.8253 0.8076
v  -246.2536 12.7853 0.8076
v  -246.2536 12.7853 -1.5480
v  -246.2748 12.7514 0.8077
v  -246.2748 12.7514 -1.5476
v  -246.2258 12.8253 3.0564
v  -246.2536 12.7853 3.0559
v  -246.2536 12.7853 -3.7510
v  -246.2258 12.8253 -3.7520
v  -246.2748 12.7514 -3.7502
v  -246.1967 12.8668 -3.7529
v  -246.1967 12.8668 -1.5490
v  -246.1715 12.9050 -3.7536
v  -246.1715 12.9050 -1.5493
v  -246.1967 12.8668 0.8076
v  -246.1967 12.8668 3.0568
v  -246.1715 12.9050 0.8076
v  -246.1715 12.9050 3.0572
v  231.8192 395.3326 -7.2706
v  232.5226 395.8953 -7.5272
v  232.5512 395.9009 -7.5270
v  231.8487 395.3388 -7.2705
v  231.6145 395.1515 -6.6638
v  231.5847 395.1450 -6.6639
v  231.6145 395.1515 -5.5455
v  231.5847 395.1450 -5.5455
v  231.5614 395.1435 -6.6637
v  231.7960 395.3311 -7.2704
v  231.5428 395.1458 -6.6635
v  231.7774 395.3335 -7.2702
v  231.5614 395.1435 -5.5454
v  231.5428 395.1458 -5.5452
v  232.4997 395.8941 -7.5270
v  232.4811 395.8964 -7.5267
v  231.7555 395.0083 -1.5495
v  231.7556 395.0083 0.8076
v  231.7636 395.0321 0.8076
v  231.7636 395.0321 -1.5495
v  231.7555 395.0083 3.0574
v  231.7637 395.0321 3.0573
v  231.7636 395.0321 -3.7540
v  231.7555 395.0083 -3.7540
v  231.7537 394.9897 -3.7539
v  231.7537 394.9897 -1.5495
v  231.7566 394.9748 -3.7538
v  231.7566 394.9748 -1.5494
v  231.7537 394.9897 0.8076
v  231.7537 394.9897 3.0573
v  231.7566 394.9748 0.8076
v  231.7566 394.9748 3.0572
v  231.5847 12.8225 -1.5495
v  231.5847 12.8225 0.8076
v  231.6145 12.8160 0.8076
v  231.6145 12.8160 -1.5495
v  231.5847 12.8225 3.0574
v  231.6145 12.8160 3.0573
v  231.6145 12.8160 -3.7540
v  231.5847 12.8225 -3.7540
v  231.5614 12.8240 -3.7539
v  231.5614 12.8240 -1.5495
v  231.5428 12.8217 -3.7538
v  231.5428 12.8217 -1.5494
v  231.5614 12.8240 0.8076
v  231.5614 12.8240 3.0573
v  231.5428 12.8217 0.8076
v  231.5428 12.8217 3.0572
v  231.9900 12.7716 -7.2706
v  232.6935 12.2089 -7.5272
v  232.7004 12.1860 -7.5270
v  231.9978 12.7481 -7.2705
v  231.7636 12.9354 -6.6638
v  231.7555 12.9592 -6.6639
v  231.7637 12.9354 -5.5455
v  231.7555 12.9592 -5.5455
v  231.7537 12.9778 -6.6637
v  231.9883 12.7902 -7.2704
v  231.7566 12.9927 -6.6635
v  231.9911 12.8051 -7.2702
v  231.7537 12.9778 -5.5454
v  231.7566 12.9927 -5.5452
v  232.6920 12.2272 -7.5270
v  232.6948 12.2421 -7.5267
v  -245.9767 395.1450 -1.5495
v  -245.9767 395.1450 0.8076
v  -246.0064 395.1515 0.8076
v  -246.0064 395.1515 -1.5495
v  -245.9767 395.1450 3.0574
v  -246.0064 395.1515 3.0573
v  -246.0064 395.1515 -3.7540
v  -245.9767 395.1450 -3.7540
v  -245.9534 395.1435 -3.7539
v  -245.9534 395.1435 -1.5495
v  -245.9348 395.1458 -3.7538
v  -245.9348 395.1458 -1.5494
v  -245.9534 395.1435 0.8076
v  -245.9534 395.1435 3.0573
v  -245.9348 395.1458 0.8076
v  -245.9348 395.1458 3.0572
v  -246.3820 395.1959 -7.2706
v  -247.0854 395.7586 -7.5272
v  -247.0924 395.7815 -7.5270
v  -246.3898 395.2194 -7.2705
v  -246.1556 395.0321 -6.6638
v  -246.1475 395.0083 -6.6639
v  -246.1556 395.0321 -5.5455
v  -246.1475 395.0083 -5.5455
v  -246.1456 394.9897 -6.6637
v  -246.3802 395.1773 -7.2704
v  -246.1485 394.9748 -6.6635
v  -246.3831 395.1624 -7.2702
v  -246.1456 394.9897 -5.5454
v  -246.1485 394.9748 -5.5452
v  -247.0839 395.7403 -7.5270
v  -247.0868 395.7254 -7.5267
v  -246.2111 12.6349 -7.2706
v  -246.9146 12.0722 -7.5272
v  -246.9432 12.0666 -7.5270
v  -246.2406 12.6287 -7.2705
v  -246.0064 12.8160 -6.6638
v  -245.9767 12.8225 -6.6639
v  -246.0064 12.8160 -5.5455
v  -245.9767 12.8225 -5.5455
v  -245.9534 12.8240 -6.6637
v  -246.1879 12.6364 -7.2704
v  -245.9348 12.8217 -6.6635
v  -246.1694 12.6340 -7.2702
v  -245.9534 12.8240 -5.5454
v  -245.9348 12.8217 -5.5452
v  -246.8916 12.0734 -7.5270
v  -246.8730 12.0711 -7.5267
v  -246.1475 12.9592 -1.5495
v  -246.1475 12.9592 0.8076
v  -246.1556 12.9354 0.8076
v  -246.1556 12.9354 -1.5495
v  -246.1475 12.9592 3.0574
v  -246.1556 12.9354 3.0573
v  -246.1556 12.9354 -3.7540
v  -246.1475 12.9592 -3.7540
v  -246.1456 12.9778 -3.7539
v  -246.1456 12.9778 -1.5495
v  -246.1485 12.9927 -3.7538
v  -246.1485 12.9927 -1.5494
v  -246.1456 12.9778 0.8076
v  -246.1456 12.9778 3.0573
v  -246.1485 12.9927 0.8076
v  -246.1485 12.9927 3.0572
v  231.7017 395.3447 -7.2699
v  232.4052 395.9077 -7.5265
v  232.4655 395.9013 -7.5265
v  231.7619 395.3384 -7.2700
v  231.5273 395.1508 -6.6634
v  231.4672 395.1571 -6.6633
v  231.5273 395.1508 -5.5451
v  231.4672 395.1571 -5.5450
v  231.3150 395.1636 -6.6633
v  231.5494 395.3512 -7.2699
v  231.0231 395.1691 -6.6633
v  231.2572 395.3568 -7.2699
v  231.3150 395.1636 -5.5450
v  231.0231 395.1691 -5.5450
v  232.2525 395.9142 -7.5264
v  231.9595 395.9197 -7.5264
v  231.7707 394.9152 -1.5494
v  231.7707 394.9152 0.8076
v  231.7628 394.9624 0.8076
v  231.7628 394.9624 -1.5494
v  231.7707 394.9152 3.0572
v  231.7628 394.9624 3.0572
v  231.7628 394.9624 -3.7537
v  231.7707 394.9152 -3.7536
v  231.7789 394.7964 -3.7536
v  231.7789 394.7964 -1.5493
v  231.7857 394.5688 -3.7536
v  231.7858 394.5688 -1.5493
v  231.7789 394.7964 0.8076
v  231.7788 394.7964 3.0572
v  231.7857 394.5688 0.8076
v  231.4913 12.8104 -1.5494
v  231.4913 12.8104 0.8076
v  231.5273 12.8168 0.8076
v  231.5273 12.8168 -1.5494
v  231.4913 12.8104 3.0572
v  231.5273 12.8168 3.0572
v  231.5273 12.8168 -3.7537
v  231.4913 12.8104 -3.7536
v  231.4114 12.8039 -3.7536
v  231.4114 12.8039 -1.5493
v  231.2642 12.7984 -3.7536
v  231.2642 12.7984 -1.5493
v  231.4114 12.8039 0.8076
v  231.4114 12.8039 3.0572
v  231.2642 12.7984 0.8076
v  232.0052 12.8665 -7.2699
v  232.7089 12.3037 -7.5265
v  232.7010 12.2546 -7.5265
v  231.9973 12.8175 -7.2700
v  231.7628 13.0051 -6.6634
v  231.7707 13.0541 -6.6633
v  231.7628 13.0051 -5.5451
v  231.7707 13.0541 -5.5450
v  231.7789 13.1785 -6.6633
v  232.0134 12.9910 -7.2699
v  231.7857 13.4172 -6.6633
v  232.0203 13.2300 -7.2699
v  231.7788 13.1785 -5.5450
v  231.7857 13.4172 -5.5450
v  232.7171 12.4285 -7.5264
v  232.7240 12.6682 -7.5264
v  -245.8599 395.1571 -1.5494
v  -245.8599 395.1571 0.8076
v  -245.9193 395.1508 0.8076
v  -245.9193 395.1508 -1.5494
v  -245.8599 395.1571 3.0572
v  -245.9193 395.1508 3.0572
v  -245.9193 395.1508 -3.7537
v  -245.8599 395.1571 -3.7536
v  -245.7101 395.1636 -3.7536
v  -245.7101 395.1636 -1.5493
v  -245.4230 395.1691 -3.7536
v  -245.4230 395.1691 -1.5493
v  -245.7101 395.1636 0.8076
v  -245.7101 395.1636 3.0572
v  -245.4230 395.1691 0.8076
v  -246.3972 395.1176 -7.2699
v  -247.1008 395.6804 -7.5265
v  -247.0929 395.7129 -7.5265
v  -246.3893 395.1500 -7.2700
v  -246.1547 394.9624 -6.6634
v  -246.1626 394.9299 -6.6633
v  -246.1547 394.9624 -5.5451
v  -246.1626 394.9299 -5.5450
v  -246.1707 394.8551 -6.6633
v  -246.4053 395.0427 -7.2699
v  -246.1707 394.8551 -5.5450
v  -247.1090 395.6053 -7.5264
v  -246.1032 12.6228 -7.2699
v  -246.8067 12.0598 -7.5265
v  -246.8575 12.0662 -7.5265
v  -246.1538 12.6291 -7.2700
v  -245.9193 12.8168 -6.6634
v  -245.8687 12.8104 -6.6633
v  -245.9192 12.8168 -5.5451
v  -245.8687 12.8104 -5.5450
v  -245.7451 12.8039 -6.6633
v  -245.9795 12.6163 -7.2699
v  -245.5104 12.7984 -6.6633
v  -245.7446 12.6107 -7.2699
v  -245.7451 12.8039 -5.5450
v  -245.5104 12.7984 -5.5450
v  -246.6827 12.0533 -7.5264
v  -246.4471 12.0478 -7.5264
v  -246.1626 13.0450 -1.5494
v  -246.1626 13.0450 0.8076
v  -246.1547 13.0051 0.8076
v  -246.1547 13.0051 -1.5494
v  -246.1626 13.0450 3.0572
v  -246.1547 13.0051 3.0572
v  -246.1547 13.0051 -3.7537
v  -246.1626 13.0450 -3.7536
v  -246.1707 13.1421 -3.7536
v  -246.1707 13.1421 -1.5493
v  -246.1777 13.3264 -3.7536
v  -246.1777 13.3264 -1.5493
v  -246.1707 13.1421 0.8076
v  -246.1707 13.1421 3.0572
v  -246.1777 13.3264 0.8076
v  -246.1777 13.3264 3.0572
v  232.1175 395.4346 -7.2627
v  232.8028 395.9829 -7.5190
v  232.8067 395.9709 -7.5193
v  232.1208 395.4222 -7.2630
v  231.8922 395.2393 -6.6569
v  231.8891 395.2518 -6.6566
v  231.8922 395.2393 -5.5396
v  231.8891 395.2518 -5.5393
v  231.8733 395.2543 -6.6569
v  232.1019 395.4373 -7.2630
v  231.8733 395.2543 -5.5396
v  232.7879 395.9860 -7.5193
v  231.8891 12.7156 -1.5473
v  231.8891 12.7156 0.8077
v  231.8922 12.7283 0.8077
v  231.8922 12.7283 -1.5473
v  231.8829 12.7514 0.8077
v  231.8829 12.7514 -1.5476
v  231.8891 12.7156 3.0552
v  231.8922 12.7283 3.0553
v  231.8922 12.7283 -3.7497
v  231.8891 12.7156 -3.7496
v  231.8829 12.7514 -3.7502
v  231.8733 12.7132 -3.7497
v  231.8733 12.7132 -1.5473
v  231.8733 12.7132 0.8077
v  231.8733 12.7132 3.0553
v  -246.2810 395.2518 -1.5473
v  -246.2810 395.2518 0.8077
v  -246.2841 395.2393 0.8077
v  -246.2841 395.2393 -1.5473
v  -246.2748 395.2161 0.8077
v  -246.2748 395.2161 -1.5476
v  -246.2810 395.2518 3.0552
v  -246.2841 395.2393 3.0553
v  -246.2841 395.2393 -3.7497
v  -246.2810 395.2518 -3.7496
v  -246.2748 395.2161 -3.7502
v  -246.2653 395.2543 -3.7497
v  -246.2653 395.2543 -1.5473
v  -246.2653 395.2543 0.8077
v  -246.2652 395.2543 3.0553
v  -246.5095 12.5329 -7.2627
v  -247.1948 11.9846 -7.5190
v  -247.1987 11.9966 -7.5193
v  -246.5127 12.5453 -7.2630
v  -246.2841 12.7283 -6.6569
v  -246.2810 12.7156 -6.6566
v  -246.2841 12.7283 -5.5396
v  -246.2810 12.7156 -5.5393
v  -246.2653 12.7132 -6.6569
v  -246.4939 12.5303 -7.2630
v  -246.2652 12.7132 -5.5396
v  -247.1798 11.9815 -7.5193
v  223.5723 12.6058 -7.2699
v  224.2520 12.0429 -7.5264
v  201.6894 12.0423 -7.5264
v  201.0760 12.6052 -7.2699
v  156.8944 12.0423 -7.5264
v  156.4125 12.6052 -7.2699
v  225.6113 10.9170 -7.5943
v  202.9162 10.9165 -7.5943
v  157.8581 10.9165 -7.5943
v  200.8716 12.7929 -6.6633
v  223.3458 12.7934 -6.6633
v  200.8716 12.7929 -5.5450
v  223.3458 12.7934 -5.5450
v  156.2519 12.7929 -6.6633
v  156.2519 12.7929 -5.5450
v  231.0262 12.7951 -6.6633
v  231.2602 12.6074 -7.2699
v  231.0262 12.7951 -5.5450
v  231.9625 12.0445 -7.5264
v  233.3671 10.9187 -7.5943
v  232.0265 388.0388 -7.2699
v  232.7302 388.5809 -7.5264
v  232.7309 370.3910 -7.5264
v  232.0272 369.9023 -7.2699
v  232.7309 334.5327 -7.5264
v  232.0272 334.1493 -7.2699
v  234.1375 389.6650 -7.5943
v  234.1382 371.3683 -7.5943
v  234.1382 335.2994 -7.5943
v  231.7926 369.7394 -6.6633
v  231.7920 387.8581 -6.6633
v  231.7926 369.7394 -5.5450
v  231.7919 387.8581 -5.5450
v  231.7926 334.0215 -6.6633
v  231.7926 334.0215 -5.5450
v  231.7899 394.1953 -6.6633
v  232.0244 394.3822 -7.2699
v  231.7899 394.1953 -5.5450
v  232.7281 394.9429 -7.5264
v  234.1354 396.0645 -7.5943
v  -246.1839 388.3038 -1.5493
v  -246.1839 388.3038 0.8076
v  -246.1846 370.2899 0.8076
v  -246.1846 370.2899 -1.5493
v  -246.1846 334.5761 0.8076
v  -246.1846 334.5761 -1.5493
v  -246.1839 388.3038 3.0572
v  -246.1846 370.2899 3.0572
v  -246.1846 334.5761 3.0572
v  -246.1846 370.2899 -3.7536
v  -246.1839 388.3038 -3.7536
v  -246.1846 334.5761 -3.7536
v  -246.1818 394.4887 -3.7536
v  -246.1818 394.4887 -1.5493
v  -246.1777 394.7155 -3.7536
v  -246.1777 394.7155 -1.5493
v  -246.1818 394.4887 0.8076
v  -246.1818 394.4887 3.0572
v  -246.1777 394.7155 0.8076
v  -237.2503 395.3617 -7.2699
v  -237.9278 395.9246 -7.5264
v  -215.1833 395.9252 -7.5264
v  -214.5725 395.3622 -7.2699
v  -170.3520 395.9252 -7.5264
v  -169.8730 395.3622 -7.2699
v  -239.2829 397.0505 -7.5943
v  -216.4048 397.0510 -7.5943
v  -171.3103 397.0510 -7.5943
v  -214.3689 395.1746 -6.6633
v  -237.0244 395.1740 -6.6633
v  -214.3690 395.1746 -5.5450
v  -237.0244 395.1740 -5.5450
v  -169.7132 395.1746 -6.6633
v  -169.7133 395.1746 -5.5450
v  -244.9518 395.1724 -6.6633
v  -245.1854 395.3600 -7.2699
v  -244.9518 395.1724 -5.5450
v  -245.8863 395.9230 -7.5264
v  -247.2881 397.0488 -7.5943
v  -260.9607 399.7148 7.6521
v  -260.9614 380.5858 7.6521
v  -260.2578 380.0955 8.3354
v  -260.2570 399.1714 8.3354
v  -258.8504 379.1149 8.8166
v  -258.8498 398.0847 8.8166
v  -260.9614 342.6610 7.6521
v  -260.2578 342.2760 8.3354
v  -258.8504 341.5060 8.8166
v  -260.2550 405.7209 8.3354
v  -260.9587 406.2825 7.6521
v  -260.2509 405.9608 8.3354
v  -260.9545 406.5231 7.6521
v  -258.8477 404.5977 8.8166
v  -261.1932 406.4697 6.7571
v  -261.1953 399.8959 6.7571
v  -261.1932 406.4697 5.6407
v  -261.1953 399.8959 5.6407
v  -261.1891 406.7105 6.7571
v  -261.1891 406.7105 5.6407
v  -261.1960 380.7492 6.7571
v  -261.1960 342.7893 6.7571
v  -261.1960 380.7492 5.6407
v  -261.1960 342.7893 5.6407
v  -260.6729 406.7654 7.6461
v  -259.9876 406.2171 8.3287
v  -259.9838 406.2291 8.3290
v  -260.6697 406.7778 7.6463
v  -260.8983 406.9608 6.7521
v  -260.9014 406.9482 6.7519
v  -260.8983 406.9608 5.6366
v  -260.9014 406.9482 5.6365
v  -260.9171 406.9457 6.7521
v  -260.6885 406.7628 7.6463
v  -260.9460 406.9531 6.7527
v  -260.7168 406.7697 7.6470
v  -260.9171 406.9457 5.6366
v  -260.9460 406.9531 5.6371
v  -260.0026 406.2141 8.3290
v  -260.0291 406.2195 8.3298
v  246.2810 1.2021 7.6461
v  245.5957 1.7504 8.3287
v  245.5918 1.7384 8.3290
v  246.2777 1.1897 7.6463
v  246.5064 1.0067 6.7521
v  246.5094 1.0193 6.7519
v  246.5064 1.0067 5.6366
v  246.5094 1.0193 5.6365
v  246.5252 1.0218 6.7521
v  246.2966 1.2047 7.6463
v  246.5541 1.0144 6.7527
v  246.3249 1.1978 7.6470
v  246.5252 1.0218 5.6366
v  246.5541 1.0144 5.6371
v  245.6106 1.7534 8.3290
v  245.6371 1.7479 8.3298
v  -260.6432 0.9889 7.6522
v  -259.9396 1.5518 8.3354
v  -259.9926 1.5581 8.3355
v  -260.6963 0.9951 7.6522
v  -260.0085 1.5628 8.3357
v  -260.7121 0.9998 7.6524
v  -260.9308 0.8075 6.7572
v  -260.8777 0.8013 6.7572
v  -260.9308 0.8075 5.6408
v  -260.8777 0.8013 5.6408
v  -260.9467 0.8122 6.7573
v  -260.9467 0.8122 5.6409
v  -260.7469 0.7948 6.7571
v  -260.5125 0.9824 7.6521
v  -260.4979 0.7893 6.7571
v  -260.2638 0.9769 7.6521
v  -260.7469 0.7948 5.6407
v  -260.4980 0.7893 5.6407
v  -259.8093 1.5454 8.3354
v  -259.5612 1.5398 8.3354
v  -260.9395 406.7501 7.6522
v  -260.2358 406.1872 8.3354
v  -260.2281 406.2211 8.3355
v  -260.9317 406.7840 7.6522
v  -260.2222 406.2338 8.3357
v  -260.9259 406.7967 7.6524
v  -261.1663 406.9717 6.7572
v  -261.1741 406.9377 6.7572
v  -261.1663 406.9717 5.6408
v  -261.1741 406.9377 5.6408
v  -261.1604 406.9843 6.7573
v  -261.1604 406.9843 5.6409
v  -261.1822 406.8586 6.7571
v  -260.9476 406.6711 7.6521
v  -261.1822 406.8586 5.6407
v  -260.2440 406.1084 8.3354
v  246.5476 1.2350 7.6522
v  245.8439 1.7978 8.3354
v  245.8362 1.7464 8.3355
v  246.5398 1.1835 7.6522
v  245.8303 1.7338 8.3357
v  246.5340 1.1708 7.6524
v  246.7744 0.9958 6.7572
v  246.7822 1.0474 6.7572
v  246.7744 0.9958 5.6408
v  246.7822 1.0474 5.6408
v  246.7685 0.9832 6.7573
v  246.7685 0.9832 5.6409
v  246.7902 1.1792 6.7571
v  246.5557 1.3666 7.6521
v  246.7971 1.4326 6.7571
v  246.5626 1.6199 7.6521
v  246.7902 1.1792 5.6407
v  246.7971 1.4326 5.6407
v  245.8520 1.9291 8.3354
v  245.8589 2.1816 8.3354
v  246.2412 406.9786 7.6522
v  245.5377 406.4156 8.3354
v  245.6007 406.4095 8.3355
v  246.3044 406.9724 7.6522
v  245.6165 406.4047 8.3357
v  246.3202 406.9677 7.6524
v  246.5389 407.1600 6.7572
v  246.4757 407.1662 6.7572
v  246.5389 407.1600 5.6408
v  246.4757 407.1662 5.6408
v  246.5548 407.1553 6.7573
v  246.5548 407.1553 5.6409
v  246.3145 407.1727 6.7571
v  246.0801 406.9851 7.6521
v  246.0047 407.1783 6.7571
v  245.7706 406.9906 7.6521
v  246.3145 407.1727 5.6407
v  246.0047 407.1782 5.6407
v  245.3770 406.4221 8.3354
v  245.0683 406.4277 8.3354
v  -260.7488 1.0048 7.6527
v  -260.0454 1.5676 8.3361
v  -260.0578 1.5749 8.3360
v  -260.7603 1.0129 7.6526
v  -260.0604 1.5904 8.3354
v  -260.7612 1.0298 7.6521
v  -260.9945 0.8255 6.7576
v  -260.9833 0.8172 6.7577
v  -260.9945 0.8255 5.6411
v  -260.9833 0.8172 5.6412
v  -260.9948 0.8429 6.7571
v  -260.9948 0.8429 5.6407
v  -260.9658 0.8141 6.7575
v  -260.7312 1.0017 7.6526
v  -260.9658 0.8141 5.6411
v  -260.0275 1.5647 8.3359
v  -260.9196 406.8260 7.6527
v  -260.2162 406.2633 8.3361
v  -260.2070 406.2732 8.3360
v  -260.9095 406.8353 7.6526
v  -260.1876 406.2753 8.3354
v  -260.8884 406.8359 7.6521
v  -261.1437 407.0226 6.7576
v  -261.1541 407.0136 6.7577
v  -261.1438 407.0226 5.6411
v  -261.1541 407.0136 5.6412
v  -261.1220 407.0229 6.7571
v  -261.1220 407.0229 5.6407
v  -261.1580 406.9996 6.7575
v  -260.9235 406.8120 7.6526
v  -261.1580 406.9996 5.6411
v  -260.2198 406.2490 8.3359
v  246.5277 1.1415 7.6527
v  245.8243 1.7042 8.3361
v  245.8150 1.6943 8.3360
v  246.5176 1.1322 7.6526
v  245.7956 1.6922 8.3354
v  246.4964 1.1315 7.6521
v  246.7518 0.9449 6.7576
v  246.7622 0.9539 6.7577
v  246.7518 0.9449 5.6411
v  246.7622 0.9539 5.6412
v  246.7300 0.9447 6.7571
v  246.7300 0.9447 5.6407
v  246.7661 0.9679 6.7575
v  246.5315 1.1556 7.6526
v  246.7661 0.9679 5.6411
v  245.8278 1.7185 8.3359
v  246.3569 406.9627 7.6527
v  245.6535 406.3999 8.3361
v  245.6659 406.3926 8.3360
v  246.3684 406.9547 7.6526
v  245.6685 406.3771 8.3354
v  246.3693 406.9377 7.6521
v  246.6026 407.1420 6.7576
v  246.5914 407.1503 6.7577
v  246.6026 407.1420 5.6411
v  246.5914 407.1503 5.6412
v  246.6029 407.1246 6.7571
v  246.6029 407.1246 5.6407
v  246.5739 407.1534 6.7575
v  246.3393 406.9658 7.6526
v  246.5739 407.1534 5.6411
v  245.6356 406.4028 8.3359
v  -260.7236 1.0961 7.6497
v  -260.0293 1.6515 8.3327
v  -260.0079 1.6865 8.3311
v  -260.6986 1.1339 7.6483
v  -260.9288 0.9497 6.7538
v  -260.9550 0.9110 6.7550
v  -260.9288 0.9497 5.6380
v  -260.9550 0.9110 5.6390
v  -260.9793 0.8734 6.7562
v  -260.7467 1.0595 7.6511
v  -260.9793 0.8734 5.6400
v  -260.0489 1.6178 8.3342
v  -260.8054 406.8059 7.6497
v  -260.1111 406.2505 8.3327
v  -260.0675 406.2334 8.3311
v  -260.7582 406.7859 7.6483
v  -260.9884 406.9701 6.7538
v  -261.0369 406.9910 6.7550
v  -260.9884 406.9701 5.6380
v  -261.0369 406.9910 5.6390
v  -261.0839 407.0105 6.7562
v  -260.8513 406.8244 7.6511
v  -261.0839 407.0105 5.6400
v  -260.1534 406.2661 8.3342
v  246.4135 1.1616 7.6497
v  245.7192 1.7170 8.3327
v  245.6756 1.7341 8.3311
v  246.3663 1.1816 7.6483
v  246.5965 0.9974 6.7538
v  246.6449 0.9764 6.7550
v  246.5965 0.9974 5.6380
v  246.6449 0.9764 5.6390
v  246.6919 0.9570 6.7562
v  246.4593 1.1431 7.6511
v  246.6919 0.9570 5.6400
v  245.7615 1.7014 8.3342
v  246.3316 406.8714 7.6497
v  245.6374 406.3159 8.3327
v  245.6159 406.2811 8.3311
v  246.3066 406.8336 7.6483
v  246.5368 407.0178 6.7538
v  246.5631 407.0565 6.7550
v  246.5368 407.0178 5.6380
v  246.5631 407.0565 5.6390
v  246.5874 407.0941 6.7562
v  246.3548 406.9080 7.6511
v  246.5874 407.0941 5.6400
v  245.6569 406.3497 8.3342
v  246.6449 406.9910 2.7719
v  246.6449 406.9910 1.1364
v  246.5965 406.9701 1.1363
v  246.5965 406.9701 2.7715
v  246.5541 406.9531 1.1362
v  246.5541 406.9531 2.7712
v  246.6449 406.9910 -0.5570
v  246.5965 406.9701 -0.5567
v  246.5541 406.9531 -0.5564
v  246.5965 406.9701 4.2914
v  246.6449 406.9910 4.2921
v  246.5541 406.9531 4.2907
v  246.6919 407.0105 4.2928
v  246.6919 407.0105 2.7724
v  246.7300 407.0229 4.2933
v  246.7300 407.0229 2.7727
v  246.6919 407.0105 1.1364
v  246.6919 407.0105 -0.5573
v  246.7300 407.0229 1.1365
v  246.7300 407.0229 -0.5575
v  246.5631 0.9110 2.7719
v  246.5631 0.9110 1.1364
v  246.5368 0.9497 1.1363
v  246.5368 0.9497 2.7715
v  246.5156 0.9836 1.1362
v  246.5156 0.9836 2.7712
v  246.5631 0.9110 -0.5570
v  246.5368 0.9497 -0.5567
v  246.5368 0.9497 4.2914
v  246.5631 0.9110 4.2921
v  246.5157 0.9836 4.2907
v  246.5874 0.8734 4.2928
v  246.5874 0.8734 2.7724
v  246.6028 0.8429 4.2933
v  246.6029 0.8429 2.7727
v  246.5874 0.8734 1.1364
v  246.5874 0.8734 -0.5573
v  246.6028 0.8429 1.1365
v  246.6029 0.8429 -0.5575
v  -260.9550 407.0565 2.7719
v  -260.9550 407.0565 1.1364
v  -260.9288 407.0178 1.1363
v  -260.9288 407.0178 2.7715
v  -260.9076 406.9839 1.1362
v  -260.9076 406.9839 2.7712
v  -260.9550 407.0565 -0.5570
v  -260.9288 407.0178 -0.5567
v  -260.9288 407.0178 4.2914
v  -260.9550 407.0565 4.2921
v  -260.9076 406.9839 4.2907
v  -260.9793 407.0941 4.2928
v  -260.9793 407.0941 2.7724
v  -260.9948 407.1246 4.2933
v  -260.9948 407.1246 2.7727
v  -260.9793 407.0941 1.1364
v  -260.9793 407.0941 -0.5573
v  -260.9948 407.1246 1.1365
v  -260.9948 407.1246 -0.5575
v  -261.0369 0.9764 2.7719
v  -261.0369 0.9764 1.1364
v  -260.9884 0.9974 1.1363
v  -260.9884 0.9974 2.7715
v  -260.9460 1.0144 1.1362
v  -260.9460 1.0144 2.7712
v  -261.0369 0.9764 -0.5570
v  -260.9884 0.9974 -0.5567
v  -260.9460 1.0144 -0.5564
v  -260.9884 0.9974 4.2914
v  -261.0369 0.9764 4.2921
v  -260.9460 1.0144 4.2907
v  -261.0839 0.9570 4.2928
v  -261.0839 0.9570 2.7724
v  -261.1220 0.9447 4.2933
v  -261.1220 0.9447 2.7727
v  -261.0839 0.9570 1.1364
v  -261.0839 0.9570 -0.5573
v  -261.1220 0.9447 1.1365
v  -261.1220 0.9447 -0.5575
v  246.7622 407.0136 2.7728
v  246.7622 407.0136 1.1365
v  246.7518 407.0226 1.1365
v  246.7518 407.0226 2.7728
v  246.7622 407.0136 -0.5576
v  246.7518 407.0226 -0.5576
v  246.7518 407.0226 4.2936
v  246.7622 407.0136 4.2936
v  246.7661 406.9996 4.2936
v  246.7661 406.9996 2.7728
v  246.7685 406.9843 4.2935
v  246.7685 406.9843 2.7727
v  246.7661 406.9996 1.1365
v  246.7661 406.9996 -0.5576
v  246.7685 406.9843 1.1365
v  246.7685 406.9843 -0.5575
v  246.5914 0.8172 2.7728
v  246.5914 0.8172 1.1365
v  246.6026 0.8255 1.1365
v  246.6026 0.8255 2.7728
v  246.5914 0.8172 -0.5576
v  246.6026 0.8255 -0.5576
v  246.6026 0.8255 4.2936
v  246.5914 0.8172 4.2936
v  246.5739 0.8141 4.2936
v  246.5739 0.8141 2.7728
v  246.5548 0.8122 4.2935
v  246.5548 0.8122 2.7727
v  246.5739 0.8141 1.1365
v  246.5739 0.8141 -0.5576
v  246.5548 0.8122 1.1365
v  246.5548 0.8122 -0.5575
v  -260.9833 407.1503 2.7728
v  -260.9833 407.1503 1.1365
v  -260.9945 407.1420 1.1365
v  -260.9945 407.1420 2.7728
v  -260.9833 407.1503 -0.5576
v  -260.9945 407.1420 -0.5576
v  -260.9945 407.1420 4.2936
v  -260.9833 407.1503 4.2936
v  -260.9658 407.1534 4.2936
v  -260.9658 407.1534 2.7728
v  -260.9467 407.1553 4.2935
v  -260.9467 407.1553 2.7727
v  -260.9658 407.1534 1.1365
v  -260.9658 407.1534 -0.5576
v  -260.9467 407.1553 1.1365
v  -260.9467 407.1553 -0.5575
v  -261.1541 0.9539 2.7728
v  -261.1541 0.9539 1.1365
v  -261.1438 0.9449 1.1365
v  -261.1438 0.9449 2.7728
v  -261.1541 0.9539 -0.5576
v  -261.1437 0.9449 -0.5576
v  -261.1437 0.9449 4.2936
v  -261.1541 0.9539 4.2936
v  -261.1580 0.9679 4.2936
v  -261.1580 0.9679 2.7728
v  -261.1604 0.9832 4.2935
v  -261.1604 0.9832 2.7727
v  -261.1580 0.9679 1.1365
v  -261.1580 0.9679 -0.5576
v  -261.1604 0.9832 1.1365
v  -261.1604 0.9832 -0.5575
v  246.7822 406.9221 2.7727
v  246.7821 406.9221 1.1365
v  246.7744 406.9717 1.1365
v  246.7744 406.9717 2.7727
v  246.7822 406.9221 -0.5575
v  246.7744 406.9717 -0.5575
v  246.7744 406.9717 4.2934
v  246.7822 406.9221 4.2933
v  246.7902 406.7962 4.2933
v  246.7902 406.7962 2.7727
v  246.7971 406.5546 4.2933
v  246.7971 406.5546 2.7727
v  246.7902 406.7962 1.1365
v  246.7902 406.7962 -0.5575
v  246.7971 406.5546 1.1365
v  246.7971 406.5546 -0.5575
v  246.5013 0.8013 2.7727
v  246.5013 0.8013 1.1365
v  246.5389 0.8075 1.1365
v  246.5389 0.8075 2.7727
v  246.5013 0.8013 -0.5575
v  246.5389 0.8075 -0.5575
v  246.5389 0.8075 4.2934
v  246.5013 0.8013 4.2933
v  246.4169 0.7948 4.2933
v  246.4169 0.7948 2.7727
v  246.2609 0.7893 4.2933
v  246.2609 0.7893 2.7727
v  246.4169 0.7948 1.1365
v  246.4169 0.7948 -0.5575
v  246.2609 0.7893 1.1365
v  246.2609 0.7893 -0.5575
v  -260.8685 407.1662 2.7727
v  -260.8685 407.1662 1.1365
v  -260.9308 407.1600 1.1365
v  -260.9308 407.1600 2.7727
v  -260.8685 407.1662 -0.5575
v  -260.9308 407.1600 -0.5575
v  -260.9308 407.1600 4.2934
v  -260.8685 407.1662 4.2933
v  -260.7097 407.1727 4.2933
v  -260.7097 407.1727 2.7727
v  -260.4050 407.1783 4.2933
v  -260.4050 407.1783 2.7727
v  -260.7097 407.1727 1.1365
v  -260.7097 407.1727 -0.5575
v  -260.4050 407.1782 1.1365
v  -260.4050 407.1782 -0.5575
v  -261.1741 1.0377 2.7727
v  -261.1741 1.0377 1.1365
v  -261.1663 0.9958 1.1365
v  -261.1663 0.9958 2.7727
v  -261.1741 1.0377 -0.5575
v  -261.1663 0.9958 -0.5575
v  -261.1663 0.9958 4.2934
v  -261.1740 1.0377 4.2933
v  -261.1822 1.1405 4.2933
v  -261.1822 1.1405 2.7727
v  -261.1891 1.3360 4.2933
v  -261.1891 1.3360 2.7727
v  -261.1822 1.1405 1.1365
v  -261.1822 1.1405 -0.5575
v  -261.1891 1.3360 1.1365
v  -261.1891 1.3360 -0.5575
v  237.8448 0.7843 2.7727
v  213.9572 0.7837 2.7727
v  213.9572 0.7837 1.1365
v  237.8449 0.7843 1.1365
v  213.9572 0.7837 -0.5575
v  237.8448 0.7843 -0.5575
v  166.5314 0.7837 2.7727
v  166.5314 0.7837 1.1365
v  166.5314 0.7837 -0.5575
v  246.0081 0.7860 1.1365
v  246.0081 0.7860 2.7727
v  246.0081 0.7860 -0.5575
v  246.0081 0.7860 4.2933
v  237.8449 0.7843 4.2933
v  213.9572 0.7837 4.2933
v  166.5314 0.7837 4.2933
v  246.5094 406.9482 2.7709
v  246.5094 406.9482 1.1362
v  246.5064 406.9608 1.1362
v  246.5064 406.9608 2.7710
v  246.5156 406.9839 1.1362
v  246.5156 406.9839 2.7712
v  246.5094 406.9482 -0.5562
v  246.5064 406.9608 -0.5563
v  246.5064 406.9608 4.2904
v  246.5094 406.9482 4.2902
v  246.5156 406.9839 4.2907
v  246.5252 406.9457 4.2904
v  246.5252 406.9457 2.7710
v  246.5252 406.9457 1.1362
v  246.5252 406.9457 -0.5563
v  -260.9014 1.0193 2.7709
v  -260.9014 1.0193 1.1362
v  -260.8983 1.0067 1.1362
v  -260.8983 1.0067 2.7710
v  -260.9076 0.9836 1.1362
v  -260.9076 0.9836 2.7712
v  -260.9014 1.0193 -0.5562
v  -260.8983 1.0067 -0.5563
v  -260.8983 1.0067 4.2904
v  -260.9014 1.0193 4.2902
v  -260.9076 0.9836 4.2907
v  -260.9171 1.0218 4.2904
v  -260.9171 1.0218 2.7710
v  -260.9171 1.0218 1.1362
v  -260.9171 1.0218 -0.5563
v  -251.4787 407.1832 2.7727
v  -227.3984 407.1838 2.7727
v  -227.3984 407.1838 1.1365
v  -251.4787 407.1832 1.1365
v  -227.3984 407.1838 -0.5575
v  -251.4787 407.1832 -0.5575
v  -179.9342 407.1838 2.7727
v  -179.9342 407.1838 1.1365
v  -179.9342 407.1838 -0.5575
v  -259.9044 407.1815 1.1365
v  -259.9044 407.1815 2.7727
v  -259.9044 407.1815 -0.5575
v  -259.9044 407.1815 4.2933
v  -251.4787 407.1832 4.2933
v  -227.3984 407.1838 4.2933
v  -179.9342 407.1838 4.2933
v  246.8034 399.4222 2.7727
v  246.8040 380.1641 2.7727
v  246.8040 380.1641 1.1365
v  246.8034 399.4222 1.1365
v  246.8040 380.1641 -0.5575
v  246.8034 399.4222 -0.5575
v  246.8040 342.1998 2.7727
v  246.8040 342.1998 1.1365
v  246.8040 342.1998 -0.5575
v  246.8013 406.1578 1.1365
v  246.8013 406.1578 2.7727
v  246.8013 406.1578 -0.5575
v  246.8013 406.1578 4.2933
v  246.8033 399.4222 4.2933
v  246.8040 380.1641 4.2933
v  246.8040 342.1998 4.2933
v  -246.4184 388.4849 6.4620
v  -247.1221 389.0283 7.6348
v  -247.1228 370.9436 7.6348
v  -246.4191 370.4533 6.4620
v  -247.1228 335.0894 7.6348
v  -246.4191 334.7045 6.4620
v  -248.5294 390.1151 8.4663
v  -248.5301 371.9242 8.4663
v  -248.5301 335.8594 8.4663
v  -246.1846 370.2899 4.9390
v  -246.1839 388.3038 4.9390
v  -246.1846 334.5761 4.9390
v  -246.1818 394.4887 4.9390
v  -246.4164 394.6759 6.4620
v  -247.1200 395.2375 7.6348
v  -248.5274 396.3607 8.4663
v  -246.5095 395.4346 6.4570
v  -247.1948 395.9829 7.6287
v  -247.1987 395.9709 7.6290
v  -246.5127 395.4222 6.4572
v  -246.2841 395.2393 4.9355
v  -246.2810 395.2518 4.9354
v  -246.2653 395.2543 4.9355
v  -246.4939 395.4373 6.4572
v  -246.2364 395.2469 4.9359
v  -246.4656 395.4303 6.4578
v  -247.1798 395.9860 7.6290
v  -247.1533 395.9805 7.6297
v  232.1175 12.5329 6.4570
v  232.8028 11.9846 7.6287
v  232.8067 11.9966 7.6290
v  232.1208 12.5453 6.4572
v  231.8922 12.7283 4.9355
v  231.8891 12.7156 4.9354
v  231.8733 12.7132 4.9355
v  232.1019 12.5303 6.4572
v  231.8444 12.7206 4.9359
v  232.0737 12.5372 6.4578
v  232.7879 11.9815 7.6290
v  232.7614 11.9870 7.6297
v  -246.3972 12.8574 6.4620
v  -247.1008 12.2945 7.6348
v  -247.0929 12.2546 7.6349
v  -246.3893 12.8175 6.4620
v  -247.0868 12.2421 7.6350
v  -246.3831 12.8051 6.4622
v  -246.1547 13.0051 4.9391
v  -246.1626 13.0450 4.9390
v  -246.1485 12.9927 4.9392
v  -246.1707 13.1421 4.9390
v  -246.4053 12.9546 6.4620
v  -246.1777 13.3264 4.9390
v  -246.4122 13.1390 6.4620
v  -247.1090 12.3920 7.6348
v  -247.1159 12.5770 7.6348
v  -246.0944 395.3447 6.4620
v  -246.7979 395.9077 7.6348
v  -246.8575 395.9013 7.6349
v  -246.1538 395.3384 6.4620
v  -246.8730 395.8964 7.6350
v  -246.1694 395.3335 6.4622
v  -245.9193 395.1508 4.9391
v  -245.8599 395.1571 4.9390
v  -245.9348 395.1458 4.9392
v  -245.7101 395.1636 4.9390
v  -245.9444 395.3512 6.4620
v  -246.6476 395.9142 7.6348
v  231.7258 12.6228 6.4620
v  232.4294 12.0598 7.6348
v  232.4655 12.0662 7.6349
v  231.7619 12.6291 6.4620
v  232.4811 12.0711 7.6350
v  231.7774 12.6340 6.4622
v  231.5273 12.8168 4.9391
v  231.4913 12.8104 4.9390
v  231.5428 12.8217 4.9392
v  231.4114 12.8039 4.9390
v  231.6459 12.6163 6.4620
v  232.3493 12.0534 7.6348
v  232.0052 395.1028 6.4620
v  232.7089 395.6656 7.6348
v  232.7010 395.7129 7.6349
v  231.9973 395.1500 6.4620
v  232.6949 395.7254 7.6350
v  231.9911 395.1624 6.4622
v  231.7628 394.9624 4.9391
v  231.7707 394.9152 4.9390
v  231.7566 394.9748 4.9392
v  231.7788 394.7964 4.9390
v  232.0134 394.9839 6.4620
v  232.7171 395.5464 7.6348
v  -246.3820 12.7716 6.4625
v  -247.0854 12.2089 7.6354
v  -247.0924 12.1860 7.6353
v  -246.3898 12.7480 6.4624
v  -247.1059 12.1575 7.6348
v  -246.4051 12.7182 6.4620
v  -246.1556 12.9354 4.9393
v  -246.1475 12.9592 4.9394
v  -246.1715 12.9050 4.9390
v  -246.1456 12.9778 4.9393
v  -246.3802 12.7902 6.4623
v  -247.0839 12.2272 7.6352
v  -246.2111 395.3326 6.4625
v  -246.9146 395.8953 7.6354
v  -246.9432 395.9009 7.6353
v  -246.2406 395.3388 6.4624
v  -246.9787 395.9117 7.6348
v  -246.2779 395.3511 6.4620
v  -246.0064 395.1515 4.9393
v  -245.9767 395.1450 4.9394
v  -246.0443 395.1642 4.9390
v  -245.9534 395.1435 4.9393
v  -246.1879 395.3311 6.4623
v  -246.8916 395.8941 7.6352
v  231.8192 12.6349 6.4625
v  232.5226 12.0722 7.6354
v  232.5512 12.0666 7.6353
v  231.8487 12.6287 6.4624
v  232.5868 12.0558 7.6348
v  231.8860 12.6164 6.4620
v  231.6145 12.8160 4.9393
v  231.5847 12.8225 4.9394
v  231.6524 12.8033 4.9390
v  231.5614 12.8240 4.9393
v  231.7960 12.6364 6.4623
v  232.4997 12.0734 7.6352
v  231.9900 395.1959 6.4625
v  232.6935 395.7586 7.6354
v  232.7004 395.7815 7.6353
v  231.9978 395.2195 6.4624
v  232.7139 395.8100 7.6348
v  232.0131 395.2493 6.4620
v  231.7636 395.0321 4.9393
v  231.7555 395.0083 4.9394
v  231.7796 395.0625 4.9390
v  231.7537 394.9897 4.9393
v  231.9883 395.1773 6.4623
v  232.6920 395.7403 7.6352
v  -246.4572 12.6402 6.4599
v  -247.1515 12.0848 7.6323
v  -247.1746 12.0485 7.6309
v  -246.4839 12.6011 6.4588
v  -246.2536 12.7853 4.9367
v  -246.2258 12.8253 4.9375
v  -246.1967 12.8668 4.9384
v  -246.4293 12.6807 6.4611
v  -247.1271 12.1224 7.6337
v  -246.3754 395.3928 6.4599
v  -247.0696 395.9482 7.6323
v  -247.1149 395.9666 7.6309
v  -246.4242 395.4141 6.4588
v  -246.1940 395.2299 4.9367
v  -246.1440 395.2077 4.9375
v  -246.0921 395.1843 4.9384
v  -246.3247 395.3704 6.4611
v  -247.0226 395.9287 7.6337
v  231.9834 12.5747 6.4599
v  232.6777 12.0193 7.6323
v  232.7230 12.0008 7.6309
v  232.0323 12.5534 6.4588
v  231.8020 12.7376 4.9367
v  231.7520 12.7598 4.9375
v  231.7002 12.7831 4.9384
v  231.9328 12.5971 6.4611
v  232.6306 12.0388 7.6337
v  232.0653 395.3273 6.4599
v  232.7596 395.8827 7.6323
v  232.7826 395.9189 7.6309
v  232.0919 395.3664 6.4588
v  231.8617 395.1822 4.9367
v  231.8338 395.1422 4.9375
v  231.8047 395.1007 4.9384
v  232.0373 395.2868 6.4611
v  232.7352 395.8450 7.6337
v  231.7520 395.2077 -1.5485
v  231.7520 395.2077 -3.7520
v  231.8021 395.2299 -3.7510
v  231.8021 395.2299 -1.5480
v  231.8444 395.2469 -3.7502
v  231.8444 395.2469 -1.5476
v  231.8020 395.2299 0.8076
v  231.7520 395.2077 0.8076
v  231.8444 395.2469 0.8077
v  231.7002 395.1843 0.8076
v  231.7002 395.1843 -1.5490
v  231.6524 395.1642 0.8076
v  231.6524 395.1642 -1.5493
v  231.7002 395.1843 -3.7529
v  231.6524 395.1642 -3.7536
v  231.8339 12.8253 -1.5485
v  231.8339 12.8253 -3.7520
v  231.8617 12.7853 -3.7510
v  231.8617 12.7853 -1.5480
v  231.8617 12.7853 0.8076
v  231.8338 12.8253 0.8076
v  231.8047 12.8668 0.8076
v  231.8047 12.8668 -1.5490
v  231.7796 12.9050 0.8076
v  231.7796 12.9050 -1.5493
v  231.8047 12.8668 -3.7529
v  231.7796 12.9050 -3.7536
v  -246.2258 395.1422 -1.5485
v  -246.2258 395.1422 -3.7520
v  -246.2536 395.1822 -3.7510
v  -246.2536 395.1822 -1.5480
v  -246.2536 395.1822 0.8076
v  -246.2258 395.1422 0.8076
v  -246.1967 395.1007 0.8076
v  -246.1967 395.1007 -1.5490
v  -246.1715 395.0624 0.8076
v  -246.1715 395.0624 -1.5493
v  -246.1967 395.1007 -3.7529
v  -246.1715 395.0624 -3.7536
v  -246.1440 12.7598 -1.5485
v  -246.1440 12.7598 -3.7520
v  -246.1940 12.7376 -3.7510
v  -246.1940 12.7376 -1.5480
v  -246.2364 12.7206 -3.7502
v  -246.2364 12.7206 -1.5476
v  -246.1940 12.7376 0.8076
v  -246.1440 12.7598 0.8076
v  -246.2364 12.7206 0.8077
v  -246.0921 12.7831 0.8076
v  -246.0921 12.7831 -1.5490
v  -246.0443 12.8033 0.8076
v  -246.0443 12.8033 -1.5493
v  -246.0921 12.7831 -3.7529
v  -246.0443 12.8033 -3.7536
v  231.5847 395.1450 -1.5496
v  231.5847 395.1450 -3.7540
v  231.6145 395.1515 -3.7540
v  231.6145 395.1515 -1.5495
v  231.6145 395.1515 0.8076
v  231.5847 395.1450 0.8076
v  231.5614 395.1435 0.8076
v  231.5614 395.1435 -1.5495
v  231.5428 395.1458 0.8076
v  231.5428 395.1458 -1.5494
v  231.5614 395.1435 -3.7539
v  231.5428 395.1458 -3.7538
v  231.7555 12.9592 -1.5496
v  231.7556 12.9592 -3.7540
v  231.7636 12.9354 -3.7540
v  231.7636 12.9354 -1.5495
v  231.7636 12.9354 0.8076
v  231.7555 12.9592 0.8076
v  231.7537 12.9778 0.8076
v  231.7537 12.9778 -1.5495
v  231.7566 12.9927 0.8076
v  231.7566 12.9927 -1.5494
v  231.7537 12.9778 -3.7539
v  231.7566 12.9927 -3.7538
v  -246.1475 395.0083 -1.5496
v  -246.1475 395.0083 -3.7540
v  -246.1556 395.0321 -3.7540
v  -246.1556 395.0321 -1.5495
v  -246.1556 395.0321 0.8076
v  -246.1475 395.0083 0.8076
v  -246.1456 394.9897 0.8076
v  -246.1456 394.9897 -1.5495
v  -246.1485 394.9748 0.8076
v  -246.1485 394.9748 -1.5494
v  -246.1456 394.9897 -3.7539
v  -246.1485 394.9748 -3.7538
v  -245.9767 12.8225 -1.5496
v  -245.9767 12.8225 -3.7540
v  -246.0064 12.8160 -3.7540
v  -246.0064 12.8160 -1.5495
v  -246.0064 12.8160 0.8076
v  -245.9767 12.8225 0.8076
v  -245.9534 12.8240 0.8076
v  -245.9534 12.8240 -1.5495
v  -245.9348 12.8217 0.8076
v  -245.9348 12.8217 -1.5494
v  -245.9534 12.8240 -3.7539
v  -245.9348 12.8217 -3.7538
v  231.4672 395.1571 -1.5494
v  231.4672 395.1571 -3.7536
v  231.5273 395.1508 -3.7537
v  231.5273 395.1508 -1.5494
v  231.5273 395.1508 0.8076
v  231.4672 395.1571 0.8076
v  231.3150 395.1636 0.8076
v  231.3150 395.1636 -1.5493
v  231.0231 395.1691 0.8076
v  231.0231 395.1691 -1.5493
v  231.3150 395.1636 -3.7536
v  231.0231 395.1691 -3.7536
v  231.7707 13.0541 -1.5494
v  231.7707 13.0541 -3.7536
v  231.7628 13.0051 -3.7537
v  231.7628 13.0051 -1.5494
v  231.7628 13.0051 0.8076
v  231.7707 13.0541 0.8076
v  231.7789 13.1785 0.8076
v  231.7789 13.1785 -1.5493
v  231.7857 13.4172 0.8076
v  231.7858 13.4172 -1.5493
v  231.7789 13.1785 -3.7536
v  231.7857 13.4172 -3.7536
v  -246.1626 394.9299 -1.5494
v  -246.1626 394.9299 -3.7536
v  -246.1547 394.9624 -3.7537
v  -246.1547 394.9624 -1.5494
v  -246.1547 394.9624 0.8076
v  -246.1626 394.9299 0.8076
v  -246.1707 394.8551 0.8076
v  -246.1707 394.8551 -1.5493
v  -246.1707 394.8551 -3.7536
v  -245.8687 12.8104 -1.5494
v  -245.8687 12.8104 -3.7536
v  -245.9192 12.8168 -3.7537
v  -245.9193 12.8168 -1.5494
v  -245.9193 12.8168 0.8076
v  -245.8687 12.8104 0.8076
v  -245.7451 12.8039 0.8076
v  -245.7451 12.8039 -1.5493
v  -245.5104 12.7984 0.8076
v  -245.5104 12.7984 -1.5493
v  -245.7451 12.8039 -3.7536
v  -245.5104 12.7984 -3.7536
v  231.8891 395.2518 -1.5473
v  231.8891 395.2518 -3.7496
v  231.8922 395.2393 -3.7497
v  231.8922 395.2393 -1.5473
v  231.8922 395.2393 0.8077
v  231.8891 395.2518 0.8077
v  231.8733 395.2543 0.8077
v  231.8733 395.2543 -1.5473
v  231.8733 395.2543 -3.7497
v  -246.2810 12.7156 -1.5473
v  -246.2810 12.7156 -3.7496
v  -246.2841 12.7283 -3.7497
v  -246.2841 12.7283 -1.5473
v  -246.2841 12.7283 0.8077
v  -246.2810 12.7156 0.8077
v  -246.2653 12.7132 0.8077
v  -246.2653 12.7132 -1.5473
v  -246.2653 12.7132 -3.7497
v  223.3458 12.7934 -1.5493
v  223.3458 12.7934 -3.7536
v  200.8715 12.7929 -3.7536
v  200.8715 12.7929 -1.5493
v  156.2519 12.7929 -3.7536
v  156.2519 12.7929 -1.5493
v  200.8716 12.7929 0.8076
v  223.3458 12.7934 0.8076
v  156.2519 12.7929 0.8076
v  231.0262 12.7951 0.8076
v  231.0262 12.7951 -1.5493
v  231.0262 12.7951 -3.7536
v  231.7919 387.8581 -1.5493
v  231.7919 387.8581 -3.7536
v  231.7926 369.7394 -3.7536
v  231.7926 369.7394 -1.5493
v  231.7926 334.0215 -3.7536
v  231.7926 334.0215 -1.5493
v  231.7926 369.7394 0.8076
v  231.7920 387.8581 0.8076
v  231.7926 334.0215 0.8076
v  231.7899 394.1953 0.8076
v  231.7899 394.1953 -1.5493
v  231.7899 394.1953 -3.7536
v  -237.0244 395.1740 -1.5493
v  -237.0244 395.1740 -3.7536
v  -214.3690 395.1746 -3.7536
v  -214.3689 395.1746 -1.5493
v  -169.7133 395.1746 -3.7536
v  -169.7132 395.1746 -1.5493
v  -214.3689 395.1746 0.8076
v  -237.0244 395.1740 0.8076
v  -169.7132 395.1746 0.8076
v  -244.9518 395.1724 0.8076
v  -244.9518 395.1724 -1.5493
v  -244.9518 395.1724 -3.7536
v  246.8034 399.4222 -3.8446
v  246.8040 380.1641 -3.8446
v  246.8040 380.1641 -5.2364
v  246.8034 399.4222 -5.2364
v  246.8040 342.1998 -3.8446
v  246.8040 342.1998 -5.2364
v  246.8013 406.1578 -5.2364
v  246.8013 406.1578 -3.8446
v  246.7971 406.5546 -5.2364
v  246.7971 406.5546 -3.8446
v  246.8013 406.1578 -2.2514
v  246.8033 399.4222 -2.2514
v  246.7971 406.5546 -2.2514
v  246.8040 380.1641 -2.2514
v  246.8040 342.1998 -2.2514
v  -251.4787 407.1832 -3.8446
v  -227.3984 407.1838 -3.8446
v  -227.3984 407.1838 -5.2364
v  -251.4787 407.1832 -5.2364
v  -179.9342 407.1838 -3.8446
v  -179.9342 407.1838 -5.2364
v  -259.9044 407.1815 -5.2364
v  -259.9044 407.1815 -3.8446
v  -260.4050 407.1782 -5.2364
v  -260.4050 407.1783 -3.8446
v  -259.9044 407.1815 -2.2514
v  -251.4787 407.1832 -2.2514
v  -260.4050 407.1783 -2.2514
v  -227.3984 407.1838 -2.2514
v  -179.9342 407.1838 -2.2514
v  -260.9014 1.0193 -3.8405
v  -260.9014 1.0193 -5.2310
v  -260.8983 1.0067 -5.2312
v  -260.8983 1.0067 -3.8406
v  -260.8983 1.0067 -2.2488
v  -260.9014 1.0193 -2.2487
v  -260.9171 1.0218 -2.2488
v  -260.9171 1.0218 -3.8406
v  -260.9460 1.0144 -2.2491
v  -260.9460 1.0144 -3.8411
v  -260.9171 1.0218 -5.2312
v  -260.9460 1.0144 -5.2318
v  246.5094 406.9482 -3.8405
v  246.5094 406.9482 -5.2310
v  246.5064 406.9608 -5.2312
v  246.5064 406.9608 -3.8406
v  246.5064 406.9608 -2.2488
v  246.5094 406.9482 -2.2487
v  246.5252 406.9457 -2.2488
v  246.5252 406.9457 -3.8406
v  246.5541 406.9531 -2.2491
v  246.5541 406.9531 -3.8411
v  246.5252 406.9457 -5.2312
v  246.5541 406.9531 -5.2318
v  237.8448 0.7843 -3.8446
v  213.9572 0.7837 -3.8446
v  213.9572 0.7837 -5.2364
v  237.8449 0.7843 -5.2364
v  166.5314 0.7837 -3.8446
v  166.5314 0.7837 -5.2364
v  246.0081 0.7860 -5.2364
v  246.0081 0.7860 -3.8446
v  246.2609 0.7893 -5.2364
v  246.2609 0.7893 -3.8446
v  246.0081 0.7860 -2.2514
v  237.8449 0.7843 -2.2514
v  246.2609 0.7893 -2.2514
v  213.9572 0.7837 -2.2514
v  166.5314 0.7837 -2.2514
v  -261.1741 1.0377 -3.8446
v  -261.1741 1.0377 -5.2364
v  -261.1663 0.9958 -5.2364
v  -261.1663 0.9958 -3.8447
v  -261.1604 0.9832 -5.2366
v  -261.1604 0.9832 -3.8448
v  -261.1663 0.9958 -2.2515
v  -261.1741 1.0377 -2.2514
v  -261.1604 0.9832 -2.2515
v  -261.1822 1.1405 -2.2514
v  -261.1822 1.1405 -3.8446
v  -261.1891 1.3360 -2.2514
v  -261.1891 1.3360 -3.8446
v  -261.1822 1.1405 -5.2364
v  -261.1891 1.3360 -5.2364
v  -260.8685 407.1662 -3.8446
v  -260.8685 407.1662 -5.2364
v  -260.9308 407.1600 -5.2364
v  -260.9308 407.1600 -3.8447
v  -260.9467 407.1553 -5.2366
v  -260.9467 407.1553 -3.8448
v  -260.9308 407.1600 -2.2515
v  -260.8685 407.1662 -2.2514
v  -260.9467 407.1553 -2.2515
v  -260.7097 407.1727 -2.2514
v  -260.7097 407.1727 -3.8446
v  -260.7097 407.1727 -5.2364
v  246.5013 0.8013 -3.8446
v  246.5013 0.8013 -5.2364
v  246.5389 0.8075 -5.2364
v  246.5389 0.8075 -3.8447
v  246.5548 0.8122 -5.2366
v  246.5548 0.8122 -3.8448
v  246.5389 0.8075 -2.2515
v  246.5013 0.8013 -2.2514
v  246.5548 0.8122 -2.2515
v  246.4169 0.7948 -2.2514
v  246.4169 0.7948 -3.8446
v  246.4169 0.7948 -5.2364
v  246.7822 406.9221 -3.8446
v  246.7821 406.9221 -5.2364
v  246.7744 406.9717 -5.2364
v  246.7744 406.9717 -3.8447
v  246.7685 406.9843 -5.2366
v  246.7685 406.9843 -3.8448
v  246.7744 406.9717 -2.2515
v  246.7822 406.9221 -2.2514
v  246.7685 406.9843 -2.2515
v  246.7902 406.7962 -2.2514
v  246.7902 406.7962 -3.8446
v  246.7902 406.7962 -5.2364
v  -261.1541 0.9539 -3.8450
v  -261.1541 0.9539 -5.2369
v  -261.1438 0.9449 -5.2368
v  -261.1438 0.9449 -3.8450
v  -261.1220 0.9447 -5.2364
v  -261.1220 0.9447 -3.8446
v  -261.1437 0.9449 -2.2516
v  -261.1541 0.9539 -2.2517
v  -261.1220 0.9447 -2.2514
v  -261.1580 0.9679 -2.2516
v  -261.1580 0.9679 -3.8449
v  -261.1580 0.9679 -5.2368
v  -260.9833 407.1503 -3.8450
v  -260.9833 407.1503 -5.2369
v  -260.9945 407.1420 -5.2368
v  -260.9945 407.1420 -3.8450
v  -260.9948 407.1246 -5.2364
v  -260.9948 407.1246 -3.8446
v  -260.9945 407.1420 -2.2516
v  -260.9833 407.1503 -2.2517
v  -260.9948 407.1246 -2.2514
v  -260.9658 407.1534 -2.2516
v  -260.9658 407.1534 -3.8449
v  -260.9658 407.1534 -5.2368
v  246.5914 0.8172 -3.8450
v  246.5914 0.8172 -5.2369
v  246.6026 0.8255 -5.2368
v  246.6026 0.8255 -3.8450
v  246.6029 0.8429 -5.2364
v  246.6028 0.8429 -3.8446
v  246.6026 0.8255 -2.2516
v  246.5914 0.8172 -2.2517
v  246.6029 0.8429 -2.2514
v  246.5739 0.8141 -2.2516
v  246.5739 0.8141 -3.8449
v  246.5739 0.8141 -5.2368
v  246.7622 407.0136 -3.8450
v  246.7622 407.0136 -5.2369
v  246.7518 407.0226 -5.2368
v  246.7518 407.0226 -3.8450
v  246.7300 407.0229 -5.2364
v  246.7300 407.0229 -3.8446
v  246.7518 407.0226 -2.2516
v  246.7622 407.0136 -2.2517
v  246.7300 407.0229 -2.2514
v  246.7661 406.9996 -2.2516
v  246.7661 406.9996 -3.8449
v  246.7661 406.9996 -5.2368
v  -261.0369 0.9764 -3.8429
v  -261.0369 0.9764 -5.2342
v  -260.9884 0.9974 -5.2329
v  -260.9884 0.9974 -3.8420
v  -260.9884 0.9974 -2.2497
v  -261.0369 0.9764 -2.2503
v  -261.0839 0.9570 -2.2509
v  -261.0839 0.9570 -3.8439
v  -261.0839 0.9570 -5.2354
v  -260.9550 407.0565 -3.8429
v  -260.9550 407.0565 -5.2342
v  -260.9288 407.0178 -5.2329
v  -260.9288 407.0178 -3.8420
v  -260.9288 407.0178 -2.2497
v  -260.9550 407.0565 -2.2503
v  -260.9793 407.0941 -2.2509
v  -260.9793 407.0941 -3.8439
v  -260.9793 407.0941 -5.2354
v  246.5631 0.9110 -3.8429
v  246.5631 0.9110 -5.2342
v  246.5368 0.9497 -5.2329
v  246.5368 0.9497 -3.8420
v  246.5368 0.9497 -2.2497
v  246.5631 0.9110 -2.2503
v  246.5874 0.8734 -2.2509
v  246.5874 0.8734 -3.8439
v  246.5874 0.8734 -5.2354
v  246.6449 406.9910 -3.8429
v  246.6449 406.9910 -5.2342
v  246.5965 406.9701 -5.2329
v  246.5965 406.9701 -3.8420
v  246.5965 406.9701 -2.2497
v  246.6449 406.9910 -2.2503
v  246.6919 407.0105 -2.2509
v  246.6919 407.0105 -3.8439
v  246.6919 407.0105 -5.2354
v  -261.1953 399.8959 2.7727
v  -261.1960 380.7492 2.7727
v  -261.1960 380.7492 4.2933
v  -261.1953 399.8959 4.2933
v  -261.1960 342.7893 2.7727
v  -261.1960 342.7893 4.2933
v  -261.1932 406.4697 4.2933
v  -261.1932 406.4697 2.7727
v  -261.1891 406.7105 4.2933
v  -261.1891 406.7105 2.7727
v  -261.1932 406.4697 1.1365
v  -261.1953 399.8959 1.1365
v  -261.1891 406.7105 1.1365
v  -261.1960 380.7492 1.1365
v  -261.1960 342.7893 1.1365
v  -260.9014 406.9482 2.7709
v  -260.9014 406.9482 4.2902
v  -260.8983 406.9608 4.2904
v  -260.8983 406.9608 2.7710
v  -260.8983 406.9608 1.1362
v  -260.9014 406.9482 1.1362
v  -260.9171 406.9457 1.1362
v  -260.9171 406.9457 2.7710
v  -260.9460 406.9531 1.1362
v  -260.9460 406.9531 2.7712
v  -260.9171 406.9457 4.2904
v  -260.9460 406.9531 4.2907
v  246.5094 1.0193 2.7709
v  246.5094 1.0193 4.2902
v  246.5064 1.0067 4.2904
v  246.5064 1.0067 2.7710
v  246.5064 1.0067 1.1362
v  246.5094 1.0193 1.1362
v  246.5252 1.0218 1.1362
v  246.5252 1.0218 2.7710
v  246.5541 1.0144 1.1362
v  246.5541 1.0144 2.7712
v  246.5252 1.0218 4.2904
v  246.5541 1.0144 4.2907
v  -260.8777 0.8013 2.7727
v  -260.8777 0.8013 4.2933
v  -260.9308 0.8075 4.2934
v  -260.9308 0.8075 2.7727
v  -260.9467 0.8122 4.2935
v  -260.9467 0.8122 2.7727
v  -260.9308 0.8075 1.1365
v  -260.8777 0.8013 1.1365
v  -260.9467 0.8122 1.1365
v  -260.7469 0.7948 1.1365
v  -260.7469 0.7948 2.7727
v  -260.4979 0.7893 1.1365
v  -260.4979 0.7893 2.7727
v  -260.7469 0.7948 4.2933
v  -260.4980 0.7893 4.2933
v  -261.1741 406.9377 2.7727
v  -261.1741 406.9377 4.2933
v  -261.1663 406.9717 4.2934
v  -261.1663 406.9717 2.7727
v  -261.1604 406.9843 4.2935
v  -261.1604 406.9843 2.7727
v  -261.1663 406.9717 1.1365
v  -261.1741 406.9377 1.1365
v  -261.1604 406.9843 1.1365
v  -261.1822 406.8586 1.1365
v  -261.1822 406.8586 2.7727
v  -261.1822 406.8586 4.2933
v  246.7822 1.0474 2.7727
v  246.7821 1.0474 4.2933
v  246.7744 0.9958 4.2934
v  246.7744 0.9958 2.7727
v  246.7685 0.9832 4.2935
v  246.7685 0.9832 2.7727
v  246.7744 0.9958 1.1365
v  246.7822 1.0474 1.1365
v  246.7685 0.9832 1.1365
v  246.7902 1.1792 1.1365
v  246.7902 1.1792 2.7727
v  246.7971 1.4326 1.1365
v  246.7971 1.4326 2.7727
v  246.7902 1.1792 4.2933
v  246.7971 1.4326 4.2933
v  246.4757 407.1662 2.7727
v  246.4757 407.1662 4.2933
v  246.5389 407.1600 4.2934
v  246.5389 407.1600 2.7727
v  246.5548 407.1553 4.2935
v  246.5548 407.1553 2.7727
v  246.5389 407.1600 1.1365
v  246.4757 407.1662 1.1365
v  246.5548 407.1553 1.1365
v  246.3145 407.1727 1.1365
v  246.3145 407.1727 2.7727
v  246.0047 407.1783 1.1365
v  246.0047 407.1783 2.7727
v  246.3145 407.1727 4.2933
v  246.0047 407.1782 4.2933
v  -260.9833 0.8172 2.7728
v  -260.9833 0.8172 4.2936
v  -260.9945 0.8255 4.2936
v  -260.9945 0.8255 2.7728
v  -260.9948 0.8429 4.2933
v  -260.9948 0.8429 2.7727
v  -260.9945 0.8255 1.1365
v  -260.9833 0.8172 1.1365
v  -260.9948 0.8429 1.1365
v  -260.9658 0.8141 1.1365
v  -260.9658 0.8141 2.7728
v  -260.9658 0.8141 4.2936
v  -261.1541 407.0136 2.7728
v  -261.1541 407.0136 4.2936
v  -261.1438 407.0226 4.2936
v  -261.1438 407.0226 2.7728
v  -261.1220 407.0229 4.2933
v  -261.1220 407.0229 2.7727
v  -261.1437 407.0226 1.1365
v  -261.1541 407.0136 1.1365
v  -261.1220 407.0229 1.1365
v  -261.1580 406.9996 1.1365
v  -261.1580 406.9996 2.7728
v  -261.1580 406.9996 4.2936
v  246.7622 0.9539 2.7728
v  246.7622 0.9539 4.2936
v  246.7518 0.9449 4.2936
v  246.7518 0.9449 2.7728
v  246.7300 0.9447 4.2933
v  246.7300 0.9447 2.7727
v  246.7518 0.9449 1.1365
v  246.7622 0.9539 1.1365
v  246.7300 0.9447 1.1365
v  246.7661 0.9679 1.1365
v  246.7661 0.9679 2.7728
v  246.7661 0.9679 4.2936
v  246.5914 407.1503 2.7728
v  246.5914 407.1503 4.2936
v  246.6026 407.1420 4.2936
v  246.6026 407.1420 2.7728
v  246.6029 407.1246 4.2933
v  246.6028 407.1246 2.7727
v  246.6026 407.1420 1.1365
v  246.5914 407.1503 1.1365
v  246.6029 407.1246 1.1365
v  246.5739 407.1534 1.1365
v  246.5739 407.1534 2.7728
v  246.5739 407.1534 4.2936
v  -260.9550 0.9110 2.7719
v  -260.9550 0.9110 4.2921
v  -260.9288 0.9497 4.2914
v  -260.9288 0.9497 2.7715
v  -260.9288 0.9497 1.1363
v  -260.9550 0.9110 1.1364
v  -260.9793 0.8734 1.1364
v  -260.9793 0.8734 2.7724
v  -260.9793 0.8734 4.2928
v  -261.0369 406.9910 2.7719
v  -261.0369 406.9910 4.2921
v  -260.9884 406.9701 4.2914
v  -260.9884 406.9701 2.7715
v  -260.9884 406.9701 1.1363
v  -261.0369 406.9910 1.1364
v  -261.0839 407.0105 1.1364
v  -261.0839 407.0105 2.7724
v  -261.0839 407.0105 4.2928
v  246.6449 0.9764 2.7719
v  246.6449 0.9764 4.2921
v  246.5965 0.9974 4.2914
v  246.5965 0.9974 2.7715
v  246.5965 0.9974 1.1363
v  246.6449 0.9764 1.1364
v  246.6919 0.9570 1.1364
v  246.6919 0.9570 2.7724
v  246.6919 0.9570 4.2928
v  246.5631 407.0565 2.7719
v  246.5631 407.0565 4.2921
v  246.5368 407.0178 4.2914
v  246.5368 407.0178 2.7715
v  246.5368 407.0178 1.1363
v  246.5631 407.0565 1.1364
v  246.5874 407.0941 1.1364
v  246.5874 407.0941 2.7724
v  246.5874 407.0941 4.2928
v  -261.1960 204.2287 2.7727
v  -261.1960 128.6653 2.7727
v  -261.1960 128.6653 4.2933
v  -261.1960 204.2287 4.2933
v  -261.1960 128.6653 5.6407
v  -261.1960 204.2287 5.6407
v  -261.1960 65.6049 2.7727
v  -261.1960 65.6048 4.2933
v  -261.1960 65.6048 5.6407
v  -261.1960 279.7762 4.2933
v  -261.1960 279.7762 2.7727
v  -261.1960 279.7762 5.6407
v  -261.1960 279.7762 1.1365
v  -261.1960 204.2287 1.1365
v  -261.1960 279.7762 -0.5575
v  -261.1960 204.2287 -0.5575
v  -261.1960 128.6653 1.1365
v  -261.1960 65.6048 1.1365
v  -261.1960 128.6653 -0.5575
v  -261.1960 65.6048 -0.5575
v  -246.4191 204.2144 6.4620
v  -247.1228 204.2151 7.6348
v  -247.1228 132.8434 7.6348
v  -246.4191 133.0523 6.4620
v  -247.1228 73.2810 7.6348
v  -246.4191 73.6648 6.4620
v  -248.5301 204.2165 8.4663
v  -248.5301 132.4256 8.4663
v  -246.1846 133.1219 4.9390
v  -246.1846 204.2142 4.9390
v  -246.1846 133.1219 3.0572
v  -246.1846 204.2142 3.0572
v  -246.1846 73.7928 4.9390
v  -246.1846 73.7928 3.0572
v  -246.1846 275.2916 4.9390
v  -246.4191 275.3617 6.4620
v  -246.1846 275.2916 3.0572
v  -247.1228 275.5719 7.6348
v  -248.5301 275.9923 8.4663
v  -260.9614 204.2285 7.6521
v  -260.9614 128.7350 7.6521
v  -260.2578 128.9439 8.3354
v  -260.2578 204.2278 8.3354
v  -258.8504 129.3617 8.8166
v  -258.8504 204.2264 8.8166
v  -260.9614 65.7328 7.6521
v  -260.2578 66.1166 8.3354
v  -260.2578 279.4960 8.3354
v  -260.9614 279.7061 7.6521
v  -258.8505 279.0755 8.8166
v  -261.1960 279.7762 6.7571
v  -261.1960 204.2287 6.7571
v  -261.1960 128.6653 6.7571
v  -261.1960 65.6048 6.7571
v  -246.1846 204.2142 -1.5493
v  -246.1846 204.2142 0.8076
v  -246.1846 133.1219 0.8076
v  -246.1846 133.1219 -1.5493
v  -246.1846 73.7928 0.8076
v  -246.1846 73.7928 -1.5493
v  -246.1846 133.1219 -3.7536
v  -246.1846 204.2142 -3.7536
v  -246.1846 133.1219 -5.5450
v  -246.1846 204.2142 -5.5450
v  -246.1846 73.7928 -3.7536
v  -246.1846 73.7928 -5.5450
v  -246.1846 275.2916 -3.7536
v  -246.1846 275.2916 -1.5493
v  -246.1846 275.2916 -5.5450
v  -246.1846 275.2916 0.8076
v  -261.1960 204.2287 -3.8446
v  -261.1960 128.6653 -3.8446
v  -261.1960 128.6653 -2.2514
v  -261.1960 204.2287 -2.2514
v  -261.1960 65.6049 -3.8446
v  -261.1960 65.6048 -2.2514
v  -261.1960 279.7762 -2.2514
v  -261.1960 279.7762 -3.8446
v  -261.1960 279.7762 -5.2364
v  -261.1960 204.2287 -5.2364
v  -261.1960 279.7762 -6.3259
v  -261.1960 204.2287 -6.3259
v  -261.1960 128.6653 -5.2364
v  -261.1960 65.6048 -5.2364
v  -261.1960 128.6653 -6.3259
v  -261.1960 65.6048 -6.3259
v  -253.6896 394.0999 9.1665
v  -253.6875 400.4792 9.1665
v  -256.5022 402.7256 9.1053
v  -256.5042 396.2734 9.1053
v  -256.5049 377.4806 9.1053
v  -253.6903 375.5195 9.1665
v  -256.5049 340.2227 9.1053
v  -253.6903 338.6827 9.1665
v  -250.8756 373.5584 8.9651
v  -250.8750 391.9263 8.9651
v  -250.8756 337.1428 8.9651
v  -250.8729 398.2327 8.9651
v  -253.6903 204.2214 -7.6503
v  -253.6903 130.8936 -7.6503
v  -256.5049 130.0580 -7.6416
v  -256.5049 204.2242 -7.6416
v  -258.8505 129.3617 -7.6108
v  -258.8504 204.2264 -7.6108
v  -253.6903 69.6988 -7.6503
v  -256.5049 68.1636 -7.6416
v  -258.8504 66.8842 -7.6108
v  -256.5049 278.3748 -7.6416
v  -253.6903 277.5339 -7.6503
v  -258.8504 279.0755 -7.6108
v  -250.8756 276.6931 -7.6350
v  -250.8756 204.2187 -7.6350
v  -248.5301 275.9923 -7.5943
v  -248.5301 204.2165 -7.5943
v  -250.8756 131.7292 -7.6350
v  -250.8756 71.2341 -7.6350
v  -248.5301 132.4256 -7.5943
v  -248.5301 72.5134 -7.5943
v  -246.4191 204.2144 -7.2699
v  -246.1846 204.2142 -6.6633
v  -246.1846 133.1219 -6.6633
v  -246.4191 133.0523 -7.2699
v  -246.1846 73.7928 -6.6633
v  -246.4191 73.6648 -7.2699
v  -247.1228 132.8434 -7.5264
v  -247.1228 204.2151 -7.5264
v  -247.1228 73.2810 -7.5264
v  -247.1228 275.5719 -7.5264
v  -246.4191 275.3617 -7.2699
v  -246.1846 275.2916 -6.6633
v  -260.9614 204.2285 -7.3918
v  -260.9614 128.7350 -7.3918
v  -261.1960 128.6653 -7.0125
v  -261.1960 204.2287 -7.0125
v  -260.9614 65.7328 -7.3918
v  -261.1960 65.6048 -7.0125
v  -261.1960 279.7762 -7.0125
v  -260.9614 279.7061 -7.3918
v  -260.2578 279.4960 -7.5594
v  -260.2578 204.2278 -7.5594
v  -260.2578 128.9439 -7.5594
v  -260.2578 66.1166 -7.5594
v  -7.2219 407.1838 -3.8446
v  86.9146 407.1838 -3.8446
v  86.9146 407.1838 -5.2364
v  -7.2219 407.1838 -5.2364
v  86.9146 407.1838 -6.3259
v  -7.2219 407.1838 -6.3259
v  165.4971 407.1838 -3.8446
v  165.4971 407.1838 -5.2364
v  165.4971 407.1838 -6.3259
v  -101.3568 407.1838 -5.2364
v  -101.3568 407.1838 -3.8446
v  -101.3568 407.1838 -6.3259
v  -101.3568 407.1838 -2.2514
v  -7.2219 407.1838 -2.2514
v  -101.3568 407.1838 -0.5575
v  -7.2219 407.1838 -0.5575
v  86.9146 407.1838 -2.2514
v  165.4971 407.1838 -2.2514
v  86.9146 407.1838 -0.5575
v  165.4971 407.1838 -0.5575
v  -7.2204 395.1746 -1.5493
v  -7.2204 395.1746 -3.7536
v  81.3461 395.1746 -3.7536
v  81.3461 395.1746 -1.5493
v  155.2788 395.1746 -3.7536
v  155.2788 395.1746 -1.5493
v  -7.2204 395.1746 -5.5450
v  81.3461 395.1746 -5.5450
v  155.2788 395.1746 -5.5450
v  81.3461 395.1746 0.8076
v  -7.2204 395.1746 0.8076
v  81.3461 395.1746 3.0572
v  -7.2204 395.1746 3.0572
v  155.2788 395.1746 0.8076
v  155.2788 395.1746 3.0572
v  -95.7853 395.1746 0.8076
v  -95.7853 395.1746 -1.5493
v  -95.7853 395.1746 3.0572
v  -95.7853 395.1746 -3.7536
v  -95.7853 395.1746 -5.5450
v  -7.2219 407.1838 2.7727
v  86.9146 407.1838 2.7727
v  86.9146 407.1838 1.1365
v  -7.2219 407.1838 1.1365
v  165.4971 407.1838 2.7727
v  165.4971 407.1838 1.1365
v  -101.3568 407.1838 1.1365
v  -101.3568 407.1838 2.7727
v  -101.3568 407.1838 4.2933
v  -7.2219 407.1838 4.2933
v  -101.3568 407.1838 5.6407
v  -7.2219 407.1838 5.6407
v  86.9146 407.1838 4.2933
v  165.4971 407.1838 4.2933
v  86.9146 407.1838 5.6407
v  165.4971 407.1838 5.6407
v  -7.2204 395.3622 -7.2699
v  -7.2205 395.9252 -7.5264
v  81.6941 395.9252 -7.5264
v  81.4331 395.3622 -7.2699
v  155.9174 395.9252 -7.5264
v  155.4384 395.3622 -7.2699
v  -7.2206 397.0510 -7.5943
v  82.2162 397.0510 -7.5943
v  81.3461 395.1746 -6.6633
v  -7.2204 395.1746 -6.6633
v  155.2788 395.1746 -6.6633
v  -95.7853 395.1746 -6.6633
v  -95.8723 395.3622 -7.2699
v  -96.1335 395.9252 -7.5264
v  -96.6558 397.0510 -7.5943
v  -7.2219 406.9961 -7.3918
v  86.8276 406.9961 -7.3918
v  86.5666 406.4332 -7.5594
v  -7.2218 406.4332 -7.5594
v  86.0445 405.3073 -7.6108
v  -7.2217 405.3073 -7.6108
v  165.3374 406.9961 -7.3918
v  164.8584 406.4332 -7.5594
v  -101.0086 406.4332 -7.5594
v  -101.2698 406.9961 -7.3918
v  -100.4863 405.3073 -7.6108
v  -101.3568 407.1838 -7.0125
v  -7.2219 407.1838 -7.0125
v  86.9146 407.1838 -7.0125
v  165.4971 407.1838 -7.0125
v  -244.2515 401.1786 -7.6503
v  -252.4281 401.1770 -7.6503
v  -255.2317 403.4287 -7.6416
v  -246.9617 403.4303 -7.6416
v  -223.3267 403.4309 -7.6416
v  -220.8837 401.1792 -7.6503
v  -176.7402 403.4309 -7.6416
v  -174.8237 401.1792 -7.6503
v  -218.4407 398.9275 -7.6350
v  -241.5414 398.9269 -7.6350
v  -172.9073 398.9275 -7.6350
v  -249.6245 398.9252 -7.6350
v  -7.2219 406.9961 7.6521
v  86.8276 406.9961 7.6521
v  86.9146 407.1838 6.7571
v  -7.2219 407.1838 6.7571
v  165.3374 406.9961 7.6521
v  165.4971 407.1838 6.7571
v  -101.3568 407.1838 6.7571
v  -101.2697 406.9961 7.6521
v  -101.0086 406.4332 8.3354
v  -7.2218 406.4332 8.3354
v  -100.4863 405.3073 8.8166
v  -7.2217 405.3073 8.8166
v  86.5666 406.4332 8.3354
v  164.8584 406.4332 8.3354
v  86.0445 405.3073 8.8166
v  163.9005 405.3073 8.8166
v  -7.2204 395.3622 6.4620
v  -7.2204 395.1746 4.9390
v  81.3461 395.1746 4.9390
v  81.4331 395.3622 6.4620
v  155.2788 395.1746 4.9390
v  155.4384 395.3622 6.4620
v  81.6941 395.9252 7.6348
v  -7.2205 395.9252 7.6348
v  82.2162 397.0510 8.4663
v  -7.2206 397.0510 8.4663
v  155.9174 395.9252 7.6348
v  156.8754 397.0510 8.4663
v  -96.1335 395.9252 7.6348
v  -95.8723 395.3622 6.4620
v  -96.6558 397.0510 8.4663
v  -95.7853 395.1746 4.9390
v  -7.2212 401.1792 9.1665
v  84.1303 401.1792 9.1665
v  85.1744 403.4309 9.1053
v  -7.2215 403.4309 9.1053
v  160.3879 401.1792 9.1665
v  162.3038 403.4309 9.1053
v  -99.6157 403.4309 9.1053
v  -98.5710 401.1792 9.1665
v  -97.5264 398.9275 8.9651
v  -7.2209 398.9275 8.9651
v  83.0862 398.9275 8.9651
v  158.4720 398.9275 8.9651
v  -260.9607 8.5053 -7.3918
v  -260.9587 1.8429 -7.3918
v  -261.1932 1.6558 -7.0125
v  -261.1953 8.3244 -7.0125
v  -261.1932 1.6558 -6.3259
v  -261.1953 8.3244 -6.3259
v  -261.1960 27.5660 -7.0125
v  -260.9614 27.7291 -7.3918
v  -261.1960 27.5660 -6.3259
v  -260.2578 28.2184 -7.5594
v  -260.2570 9.0480 -7.5594
v  -258.8504 29.1970 -7.6108
v  -258.8498 10.1333 -7.6108
v  -260.2550 2.4040 -7.5594
v  -258.8477 3.5264 -7.6108
v  -246.4184 19.7207 -7.2699
v  -246.1839 19.9016 -6.6633
v  -246.1818 13.6275 -6.6633
v  -246.4164 13.4404 -7.2699
v  -246.1839 19.9016 -5.5450
v  -246.1818 13.6275 -5.5450
v  -247.1200 12.8793 -7.5264
v  -247.1221 19.1780 -7.5264
v  -248.5274 11.7569 -7.5943
v  -248.5294 18.0927 -7.5943
v  -247.1228 37.3522 -7.5264
v  -246.4191 37.8416 -7.2699
v  -248.5301 36.3736 -7.5943
v  -246.1846 38.0047 -6.6633
v  -246.1846 38.0047 -5.5450
v  -253.6896 14.1130 -7.6503
v  -253.6875 7.6417 -7.6503
v  -256.5022 5.3970 -7.6416
v  -256.5042 11.9423 -7.6416
v  -256.5049 30.8281 -7.6416
v  -253.6903 32.7853 -7.6503
v  -250.8756 34.7426 -7.6350
v  -250.8750 16.2837 -7.6350
v  -250.8729 9.8864 -7.6350
v  -261.1953 8.3244 -3.8446
v  -261.1932 1.6558 -3.8446
v  -261.1932 1.6558 -2.2514
v  -261.1953 8.3244 -2.2514
v  -261.1932 1.6558 -0.5575
v  -261.1953 8.3244 -0.5575
v  -261.1960 27.5660 -2.2514
v  -261.1960 27.5660 -3.8446
v  -261.1960 27.5660 -0.5575
v  -261.1960 27.5660 -5.2364
v  -261.1953 8.3244 -5.2364
v  -261.1932 1.6558 -5.2364
v  -246.1839 19.9016 -1.5493
v  -246.1839 19.9016 0.8076
v  -246.1818 13.6275 0.8076
v  -246.1818 13.6275 -1.5493
v  -246.1839 19.9016 3.0572
v  -246.1818 13.6275 3.0572
v  -246.1818 13.6275 -3.7536
v  -246.1839 19.9016 -3.7536
v  -246.1846 38.0047 -3.7536
v  -246.1846 38.0047 -1.5493
v  -246.1846 38.0047 0.8076
v  -246.1846 38.0047 3.0572
v  -260.9607 8.5053 7.6521
v  -260.9586 1.8429 7.6521
v  -260.2550 2.4041 8.3354
v  -260.2571 9.0480 8.3354
v  -260.2578 28.2184 8.3354
v  -260.9614 27.7291 7.6521
v  -261.1960 27.5660 6.7571
v  -261.1953 8.3244 6.7571
v  -261.1960 27.5660 5.6407
v  -261.1953 8.3244 5.6407
v  -261.1932 1.6558 6.7571
v  -261.1932 1.6558 5.6407
v  -246.4184 19.7207 6.4620
v  -247.1221 19.1780 7.6348
v  -247.1200 12.8793 7.6348
v  -246.4163 13.4404 6.4620
v  -246.1818 13.6275 4.9390
v  -246.1839 19.9016 4.9390
v  -246.1846 38.0047 4.9390
v  -246.4191 37.8416 6.4620
v  -247.1228 37.3522 7.6348
v  -261.1953 8.3244 2.7727
v  -261.1932 1.6558 2.7727
v  -261.1932 1.6558 4.2933
v  -261.1953 8.3244 4.2933
v  -261.1960 27.5660 4.2933
v  -261.1960 27.5660 2.7727
v  -261.1960 27.5660 1.1365
v  -261.1953 8.3244 1.1365
v  -261.1932 1.6558 1.1365
v  -253.6903 204.2214 9.1665
v  -253.6903 277.5339 9.1665
v  -256.5049 278.3748 9.1053
v  -256.5049 204.2242 9.1053
v  -256.5049 130.0580 9.1053
v  -253.6903 130.8936 9.1665
v  -250.8756 131.7292 8.9651
v  -250.8756 204.2187 8.9651
v  -250.8756 276.6931 8.9651
v  -251.7412 0.7843 -3.8446
v  -260.0904 0.7860 -3.8446
v  -260.0903 0.7860 -5.2364
v  -251.7412 0.7843 -5.2364
v  -260.0904 0.7860 -6.3259
v  -251.7412 0.7843 -6.3259
v  -227.6678 0.7837 -5.2364
v  -227.6678 0.7837 -3.8446
v  -180.0871 0.7837 -5.2364
v  -180.0871 0.7837 -3.8446
v  -227.6678 0.7837 -6.3259
v  -180.0871 0.7837 -6.3259
v  -227.6678 0.7837 -2.2514
v  -251.7412 0.7843 -2.2514
v  -227.6678 0.7837 -0.5575
v  -251.7412 0.7843 -0.5575
v  -180.0871 0.7837 -2.2514
v  -180.0871 0.7837 -0.5575
v  -260.0904 0.7860 -2.2514
v  -260.0903 0.7860 -0.5575
v  -237.2715 12.7934 -1.5493
v  -237.2715 12.7934 -3.7536
v  -245.1267 12.7951 -3.7536
v  -245.1267 12.7951 -1.5493
v  -237.2715 12.7934 -5.5450
v  -245.1267 12.7951 -5.5450
v  -245.1267 12.7951 0.8076
v  -237.2715 12.7934 0.8076
v  -245.1267 12.7951 3.0572
v  -237.2715 12.7934 3.0572
v  -214.6224 12.7929 0.8076
v  -214.6224 12.7929 -1.5493
v  -169.8571 12.7929 0.8076
v  -169.8571 12.7929 -1.5493
v  -214.6224 12.7929 3.0572
v  -169.8571 12.7929 3.0572
v  -214.6224 12.7929 -3.7536
v  -214.6224 12.7929 -5.5450
v  -169.8571 12.7929 -3.7536
v  -169.8571 12.7929 -5.5450
v  -251.7412 0.7843 2.7727
v  -260.0904 0.7860 2.7727
v  -260.0903 0.7860 1.1365
v  -251.7412 0.7843 1.1365
v  -227.6678 0.7837 1.1365
v  -227.6678 0.7837 2.7727
v  -180.0871 0.7837 1.1365
v  -180.0871 0.7837 2.7727
v  -227.6678 0.7837 4.2933
v  -251.7412 0.7843 4.2933
v  -227.6678 0.7837 5.6407
v  -251.7412 0.7843 5.6407
v  -180.0871 0.7837 4.2933
v  -180.0871 0.7837 5.6407
v  -260.0904 0.7860 4.2933
v  -260.0903 0.7860 5.6407
v  -237.4976 12.6058 -7.2699
v  -238.1758 12.0429 -7.5264
v  -246.0619 12.0445 -7.5264
v  -245.3605 12.6074 -7.2699
v  -245.1267 12.7951 -6.6633
v  -237.2715 12.7934 -6.6633
v  -214.6224 12.7929 -6.6633
v  -214.8262 12.6052 -7.2699
v  -169.8571 12.7929 -6.6633
v  -170.0169 12.6052 -7.2699
v  -215.4377 12.0423 -7.5264
v  -170.4964 12.0423 -7.5264
v  -251.5151 0.9719 -7.3918
v  -259.8565 0.9736 -7.3918
v  -259.1551 1.5365 -7.5594
v  -250.8369 1.5349 -7.5594
v  -226.8524 1.5343 -7.5594
v  -227.4640 0.9714 -7.3918
v  -179.4477 1.5343 -7.5594
v  -179.9272 0.9714 -7.3918
v  -227.6678 0.7837 -7.0125
v  -251.7412 0.7843 -7.0125
v  -180.0871 0.7837 -7.0125
v  -260.0904 0.7860 -7.0125
v  -251.5151 0.9719 7.6521
v  -259.8565 0.9736 7.6521
v  -260.0903 0.7860 6.7571
v  -251.7412 0.7843 6.7571
v  -227.6678 0.7837 6.7571
v  -227.4640 0.9714 7.6521
v  -180.0871 0.7837 6.7571
v  -179.9272 0.9714 7.6521
v  -226.8524 1.5343 8.3354
v  -250.8369 1.5349 8.3354
v  -225.6294 2.6602 8.8166
v  -249.4803 2.6607 8.8166
v  -179.4477 1.5343 8.3354
v  -178.4886 2.6602 8.8166
v  -259.1551 1.5365 8.3354
v  -257.7523 2.6624 8.8166
v  -237.4976 12.6058 6.4620
v  -237.2715 12.7934 4.9390
v  -245.1267 12.7951 4.9390
v  -245.3605 12.6074 6.4620
v  -246.0619 12.0445 7.6348
v  -238.1758 12.0429 7.6348
v  -247.4647 10.9187 8.4663
v  -239.5324 10.9170 8.4663
v  -215.4377 12.0423 7.6348
v  -214.8262 12.6052 6.4620
v  -170.4964 12.0423 7.6348
v  -170.0169 12.6052 6.4620
v  -216.6608 10.9165 8.4663
v  -171.4555 10.9165 8.4663
v  -214.6224 12.7929 4.9390
v  -169.8571 12.7929 4.9390
v  -6.7301 6.7883 -7.6503
v  84.9444 6.7883 -7.6503
v  85.9978 4.5366 -7.6416
v  -6.7248 4.5366 -7.6416
v  86.8757 2.6602 -7.6108
v  -6.7203 2.6602 -7.6108
v  161.3917 6.7883 -7.6503
v  163.3191 4.5366 -7.6416
v  -99.4778 4.5366 -7.6416
v  -98.4347 6.7883 -7.6503
v  -100.3470 2.6602 -7.6108
v  -97.3916 9.0400 -7.6350
v  -6.7354 9.0400 -7.6350
v  -96.5223 10.9165 -7.5943
v  -6.7399 10.9165 -7.5943
v  83.8910 9.0400 -7.6350
v  159.4642 9.0400 -7.6350
v  83.0132 10.9165 -7.5943
v  -244.5064 6.7888 9.1665
v  -252.6085 6.7905 9.1665
v  -255.4142 4.5388 9.1053
v  -247.2194 4.5372 9.1053
v  -223.5911 4.5366 9.1053
v  -221.1451 6.7883 9.1665
v  -176.8902 4.5366 9.1053
v  -174.9721 6.7883 9.1665
v  -218.6991 9.0400 8.9651
v  -241.7933 9.0406 8.9651
v  -173.0539 9.0400 8.9651
v  -249.8028 9.0422 8.9651
v  230.5953 6.7888 -7.6503
v  238.5172 6.7905 -7.6503
v  241.3263 4.5388 -7.6416
v  233.3139 4.5372 -7.6416
v  209.8680 4.5366 -7.6416
v  207.4144 6.7883 -7.6503
v  204.9608 9.0400 -7.6350
v  227.8768 9.0406 -7.6350
v  235.7080 9.0422 -7.6350
v  -6.7159 0.7837 -3.8446
v  -101.2163 0.7837 -3.8446
v  -101.2163 0.7837 -5.2364
v  -6.7159 0.7837 -5.2364
v  -101.2163 0.7837 -6.3259
v  -6.7159 0.7837 -6.3259
v  87.7535 0.7837 -5.2364
v  87.7535 0.7837 -3.8446
v  87.7535 0.7837 -6.3259
v  87.7535 0.7837 -2.2514
v  -6.7159 0.7837 -2.2514
v  87.7535 0.7837 -0.5575
v  -6.7159 0.7837 -0.5575
v  -101.2163 0.7837 -2.2514
v  -101.2163 0.7837 -0.5575
v  -6.7443 12.7929 -1.5493
v  -6.7443 12.7929 -3.7536
v  -95.6531 12.7929 -3.7536
v  -95.6531 12.7929 -1.5493
v  -6.7443 12.7929 -5.5450
v  -95.6531 12.7929 -5.5450
v  -95.6531 12.7929 0.8076
v  -6.7443 12.7929 0.8076
v  -95.6531 12.7929 3.0572
v  -6.7443 12.7929 3.0572
v  82.1353 12.7929 0.8076
v  82.1353 12.7929 -1.5493
v  82.1353 12.7929 3.0572
v  82.1353 12.7929 -3.7536
v  82.1353 12.7929 -5.5450
v  -6.7159 0.7837 2.7727
v  -101.2163 0.7837 2.7727
v  -101.2163 0.7837 1.1365
v  -6.7159 0.7837 1.1365
v  87.7535 0.7837 1.1365
v  87.7535 0.7837 2.7727
v  87.7535 0.7837 4.2933
v  -6.7159 0.7837 4.2933
v  87.7535 0.7837 5.6407
v  -6.7159 0.7837 5.6407
v  -101.2163 0.7837 4.2933
v  -101.2163 0.7837 5.6407
v  -6.7439 12.6052 -7.2699
v  -6.7425 12.0423 -7.5264
v  -96.0008 12.0423 -7.5264
v  -95.7400 12.6052 -7.2699
v  -95.6531 12.7929 -6.6633
v  -6.7443 12.7929 -6.6633
v  82.1353 12.7929 -6.6633
v  82.2231 12.6052 -7.2699
v  82.4865 12.0423 -7.5264
v  -6.7163 0.9714 -7.3918
v  -101.1293 0.9714 -7.3918
v  -100.8686 1.5343 -7.5594
v  -6.7177 1.5343 -7.5594
v  87.4024 1.5343 -7.5594
v  87.6657 0.9714 -7.3918
v  87.7535 0.7837 -7.0125
v  -6.7159 0.7837 -7.0125
v  -101.2163 0.7837 -7.0125
v  -6.7163 0.9714 7.6521
v  -101.1293 0.9714 7.6521
v  -101.2163 0.7837 6.7571
v  -6.7159 0.7837 6.7571
v  87.7535 0.7837 6.7571
v  87.6657 0.9714 7.6521
v  87.4024 1.5343 8.3354
v  -6.7177 1.5343 8.3354
v  86.8757 2.6602 8.8166
v  -6.7203 2.6602 8.8166
v  -100.8686 1.5343 8.3354
v  -100.3470 2.6602 8.8166
v  -6.7439 12.6052 6.4620
v  -6.7443 12.7929 4.9390
v  -95.6531 12.7929 4.9390
v  -95.7400 12.6052 6.4620
v  -96.0008 12.0423 7.6348
v  -6.7425 12.0423 7.6348
v  -96.5223 10.9165 8.4663
v  -6.7399 10.9165 8.4663
v  82.4865 12.0423 7.6348
v  82.2231 12.6052 6.4620
v  83.0132 10.9165 8.4663
v  82.1353 12.7929 4.9390
v  -6.7301 6.7883 9.1665
v  -98.4347 6.7883 9.1665
v  -99.4778 4.5366 9.1053
v  -6.7248 4.5366 9.1053
v  85.9978 4.5366 9.1053
v  84.9444 6.7883 9.1665
v  83.8910 9.0400 8.9651
v  -6.7354 9.0400 8.9651
v  -97.3915 9.0400 8.9651
v  246.8034 8.6084 -3.8446
v  246.8013 1.8491 -3.8446
v  246.8013 1.8491 -5.2364
v  246.8033 8.6083 -5.2364
v  246.8013 1.8491 -6.3259
v  246.8034 8.6084 -6.3259
v  246.8040 27.8901 -5.2364
v  246.8040 27.8901 -3.8446
v  246.8040 65.8741 -5.2364
v  246.8040 65.8741 -3.8446
v  246.8040 27.8901 -6.3259
v  246.8040 65.8741 -6.3259
v  246.8040 27.8901 -2.2514
v  246.8034 8.6083 -2.2514
v  246.8040 27.8901 -0.5575
v  246.8034 8.6084 -0.5575
v  246.8040 65.8741 -2.2514
v  246.8040 65.8741 -0.5575
v  246.8013 1.8491 -2.2514
v  246.8013 1.8491 -0.5575
v  231.7919 20.1687 -1.5493
v  231.7920 20.1688 -3.7536
v  231.7899 13.8093 -3.7536
v  231.7899 13.8093 -1.5493
v  231.7919 20.1688 -5.5450
v  231.7899 13.8093 -5.5450
v  231.7899 13.8093 0.8076
v  231.7919 20.1688 0.8076
v  231.7899 13.8093 3.0572
v  231.7919 20.1688 3.0572
v  231.7926 38.3096 0.8076
v  231.7926 38.3096 -1.5493
v  231.7926 74.0461 0.8076
v  231.7926 74.0461 -1.5493
v  231.7926 38.3096 3.0572
v  231.7926 74.0461 3.0572
v  231.7926 38.3096 -3.7536
v  231.7926 38.3096 -5.5450
v  231.7926 74.0461 -3.7536
v  231.7926 74.0461 -5.5450
v  246.8034 8.6084 2.7727
v  246.8013 1.8491 2.7727
v  246.8013 1.8491 1.1365
v  246.8033 8.6083 1.1365
v  246.8040 27.8901 1.1365
v  246.8040 27.8901 2.7727
v  246.8040 65.8741 1.1365
v  246.8040 65.8741 2.7727
v  246.8040 27.8901 4.2933
v  246.8034 8.6083 4.2933
v  246.8040 27.8901 5.6407
v  246.8034 8.6084 5.6407
v  246.8040 65.8741 4.2933
v  246.8040 65.8741 5.6407
v  246.8013 1.8491 4.2933
v  246.8013 1.8491 5.6407
v  232.0265 19.9881 -7.2699
v  232.7301 19.4462 -7.5264
v  232.7281 13.0618 -7.5264
v  232.0244 13.6224 -7.2699
v  231.7899 13.8093 -6.6633
v  231.7919 20.1688 -6.6633
v  231.7926 38.3096 -6.6633
v  232.0272 38.1468 -7.2699
v  231.7926 74.0461 -6.6633
v  232.0272 73.9184 -7.2699
v  232.7309 37.6584 -7.5264
v  232.7309 73.5353 -7.5264
v  246.5688 8.7890 -7.3918
v  246.5667 2.0360 -7.3918
v  245.8631 2.5966 -7.5594
v  245.8651 9.3309 -7.5594
v  245.8658 28.5413 -7.5594
v  246.5695 28.0529 -7.3918
v  245.8658 66.3848 -7.5594
v  246.5695 66.0018 -7.3918
v  246.8040 27.8901 -7.0125
v  246.8034 8.6083 -7.0125
v  246.8040 65.8741 -7.0125
v  246.8013 1.8491 -7.0125
v  246.5688 8.7890 7.6521
v  246.5667 2.0360 7.6521
v  246.8013 1.8491 6.7571
v  246.8033 8.6083 6.7571
v  246.8040 27.8901 6.7571
v  246.5695 28.0529 7.6521
v  246.8040 65.8741 6.7571
v  246.5695 66.0018 7.6521
v  245.8658 28.5413 8.3354
v  245.8651 9.3309 8.3354
v  244.4585 29.5182 8.8166
v  244.4578 10.4147 8.8166
v  245.8658 66.3848 8.3354
v  244.4585 67.1510 8.8166
v  245.8631 2.5966 8.3354
v  244.4557 3.7179 8.8166
v  239.2983 204.0430 -7.6503
v  239.2983 277.1161 -7.6503
v  242.1130 277.9523 -7.6416
v  242.1130 204.0437 -7.6416
v  244.4585 278.6490 -7.6108
v  244.4585 204.0443 -7.6108
v  239.2983 338.1107 -7.6503
v  242.1130 339.6441 -7.6416
v  242.1130 130.1313 -7.6416
v  239.2984 130.9661 -7.6503
v  244.4585 129.4356 -7.6108
v  236.4837 131.8009 -7.6350
v  236.4837 204.0424 -7.6350
v  234.1382 132.4965 -7.5943
v  234.1382 204.0418 -7.5943
v  236.4837 276.2801 -7.6350
v  236.4837 336.5773 -7.6350
v  234.1382 275.5833 -7.5943
v  232.0265 19.9881 6.4620
v  231.7920 20.1688 4.9390
v  231.7899 13.8093 4.9390
v  232.0244 13.6224 6.4620
v  232.7281 13.0618 7.6348
v  232.7302 19.4462 7.6348
v  234.1354 11.9405 8.4663
v  234.1375 18.3624 8.4663
v  232.7309 37.6584 7.6348
v  232.0272 38.1468 6.4620
v  232.7309 73.5353 7.6348
v  232.0272 73.9184 6.4620
v  234.1382 36.6816 8.4663
v  234.1382 72.7692 8.4663
v  231.7926 38.3096 4.9390
v  231.7926 74.0461 4.9390
v  239.2976 14.3885 9.1665
v  239.2956 7.8292 9.1665
v  242.1102 5.5866 9.1053
v  242.1123 12.2210 9.1053
v  242.1130 31.1462 9.1053
v  239.2983 33.0999 9.1665
v  242.1130 68.4278 9.1053
v  239.2983 69.9601 9.1665
v  236.4837 35.0535 8.9651
v  236.4830 16.5561 8.9651
v  236.4837 71.4923 8.9651
v  236.4809 10.0717 8.9651
v  239.2976 393.6401 -7.6503
v  239.2956 400.1765 -7.6503
v  242.1102 402.4196 -7.6416
v  242.1123 395.8084 -7.6416
v  242.1130 376.9064 -7.6416
v  239.2983 374.9518 -7.6503
v  236.4837 372.9971 -7.6350
v  236.4830 391.4719 -7.6350
v  236.4809 397.9336 -7.6350
v  246.8040 204.0448 -3.8446
v  246.8040 128.7400 -3.8446
v  246.8040 128.7400 -5.2364
v  246.8040 204.0448 -5.2364
v  246.8040 128.7400 -6.3259
v  246.8040 204.0448 -6.3259
v  246.8040 279.3458 -5.2364
v  246.8040 279.3458 -3.8446
v  246.8040 279.3458 -6.3259
v  246.8040 279.3458 -2.2514
v  246.8040 204.0448 -2.2514
v  246.8040 279.3458 -0.5575
v  246.8040 204.0448 -0.5575
v  246.8040 128.7400 -2.2514
v  246.8040 128.7400 -0.5575
v  231.7926 204.0412 -1.5493
v  231.7926 204.0412 -3.7536
v  231.7926 133.1922 -3.7536
v  231.7926 133.1922 -1.5493
v  231.7926 204.0412 -5.5450
v  231.7926 133.1922 -5.5450
v  231.7926 133.1922 0.8076
v  231.7926 204.0412 0.8076
v  231.7926 133.1922 3.0572
v  231.7926 204.0412 3.0572
v  231.7926 274.8866 0.8076
v  231.7926 274.8866 -1.5493
v  231.7926 274.8866 3.0572
v  231.7926 274.8866 -3.7536
v  231.7926 274.8866 -5.5450
v  246.8040 204.0448 2.7727
v  246.8040 128.7400 2.7727
v  246.8040 128.7400 1.1365
v  246.8040 204.0448 1.1365
v  246.8040 279.3458 1.1365
v  246.8040 279.3458 2.7727
v  246.8040 279.3458 4.2933
v  246.8040 204.0448 4.2933
v  246.8040 279.3458 5.6407
v  246.8040 204.0448 5.6407
v  246.8040 128.7400 4.2933
v  246.8040 128.7400 5.6407
v  232.0272 204.0413 -7.2699
v  232.7309 204.0415 -7.5264
v  232.7309 132.9139 -7.5264
v  232.0272 133.1226 -7.2699
v  231.7926 133.1922 -6.6633
v  231.7926 204.0412 -6.6633
v  231.7926 274.8866 -6.6633
v  232.0272 274.9562 -7.2699
v  232.7309 275.1653 -7.5264
v  246.5695 204.0448 -7.3918
v  246.5695 128.8095 -7.3918
v  245.8658 129.0182 -7.5594
v  245.8658 204.0446 -7.5594
v  245.8658 279.0670 -7.5594
v  246.5695 279.2761 -7.3918
v  246.8040 279.3458 -7.0125
v  246.8040 204.0448 -7.0125
v  246.8040 128.7400 -7.0125
v  246.5695 204.0448 7.6521
v  246.5695 128.8095 7.6521
v  246.8040 128.7400 6.7571
v  246.8040 204.0448 6.7571
v  246.8040 279.3458 6.7571
v  246.5695 279.2761 7.6521
v  245.8658 279.0670 8.3354
v  245.8658 204.0446 8.3354
v  244.4585 278.6490 8.8166
v  244.4585 204.0443 8.8166
v  245.8658 129.0182 8.3354
v  244.4585 129.4356 8.8166
v  232.0272 204.0413 6.4620
v  231.7926 204.0412 4.9390
v  231.7926 133.1922 4.9390
v  232.0272 133.1226 6.4620
v  232.7309 132.9139 7.6348
v  232.7309 204.0414 7.6348
v  234.1382 132.4965 8.4663
v  234.1382 204.0418 8.4663
v  232.7309 275.1653 7.6348
v  232.0272 274.9562 6.4620
v  234.1382 275.5833 8.4663
v  231.7926 274.8866 4.9390
v  239.2983 204.0430 9.1665
v  239.2983 130.9661 9.1665
v  242.1130 130.1313 9.1053
v  242.1130 204.0437 9.1053
v  242.1130 277.9523 9.1053
v  239.2983 277.1161 9.1665
v  236.4837 276.2801 8.9651
v  236.4837 204.0424 8.9651
v  236.4837 131.8009 8.9651
v  229.8336 401.1786 9.1665
v  238.0199 401.1770 9.1665
v  240.8233 403.4287 9.1053
v  232.5435 403.4303 9.1053
v  243.1595 405.3051 8.8166
v  234.8017 405.3068 8.8166
v  208.8986 403.4309 9.1053
v  206.4560 401.1792 9.1665
v  210.9341 405.3073 8.8166
v  204.0134 398.9275 8.9651
v  227.1237 398.9269 8.9651
v  201.9779 397.0510 8.4663
v  224.8655 397.0505 8.4663
v  235.2164 398.9252 8.9651
v  232.8802 397.0488 8.4663
v  222.8331 395.3617 6.4620
v  222.6073 395.1740 4.9390
v  230.5441 395.1724 4.9390
v  230.7776 395.3600 6.4620
v  222.6073 395.1740 3.0572
v  230.5441 395.1724 3.0572
v  231.4785 395.9230 7.6348
v  223.5106 395.9246 7.6348
v  200.7565 395.9252 7.6348
v  200.1459 395.3622 6.4620
v  199.9423 395.1746 4.9390
v  199.9423 395.1746 3.0572
v  236.8341 406.9955 7.6521
v  245.2621 406.9939 7.6521
v  245.4957 407.1815 6.7571
v  237.0599 407.1832 6.7571
v  245.4957 407.1815 5.6407
v  237.0599 407.1832 5.6407
v  212.9696 407.1838 6.7571
v  212.7661 406.9961 7.6521
v  212.9696 407.1838 5.6407
v  212.1554 406.4332 8.3354
v  236.1566 406.4326 8.3354
v  244.5612 406.4310 8.3354
v  236.8341 406.9955 -7.3918
v  245.2621 406.9939 -7.3918
v  244.5612 406.4310 -7.5594
v  236.1566 406.4326 -7.5594
v  212.1554 406.4332 -7.5594
v  212.7661 406.9961 -7.3918
v  212.9696 407.1838 -7.0125
v  237.0599 407.1832 -7.0125
v  212.9696 407.1838 -6.3259
v  237.0599 407.1832 -6.3259
v  245.4957 407.1815 -7.0125
v  245.4957 407.1815 -6.3259
v  222.8331 395.3617 -7.2699
v  223.5106 395.9246 -7.5264
v  231.4785 395.9230 -7.5264
v  230.7777 395.3600 -7.2699
v  230.5441 395.1724 -6.6633
v  222.6073 395.1740 -6.6633
v  230.5441 395.1724 -5.5450
v  222.6073 395.1740 -5.5450
v  199.9423 395.1746 -6.6633
v  200.1459 395.3622 -7.2699
v  199.9423 395.1746 -5.5450
v  200.7565 395.9252 -7.5264
v  237.0599 407.1832 2.7727
v  245.4957 407.1815 2.7727
v  245.4957 407.1815 1.1365
v  237.0599 407.1832 1.1365
v  245.4957 407.1815 -0.5575
v  237.0599 407.1832 -0.5575
v  212.9696 407.1838 1.1365
v  212.9696 407.1838 2.7727
v  212.9696 407.1838 -0.5575
v  212.9696 407.1838 4.2933
v  237.0599 407.1832 4.2933
v  245.4957 407.1815 4.2933
v  222.6073 395.1740 -1.5493
v  222.6073 395.1740 -3.7536
v  230.5441 395.1724 -3.7536
v  230.5441 395.1724 -1.5493
v  230.5441 395.1724 0.8076
v  222.6073 395.1740 0.8076
v  199.9423 395.1746 0.8076
v  199.9423 395.1746 -1.5493
v  199.9423 395.1746 -3.7536
v  237.0599 407.1832 -3.8446
v  245.4957 407.1815 -3.8446
v  245.4957 407.1815 -5.2364
v  237.0599 407.1832 -5.2364
v  212.9696 407.1838 -5.2364
v  212.9696 407.1838 -3.8446
v  212.9696 407.1838 -2.2514
v  237.0599 407.1832 -2.2514
v  245.4957 407.1815 -2.2514
v  -7.2212 401.1792 -7.6503
v  -98.5710 401.1792 -7.6503
v  -99.6157 403.4309 -7.6416
v  -7.2215 403.4309 -7.6416
v  85.1744 403.4309 -7.6416
v  84.1303 401.1792 -7.6503
v  83.0862 398.9275 -7.6350
v  -7.2209 398.9275 -7.6350
v  -97.5264 398.9275 -7.6350
# 5760 vertices

vn 0.0000 0.0310 0.9995
vn 0.0000 -0.0898 0.9959
vn 0.0000 -0.2747 0.9615
vn 0.0004 -0.0896 0.9960
vn -0.0004 0.0302 0.9995
vn 0.0018 -0.0880 0.9961
vn -0.0011 0.0292 0.9995
vn 0.0014 -0.2735 0.9619
vn 0.0058 -0.2689 0.9631
vn -0.0015 0.1715 0.9852
vn 0.0000 0.1736 0.9848
vn -0.0035 0.4292 0.9032
vn -0.0000 0.4331 0.9013
vn -0.0047 0.1674 0.9859
vn -0.0116 0.4212 0.9069
vn 0.0000 0.4331 0.9013
vn -0.0248 0.0000 0.9997
vn 0.0720 0.0000 0.9974
vn 0.2240 0.0000 0.9746
vn 0.0720 0.0003 0.9974
vn -0.0245 -0.0002 0.9997
vn 0.0714 0.0012 0.9974
vn -0.0240 -0.0006 0.9997
vn 0.2236 0.0010 0.9747
vn 0.2216 0.0040 0.9751
vn -0.1391 -0.0009 0.9903
vn -0.1400 0.0000 0.9901
vn -0.3611 -0.0023 0.9325
vn -0.3630 -0.0001 0.9318
vn -0.1372 -0.0030 0.9905
vn -0.3572 -0.0078 0.9340
vn -0.3631 0.0000 0.9317
vn -0.5853 0.0001 -0.8108
vn -0.5854 0.0000 -0.8108
vn -0.9619 0.0000 -0.2734
vn -0.9619 0.0002 -0.2734
vn -1.0000 0.0000 -0.0000
vn -1.0000 0.0002 -0.0000
vn -0.9614 0.0093 -0.2748
vn -0.5849 0.0045 -0.8111
vn -0.9599 0.0322 -0.2785
vn -0.5808 0.0176 -0.8138
vn -0.9999 0.0087 -0.0000
vn -0.9995 0.0319 -0.0000
vn -0.1346 0.0008 -0.9909
vn -0.1347 0.0000 -0.9909
vn -0.0247 0.0002 -0.9997
vn -0.0248 0.0000 -0.9997
vn -0.1328 0.0037 -0.9911
vn -0.0244 0.0007 -0.9997
vn 0.0000 -0.0310 0.9995
vn 0.0000 0.0898 0.9959
vn 0.0000 0.2747 0.9615
vn -0.0002 0.0897 0.9959
vn 0.0002 -0.0306 0.9995
vn -0.0009 0.0889 0.9960
vn 0.0006 -0.0300 0.9995
vn -0.0007 0.2741 0.9617
vn -0.0030 0.2717 0.9624
vn 0.0007 -0.1726 0.9850
vn 0.0000 -0.1736 0.9848
vn 0.0018 -0.4312 0.9022
vn 0.0000 -0.4331 0.9013
vn 0.0024 -0.1704 0.9854
vn 0.0060 -0.4270 0.9042
vn 0.0001 -0.9596 0.2812
vn 0.0001 -0.9981 0.0613
vn 0.0000 -0.9981 0.0613
vn 0.0000 -0.9596 0.2812
vn 0.0000 -0.9981 0.0612
vn 0.0001 -1.0000 -0.0000
vn 0.0000 -1.0000 -0.0000
vn 0.0000 -0.7705 0.6374
vn 0.0001 -0.7705 0.6374
vn 0.0000 -0.7705 0.6373
vn 0.0027 -0.7692 0.6389
vn 0.0031 -0.9593 0.2821
vn 0.0099 -0.7659 0.6429
vn 0.0120 -0.9585 0.2850
vn 0.0034 -0.9981 0.0615
vn 0.0036 -1.0000 -0.0000
vn 0.0128 -0.9980 0.0622
vn 0.0132 -0.9999 -0.0000
vn 0.7002 -0.0001 -0.7140
vn 0.9830 -0.0002 -0.1834
vn 0.9830 0.0000 -0.1834
vn 0.7002 0.0000 -0.7139
vn 1.0000 -0.0002 -0.0000
vn 1.0000 0.0000 -0.0000
vn 0.1975 0.0000 -0.9803
vn 0.1975 -0.0000 -0.9803
vn 0.0327 0.0000 -0.9995
vn 0.1950 -0.0023 -0.9808
vn 0.6974 -0.0066 -0.7166
vn 0.1908 -0.0073 -0.9816
vn 0.6919 -0.0236 -0.7216
vn 0.0324 -0.0003 -0.9995
vn 0.0317 -0.0011 -0.9995
vn 0.9828 -0.0083 -0.1846
vn 0.9999 -0.0092 -0.0000
vn 0.9817 -0.0319 -0.1877
vn 0.9994 -0.0338 -0.0000
vn -0.9405 -0.0002 0.3397
vn -0.9971 -0.0002 0.0763
vn -0.9971 0.0000 0.0763
vn -0.9405 0.0000 0.3397
vn -1.0000 -0.0002 -0.0000
vn -0.7047 0.0000 0.7095
vn -0.7046 -0.0001 0.7095
vn -0.7029 -0.0040 0.7112
vn -0.9400 -0.0050 0.3410
vn -0.6989 -0.0144 0.7150
vn -0.9387 -0.0187 0.3442
vn -0.9970 -0.0055 0.0767
vn -1.0000 -0.0057 -0.0000
vn -0.9968 -0.0202 0.0775
vn -0.9998 -0.0207 -0.0000
vn 0.0012 0.0000 -1.0000
vn -0.0081 0.0000 -0.9999
vn 0.0011 0.0000 -1.0000
vn -0.0080 0.0002 -0.9999
vn 0.0011 -0.0001 -1.0000
vn 0.0112 -0.0001 -0.9999
vn 0.0114 0.0000 -0.9999
vn 0.0110 -0.0004 -0.9999
vn -0.0012 0.0000 -1.0000
vn 0.0081 0.0000 -0.9999
vn 0.0248 0.0000 -0.9997
vn 0.0081 -0.0000 -0.9999
vn -0.0011 0.0000 -1.0000
vn 0.0080 -0.0001 -0.9999
vn 0.0248 -0.0001 -0.9997
vn 0.0245 -0.0004 -0.9997
vn -0.0113 0.0001 -0.9999
vn -0.0114 0.0000 -0.9999
vn -0.0325 0.0002 -0.9995
vn -0.0327 0.0000 -0.9995
vn -0.0111 0.0002 -0.9999
vn -0.0321 0.0007 -0.9995
vn 0.8637 0.0002 0.5040
vn 0.8637 0.0000 0.5040
vn 0.9918 0.0000 0.1278
vn 0.9918 0.0002 0.1278
vn 1.0000 0.0002 -0.0000
vn 0.9917 0.0056 0.1283
vn 0.8630 0.0049 0.5052
vn 0.9913 0.0199 0.1297
vn 0.8608 0.0172 0.5086
vn 1.0000 0.0053 -0.0000
vn 0.9998 0.0195 -0.0000
vn 0.5218 0.0026 0.8530
vn 0.5227 0.0001 0.8525
vn 0.5184 0.0097 0.8550
vn 0.5227 0.0000 0.8525
vn 0.0000 0.0014 -1.0000
vn 0.0000 -0.0101 -0.9999
vn 0.0000 -0.0310 -0.9995
vn -0.0001 -0.0100 -0.9999
vn -0.0001 -0.0309 -0.9995
vn -0.0004 -0.0305 -0.9995
vn 0.0001 0.0141 -0.9999
vn 0.0000 0.0142 -0.9999
vn 0.0002 0.0406 -0.9991
vn 0.0000 0.0409 -0.9991
vn 0.0002 0.0139 -0.9999
vn 0.0007 0.0399 -0.9992
vn -0.0001 0.9013 0.4331
vn 0.0000 0.9013 0.4331
vn 0.0000 0.9947 0.1032
vn -0.0001 0.9947 0.1032
vn 0.0000 1.0000 -0.0000
vn -0.0001 1.0000 -0.0000
vn 0.0000 0.9947 0.1031
vn -0.0036 0.9946 0.1036
vn -0.0033 0.9007 0.4345
vn -0.0128 0.9944 0.1047
vn -0.0116 0.8989 0.4380
vn -0.0034 1.0000 -0.0000
vn -0.0124 0.9999 -0.0000
vn -0.0018 0.5983 0.8013
vn -0.0001 0.5994 0.8004
vn -0.0070 0.5947 0.8039
vn 0.0000 0.5994 0.8004
vn 0.0248 0.0000 0.9997
vn -0.0720 0.0000 0.9974
vn -0.2240 0.0000 0.9746
vn -0.2240 -0.0000 0.9746
vn -0.0720 -0.0003 0.9974
vn 0.0244 0.0003 0.9997
vn -0.0712 -0.0015 0.9974
vn 0.0238 0.0008 0.9997
vn -0.2235 -0.0012 0.9747
vn -0.2210 -0.0049 0.9752
vn 0.1389 0.0011 0.9903
vn 0.1400 0.0000 0.9901
vn 0.3606 0.0028 0.9327
vn 0.3630 0.0001 0.9318
vn 0.1366 0.0037 0.9906
vn 0.3558 0.0096 0.9345
vn 0.3631 0.0000 0.9317
vn -0.0001 0.9596 0.2812
vn -0.0001 0.9981 0.0613
vn 0.0000 0.9981 0.0613
vn 0.0000 0.9596 0.2812
vn 0.0000 0.7705 0.6374
vn -0.0001 0.7705 0.6374
vn 0.0000 0.7705 0.6373
vn -0.0053 0.7680 0.6404
vn -0.0061 0.9591 0.2831
vn -0.0194 0.7613 0.6480
vn -0.0234 0.9572 0.2885
vn -0.0067 0.9980 0.0617
vn -0.0070 1.0000 -0.0000
vn -0.0250 0.9977 0.0631
vn -0.0256 0.9997 -0.0000
vn 0.0000 -0.0014 -1.0000
vn 0.0000 0.0101 -0.9999
vn 0.0000 0.0310 -0.9995
vn 0.0001 0.0100 -0.9999
vn -0.0000 -0.0014 -1.0000
vn 0.0001 0.0309 -0.9995
vn 0.0003 0.0306 -0.9995
vn -0.0001 -0.0141 -0.9999
vn 0.0000 -0.0142 -0.9999
vn -0.0002 -0.0407 -0.9991
vn 0.0000 -0.0409 -0.9991
vn -0.0002 -0.0139 -0.9999
vn -0.0005 -0.0402 -0.9992
vn -0.5128 -0.5927 0.6210
vn -0.6603 -0.7330 0.1634
vn -0.9889 0.0924 0.1160
vn -0.8752 0.0934 0.4746
vn -0.8864 0.4582 0.0657
vn -0.8481 0.4377 0.2984
vn -0.6771 -0.7359 -0.0000
vn -0.9973 0.0726 -0.0000
vn -0.8914 0.4532 -0.0000
vn -0.5230 0.0359 0.8515
vn -0.2600 -0.3024 0.9170
vn -0.2177 0.0101 0.9760
vn -0.1059 -0.1227 0.9868
vn -0.6532 0.3129 0.6895
vn -0.3251 0.1441 0.9346
vn 0.0241 -0.6142 0.7888
vn 0.0669 -0.9178 0.3914
vn 0.2285 -0.7416 0.6307
vn 0.3044 -0.9167 0.2587
vn 0.0039 -0.2715 0.9624
vn 0.1119 -0.3963 0.9113
vn 0.0641 -0.9937 0.0917
vn 0.0485 -0.9988 -0.0000
vn 0.3151 -0.9474 0.0560
vn 0.3106 -0.9505 -0.0000
vn -0.2804 0.3173 -0.9059
vn -0.6158 0.7031 -0.3555
vn -0.9619 -0.1188 -0.2461
vn -0.5794 -0.0672 -0.8123
vn -0.8734 -0.4653 -0.1437
vn -0.6782 -0.3628 -0.6390
vn -0.6767 0.7362 -0.0000
vn -0.9974 -0.0723 -0.0000
vn -0.8913 -0.4534 -0.0000
vn -0.1452 -0.0343 -0.9888
vn -0.0558 0.0615 -0.9965
vn -0.0515 -0.0355 -0.9980
vn -0.0116 0.0133 -0.9998
vn -0.2412 -0.1454 -0.9595
vn -0.0893 -0.0813 -0.9927
vn 0.0244 0.1849 -0.9824
vn 0.0499 0.6649 -0.7453
vn 0.1147 0.2980 -0.9476
vn 0.2632 0.7614 -0.5924
vn 0.0279 0.0647 -0.9975
vn 0.0649 0.1119 -0.9916
vn 0.0840 0.9770 -0.1958
vn 0.0486 0.9988 -0.0000
vn 0.3213 0.9388 -0.1238
vn 0.3102 0.9507 -0.0000
vn 0.2810 -0.3171 -0.9058
vn 0.6160 -0.7030 -0.3553
vn 0.9620 0.1185 -0.2458
vn 0.5799 0.0674 -0.8119
vn 0.8736 0.4649 -0.1437
vn 0.6780 0.3626 -0.6393
vn 0.6768 -0.7361 -0.0000
vn 0.9974 0.0717 -0.0000
vn 0.8916 0.4528 -0.0000
vn 0.1453 0.0345 -0.9888
vn 0.0559 -0.0615 -0.9965
vn 0.0515 0.0356 -0.9980
vn 0.0115 -0.0133 -0.9998
vn 0.2414 0.1455 -0.9594
vn 0.0894 0.0813 -0.9926
vn -0.0242 -0.1847 -0.9825
vn -0.0496 -0.6647 -0.7454
vn -0.1147 -0.2982 -0.9476
vn -0.2632 -0.7613 -0.5925
vn -0.0279 -0.0648 -0.9975
vn -0.0649 -0.1119 -0.9916
vn -0.0843 -0.9770 -0.1959
vn -0.0486 -0.9988 -0.0000
vn -0.3218 -0.9387 -0.1236
vn -0.3107 -0.9505 -0.0000
vn 0.5119 0.5930 0.6215
vn 0.6602 0.7331 0.1633
vn 0.9890 -0.0913 0.1161
vn 0.8750 -0.0929 0.4750
vn 0.8865 -0.4580 0.0657
vn 0.8482 -0.4374 0.2986
vn 0.6770 0.7360 -0.0000
vn 0.9974 -0.0713 -0.0000
vn 0.8916 -0.4528 -0.0000
vn 0.5222 -0.0356 0.8520
vn 0.2593 0.3024 0.9172
vn 0.2174 -0.0099 0.9760
vn 0.1058 0.1228 0.9868
vn 0.6532 -0.3128 0.6895
vn 0.3249 -0.1439 0.9347
vn -0.0241 0.6145 0.7885
vn -0.0670 0.9178 0.3912
vn -0.2283 0.7416 0.6308
vn -0.3043 0.9168 0.2587
vn -0.0037 0.2714 0.9625
vn -0.1122 0.3963 0.9112
vn -0.0637 0.9937 0.0917
vn -0.0480 0.9988 -0.0000
vn -0.3149 0.9474 0.0560
vn -0.3102 0.9507 -0.0000
vn 0.5959 0.6781 0.4302
vn 0.6685 0.7374 0.0965
vn 0.9942 -0.0815 0.0698
vn 0.9450 -0.0836 0.3162
vn 0.8898 -0.4547 0.0395
vn 0.8767 -0.4424 0.1890
vn 0.6760 0.7368 -0.0000
vn 0.9974 -0.0716 -0.0000
vn 0.7065 -0.0365 0.7067
vn 0.3817 0.4456 0.8097
vn 0.3373 0.0089 0.9413
vn 0.1765 0.2047 0.9628
vn 0.7782 -0.3617 0.5133
vn 0.4697 -0.1811 0.8640
vn -0.0260 0.7847 0.6193
vn -0.0592 0.9653 0.2543
vn -0.2559 0.8542 0.4525
vn -0.3053 0.9385 0.1612
vn 0.0119 0.4122 0.9110
vn -0.1370 0.5550 0.8205
vn -0.0570 0.9968 0.0553
vn -0.0494 0.9987 -0.0000
vn -0.3124 0.9493 0.0335
vn -0.3107 0.9505 -0.0000
vn 0.3620 -0.4158 -0.8343
vn 0.6458 -0.7259 -0.2365
vn 0.9809 0.1024 -0.1653
vn 0.7019 0.0849 -0.7072
vn 0.8823 0.4611 -0.0945
vn 0.7538 0.4018 -0.5199
vn 0.6764 -0.7366 -0.0000
vn 0.9975 0.0711 -0.0000
vn 0.8917 0.4526 -0.0000
vn 0.1977 0.0320 -0.9797
vn 0.0821 -0.0896 -0.9926
vn 0.0581 0.0345 -0.9977
vn 0.0152 -0.0176 -0.9997
vn 0.3158 0.1747 -0.9326
vn 0.0991 0.0837 -0.9915
vn -0.0211 -0.2498 -0.9680
vn -0.0641 -0.7755 -0.6280
vn -0.1361 -0.3842 -0.9132
vn -0.2873 -0.8341 -0.4709
vn -0.0269 -0.0731 -0.9969
vn -0.0670 -0.1242 -0.9900
vn -0.0721 -0.9887 -0.1310
vn -0.0482 -0.9988 -0.0000
vn -0.3175 -0.9448 -0.0807
vn -0.3100 -0.9507 -0.0000
vn -0.3622 0.4154 -0.8344
vn -0.6459 0.7259 -0.2365
vn -0.9809 -0.1026 -0.1654
vn -0.7019 -0.0850 -0.7072
vn -0.8821 -0.4614 -0.0945
vn -0.7539 -0.4020 -0.5195
vn -0.6760 0.7369 -0.0000
vn -0.9974 -0.0713 -0.0000
vn -0.8915 -0.4530 -0.0000
vn -0.1974 -0.0320 -0.9798
vn -0.0822 0.0897 -0.9926
vn -0.0580 -0.0345 -0.9977
vn -0.0152 0.0176 -0.9997
vn -0.3160 -0.1748 -0.9325
vn -0.0990 -0.0837 -0.9915
vn 0.0208 0.2495 -0.9681
vn 0.0641 0.7760 -0.6274
vn 0.1362 0.3845 -0.9130
vn 0.2875 0.8339 -0.4711
vn 0.0270 0.0731 -0.9969
vn 0.0668 0.1240 -0.9900
vn 0.0729 0.9887 -0.1307
vn 0.0494 0.9988 -0.0000
vn 0.3182 0.9446 -0.0806
vn 0.3108 0.9505 -0.0000
vn -0.5952 -0.6786 0.4302
vn -0.6686 -0.7373 0.0965
vn -0.9942 0.0813 0.0698
vn -0.9449 0.0834 0.3164
vn -0.8896 0.4549 0.0395
vn -0.8766 0.4425 0.1889
vn -0.6764 -0.7365 -0.0000
vn -0.9975 0.0710 -0.0000
vn -0.8915 0.4530 -0.0000
vn -0.7060 0.0363 0.7072
vn -0.3812 -0.4464 0.8095
vn -0.3370 -0.0091 0.9414
vn -0.1766 -0.2050 0.9627
vn -0.7783 0.3616 0.5132
vn -0.4694 0.1809 0.8642
vn 0.0267 -0.7848 0.6192
vn 0.0597 -0.9653 0.2540
vn 0.2561 -0.8542 0.4525
vn 0.3051 -0.9385 0.1613
vn -0.0120 -0.4125 0.9109
vn 0.1371 -0.5549 0.8205
vn 0.0566 -0.9969 0.0553
vn 0.0481 -0.9988 -0.0000
vn 0.3121 -0.9495 0.0335
vn 0.3105 -0.9506 -0.0000
vn 0.0129 -0.0157 0.9998
vn -0.0344 0.0396 0.9986
vn 0.0129 0.1016 0.9947
vn 0.0488 0.0293 0.9984
vn 0.0575 0.1591 0.9856
vn 0.0804 0.0690 0.9944
vn -0.1058 0.1229 0.9868
vn 0.0037 0.2715 0.9624
vn 0.1120 0.3963 0.9113
vn 0.1304 -0.0039 0.9914
vn 0.0690 -0.0808 0.9943
vn 0.3374 -0.0089 0.9413
vn 0.1766 -0.2050 0.9627
vn 0.1894 0.0677 0.9796
vn 0.4697 0.1814 0.8639
vn 0.0067 -0.1614 0.9868
vn -0.0230 -0.0606 0.9979
vn -0.0524 -0.2353 0.9705
vn -0.0547 -0.0999 0.9935
vn 0.0120 -0.4124 0.9109
vn -0.1370 -0.5548 0.8206
vn -0.0818 -0.0192 0.9965
vn -0.2173 -0.0099 0.9760
vn -0.1271 -0.0733 0.9892
vn -0.3251 -0.1442 0.9346
vn -0.0129 -0.0156 0.9998
vn -0.0691 -0.0806 0.9943
vn -0.1304 -0.0039 0.9914
vn -0.0489 0.0292 0.9984
vn -0.1890 0.0674 0.9796
vn -0.0803 0.0689 0.9944
vn -0.0129 0.1015 0.9947
vn 0.0344 0.0396 0.9986
vn -0.0575 0.1591 0.9856
vn 0.0817 -0.0192 0.9965
vn 0.0230 -0.0606 0.9979
vn 0.1272 -0.0733 0.9891
vn 0.0548 -0.0999 0.9935
vn -0.0067 -0.1614 0.9868
vn 0.0525 -0.2352 0.9705
vn -0.0128 0.0157 0.9998
vn -0.0689 0.0806 0.9944
vn -0.0065 0.1616 0.9868
vn 0.0231 0.0607 0.9979
vn 0.0526 0.2353 0.9705
vn 0.0548 0.0999 0.9935
vn -0.1764 0.2050 0.9627
vn -0.0120 0.4125 0.9109
vn 0.1369 0.5549 0.8206
vn 0.0818 0.0193 0.9964
vn 0.0344 -0.0394 0.9986
vn 0.2178 0.0102 0.9759
vn 0.1058 -0.1226 0.9868
vn 0.1273 0.0733 0.9891
vn 0.3250 0.1439 0.9347
vn -0.0130 -0.1017 0.9947
vn -0.0489 -0.0292 0.9984
vn -0.0576 -0.1593 0.9855
vn -0.0804 -0.0691 0.9944
vn -0.0040 -0.2715 0.9624
vn -0.1120 -0.3963 0.9113
vn -0.1306 0.0038 0.9914
vn -0.3373 0.0090 0.9413
vn -0.1894 -0.0677 0.9796
vn -0.4695 -0.1809 0.8642
vn -0.0006 -0.0007 -1.0000
vn 0.0039 0.0045 -1.0000
vn -0.0288 0.0457 -0.9985
vn -0.0320 0.0385 -0.9987
vn -0.0580 0.0826 -0.9949
vn -0.0595 0.0729 -0.9955
vn 0.0116 0.0133 -0.9998
vn -0.0279 0.0647 -0.9975
vn -0.0650 0.1120 -0.9916
vn -0.0390 0.0352 -0.9986
vn -0.0056 -0.0064 -0.9999
vn -0.0580 0.0344 -0.9977
vn -0.0152 -0.0176 -0.9997
vn -0.0687 0.0721 -0.9950
vn -0.0990 0.0837 -0.9915
vn 0.0280 -0.0487 -0.9984
vn 0.0308 -0.0400 -0.9987
vn 0.0576 -0.0862 -0.9946
vn 0.0583 -0.0744 -0.9955
vn 0.0269 -0.0732 -0.9969
vn 0.0669 -0.1241 -0.9900
vn 0.0367 -0.0364 -0.9987
vn 0.0516 -0.0356 -0.9980
vn 0.0660 -0.0727 -0.9951
vn 0.0893 -0.0812 -0.9927
vn 0.0006 -0.0007 -1.0000
vn 0.0055 -0.0065 -0.9999
vn 0.0390 0.0353 -0.9986
vn 0.0320 0.0385 -0.9987
vn 0.0688 0.0722 -0.9950
vn 0.0595 0.0729 -0.9955
vn 0.0287 0.0457 -0.9985
vn -0.0039 0.0045 -1.0000
vn 0.0581 0.0826 -0.9949
vn -0.0367 -0.0364 -0.9987
vn -0.0308 -0.0400 -0.9987
vn -0.0659 -0.0727 -0.9951
vn -0.0583 -0.0744 -0.9955
vn -0.0279 -0.0487 -0.9984
vn -0.0577 -0.0862 -0.9946
vn 0.0006 0.0007 -1.0000
vn 0.0055 0.0065 -0.9999
vn -0.0280 0.0487 -0.9984
vn -0.0308 0.0400 -0.9987
vn -0.0577 0.0862 -0.9946
vn -0.0584 0.0744 -0.9955
vn 0.0152 0.0176 -0.9997
vn -0.0269 0.0731 -0.9969
vn -0.0668 0.1240 -0.9900
vn -0.0367 0.0364 -0.9987
vn -0.0038 -0.0045 -1.0000
vn -0.0515 0.0356 -0.9980
vn -0.0115 -0.0134 -0.9998
vn -0.0660 0.0728 -0.9951
vn -0.0893 0.0813 -0.9926
vn 0.0288 -0.0457 -0.9985
vn 0.0320 -0.0385 -0.9987
vn 0.0581 -0.0826 -0.9949
vn 0.0595 -0.0729 -0.9955
vn 0.0279 -0.0648 -0.9975
vn 0.0649 -0.1119 -0.9916
vn 0.0390 -0.0353 -0.9986
vn 0.0581 -0.0345 -0.9977
vn 0.0688 -0.0721 -0.9950
vn 0.0990 -0.0836 -0.9915
vn 0.0129 0.0157 0.9998
vn -0.0344 -0.0396 0.9986
vn -0.0819 0.0192 0.9964
vn -0.0230 0.0606 0.9979
vn -0.1273 0.0733 0.9891
vn -0.0548 0.1000 0.9935
vn 0.0065 0.1614 0.9868
vn 0.0690 0.0806 0.9943
vn -0.0526 0.2354 0.9705
vn 0.1306 0.0038 0.9914
vn 0.0489 -0.0293 0.9984
vn 0.1893 -0.0676 0.9796
vn 0.0803 -0.0690 0.9944
vn 0.0130 -0.1017 0.9947
vn 0.0576 -0.1593 0.9855
vn -0.0006 0.0007 -1.0000
vn 0.0039 -0.0045 -1.0000
vn 0.0367 0.0363 -0.9987
vn 0.0308 0.0400 -0.9987
vn 0.0660 0.0727 -0.9951
vn 0.0583 0.0744 -0.9955
vn 0.0280 0.0488 -0.9984
vn -0.0056 0.0064 -0.9999
vn 0.0577 0.0862 -0.9946
vn -0.0390 -0.0353 -0.9986
vn -0.0320 -0.0385 -0.9987
vn -0.0688 -0.0722 -0.9950
vn -0.0595 -0.0729 -0.9955
vn -0.0288 -0.0457 -0.9985
vn -0.0580 -0.0825 -0.9949
vn 0.0001 -0.9013 0.4331
vn 0.0000 -0.9013 0.4331
vn 0.0000 -0.9947 0.1031
vn 0.0001 -0.9947 0.1032
vn 0.0071 -0.9945 0.1040
vn 0.0065 -0.9000 0.4359
vn 0.0250 -0.9940 0.1062
vn 0.0227 -0.8964 0.4426
vn 0.0067 -1.0000 -0.0000
vn 0.0243 -0.9997 -0.0000
vn 0.0036 -0.5972 0.8020
vn 0.0001 -0.5994 0.8004
vn 0.0136 -0.5904 0.8070
vn 0.0000 -0.5994 0.8004
vn -0.0485 -0.6236 -0.7802
vn -0.0844 -0.9653 -0.2471
vn -0.2004 -0.9421 -0.2687
vn -0.1100 -0.5971 -0.7946
vn -0.1713 -0.9485 -0.2665
vn -0.1062 -0.5726 -0.8129
vn -0.0828 -0.9966 -0.0000
vn -0.2002 -0.9797 -0.0000
vn -0.1927 -0.9812 -0.0000
vn -0.0203 -0.1491 -0.9886
vn -0.0102 -0.1571 -0.9875
vn -0.0001 -0.0317 -0.9995
vn -0.0013 -0.0296 -0.9995
vn -0.0179 -0.1386 -0.9902
vn 0.0052 -0.0367 -0.9993
vn -0.0048 -0.1619 -0.9868
vn -0.0217 -0.6351 -0.7721
vn -0.0020 -0.1648 -0.9863
vn -0.0092 -0.6406 -0.7678
vn -0.0009 -0.0300 -0.9995
vn -0.0367 -0.9709 -0.2366
vn -0.0359 -0.9993 -0.0000
vn -0.0158 -0.9727 -0.2316
vn -0.0152 -0.9999 -0.0000
vn -0.8402 -0.1123 0.5304
vn -0.9814 -0.1321 0.1391
vn -0.9411 -0.3032 0.1495
vn -0.7955 -0.2517 0.5511
vn -0.9478 -0.2805 0.1515
vn -0.7911 -0.2271 0.5679
vn -0.9914 -0.1307 -0.0000
vn -0.9528 -0.3034 -0.0000
vn -0.9568 -0.2907 -0.0000
vn -0.4579 -0.1348 0.8787
vn -0.4940 -0.0618 0.8672
vn -0.1930 -0.0516 0.9798
vn -0.2087 -0.0248 0.9777
vn -0.4369 -0.1219 0.8912
vn -0.1830 -0.0429 0.9821
vn -0.5098 -0.0280 0.8598
vn -0.8546 -0.0497 0.5169
vn -0.5174 -0.0119 0.8556
vn -0.8601 -0.0213 0.5096
vn -0.2168 -0.0115 0.9761
vn -0.9894 -0.0576 0.1331
vn -0.9984 -0.0569 -0.0000
vn -0.9912 -0.0246 0.1301
vn -0.9997 -0.0241 -0.0000
vn -0.0639 0.8862 0.4588
vn -0.0716 0.9911 0.1118
vn -0.1956 0.9727 0.1249
vn -0.1688 0.8538 0.4925
vn -0.1847 0.9749 0.1244
vn -0.1559 0.8545 0.4954
vn -0.0699 0.9975 -0.0000
vn -0.1923 0.9813 -0.0000
vn -0.1931 0.9812 -0.0000
vn -0.0937 0.5374 0.8381
vn -0.0377 0.5741 0.8179
vn -0.0365 0.2405 0.9699
vn -0.0157 0.2590 0.9657
vn -0.0951 0.5183 0.8499
vn -0.0361 0.2271 0.9732
vn -0.0166 0.5882 0.8085
vn -0.0274 0.8953 0.4445
vn -0.0071 0.2675 0.9635
vn -0.0302 0.9938 0.1069
vn -0.0295 0.9995 -0.0000
vn -0.5589 0.0875 -0.8245
vn -0.9418 0.1601 -0.2954
vn -0.8989 0.3110 -0.3087
vn -0.5258 0.1684 -0.8337
vn -0.9115 0.2622 -0.3168
vn -0.4982 0.1411 -0.8555
vn -0.9866 0.1628 -0.0000
vn -0.9463 0.3233 -0.0000
vn -0.9567 0.2910 -0.0000
vn -0.1175 0.0304 -0.9926
vn -0.1251 0.0174 -0.9920
vn -0.0251 0.0007 -0.9997
vn -0.0234 0.0023 -0.9997
vn -0.1107 0.0200 -0.9937
vn -0.0293 -0.0069 -0.9995
vn -0.1299 0.0085 -0.9915
vn -0.5736 0.0408 -0.8181
vn -0.0238 0.0015 -0.9997
vn -0.9557 0.0739 -0.2848
vn -0.9972 0.0743 -0.0000
vn 0.1078 -0.8735 0.4747
vn 0.1218 -0.9856 0.1175
vn 0.2245 -0.9660 0.1279
vn 0.1936 -0.8432 0.5016
vn 0.1841 -0.9750 0.1244
vn 0.1555 -0.8544 0.4958
vn 0.1198 -0.9928 -0.0000
vn 0.2231 -0.9748 -0.0000
vn 0.1925 -0.9813 -0.0000
vn 0.1107 -0.5200 0.8469
vn 0.0633 -0.5560 0.8287
vn 0.0441 -0.2293 0.9724
vn 0.0264 -0.2481 0.9684
vn 0.0948 -0.5181 0.8500
vn 0.0360 -0.2269 0.9732
vn 0.0310 -0.5783 0.8152
vn 0.0514 -0.8895 0.4541
vn 0.0133 -0.2612 0.9652
vn 0.0572 -0.9922 0.1101
vn 0.0560 -0.9984 -0.0000
vn 0.5696 -0.0568 -0.8199
vn 0.9517 -0.1046 -0.2888
vn 0.9109 -0.2793 -0.3037
vn 0.5428 -0.1489 -0.8265
vn 0.9116 -0.2622 -0.3166
vn 0.4985 -0.1413 -0.8553
vn 0.9944 -0.1053 -0.0000
vn 0.9578 -0.2873 -0.0000
vn 0.9567 -0.2911 -0.0000
vn 0.1232 -0.0262 -0.9920
vn 0.1288 -0.0112 -0.9916
vn 0.0257 -0.0002 -0.9997
vn 0.0240 -0.0014 -0.9997
vn 0.1107 -0.0200 -0.9936
vn 0.0293 0.0069 -0.9995
vn 0.1318 -0.0051 -0.9912
vn 0.5785 -0.0244 -0.8153
vn 0.1336 -0.0021 -0.9910
vn 0.5828 -0.0103 -0.8126
vn 0.0242 -0.0009 -0.9997
vn 0.9588 -0.0442 -0.2805
vn 0.9990 -0.0442 -0.0000
vn 0.9608 -0.0188 -0.2765
vn 0.9998 -0.0186 -0.0000
vn 0.0406 0.6272 -0.7778
vn 0.0706 0.9671 -0.2442
vn 0.1921 0.9443 -0.2670
vn 0.1037 0.6019 -0.7918
vn 0.1722 0.9483 -0.2665
vn 0.1061 0.5730 -0.8126
vn 0.0687 0.9976 -0.0000
vn 0.1914 0.9815 -0.0000
vn 0.1935 0.9811 -0.0000
vn 0.0188 0.1517 -0.9882
vn 0.0085 0.1588 -0.9873
vn -0.0001 0.0320 -0.9995
vn 0.0011 0.0299 -0.9995
vn 0.0179 0.1385 -0.9902
vn -0.0052 0.0367 -0.9993
vn 0.0039 0.1628 -0.9866
vn 0.0175 0.6369 -0.7707
vn 0.0016 0.1652 -0.9862
vn 0.0074 0.6413 -0.7672
vn 0.0007 0.0302 -0.9995
vn 0.0298 0.9715 -0.2349
vn 0.0291 0.9996 -0.0000
vn 0.0127 0.9729 -0.2308
vn 0.0122 0.9999 -0.0000
vn 0.8447 0.0946 0.5268
vn 0.9843 0.1109 0.1375
vn 0.9450 0.2911 0.1488
vn 0.8002 0.2416 0.5488
vn 0.9476 0.2812 0.1516
vn 0.7909 0.2276 0.5679
vn 0.9940 0.1096 -0.0000
vn 0.9568 0.2907 -0.0000
vn 0.9565 0.2918 -0.0000
vn 0.4633 0.1286 0.8768
vn 0.4987 0.0521 0.8652
vn 0.1959 0.0491 0.9794
vn 0.2112 0.0209 0.9772
vn 0.4368 0.1222 0.8912
vn 0.1829 0.0431 0.9822
vn 0.5122 0.0229 0.8585
vn 0.8564 0.0406 0.5146
vn 0.2181 0.0094 0.9759
vn 0.9901 0.0469 0.1321
vn 0.9989 0.0464 -0.0000
vn 0.6630 0.0943 -0.7427
vn 0.9707 0.1325 -0.2004
vn 0.9256 0.3091 -0.2185
vn 0.5998 0.2092 -0.7723
vn 0.9226 0.3214 -0.2131
vn 0.6351 0.2218 -0.7399
vn 0.9903 0.1391 -0.0000
vn 0.9469 0.3216 -0.0000
vn 0.9471 0.3210 -0.0000
vn 0.1416 0.0578 -0.9882
vn 0.1720 0.0274 -0.9847
vn 0.0202 0.0141 -0.9997
vn 0.0280 0.0053 -0.9996
vn 0.1611 0.0649 -0.9848
vn 0.0171 0.0212 -0.9996
vn 0.1862 0.0125 -0.9824
vn 0.6853 0.0419 -0.7270
vn 0.1924 0.0056 -0.9813
vn 0.6939 0.0179 -0.7198
vn 0.0309 0.0021 -0.9995
vn 0.0320 0.0009 -0.9995
vn 0.9799 0.0576 -0.1911
vn 0.9981 0.0605 -0.0000
vn 0.9821 0.0241 -0.1867
vn 0.9997 0.0256 -0.0000
vn 0.0811 0.9486 0.3059
vn 0.0867 0.9939 0.0676
vn 0.2100 0.9747 0.0757
vn 0.1953 0.9206 0.3382
vn 0.2169 0.9732 0.0761
vn 0.2088 0.9175 0.3385
vn 0.0885 0.9961 -0.0000
vn 0.2139 0.9768 -0.0000
vn 0.1510 0.6842 0.7134
vn 0.0653 0.7375 0.6721
vn 0.0822 0.3423 0.9359
vn 0.0374 0.3939 0.9184
vn 0.1546 0.6931 0.7040
vn 0.0813 0.3619 0.9287
vn 0.0286 0.7569 0.6529
vn 0.0350 0.9557 0.2921
vn 0.0122 0.7648 0.6441
vn 0.0146 0.9582 0.2858
vn 0.0168 0.4159 0.9092
vn 0.0073 0.4256 0.9049
vn 0.0373 0.9972 0.0640
vn 0.0381 0.9993 -0.0000
vn 0.0156 0.9979 0.0624
vn 0.0160 0.9998 -0.0000
vn 0.9138 -0.1569 0.3746
vn 0.9817 -0.1702 0.0856
vn 0.9363 -0.3386 0.0925
vn 0.8618 -0.3112 0.4005
vn 0.9421 -0.3227 0.0910
vn 0.8706 -0.3022 0.3881
vn 0.9850 -0.1726 -0.0000
vn 0.9398 -0.3417 -0.0000
vn 0.9471 -0.3209 -0.0000
vn 0.5927 -0.2194 0.7750
vn 0.6524 -0.1150 0.7491
vn 0.2775 -0.1080 0.9546
vn 0.3175 -0.0583 0.9465
vn 0.6199 -0.2138 0.7549
vn 0.3004 -0.1078 0.9477
vn 0.6822 -0.0540 0.7291
vn 0.9315 -0.0718 0.3565
vn 0.6952 -0.0235 0.7184
vn 0.9373 -0.0306 0.3471
vn 0.3417 -0.0282 0.9394
vn 0.3535 -0.0126 0.9353
vn 0.9937 -0.0777 0.0808
vn 0.9969 -0.0790 -0.0000
vn 0.9964 -0.0331 0.0783
vn 0.0548 -0.7270 -0.6844
vn 0.0706 -0.9843 -0.1613
vn 0.1943 -0.9642 -0.1806
vn 0.1439 -0.6768 -0.7219
vn 0.2191 -0.9584 -0.1831
vn 0.1554 -0.6921 -0.7049
vn 0.0745 -0.9972 -0.0000
vn 0.2067 -0.9784 -0.0000
vn 0.2146 -0.9767 -0.0000
vn 0.0472 -0.1772 -0.9830
vn 0.0193 -0.2166 -0.9761
vn 0.0112 -0.0256 -0.9996
vn 0.0037 -0.0359 -0.9993
vn 0.0481 -0.1973 -0.9792
vn 0.0167 -0.0213 -0.9996
vn 0.0084 -0.2310 -0.9729
vn 0.0232 -0.7413 -0.6708
vn 0.0036 -0.2368 -0.9715
vn 0.0097 -0.7468 -0.6650
vn 0.0014 -0.0390 -0.9992
vn 0.0006 -0.0401 -0.9992
vn 0.0296 -0.9875 -0.1545
vn 0.0313 -0.9995 -0.0000
vn 0.0123 -0.9884 -0.1515
vn -0.9260 0.1022 0.3633
vn -0.9904 0.1107 0.0826
vn -0.9493 0.3008 0.0914
vn -0.8755 0.2751 0.3974
vn -0.9421 0.3227 0.0909
vn -0.8707 0.3019 0.3881
vn -0.9936 0.1126 -0.0000
vn -0.9524 0.3048 -0.0000
vn -0.9471 0.3210 -0.0000
vn -0.6029 0.1952 0.7736
vn -0.6714 0.0764 0.7371
vn -0.2817 0.0971 0.9546
vn -0.3323 0.0397 0.9423
vn -0.6196 0.2138 0.7552
vn -0.3006 0.1081 0.9476
vn -0.6915 0.0327 0.7216
vn -0.9358 0.0429 0.3499
vn -0.6992 0.0138 0.7148
vn -0.9388 0.0178 0.3440
vn -0.3500 0.0173 0.9366
vn -0.3574 0.0074 0.9339
vn -0.9958 0.0464 0.0790
vn -0.9989 0.0472 -0.0000
vn -0.9968 0.0193 0.0775
vn -0.9998 0.0197 -0.0000
vn -0.0916 0.7092 -0.6991
vn -0.1213 0.9780 -0.1695
vn -0.2294 0.9554 -0.1856
vn -0.1677 0.6674 -0.7256
vn -0.2194 0.9583 -0.1832
vn -0.1561 0.6919 -0.7048
vn -0.1274 0.9918 -0.0000
vn -0.2380 0.9712 -0.0000
vn -0.2139 0.9768 -0.0000
vn -0.0522 0.1751 -0.9832
vn -0.0302 0.2026 -0.9788
vn -0.0125 0.0246 -0.9996
vn -0.0058 0.0331 -0.9994
vn -0.0482 0.1972 -0.9792
vn -0.0166 0.0213 -0.9996
vn -0.0151 0.2224 -0.9748
vn -0.0435 0.7324 -0.6794
vn -0.0070 0.2325 -0.9726
vn -0.0190 0.7429 -0.6691
vn -0.0026 0.0375 -0.9993
vn -0.0011 0.0394 -0.9992
vn -0.0563 0.9857 -0.1590
vn -0.0594 0.9982 -0.0000
vn -0.0240 0.9878 -0.1536
vn -0.6692 -0.0800 -0.7387
vn -0.9738 -0.1114 -0.1979
vn -0.9304 -0.2948 -0.2178
vn -0.6020 -0.2000 -0.7730
vn -0.9226 -0.3214 -0.2133
vn -0.6354 -0.2216 -0.7397
vn -0.9931 -0.1170 -0.0000
vn -0.9514 -0.3078 -0.0000
vn -0.9470 -0.3211 -0.0000
vn -0.1422 -0.0556 -0.9883
vn -0.1754 -0.0237 -0.9842
vn -0.0204 -0.0136 -0.9997
vn -0.0286 -0.0045 -0.9996
vn -0.1615 -0.0648 -0.9847
vn -0.0172 -0.0212 -0.9996
vn -0.1882 -0.0104 -0.9821
vn -0.6882 -0.0343 -0.7247
vn -0.1934 -0.0045 -0.9811
vn -0.6952 -0.0145 -0.7187
vn -0.0312 -0.0017 -0.9995
vn -0.0321 -0.0007 -0.9995
vn -0.9807 -0.0470 -0.1897
vn -0.9987 -0.0494 -0.0000
vn -0.9823 -0.0195 -0.1861
vn -0.0676 -0.9509 0.3020
vn -0.0721 -0.9951 0.0665
vn -0.2008 -0.9767 0.0752
vn -0.1859 -0.9235 0.3356
vn -0.2169 -0.9732 0.0760
vn -0.2089 -0.9175 0.3385
vn -0.0737 -0.9973 -0.0000
vn -0.2052 -0.9787 -0.0000
vn -0.2142 -0.9767 -0.0000
vn -0.1445 -0.6880 0.7112
vn -0.0549 -0.7432 0.6668
vn -0.0794 -0.3445 0.9354
vn -0.0316 -0.3999 0.9160
vn -0.1549 -0.6930 0.7040
vn -0.0813 -0.3615 0.9288
vn -0.0232 -0.7595 0.6500
vn -0.0283 -0.9566 0.2900
vn -0.0098 -0.7660 0.6428
vn -0.0117 -0.9585 0.2849
vn -0.0137 -0.4191 0.9078
vn -0.0059 -0.4271 0.9042
vn -0.0302 -0.9975 0.0635
vn -0.0308 -0.9995 -0.0000
vn -0.0126 -0.9980 0.0622
vn -0.0130 -0.9999 -0.0000
vn 0.0186 -0.0054 0.9998
vn 0.1194 -0.0229 0.9926
vn 0.1006 -0.0440 0.9939
vn 0.0117 -0.0124 0.9998
vn 0.1080 -0.0481 0.9930
vn 0.0137 -0.0189 0.9997
vn -0.0645 0.0138 0.9978
vn -0.0670 0.0088 0.9977
vn -0.1890 0.0553 0.9804
vn -0.2048 0.0306 0.9783
vn -0.0637 0.0052 0.9980
vn -0.1830 0.0430 0.9821
vn -0.0693 0.0045 0.9976
vn 0.0221 -0.0023 0.9997
vn -0.0709 0.0020 0.9975
vn 0.0235 -0.0010 0.9997
vn -0.2146 0.0149 0.9766
vn -0.2201 0.0065 0.9754
vn 0.1303 -0.0109 0.9914
vn 0.1355 -0.0049 0.9908
vn 0.0034 -0.0256 0.9997
vn -0.0044 0.0855 0.9963
vn -0.0084 0.0833 0.9965
vn 0.0103 -0.0145 0.9998
vn -0.0052 0.0798 0.9968
vn 0.0141 -0.0167 0.9998
vn 0.0336 -0.1279 0.9912
vn 0.0133 -0.1562 0.9876
vn 0.0797 -0.3444 0.9354
vn 0.0320 -0.3995 0.9162
vn 0.0368 -0.1339 0.9903
vn 0.0815 -0.3618 0.9287
vn 0.0057 -0.1662 0.9861
vn 0.0013 -0.0289 0.9996
vn 0.0139 -0.4189 0.9079
vn -0.0021 0.0876 0.9961
vn -0.0203 -0.0039 0.9998
vn 0.0688 0.0059 0.9976
vn 0.0671 0.0119 0.9977
vn -0.0113 -0.0117 0.9998
vn 0.0635 0.0052 0.9980
vn -0.0138 -0.0190 0.9997
vn -0.1023 -0.0402 0.9939
vn -0.1252 -0.0163 0.9920
vn -0.2817 -0.0980 0.9545
vn -0.3309 -0.0412 0.9427
vn -0.1079 -0.0482 0.9930
vn -0.3005 -0.1080 0.9476
vn -0.1337 -0.0070 0.9910
vn -0.0230 -0.0015 0.9997
vn -0.3494 -0.0180 0.9368
vn 0.0703 0.0028 0.9975
vn -0.0034 -0.0257 0.9996
vn -0.0131 -0.1564 0.9876
vn -0.0335 -0.1279 0.9912
vn -0.0103 -0.0145 0.9998
vn -0.0369 -0.1337 0.9903
vn -0.0142 -0.0168 0.9998
vn 0.0083 0.0834 0.9965
vn 0.0043 0.0856 0.9963
vn 0.0364 0.2408 0.9699
vn 0.0155 0.2593 0.9657
vn 0.0052 0.0797 0.9968
vn 0.0362 0.2270 0.9732
vn 0.0021 0.0876 0.9961
vn -0.0013 -0.0289 0.9996
vn 0.0009 0.0889 0.9960
vn -0.0005 -0.0301 0.9995
vn 0.0070 0.2676 0.9635
vn 0.0030 0.2717 0.9623
vn -0.0056 -0.1663 0.9861
vn -0.0024 -0.1704 0.9854
vn -0.0052 0.0229 0.9997
vn 0.0075 -0.0822 0.9966
vn 0.0108 -0.0790 0.9968
vn -0.0109 0.0151 0.9998
vn 0.0052 -0.0798 0.9968
vn -0.0142 0.0167 0.9998
vn -0.0374 0.1250 0.9914
vn -0.0209 0.1461 0.9890
vn -0.0897 0.3372 0.9371
vn -0.0515 0.3786 0.9241
vn -0.0370 0.1339 0.9903
vn -0.0813 0.3618 0.9287
vn -0.0103 0.1601 0.9870
vn -0.0023 0.0273 0.9996
vn -0.0255 0.4068 0.9131
vn 0.0040 -0.0857 0.9963
vn -0.0204 0.0038 0.9998
vn -0.1258 0.0157 0.9919
vn -0.1023 0.0399 0.9939
vn -0.0112 0.0116 0.9998
vn -0.1081 0.0482 0.9930
vn -0.0138 0.0189 0.9997
vn 0.0673 -0.0117 0.9977
vn 0.0689 -0.0057 0.9976
vn 0.1966 -0.0485 0.9793
vn 0.2117 -0.0201 0.9771
vn 0.0636 -0.0052 0.9980
vn 0.1831 -0.0430 0.9821
vn 0.0704 -0.0027 0.9975
vn -0.0231 0.0015 0.9997
vn 0.0714 -0.0012 0.9974
vn -0.0240 0.0006 0.9997
vn 0.2184 -0.0090 0.9758
vn 0.2217 -0.0038 0.9751
vn -0.1340 0.0067 0.9909
vn -0.1374 0.0029 0.9905
vn -0.0002 -0.0010 -1.0000
vn -0.0095 -0.0021 -0.9999
vn -0.0042 -0.0083 -0.9999
vn 0.0040 -0.0060 -1.0000
vn 0.0006 -0.0157 -0.9998
vn 0.0090 -0.0132 -0.9998
vn 0.0116 -0.0038 -0.9999
vn 0.0083 -0.0001 -0.9999
vn 0.0256 0.0002 -0.9997
vn 0.0239 0.0015 -0.9997
vn 0.0164 -0.0109 -0.9998
vn 0.0292 -0.0068 -0.9995
vn 0.0080 0.0002 -0.9999
vn -0.0010 -0.0002 -1.0000
vn 0.0080 0.0001 -0.9999
vn -0.0011 -0.0000 -1.0000
vn 0.0242 0.0009 -0.9997
vn 0.0245 0.0004 -0.9997
vn -0.0108 -0.0007 -0.9999
vn -0.0111 -0.0002 -0.9999
vn -0.0008 -0.0003 -1.0000
vn -0.0001 0.0104 -0.9999
vn -0.0031 0.0144 -0.9999
vn -0.0048 0.0049 -1.0000
vn -0.0087 0.0206 -0.9997
vn -0.0105 0.0114 -0.9999
vn -0.0068 -0.0052 -0.9999
vn -0.0017 -0.0119 -0.9999
vn -0.0112 -0.0257 -0.9996
vn -0.0036 -0.0360 -0.9993
vn -0.0124 0.0009 -0.9999
vn -0.0167 -0.0213 -0.9996
vn -0.0005 -0.0135 -0.9999
vn -0.0001 -0.0012 -1.0000
vn -0.0014 -0.0390 -0.9992
vn 0.0002 0.0099 -0.9999
vn -0.0002 -0.0014 -1.0000
vn -0.0084 -0.0001 -0.9999
vn -0.0115 -0.0038 -0.9999
vn -0.0041 -0.0063 -1.0000
vn -0.0164 -0.0110 -0.9998
vn -0.0090 -0.0132 -0.9998
vn 0.0038 -0.0089 -0.9999
vn 0.0087 -0.0030 -0.9999
vn 0.0199 -0.0148 -0.9997
vn 0.0270 -0.0064 -0.9996
vn -0.0006 -0.0157 -0.9998
vn 0.0172 -0.0212 -0.9996
vn 0.0104 -0.0010 -0.9999
vn 0.0009 -0.0002 -1.0000
vn 0.0303 -0.0027 -0.9995
vn -0.0079 0.0004 -0.9999
vn 0.0009 -0.0003 -1.0000
vn 0.0017 -0.0119 -0.9999
vn 0.0068 -0.0052 -0.9999
vn 0.0048 0.0049 -1.0000
vn 0.0124 0.0009 -0.9999
vn 0.0105 0.0113 -0.9999
vn 0.0031 0.0144 -0.9999
vn 0.0001 0.0104 -0.9999
vn 0.0000 0.0320 -0.9995
vn -0.0011 0.0299 -0.9995
vn 0.0086 0.0206 -0.9997
vn 0.0052 0.0366 -0.9993
vn -0.0002 0.0099 -0.9999
vn 0.0001 -0.0012 -1.0000
vn -0.0001 0.0100 -0.9999
vn -0.0007 0.0302 -0.9995
vn -0.0003 0.0306 -0.9995
vn 0.0005 -0.0135 -0.9999
vn 0.0002 -0.0139 -0.9999
vn 0.0010 0.0001 -1.0000
vn 0.0001 -0.0104 -0.9999
vn 0.0031 -0.0144 -0.9999
vn 0.0049 -0.0050 -1.0000
vn 0.0087 -0.0206 -0.9997
vn 0.0105 -0.0114 -0.9999
vn 0.0070 0.0051 -0.9999
vn 0.0020 0.0115 -0.9999
vn 0.0116 0.0254 -0.9996
vn 0.0043 0.0352 -0.9994
vn 0.0125 -0.0009 -0.9999
vn 0.0166 0.0213 -0.9996
vn 0.0006 0.0133 -0.9999
vn 0.0002 0.0012 -1.0000
vn 0.0017 0.0386 -0.9992
vn -0.0002 -0.0099 -0.9999
vn 0.0000 0.0012 -1.0000
vn 0.0092 0.0025 -0.9999
vn 0.0040 0.0086 -0.9999
vn -0.0040 0.0061 -1.0000
vn -0.0007 0.0157 -0.9998
vn -0.0090 0.0132 -0.9998
vn -0.0115 0.0038 -0.9999
vn -0.0083 0.0001 -0.9999
vn -0.0254 -0.0004 -0.9997
vn -0.0237 -0.0018 -0.9997
vn -0.0164 0.0109 -0.9998
vn -0.0292 0.0067 -0.9995
vn -0.0079 -0.0003 -0.9999
vn 0.0009 0.0002 -1.0000
vn -0.0080 -0.0002 -0.9999
vn -0.0240 -0.0012 -0.9997
vn -0.0245 -0.0005 -0.9997
vn 0.0106 0.0008 -0.9999
vn 0.0111 0.0003 -0.9999
vn 0.0039 0.0248 0.9997
vn 0.0154 0.1534 0.9880
vn 0.0346 0.1271 0.9913
vn 0.0105 0.0146 0.9998
vn 0.0370 0.1340 0.9903
vn 0.0141 0.0167 0.9998
vn -0.0090 -0.0821 0.9966
vn -0.0052 -0.0847 0.9964
vn -0.0386 -0.2374 0.9706
vn -0.0186 -0.2562 0.9664
vn -0.0052 -0.0798 0.9968
vn -0.0360 -0.2271 0.9732
vn -0.0026 -0.0871 0.9962
vn 0.0016 0.0285 0.9996
vn -0.0011 -0.0887 0.9960
vn 0.0007 0.0298 0.9995
vn -0.0086 -0.2659 0.9639
vn -0.0037 -0.2710 0.9626
vn 0.0068 0.1647 0.9863
vn 0.0030 0.1697 0.9855
vn 0.0196 0.0045 0.9998
vn -0.0681 -0.0071 0.9977
vn -0.0660 -0.0127 0.9977
vn 0.0115 0.0119 0.9998
vn -0.0636 -0.0051 0.9980
vn 0.0137 0.0189 0.9997
vn 0.1017 0.0417 0.9939
vn 0.1228 0.0190 0.9922
vn 0.2796 0.1021 0.9546
vn 0.3256 0.0481 0.9443
vn 0.1081 0.0481 0.9930
vn 0.3004 0.1079 0.9477
vn 0.1324 0.0085 0.9911
vn 0.0227 0.0018 0.9997
vn 0.3465 0.0219 0.9378
vn -0.0700 -0.0035 0.9975
vn -0.0013 -0.0003 -1.0000
vn -0.0027 0.0106 -0.9999
vn -0.0074 0.0046 -0.9999
vn -0.0052 -0.0052 -1.0000
vn -0.0124 -0.0009 -0.9999
vn -0.0105 -0.0114 -0.9999
vn -0.0031 -0.0143 -0.9999
vn -0.0001 -0.0104 -0.9999
vn 0.0005 -0.0310 -0.9995
vn 0.0020 -0.0290 -0.9996
vn -0.0086 -0.0206 -0.9997
vn -0.0052 -0.0366 -0.9993
vn 0.0003 -0.0098 -0.9999
vn -0.0002 0.0010 -1.0000
vn 0.0002 -0.0099 -0.9999
vn -0.0001 0.0013 -1.0000
vn 0.0013 -0.0295 -0.9995
vn 0.0006 -0.0303 -0.9995
vn -0.0010 0.0129 -0.9999
vn -0.0004 0.0137 -0.9999
vn 0.0083 0.0001 -0.9999
vn 0.0116 0.0038 -0.9999
vn 0.0039 0.0059 -1.0000
vn 0.0164 0.0110 -0.9998
vn 0.0090 0.0132 -0.9998
vn -0.0042 0.0083 -0.9999
vn -0.0095 0.0021 -0.9999
vn -0.0205 0.0136 -0.9997
vn -0.0288 0.0044 -0.9996
vn 0.0006 0.0157 -0.9998
vn -0.0171 0.0212 -0.9996
vn -0.0108 0.0006 -0.9999
vn -0.0010 0.0002 -1.0000
vn -0.0313 0.0016 -0.9995
vn 0.0080 -0.0002 -0.9999
vn -0.2085 -0.5517 -0.8076
vn -0.3888 -0.8734 -0.2932
vn -0.8416 -0.4476 -0.3020
vn -0.5321 -0.2526 -0.8081
vn -0.9539 0.1903 -0.2319
vn -0.6655 0.1953 -0.7204
vn -0.3948 -0.9188 -0.0000
vn -0.8888 -0.4582 -0.0000
vn -0.9743 0.2253 -0.0000
vn -0.1271 -0.0444 -0.9909
vn -0.0385 -0.1349 -0.9901
vn -0.0320 0.0055 -0.9995
vn -0.0043 -0.0269 -0.9996
vn -0.2345 0.1100 -0.9658
vn -0.0728 0.0568 -0.9957
vn -0.0074 -0.1602 -0.9870
vn -0.0722 -0.6120 -0.7876
vn 0.0075 -0.0405 -0.9991
vn -0.1352 -0.9568 -0.2573
vn -0.1387 -0.9903 -0.0000
vn -0.7107 -0.4279 0.5583
vn -0.8358 -0.5262 0.1564
vn -0.3700 -0.9185 0.1393
vn -0.3224 -0.7911 0.5197
vn 0.1351 -0.9871 0.0862
vn 0.1131 -0.9153 0.3865
vn -0.8455 -0.5340 -0.0000
vn -0.3548 -0.9349 -0.0000
vn 0.1515 -0.9884 -0.0000
vn -0.1847 -0.4881 0.8530
vn -0.4157 -0.2174 0.8831
vn -0.0903 -0.1968 0.9763
vn -0.1820 -0.0710 0.9807
vn 0.0997 -0.6693 0.7362
vn 0.0535 -0.3487 0.9357
vn -0.4802 -0.0840 0.8731
vn -0.8227 -0.1703 0.5423
vn -0.2078 -0.0234 0.9779
vn -0.9667 -0.2107 0.1449
vn -0.9771 -0.2129 -0.0000
vn -0.3226 0.7868 0.5262
vn -0.3974 0.9066 0.1419
vn -0.8733 0.4624 0.1529
vn -0.7360 0.4020 0.5446
vn -0.9734 -0.2036 0.1052
vn -0.8800 -0.1739 0.4420
vn -0.3964 0.9181 -0.0000
vn -0.8894 0.4570 -0.0000
vn -0.9742 -0.2257 -0.0000
vn -0.4167 0.2438 0.8757
vn -0.1604 0.4912 0.8561
vn -0.1541 0.1205 0.9807
vn -0.0523 0.2250 0.9729
vn -0.6062 -0.1440 0.7821
vn -0.2935 -0.0669 0.9536
vn -0.0612 0.5571 0.8282
vn -0.1164 0.8711 0.4770
vn -0.0177 0.2560 0.9665
vn -0.1386 0.9831 0.1192
vn -0.1391 0.9903 -0.0000
vn -0.4823 0.2861 -0.8279
vn -0.8030 0.5079 -0.3117
vn -0.3648 0.8861 -0.2858
vn -0.1866 0.5889 -0.7863
vn 0.1239 0.9725 -0.1969
vn 0.1346 0.7134 -0.6876
vn -0.8453 0.5343 -0.0000
vn -0.3544 0.9351 -0.0000
vn 0.1514 0.9885 -0.0000
vn -0.0288 0.1597 -0.9867
vn -0.1082 0.0538 -0.9926
vn 0.0051 0.0407 -0.9991
vn -0.0214 0.0060 -0.9997
vn 0.0874 0.2813 -0.9556
vn 0.0458 0.0903 -0.9948
vn -0.1295 0.0103 -0.9915
vn -0.5512 0.1032 -0.8279
vn -0.0324 -0.0093 -0.9994
vn -0.9320 0.2023 -0.3006
vn -0.9771 0.2126 -0.0000
vn 0.3229 -0.7868 0.5260
vn 0.3963 -0.9071 0.1420
vn 0.8727 -0.4636 0.1530
vn 0.7358 -0.4025 0.5445
vn 0.9734 0.2034 0.1051
vn 0.8801 0.1739 0.4418
vn 0.3949 -0.9187 -0.0000
vn 0.8889 -0.4580 -0.0000
vn 0.9742 0.2257 -0.0000
vn 0.4172 -0.2436 0.8755
vn 0.1606 -0.4913 0.8561
vn 0.1543 -0.1202 0.9807
vn 0.0523 -0.2253 0.9729
vn 0.6066 0.1445 0.7817
vn 0.2941 0.0673 0.9534
vn 0.0611 -0.5569 0.8283
vn 0.1162 -0.8712 0.4770
vn 0.0177 -0.2559 0.9665
vn 0.1386 -0.9831 0.1193
vn 0.1388 -0.9903 -0.0000
vn 0.4821 -0.2864 -0.8280
vn 0.8028 -0.5082 -0.3118
vn 0.3640 -0.8864 -0.2859
vn 0.1859 -0.5888 -0.7866
vn -0.1246 -0.9724 -0.1969
vn -0.1349 -0.7133 -0.6877
vn 0.8452 -0.5343 -0.0000
vn 0.3546 -0.9350 -0.0000
vn -0.1514 -0.9885 -0.0000
vn 0.0290 -0.1595 -0.9868
vn 0.1082 -0.0538 -0.9926
vn -0.0051 -0.0407 -0.9991
vn 0.0215 -0.0060 -0.9997
vn -0.0879 -0.2814 -0.9556
vn -0.0457 -0.0903 -0.9948
vn 0.1295 -0.0103 -0.9915
vn 0.5507 -0.1035 -0.8282
vn 0.0324 0.0093 -0.9994
vn 0.9318 -0.2030 -0.3008
vn 0.9770 -0.2134 -0.0000
vn 0.2080 0.5517 -0.8076
vn 0.3898 0.8730 -0.2931
vn 0.8424 0.4465 -0.3017
vn 0.5329 0.2522 -0.8077
vn 0.9539 -0.1904 -0.2319
vn 0.6654 -0.1954 -0.7204
vn 0.3959 0.9182 -0.0000
vn 0.8895 0.4570 -0.0000
vn 0.9741 -0.2260 -0.0000
vn 0.1272 0.0443 -0.9909
vn 0.0385 0.1350 -0.9901
vn 0.0320 -0.0056 -0.9995
vn 0.0044 0.0269 -0.9996
vn 0.2345 -0.1102 -0.9658
vn 0.0728 -0.0569 -0.9957
vn 0.0076 0.1602 -0.9870
vn 0.0726 0.6117 -0.7877
vn -0.0075 0.0406 -0.9991
vn 0.1350 0.9568 -0.2575
vn 0.1391 0.9903 -0.0000
vn 0.7106 0.4283 0.5582
vn 0.8351 0.5273 0.1565
vn 0.3696 0.9187 0.1393
vn 0.3225 0.7914 0.5193
vn -0.1343 0.9872 0.0862
vn -0.1130 0.9153 0.3866
vn 0.8451 0.5347 -0.0000
vn 0.3544 0.9351 -0.0000
vn -0.1512 0.9885 -0.0000
vn 0.1848 0.4880 0.8530
vn 0.4164 0.2174 0.8828
vn 0.0907 0.1966 0.9763
vn 0.1819 0.0709 0.9807
vn -0.0996 0.6692 0.7363
vn -0.0538 0.3490 0.9356
vn 0.4803 0.0839 0.8731
vn 0.8229 0.1704 0.5420
vn 0.2079 0.0233 0.9778
vn 0.9667 0.2109 0.1448
vn 0.9771 0.2128 -0.0000
vn 0.7356 -0.1552 -0.6594
vn 0.9683 -0.1962 -0.1545
vn 0.9164 -0.3823 -0.1181
vn 0.7418 -0.3142 -0.5925
vn 0.8616 -0.4996 -0.0896
vn 0.7384 -0.4317 -0.5180
vn 0.9771 -0.2125 -0.0000
vn 0.9188 -0.3947 -0.0000
vn 0.8616 -0.5076 -0.0000
vn 0.3051 -0.1475 -0.9408
vn 0.2506 -0.0615 -0.9661
vn 0.0637 -0.0379 -0.9972
vn 0.0384 -0.0059 -0.9992
vn 0.3575 -0.2340 -0.9041
vn 0.0973 -0.0803 -0.9920
vn 0.1995 0.0136 -0.9798
vn 0.7040 0.0381 -0.7091
vn 0.0225 0.0143 -0.9996
vn 0.9799 0.0601 -0.1903
vn 0.9989 0.0472 -0.0000
vn -0.1210 0.9625 0.2428
vn -0.1338 0.9897 0.0509
vn -0.2618 0.9643 0.0395
vn -0.2475 0.9492 0.1942
vn -0.3500 0.9362 0.0309
vn -0.3371 0.9286 0.1548
vn -0.2662 0.9639 -0.0000
vn -0.3535 0.9354 -0.0000
vn -0.2081 0.8364 0.5071
vn -0.0977 0.8068 0.5826
vn -0.1288 0.5455 0.8282
vn -0.0552 0.4861 0.8721
vn -0.2953 0.8508 0.4345
vn -0.1963 0.5964 0.7783
vn 0.0298 0.7583 0.6512
vn 0.0403 0.9547 0.2948
vn 0.0175 0.4223 0.9063
vn 0.0352 0.9973 0.0641
vn 0.0304 0.9995 -0.0000
vn 0.9386 0.1852 0.2911
vn 0.9767 0.2050 0.0626
vn 0.9201 0.3888 0.0472
vn 0.9016 0.3669 0.2292
vn 0.8634 0.5033 0.0357
vn 0.8561 0.4848 0.1786
vn 0.9772 0.2123 -0.0000
vn 0.9187 0.3948 -0.0000
vn 0.8616 0.5076 -0.0000
vn 0.7669 0.3002 0.5672
vn 0.7475 0.1441 0.6484
vn 0.4689 0.1737 0.8660
vn 0.4154 0.0737 0.9066
vn 0.7688 0.4172 0.4845
vn 0.5131 0.2649 0.8164
vn 0.6978 -0.0398 0.7151
vn 0.9351 -0.0572 0.3497
vn 0.3564 -0.0249 0.9340
vn 0.9954 -0.0535 0.0794
vn 0.9988 -0.0475 -0.0000
vn -0.1021 -0.7825 -0.6142
vn -0.1266 -0.9837 -0.1274
vn -0.2571 -0.9612 -0.0994
vn -0.2178 -0.8067 -0.5493
vn -0.3471 -0.9346 -0.0779
vn -0.3074 -0.8221 -0.4792
vn -0.2662 -0.9639 -0.0000
vn -0.3532 -0.9355 -0.0000
vn -0.1134 -0.3635 -0.9246
vn -0.0479 -0.2988 -0.9531
vn -0.0304 -0.0794 -0.9964
vn -0.0049 -0.0478 -0.9988
vn -0.1790 -0.4261 -0.8867
vn -0.0641 -0.1213 -0.9905
vn 0.0092 -0.2412 -0.9704
vn 0.0293 -0.7441 -0.6674
vn 0.0112 -0.0280 -0.9995
vn 0.0413 -0.9866 -0.1576
vn 0.0300 -0.9995 -0.0000
vn -0.9386 -0.1845 0.2915
vn -0.9768 -0.2047 0.0627
vn -0.9202 -0.3886 0.0472
vn -0.9016 -0.3666 0.2294
vn -0.8633 -0.5034 0.0357
vn -0.8561 -0.4849 0.1784
vn -0.9772 -0.2122 -0.0000
vn -0.9188 -0.3947 -0.0000
vn -0.8615 -0.5076 -0.0000
vn -0.7670 -0.2998 0.5672
vn -0.7471 -0.1440 0.6489
vn -0.4687 -0.1731 0.8662
vn -0.4154 -0.0736 0.9066
vn -0.7688 -0.4172 0.4846
vn -0.5131 -0.2649 0.8164
vn -0.6979 0.0402 0.7150
vn -0.9350 0.0572 0.3500
vn -0.3565 0.0249 0.9339
vn -0.9954 0.0533 0.0793
vn -0.9988 0.0475 -0.0000
vn 0.1035 0.7823 -0.6142
vn 0.1275 0.9836 -0.1272
vn 0.2574 0.9611 -0.0995
vn 0.2176 0.8070 -0.5490
vn 0.3473 0.9345 -0.0779
vn 0.3073 0.8223 -0.4790
vn 0.1390 0.9903 -0.0000
vn 0.2661 0.9639 -0.0000
vn 0.3535 0.9354 -0.0000
vn 0.1132 0.3638 -0.9246
vn 0.0480 0.2993 -0.9529
vn 0.0304 0.0795 -0.9963
vn 0.0048 0.0477 -0.9988
vn 0.1789 0.4258 -0.8870
vn 0.0641 0.1212 -0.9905
vn -0.0086 0.2407 -0.9705
vn -0.0285 0.7442 -0.6673
vn -0.0111 0.0279 -0.9995
vn -0.0414 0.9866 -0.1575
vn -0.0304 0.9995 -0.0000
vn -0.7359 0.1547 -0.6591
vn -0.9684 0.1959 -0.1545
vn -0.9166 0.3819 -0.1182
vn -0.7418 0.3138 -0.5927
vn -0.8618 0.4993 -0.0898
vn -0.7382 0.4317 -0.5184
vn -0.9772 0.2123 -0.0000
vn -0.9189 0.3946 -0.0000
vn -0.8618 0.5073 -0.0000
vn -0.3048 0.1474 -0.9409
vn -0.2506 0.0613 -0.9661
vn -0.0636 0.0378 -0.9973
vn -0.0384 0.0059 -0.9992
vn -0.3576 0.2341 -0.9040
vn -0.0974 0.0803 -0.9920
vn -0.1997 -0.0137 -0.9797
vn -0.7040 -0.0381 -0.7091
vn -0.0226 -0.0143 -0.9996
vn -0.9799 -0.0600 -0.1902
vn -0.9989 -0.0474 -0.0000
vn 0.1208 -0.9625 0.2429
vn 0.1332 -0.9897 0.0510
vn 0.2623 -0.9642 0.0395
vn 0.2476 -0.9492 0.1942
vn 0.3498 -0.9363 0.0309
vn 0.3373 -0.9286 0.1547
vn 0.1384 -0.9904 -0.0000
vn 0.2663 -0.9639 -0.0000
vn 0.3531 -0.9355 -0.0000
vn 0.2082 -0.8363 0.5072
vn 0.0974 -0.8066 0.5829
vn 0.1285 -0.5458 0.8280
vn 0.0552 -0.4858 0.8723
vn 0.2951 -0.8510 0.4342
vn 0.1965 -0.5966 0.7781
vn -0.0295 -0.7582 0.6513
vn -0.0404 -0.9546 0.2950
vn -0.0174 -0.4219 0.9064
vn -0.0351 -0.9973 0.0641
vn -0.0307 -0.9995 -0.0000
vn 0.0247 -0.0000 0.9997
vn 0.1545 0.0155 0.9879
vn 0.1856 0.0576 0.9809
vn 0.0424 0.0242 0.9988
vn 0.2202 0.1042 0.9698
vn 0.0676 0.0586 0.9960
vn -0.0318 0.0602 0.9977
vn -0.0639 0.0140 0.9978
vn -0.0907 0.1967 0.9763
vn -0.1819 0.0709 0.9807
vn 0.0257 0.1332 0.9908
vn 0.0533 0.3486 0.9358
vn -0.0738 -0.0027 0.9973
vn 0.0151 -0.0143 0.9998
vn -0.2080 0.0233 0.9778
vn 0.1279 -0.0205 0.9915
vn -0.0001 -0.0311 0.9995
vn -0.0101 0.0797 0.9968
vn -0.0453 0.0411 0.9981
vn -0.0192 -0.0534 0.9984
vn -0.1061 -0.0285 0.9939
vn -0.0462 -0.0851 0.9953
vn -0.0461 -0.2290 0.9723
vn -0.0126 -0.1907 0.9816
vn -0.1285 -0.5455 0.8282
vn -0.0552 -0.4861 0.8722
vn -0.0824 -0.2709 0.9590
vn -0.1967 -0.5967 0.7780
vn 0.0152 -0.1583 0.9872
vn 0.0111 -0.0185 0.9998
vn 0.0175 -0.4220 0.9064
vn 0.0022 0.0923 0.9957
vn -0.0247 -0.0000 0.9997
vn 0.0639 0.0140 0.9978
vn 0.0318 0.0602 0.9977
vn -0.0424 0.0242 0.9988
vn -0.0258 0.1333 0.9907
vn -0.0675 0.0585 0.9960
vn -0.1857 0.0575 0.9809
vn -0.1546 0.0155 0.9878
vn -0.4687 0.1734 0.8661
vn -0.4153 0.0736 0.9067
vn -0.2202 0.1041 0.9699
vn -0.5134 0.2648 0.8162
vn -0.1279 -0.0204 0.9916
vn -0.0150 -0.0143 0.9998
vn -0.3563 -0.0250 0.9340
vn 0.0737 -0.0027 0.9973
vn 0.0001 -0.0311 0.9995
vn 0.0126 -0.1906 0.9816
vn 0.0460 -0.2291 0.9723
vn 0.0192 -0.0535 0.9984
vn 0.0824 -0.2710 0.9590
vn 0.0462 -0.0852 0.9953
vn 0.0454 0.0411 0.9981
vn 0.0101 0.0796 0.9968
vn 0.1544 0.1205 0.9806
vn 0.0524 0.2250 0.9729
vn 0.1062 -0.0286 0.9939
vn 0.2940 -0.0673 0.9534
vn -0.0022 0.0922 0.9957
vn -0.0110 -0.0185 0.9998
vn 0.0177 0.2557 0.9666
vn -0.0152 -0.1584 0.9872
vn 0.0001 0.0311 0.9995
vn 0.0101 -0.0799 0.9967
vn 0.0453 -0.0411 0.9981
vn 0.0191 0.0533 0.9984
vn 0.1061 0.0285 0.9939
vn 0.0462 0.0851 0.9953
vn 0.0459 0.2289 0.9723
vn 0.0128 0.1904 0.9816
vn 0.1289 0.5456 0.8281
vn 0.0551 0.4859 0.8723
vn 0.0824 0.2711 0.9590
vn 0.1964 0.5964 0.7783
vn -0.0152 0.1584 0.9872
vn -0.0110 0.0186 0.9998
vn -0.0176 0.4220 0.9064
vn -0.0022 -0.0921 0.9957
vn -0.0247 0.0001 0.9997
vn -0.1543 -0.0154 0.9879
vn -0.1856 -0.0574 0.9809
vn -0.0424 -0.0242 0.9988
vn -0.2205 -0.1043 0.9698
vn -0.0675 -0.0586 0.9960
vn 0.0318 -0.0602 0.9977
vn 0.0639 -0.0140 0.9978
vn 0.0905 -0.1968 0.9763
vn 0.1820 -0.0710 0.9807
vn -0.0256 -0.1332 0.9908
vn -0.0535 -0.3486 0.9357
vn 0.0737 0.0027 0.9973
vn -0.0150 0.0143 0.9998
vn 0.2079 -0.0233 0.9778
vn -0.1281 0.0204 0.9915
vn 0.0002 -0.0017 -1.0000
vn -0.0112 -0.0005 -0.9999
vn -0.0308 0.0241 -0.9992
vn -0.0181 0.0214 -0.9996
vn -0.0584 0.0586 -0.9966
vn -0.0448 0.0550 -0.9975
vn -0.0114 0.0254 -0.9996
vn 0.0086 -0.0003 -0.9999
vn -0.0051 0.0407 -0.9991
vn 0.0215 0.0059 -0.9997
vn -0.0414 0.0631 -0.9971
vn -0.0457 0.0903 -0.9948
vn 0.0178 -0.0121 -0.9998
vn 0.0093 -0.0133 -0.9998
vn 0.0324 -0.0093 -0.9994
vn -0.0006 -0.0139 -0.9999
vn -0.0014 0.0002 -1.0000
vn -0.0003 0.0107 -0.9999
vn 0.0200 -0.0141 -0.9997
vn 0.0170 -0.0226 -0.9996
vn 0.0504 -0.0515 -0.9974
vn 0.0440 -0.0561 -0.9974
vn 0.0193 -0.0385 -0.9991
vn -0.0003 -0.0140 -0.9999
vn 0.0303 -0.0794 -0.9964
vn 0.0049 -0.0477 -0.9988
vn 0.0469 -0.0730 -0.9962
vn 0.0641 -0.1212 -0.9905
vn -0.0110 -0.0007 -0.9999
vn -0.0106 0.0117 -0.9998
vn -0.0110 -0.0280 -0.9995
vn -0.0097 0.0222 -0.9997
vn -0.0002 -0.0017 -1.0000
vn -0.0086 -0.0002 -0.9999
vn 0.0114 0.0254 -0.9996
vn 0.0181 0.0214 -0.9996
vn 0.0414 0.0631 -0.9971
vn 0.0448 0.0550 -0.9975
vn 0.0308 0.0241 -0.9992
vn 0.0112 -0.0005 -0.9999
vn 0.0636 0.0378 -0.9973
vn 0.0383 0.0058 -0.9992
vn 0.0584 0.0586 -0.9966
vn 0.0973 0.0803 -0.9920
vn 0.0006 -0.0139 -0.9999
vn -0.0093 -0.0133 -0.9998
vn 0.0226 -0.0142 -0.9996
vn -0.0178 -0.0122 -0.9998
vn 0.0014 0.0003 -1.0000
vn 0.0003 -0.0140 -0.9999
vn -0.0193 -0.0385 -0.9991
vn -0.0171 -0.0227 -0.9996
vn -0.0469 -0.0730 -0.9962
vn -0.0440 -0.0562 -0.9974
vn -0.0200 -0.0141 -0.9997
vn 0.0003 0.0108 -0.9999
vn -0.0320 -0.0055 -0.9995
vn -0.0042 0.0270 -0.9996
vn -0.0504 -0.0515 -0.9974
vn -0.0728 -0.0568 -0.9957
vn 0.0097 0.0222 -0.9997
vn 0.0106 0.0117 -0.9998
vn 0.0075 0.0405 -0.9991
vn 0.0110 -0.0007 -0.9999
vn 0.0014 -0.0002 -1.0000
vn 0.0003 -0.0107 -0.9999
vn -0.0200 0.0141 -0.9997
vn -0.0171 0.0226 -0.9996
vn -0.0504 0.0515 -0.9974
vn -0.0440 0.0562 -0.9974
vn -0.0194 0.0386 -0.9991
vn 0.0003 0.0140 -0.9999
vn -0.0304 0.0794 -0.9964
vn -0.0048 0.0477 -0.9988
vn -0.0469 0.0729 -0.9962
vn -0.0642 0.1213 -0.9905
vn 0.0110 0.0007 -0.9999
vn 0.0106 -0.0117 -0.9998
vn 0.0111 0.0280 -0.9995
vn 0.0097 -0.0223 -0.9997
vn -0.0002 0.0017 -1.0000
vn 0.0112 0.0005 -0.9999
vn 0.0308 -0.0241 -0.9992
vn 0.0181 -0.0214 -0.9996
vn 0.0584 -0.0586 -0.9966
vn 0.0449 -0.0551 -0.9975
vn 0.0114 -0.0254 -0.9996
vn -0.0087 0.0003 -0.9999
vn 0.0051 -0.0407 -0.9991
vn -0.0215 -0.0058 -0.9997
vn 0.0414 -0.0631 -0.9971
vn 0.0457 -0.0902 -0.9948
vn -0.0178 0.0121 -0.9998
vn -0.0093 0.0133 -0.9998
vn -0.0324 0.0093 -0.9994
vn 0.0006 0.0139 -0.9999
vn -0.0001 0.0310 0.9995
vn -0.0128 0.1906 0.9816
vn -0.0459 0.2289 0.9724
vn -0.0191 0.0533 0.9984
vn -0.0822 0.2707 0.9591
vn -0.0462 0.0852 0.9953
vn -0.0453 -0.0411 0.9981
vn -0.0101 -0.0798 0.9967
vn -0.1544 -0.1205 0.9806
vn -0.0523 -0.2251 0.9729
vn -0.1061 0.0285 0.9939
vn -0.2935 0.0670 0.9536
vn 0.0022 -0.0922 0.9957
vn 0.0110 0.0186 0.9998
vn -0.0178 -0.2558 0.9666
vn 0.0152 0.1584 0.9872
vn 0.0247 0.0000 0.9997
vn -0.0638 -0.0141 0.9978
vn -0.0317 -0.0602 0.9977
vn 0.0424 -0.0242 0.9988
vn 0.0256 -0.1332 0.9907
vn 0.0675 -0.0586 0.9960
vn 0.1856 -0.0575 0.9809
vn 0.1545 -0.0154 0.9879
vn 0.4690 -0.1735 0.8660
vn 0.4155 -0.0735 0.9066
vn 0.2202 -0.1041 0.9699
vn 0.5132 -0.2648 0.8164
vn 0.1279 0.0204 0.9915
vn 0.0150 0.0143 0.9998
vn 0.3564 0.0248 0.9340
vn -0.0738 0.0027 0.9973
vn -0.0014 -0.0002 -1.0000
vn -0.0003 0.0140 -0.9999
vn 0.0194 0.0386 -0.9991
vn 0.0171 0.0227 -0.9996
vn 0.0470 0.0730 -0.9962
vn 0.0440 0.0562 -0.9974
vn 0.0200 0.0141 -0.9997
vn -0.0004 -0.0108 -0.9999
vn 0.0320 0.0055 -0.9995
vn 0.0042 -0.0270 -0.9996
vn 0.0505 0.0515 -0.9974
vn 0.0730 0.0569 -0.9957
vn -0.0097 -0.0222 -0.9997
vn -0.0106 -0.0117 -0.9998
vn -0.0075 -0.0405 -0.9991
vn -0.0110 0.0007 -0.9999
vn 0.0002 0.0017 -1.0000
vn 0.0086 0.0002 -0.9999
vn -0.0114 -0.0254 -0.9996
vn -0.0181 -0.0214 -0.9996
vn -0.0414 -0.0631 -0.9971
vn -0.0448 -0.0550 -0.9975
vn -0.0308 -0.0240 -0.9992
vn -0.0112 0.0005 -0.9999
vn -0.0637 -0.0378 -0.9973
vn -0.0383 -0.0058 -0.9992
vn -0.0583 -0.0586 -0.9966
vn -0.0971 -0.0801 -0.9920
vn -0.0006 0.0139 -0.9999
vn 0.0093 0.0133 -0.9998
vn -0.0226 0.0142 -0.9996
vn 0.0178 0.0122 -0.9998
vn -0.6794 0.4630 -0.5692
vn -0.8284 0.5476 -0.1175
vn -0.8296 0.5462 -0.1160
vn -0.6832 0.4592 -0.5678
vn -0.8734 0.4652 -0.1435
vn -0.6782 0.3631 -0.6389
vn -0.8339 0.5518 -0.0000
vn -0.8381 0.5455 -0.0000
vn -0.2988 0.2215 -0.9282
vn -0.3094 0.2361 -0.9211
vn -0.1137 0.1111 -0.9873
vn -0.1177 0.1160 -0.9862
vn -0.2414 0.1456 -0.9594
vn -0.2890 0.2042 -0.9353
vn -0.6729 0.4025 -0.6205
vn -0.1042 0.0986 -0.9896
vn -0.8617 0.4866 -0.1436
vn -0.8670 0.4983 -0.0000
vn 0.3733 -0.9010 0.2208
vn 0.3876 -0.9207 0.0453
vn 0.3846 -0.9220 0.0453
vn 0.3722 -0.9022 0.2180
vn 0.3895 -0.9210 -0.0000
vn 0.3845 -0.9231 -0.0000
vn 0.3060 -0.7707 0.5588
vn 0.3092 -0.7687 0.5599
vn 0.1761 -0.4624 0.8690
vn 0.1838 -0.4693 0.8637
vn 0.2576 -0.7444 0.6160
vn 0.3210 -0.9101 0.2619
vn 0.1484 -0.4354 0.8879
vn 0.3403 -0.9387 0.0538
vn 0.3454 -0.9384 -0.0000
vn -0.8129 -0.5269 0.2479
vn -0.8343 -0.5490 0.0513
vn -0.8368 -0.5451 0.0513
vn -0.8149 -0.5253 0.2449
vn -0.8864 -0.4582 0.0656
vn -0.8482 -0.4376 0.2984
vn -0.8341 -0.5516 -0.0000
vn -0.8381 -0.5455 -0.0000
vn -0.8915 -0.4529 -0.0000
vn -0.6766 -0.4203 0.6046
vn -0.6745 -0.4252 0.6034
vn -0.3836 -0.2286 0.8947
vn -0.3920 -0.2405 0.8879
vn -0.6532 -0.3128 0.6895
vn -0.6577 -0.3576 0.6630
vn -0.8357 -0.4610 0.2984
vn -0.3649 -0.1945 0.9105
vn -0.8683 -0.4920 0.0622
vn -0.8669 -0.4984 -0.0000
vn 0.3373 0.7735 -0.5365
vn 0.3872 0.9160 -0.1044
vn 0.3861 0.9167 -0.1030
vn 0.3344 0.7768 -0.5335
vn 0.3896 0.9210 -0.0000
vn 0.3844 0.9232 -0.0000
vn 0.1729 0.3645 -0.9150
vn 0.1838 0.3760 -0.9082
vn 0.0887 0.1419 -0.9859
vn 0.0924 0.1465 -0.9849
vn 0.1590 0.3503 -0.9230
vn 0.2890 0.7566 -0.5865
vn 0.0785 0.1296 -0.9884
vn 0.3374 0.9330 -0.1252
vn 0.3455 0.9384 -0.0000
vn 0.8130 0.5270 0.2478
vn 0.8341 0.5492 0.0512
vn 0.8367 0.5453 0.0514
vn 0.8148 0.5253 0.2452
vn 0.8864 0.4581 0.0658
vn 0.8481 0.4376 0.2986
vn 0.8340 0.5517 -0.0000
vn 0.8381 0.5455 -0.0000
vn 0.8916 0.4529 -0.0000
vn 0.6766 0.4200 0.6048
vn 0.6743 0.4249 0.6039
vn 0.3838 0.2284 0.8947
vn 0.3918 0.2402 0.8881
vn 0.6530 0.3124 0.6899
vn 0.6582 0.3577 0.6624
vn 0.8358 0.4610 0.2982
vn 0.3647 0.1944 0.9106
vn 0.8683 0.4920 0.0622
vn 0.8668 0.4986 -0.0000
vn -0.3370 -0.7733 -0.5371
vn -0.3872 -0.9160 -0.1044
vn -0.3862 -0.9166 -0.1031
vn -0.3347 -0.7769 -0.5333
vn -0.3895 -0.9210 -0.0000
vn -0.3845 -0.9231 -0.0000
vn -0.1731 -0.3644 -0.9150
vn -0.1838 -0.3760 -0.9082
vn -0.0887 -0.1418 -0.9859
vn -0.0925 -0.1466 -0.9848
vn -0.1588 -0.3500 -0.9232
vn -0.2894 -0.7566 -0.5863
vn -0.0784 -0.1294 -0.9885
vn -0.3370 -0.9331 -0.1252
vn -0.3453 -0.9385 -0.0000
vn 0.6795 -0.4628 -0.5693
vn 0.8286 -0.5473 -0.1176
vn 0.8297 -0.5460 -0.1161
vn 0.6832 -0.4590 -0.5679
vn 0.8735 -0.4651 -0.1436
vn 0.6783 -0.3628 -0.6389
vn 0.8343 -0.5513 -0.0000
vn 0.8381 -0.5455 -0.0000
vn 0.8914 -0.4531 -0.0000
vn 0.2988 -0.2214 -0.9283
vn 0.3094 -0.2362 -0.9211
vn 0.1136 -0.1110 -0.9873
vn 0.1177 -0.1160 -0.9862
vn 0.2412 -0.1453 -0.9595
vn 0.2890 -0.2042 -0.9353
vn 0.6727 -0.4026 -0.6207
vn 0.1043 -0.0986 -0.9896
vn 0.8615 -0.4869 -0.1436
vn 0.8667 -0.4988 -0.0000
vn -0.3736 0.9008 0.2210
vn -0.3878 0.9206 0.0453
vn -0.3844 0.9220 0.0454
vn -0.3719 0.9023 0.2180
vn -0.3897 0.9209 -0.0000
vn -0.3841 0.9232 -0.0000
vn -0.3060 0.7711 0.5584
vn -0.3089 0.7684 0.5604
vn -0.1759 0.4624 0.8690
vn -0.1839 0.4695 0.8635
vn -0.2581 0.7443 0.6159
vn -0.3210 0.9101 0.2619
vn -0.1482 0.4348 0.8882
vn -0.3406 0.9386 0.0538
vn -0.3458 0.9383 -0.0000
vn 0.7369 -0.5204 -0.4314
vn 0.8176 -0.5717 -0.0684
vn 0.8309 -0.5516 -0.0731
vn 0.7427 -0.4994 -0.4460
vn 0.8822 -0.4611 -0.0946
vn 0.7540 -0.4017 -0.5197
vn 0.8198 -0.5726 -0.0000
vn 0.8350 -0.5502 -0.0000
vn 0.8915 -0.4529 -0.0000
vn 0.3777 -0.2674 -0.8865
vn 0.3949 -0.2968 -0.8694
vn 0.1262 -0.1172 -0.9850
vn 0.1335 -0.1263 -0.9829
vn 0.3159 -0.1747 -0.9326
vn 0.3876 -0.2856 -0.8764
vn 0.7361 -0.5024 -0.4535
vn 0.1239 -0.1141 -0.9857
vn 0.8259 -0.5591 -0.0727
vn 0.8269 -0.5624 -0.0000
vn -0.3983 0.9089 0.1232
vn -0.4071 0.9130 0.0247
vn -0.3887 0.9210 0.0263
vn -0.3804 0.9156 0.1302
vn -0.4083 0.9128 -0.0000
vn -0.3891 0.9212 -0.0000
vn -0.3381 0.8596 0.3830
vn -0.3587 0.8585 0.3665
vn -0.2188 0.6174 0.7556
vn -0.2444 0.6338 0.7338
vn -0.3471 0.8567 0.3814
vn -0.3874 0.9127 0.1296
vn -0.2372 0.6269 0.7421
vn -0.3974 0.9172 0.0259
vn -0.3993 0.9168 -0.0000
vn 0.8172 0.5594 0.1384
vn 0.8202 0.5714 0.0277
vn 0.8349 0.5496 0.0299
vn 0.8302 0.5376 0.1477
vn 0.8898 0.4547 0.0395
vn 0.8767 0.4422 0.1891
vn 0.8197 0.5727 -0.0000
vn 0.8350 0.5501 -0.0000
vn 0.7707 0.4725 0.4274
vn 0.7653 0.4996 0.4057
vn 0.5283 0.2919 0.7973
vn 0.5429 0.3272 0.7734
vn 0.7782 0.3614 0.5136
vn 0.7656 0.4850 0.4227
vn 0.8246 0.5463 0.1465
vn 0.5380 0.3188 0.7803
vn 0.8278 0.5601 0.0292
vn 0.8268 0.5624 -0.0000
vn -0.3783 -0.8352 -0.3991
vn -0.4082 -0.9108 -0.0609
vn -0.3910 -0.9181 -0.0645
vn -0.3615 -0.8370 -0.4108
vn -0.4087 -0.9127 -0.0000
vn -0.3890 -0.9212 -0.0000
vn -0.2066 -0.4545 -0.8664
vn -0.2281 -0.4728 -0.8511
vn -0.0938 -0.1579 -0.9830
vn -0.1008 -0.1666 -0.9808
vn -0.2191 -0.4633 -0.8587
vn -0.3631 -0.8319 -0.4195
vn -0.0910 -0.1545 -0.9838
vn -0.3968 -0.9156 -0.0645
vn -0.3995 -0.9167 -0.0000
vn -0.8173 -0.5592 0.1385
vn -0.8204 -0.5711 0.0277
vn -0.8347 -0.5499 0.0299
vn -0.8299 -0.5379 0.1476
vn -0.8896 -0.4549 0.0395
vn -0.8766 -0.4426 0.1888
vn -0.8199 -0.5725 -0.0000
vn -0.8348 -0.5506 -0.0000
vn -0.7707 -0.4730 0.4269
vn -0.7654 -0.4994 0.4058
vn -0.5279 -0.2921 0.7974
vn -0.5430 -0.3273 0.7733
vn -0.7781 -0.3616 0.5136
vn -0.7654 -0.4851 0.4228
vn -0.8245 -0.5465 0.1465
vn -0.5382 -0.3188 0.7802
vn -0.8280 -0.5600 0.0292
vn -0.8270 -0.5621 -0.0000
vn 0.3779 0.8354 -0.3990
vn 0.4078 0.9110 -0.0610
vn 0.3908 0.9182 -0.0645
vn 0.3613 0.8372 -0.4105
vn 0.4082 0.9129 -0.0000
vn 0.3891 0.9212 -0.0000
vn 0.2067 0.4542 -0.8665
vn 0.2283 0.4733 -0.8508
vn 0.0938 0.1579 -0.9830
vn 0.1009 0.1666 -0.9808
vn 0.2190 0.4633 -0.8587
vn 0.3633 0.8316 -0.4199
vn 0.0912 0.1546 -0.9837
vn 0.3969 0.9156 -0.0645
vn 0.3994 0.9168 -0.0000
vn -0.7370 0.5203 -0.4313
vn -0.8176 0.5717 -0.0684
vn -0.8307 0.5518 -0.0731
vn -0.7427 0.4994 -0.4460
vn -0.8821 0.4614 -0.0945
vn -0.7539 0.4020 -0.5195
vn -0.8198 0.5726 -0.0000
vn -0.8348 0.5505 -0.0000
vn -0.8915 0.4529 -0.0000
vn -0.3778 0.2675 -0.8864
vn -0.3949 0.2965 -0.8696
vn -0.1264 0.1173 -0.9850
vn -0.1334 0.1262 -0.9830
vn -0.3158 0.1748 -0.9326
vn -0.3877 0.2857 -0.8764
vn -0.7362 0.5025 -0.4533
vn -0.1239 0.1140 -0.9857
vn -0.8259 0.5590 -0.0727
vn -0.8270 0.5621 -0.0000
vn 0.3986 -0.9088 0.1230
vn 0.4075 -0.9128 0.0246
vn 0.3888 -0.9209 0.0263
vn 0.3803 -0.9156 0.1301
vn 0.4086 -0.9127 -0.0000
vn 0.3892 -0.9211 -0.0000
vn 0.3381 -0.8597 0.3829
vn 0.3587 -0.8585 0.3665
vn 0.2191 -0.6176 0.7553
vn 0.2443 -0.6335 0.7341
vn 0.3472 -0.8567 0.3815
vn 0.3872 -0.9128 0.1298
vn 0.2370 -0.6268 0.7422
vn 0.3972 -0.9174 0.0258
vn 0.3994 -0.9167 -0.0000
vn 0.1027 0.0999 0.9897
vn 0.2471 0.1405 0.9587
vn 0.2315 0.1202 0.9654
vn 0.0996 0.0944 0.9905
vn 0.0878 0.1979 0.9763
vn 0.0920 0.2044 0.9745
vn 0.1758 0.4624 0.8690
vn 0.1841 0.4696 0.8635
vn 0.0734 0.1841 0.9801
vn 0.0921 0.0883 0.9918
vn 0.1486 0.4354 0.8879
vn 0.2431 0.1353 0.9605
vn -0.0795 -0.1279 0.9886
vn -0.1652 -0.1159 0.9794
vn -0.1591 -0.1104 0.9810
vn -0.0750 -0.1237 0.9895
vn -0.0945 -0.2854 0.9537
vn -0.1109 -0.3038 0.9463
vn -0.2189 -0.6176 0.7554
vn -0.2444 -0.6336 0.7340
vn -0.1065 -0.2988 0.9483
vn -0.0702 -0.1153 0.9908
vn -0.2372 -0.6270 0.7420
vn -0.1495 -0.0916 0.9845
vn -0.1028 0.0999 0.9897
vn -0.0920 0.2044 0.9745
vn -0.0878 0.1980 0.9763
vn -0.0994 0.0943 0.9905
vn -0.2314 0.1200 0.9654
vn -0.2470 0.1406 0.9587
vn -0.5284 0.2922 0.7971
vn -0.5430 0.3272 0.7733
vn -0.2431 0.1351 0.9605
vn -0.0922 0.0883 0.9918
vn -0.5379 0.3186 0.7804
vn -0.0732 0.1839 0.9802
vn 0.0795 -0.1279 0.9886
vn 0.1109 -0.3038 0.9463
vn 0.0947 -0.2857 0.9536
vn 0.0750 -0.1237 0.9895
vn 0.1591 -0.1104 0.9810
vn 0.1653 -0.1160 0.9794
vn 0.3839 -0.2288 0.8946
vn 0.3918 -0.2402 0.8881
vn 0.1496 -0.0916 0.9845
vn 0.0701 -0.1152 0.9908
vn 0.3651 -0.1946 0.9104
vn 0.1062 -0.2984 0.9485
vn 0.0795 0.1280 0.9886
vn 0.1653 0.1160 0.9794
vn 0.1592 0.1104 0.9810
vn 0.0751 0.1237 0.9894
vn 0.0945 0.2852 0.9538
vn 0.1107 0.3038 0.9463
vn 0.2189 0.6175 0.7555
vn 0.2444 0.6337 0.7339
vn 0.1066 0.2987 0.9484
vn 0.0701 0.1152 0.9908
vn 0.2373 0.6273 0.7417
vn 0.1495 0.0916 0.9845
vn -0.1027 -0.0999 0.9897
vn -0.2468 -0.1405 0.9588
vn -0.2313 -0.1201 0.9654
vn -0.0995 -0.0944 0.9905
vn -0.0876 -0.1977 0.9763
vn -0.0920 -0.2043 0.9745
vn -0.1761 -0.4625 0.8690
vn -0.1838 -0.4692 0.8637
vn -0.0733 -0.1840 0.9802
vn -0.0922 -0.0883 0.9918
vn -0.1484 -0.4353 0.8879
vn -0.2430 -0.1352 0.9605
vn -0.0789 0.0974 -0.9921
vn -0.0918 0.1006 -0.9907
vn -0.0880 0.0960 -0.9915
vn -0.0764 0.0941 -0.9926
vn -0.0762 0.1054 -0.9915
vn -0.0788 0.1088 -0.9909
vn -0.0887 0.1420 -0.9859
vn -0.0923 0.1465 -0.9849
vn -0.0674 0.0948 -0.9932
vn -0.0685 0.0845 -0.9940
vn -0.0784 0.1295 -0.9885
vn -0.0820 0.0883 -0.9927
vn 0.0780 -0.0987 -0.9920
vn 0.0871 -0.0986 -0.9913
vn 0.0843 -0.0952 -0.9919
vn 0.0753 -0.0955 -0.9926
vn 0.0768 -0.1102 -0.9909
vn 0.0805 -0.1149 -0.9901
vn 0.0938 -0.1579 -0.9830
vn 0.1009 -0.1667 -0.9808
vn 0.0707 -0.1026 -0.9922
vn 0.0677 -0.0858 -0.9940
vn 0.0910 -0.1544 -0.9838
vn 0.0762 -0.0845 -0.9935
vn 0.0789 0.0974 -0.9921
vn 0.0787 0.1087 -0.9909
vn 0.0762 0.1054 -0.9915
vn 0.0764 0.0942 -0.9926
vn 0.0880 0.0960 -0.9915
vn 0.0919 0.1006 -0.9907
vn 0.1263 0.1173 -0.9850
vn 0.1335 0.1262 -0.9830
vn 0.0819 0.0882 -0.9927
vn 0.0685 0.0845 -0.9940
vn 0.1238 0.1140 -0.9857
vn 0.0675 0.0949 -0.9932
vn -0.0779 -0.0986 -0.9921
vn -0.0804 -0.1147 -0.9901
vn -0.0768 -0.1102 -0.9909
vn -0.0753 -0.0955 -0.9926
vn -0.0843 -0.0953 -0.9919
vn -0.0872 -0.0986 -0.9913
vn -0.1136 -0.1110 -0.9873
vn -0.1178 -0.1160 -0.9862
vn -0.0762 -0.0845 -0.9935
vn -0.0677 -0.0858 -0.9940
vn -0.1043 -0.0986 -0.9896
vn -0.0707 -0.1026 -0.9922
vn -0.0779 0.0987 -0.9920
vn -0.0872 0.0986 -0.9913
vn -0.0844 0.0953 -0.9919
vn -0.0754 0.0956 -0.9926
vn -0.0767 0.1101 -0.9909
vn -0.0805 0.1148 -0.9901
vn -0.0937 0.1578 -0.9830
vn -0.1008 0.1666 -0.9808
vn -0.0708 0.1027 -0.9922
vn -0.0677 0.0858 -0.9940
vn -0.0911 0.1545 -0.9838
vn -0.0761 0.0844 -0.9935
vn 0.0788 -0.0973 -0.9921
vn 0.0918 -0.1005 -0.9907
vn 0.0880 -0.0958 -0.9915
vn 0.0764 -0.0942 -0.9926
vn 0.0761 -0.1053 -0.9915
vn 0.0787 -0.1086 -0.9909
vn 0.0886 -0.1417 -0.9859
vn 0.0925 -0.1466 -0.9848
vn 0.0676 -0.0951 -0.9932
vn 0.0685 -0.0845 -0.9940
vn 0.0786 -0.1297 -0.9884
vn 0.0821 -0.0884 -0.9927
vn -0.0795 0.1280 0.9886
vn -0.1107 0.3038 0.9463
vn -0.0945 0.2852 0.9538
vn -0.0751 0.1238 0.9894
vn -0.1593 0.1105 0.9810
vn -0.1653 0.1159 0.9794
vn -0.3841 0.2287 0.8945
vn -0.3919 0.2402 0.8881
vn -0.1494 0.0915 0.9845
vn -0.0701 0.1152 0.9908
vn -0.3647 0.1943 0.9106
vn -0.1067 0.2989 0.9483
vn 0.1026 -0.0999 0.9897
vn 0.0920 -0.2043 0.9745
vn 0.0876 -0.1979 0.9763
vn 0.0995 -0.0944 0.9905
vn 0.2314 -0.1202 0.9654
vn 0.2470 -0.1405 0.9587
vn 0.5284 -0.2926 0.7970
vn 0.5430 -0.3273 0.7733
vn 0.2430 -0.1351 0.9605
vn 0.0923 -0.0883 0.9918
vn 0.5377 -0.3185 0.7806
vn 0.0733 -0.1841 0.9801
vn 0.0779 0.0987 -0.9920
vn 0.0804 0.1148 -0.9901
vn 0.0767 0.1101 -0.9909
vn 0.0753 0.0955 -0.9926
vn 0.0843 0.0953 -0.9919
vn 0.0872 0.0986 -0.9913
vn 0.1135 0.1110 -0.9873
vn 0.1176 0.1158 -0.9863
vn 0.0761 0.0844 -0.9935
vn 0.0676 0.0857 -0.9940
vn 0.1043 0.0985 -0.9896
vn 0.0707 0.1026 -0.9922
vn -0.0789 -0.0974 -0.9921
vn -0.0787 -0.1087 -0.9909
vn -0.0761 -0.1053 -0.9915
vn -0.0764 -0.0941 -0.9926
vn -0.0880 -0.0960 -0.9915
vn -0.0917 -0.1005 -0.9907
vn -0.1263 -0.1172 -0.9850
vn -0.1335 -0.1263 -0.9829
vn -0.0820 -0.0883 -0.9927
vn -0.0685 -0.0845 -0.9940
vn -0.1239 -0.1140 -0.9857
vn -0.0675 -0.0949 -0.9932
vn -0.3370 0.7734 -0.5368
vn -0.1836 0.3760 -0.9082
vn -0.1731 0.3646 -0.9149
vn -0.3344 0.7769 -0.5334
vn -0.1148 0.2981 -0.9476
vn -0.2635 0.7613 -0.5924
vn -0.3860 0.9167 -0.1031
vn -0.3872 0.9161 -0.1044
vn -0.3844 0.9232 -0.0000
vn -0.3214 0.9388 -0.1238
vn -0.3100 0.9507 -0.0000
vn -0.3373 0.9330 -0.1252
vn -0.2890 0.7565 -0.5866
vn -0.1237 0.9726 -0.1968
vn -0.1347 0.7133 -0.6878
vn -0.3457 0.9384 -0.0000
vn -0.1514 0.9885 -0.0000
vn -0.1588 0.3501 -0.9231
vn -0.0875 0.2810 -0.9557
vn 0.8341 -0.5516 -0.0000
vn 0.8341 -0.5515 -0.0000
vn 0.8380 -0.5456 -0.0000
vn 0.8380 -0.5455 -0.0000
vn 0.8916 -0.4529 -0.0000
vn 0.8342 -0.5515 -0.0000
vn 0.8914 -0.4532 -0.0000
vn 0.8668 -0.4987 -0.0000
vn 0.8668 -0.4986 -0.0000
vn 0.9741 -0.2262 -0.0000
vn 0.9741 -0.2259 -0.0000
vn -0.3894 -0.9210 -0.0000
vn -0.3844 -0.9231 -0.0000
vn -0.3106 -0.9505 -0.0000
vn -0.3453 -0.9384 -0.0000
vn -0.1513 -0.9885 -0.0000
vn 0.6794 0.4629 -0.5692
vn 0.3092 0.2359 -0.9212
vn 0.2984 0.2211 -0.9285
vn 0.6830 0.4590 -0.5681
vn 0.8295 0.5463 -0.1160
vn 0.8284 0.5476 -0.1175
vn 0.8380 0.5456 -0.0000
vn 0.8617 0.4867 -0.1437
vn 0.6730 0.4028 -0.6203
vn 0.9538 0.1907 -0.2319
vn 0.6656 0.1955 -0.7202
vn 0.9742 0.2256 -0.0000
vn 0.2891 0.2042 -0.9352
vn 0.2349 0.1106 -0.9657
vn 0.3898 0.9209 -0.0000
vn 0.3101 0.9507 -0.0000
vn 0.3897 0.9209 -0.0000
vn 0.3844 0.9231 -0.0000
vn 0.3459 0.9383 -0.0000
vn 0.3460 0.9382 -0.0000
vn 0.1518 0.9884 -0.0000
vn 0.1515 0.9884 -0.0000
vn 0.3457 0.9383 -0.0000
vn 0.3458 0.9383 -0.0000
vn 0.1509 0.9885 -0.0000
vn 0.1512 0.9885 -0.0000
vn -0.6794 -0.4629 -0.5693
vn -0.3094 -0.2361 -0.9211
vn -0.2988 -0.2214 -0.9283
vn -0.6831 -0.4591 -0.5679
vn -0.8296 -0.5462 -0.1161
vn -0.8284 -0.5476 -0.1175
vn -0.8342 -0.5515 -0.0000
vn -0.8617 -0.4867 -0.1435
vn -0.6729 -0.4027 -0.6204
vn -0.9539 -0.1901 -0.2320
vn -0.6656 -0.1950 -0.7204
vn -0.8668 -0.4987 -0.0000
vn -0.2890 -0.2042 -0.9353
vn -0.2346 -0.1101 -0.9658
vn 0.3371 -0.7735 -0.5366
vn 0.1840 -0.3763 -0.9080
vn 0.1731 -0.3644 -0.9150
vn 0.3347 -0.7769 -0.5332
vn 0.1146 -0.2979 -0.9477
vn 0.2632 -0.7613 -0.5925
vn 0.3862 -0.9167 -0.1030
vn 0.3872 -0.9161 -0.1044
vn 0.3217 -0.9387 -0.1237
vn 0.3370 -0.9331 -0.1252
vn 0.2893 -0.7564 -0.5866
vn 0.1244 -0.9724 -0.1970
vn 0.1348 -0.7135 -0.6876
vn 0.1589 -0.3502 -0.9231
vn 0.0876 -0.2810 -0.9557
vn -0.8339 0.5519 -0.0000
vn -0.8382 0.5454 -0.0000
vn -0.8340 0.5517 -0.0000
vn -0.8382 0.5453 -0.0000
vn -0.8669 0.4984 -0.0000
vn -0.9743 0.2251 -0.0000
vn -0.9743 0.2252 -0.0000
vn -0.8668 0.4985 -0.0000
vn 0.4823 0.2861 -0.8280
vn 0.1082 0.0538 -0.9926
vn 0.0287 0.1597 -0.9867
vn 0.1866 0.5890 -0.7862
vn 0.3649 0.8861 -0.2857
vn 0.8030 0.5080 -0.3117
vn 0.3543 0.9351 -0.0000
vn 0.9319 0.2028 -0.3008
vn 0.5510 0.1035 -0.8281
vn 0.9113 0.2629 -0.3168
vn 0.4983 0.1414 -0.8554
vn 0.9770 0.2130 -0.0000
vn 0.9565 0.2917 -0.0000
vn 0.1296 0.0103 -0.9915
vn 0.1107 0.0201 -0.9936
vn 0.3954 0.9185 -0.0000
vn 0.3956 0.9184 -0.0000
vn 0.8895 0.4569 -0.0000
vn 0.3951 0.9186 -0.0000
vn 0.8894 0.4572 -0.0000
vn 0.3952 0.9186 -0.0000
vn 0.1388 0.9903 -0.0000
vn 0.1936 0.9810 -0.0000
vn 0.1387 0.9903 -0.0000
vn 0.1382 0.9904 -0.0000
vn 0.8452 -0.5344 -0.0000
vn 0.8451 -0.5345 -0.0000
vn 0.3547 -0.9350 -0.0000
vn 0.8453 -0.5342 -0.0000
vn 0.9566 -0.2913 -0.0000
vn 0.9567 -0.2910 -0.0000
vn 0.2089 -0.5515 -0.8076
vn 0.0385 -0.1350 -0.9901
vn 0.1271 -0.0444 -0.9909
vn 0.5321 -0.2524 -0.8082
vn 0.8419 -0.4473 -0.3018
vn 0.3892 -0.8732 -0.2932
vn 0.1354 -0.9568 -0.2573
vn 0.0722 -0.6122 -0.7874
vn 0.1708 -0.9486 -0.2663
vn 0.1060 -0.5728 -0.8127
vn 0.1926 -0.9813 -0.0000
vn 0.0074 -0.1602 -0.9871
vn 0.0180 -0.1384 -0.9902
vn -0.8456 0.5338 -0.0000
vn -0.8458 0.5335 -0.0000
vn -0.3559 0.9345 -0.0000
vn -0.3555 0.9347 -0.0000
vn -0.8455 0.5338 -0.0000
vn -0.3543 0.9351 -0.0000
vn -0.9771 0.2127 -0.0000
vn -0.9771 0.2125 -0.0000
vn -0.9568 0.2907 -0.0000
vn -0.9567 0.2912 -0.0000
vn -0.9772 0.2124 -0.0000
vn -0.9565 0.2915 -0.0000
vn -0.9566 0.2913 -0.0000
vn -0.2088 0.5513 -0.8077
vn -0.0385 0.1347 -0.9901
vn -0.1268 0.0446 -0.9909
vn -0.5323 0.2526 -0.8080
vn -0.8422 0.4469 -0.3017
vn -0.3898 0.8730 -0.2931
vn -0.8893 0.4572 -0.0000
vn -0.3956 0.9184 -0.0000
vn -0.1350 0.9568 -0.2575
vn -0.0721 0.6120 -0.7875
vn -0.1712 0.9485 -0.2663
vn -0.1058 0.5732 -0.8125
vn -0.1385 0.9904 -0.0000
vn -0.1924 0.9813 -0.0000
vn -0.0075 0.1603 -0.9870
vn -0.0180 0.1384 -0.9902
vn -0.4822 -0.2864 -0.8279
vn -0.1082 -0.0537 -0.9926
vn -0.0289 -0.1598 -0.9867
vn -0.1859 -0.5888 -0.7866
vn -0.3641 -0.8863 -0.2859
vn -0.8030 -0.5080 -0.3117
vn -0.3550 -0.9348 -0.0000
vn -0.8456 -0.5338 -0.0000
vn -0.9319 -0.2026 -0.3008
vn -0.5510 -0.1032 -0.8280
vn -0.9116 -0.2620 -0.3166
vn -0.4980 -0.1411 -0.8556
vn -0.1294 -0.0102 -0.9915
vn -0.1107 -0.0201 -0.9936
vn -0.3950 -0.9186 -0.0000
vn -0.8889 -0.4581 -0.0000
vn -0.3948 -0.9187 -0.0000
vn -0.1926 -0.9813 -0.0000
vn -0.1928 -0.9812 -0.0000
vn 0.5689 0.0592 -0.8203
vn 0.1285 0.0117 -0.9916
vn 0.1227 0.0265 -0.9921
vn 0.5412 0.1506 -0.8273
vn 0.9097 0.2823 -0.3044
vn 0.9510 0.1089 -0.2893
vn 0.9586 0.0463 -0.2807
vn 0.5782 0.0256 -0.8155
vn 0.9608 0.0197 -0.2766
vn 0.5826 0.0107 -0.8126
vn 0.9989 0.0463 -0.0000
vn 0.1317 0.0053 -0.9913
vn 0.1335 0.0022 -0.9910
vn 0.1916 0.9814 -0.0000
vn 0.1915 0.9815 -0.0000
vn 0.0688 0.9976 -0.0000
vn 0.0290 0.9996 -0.0000
vn 0.9578 -0.2874 -0.0000
vn 0.9944 -0.1054 -0.0000
vn 0.0696 -0.6133 -0.7867
vn 0.0147 -0.1525 -0.9882
vn 0.0238 -0.1431 -0.9894
vn 0.1241 -0.5849 -0.8016
vn 0.2196 -0.9367 -0.2725
vn 0.1211 -0.9593 -0.2549
vn 0.2233 -0.9747 -0.0000
vn 0.0571 -0.9687 -0.2413
vn 0.0336 -0.6297 -0.7761
vn 0.0252 -0.9719 -0.2338
vn 0.0146 -0.6383 -0.7696
vn 0.0075 -0.1593 -0.9872
vn 0.0032 -0.1637 -0.9865
vn -0.9867 0.1627 -0.0000
vn -0.9867 0.1628 -0.0000
vn -0.9461 0.3239 -0.0000
vn -0.9462 0.3236 -0.0000
vn -0.9867 0.1626 -0.0000
vn -0.9462 0.3235 -0.0000
vn -0.9464 0.3228 -0.0000
vn -0.9972 0.0742 -0.0000
vn -0.0412 0.6270 -0.7779
vn -0.0086 0.1586 -0.9873
vn -0.0189 0.1515 -0.9883
vn -0.1045 0.6014 -0.7921
vn -0.1931 0.9441 -0.2671
vn -0.0716 0.9670 -0.2445
vn -0.1913 0.9815 -0.0000
vn -0.0696 0.9976 -0.0000
vn -0.0303 0.9715 -0.2350
vn -0.0179 0.6367 -0.7709
vn -0.0129 0.9729 -0.2309
vn -0.0075 0.6413 -0.7672
vn -0.0040 0.1628 -0.9866
vn -0.0016 0.1651 -0.9862
vn -0.5651 -0.0703 -0.8220
vn -0.1272 -0.0139 -0.9918
vn -0.1207 -0.0282 -0.9923
vn -0.5356 -0.1580 -0.8295
vn -0.9057 -0.2933 -0.3059
vn -0.9477 -0.1291 -0.2918
vn -0.9576 -0.0568 -0.2824
vn -0.5764 -0.0314 -0.8165
vn -0.9604 -0.0244 -0.2774
vn -0.5820 -0.0133 -0.8131
vn -0.1310 -0.0065 -0.9913
vn -0.1333 -0.0028 -0.9911
vn -0.0829 -0.9966 -0.0000
vn -0.2003 -0.9797 -0.0000
vn -0.0151 -0.9999 -0.0000
vn 0.0001 -0.6444 -0.7646
vn 0.0000 -0.6445 -0.7646
vn 0.0000 -0.1667 -0.9860
vn 0.0007 -0.1664 -0.9861
vn 0.0038 -0.6432 -0.7656
vn 0.0001 -0.0309 -0.9995
vn 0.0074 -0.9733 -0.2295
vn 0.0001 -0.9737 -0.2277
vn 0.0000 -0.9737 -0.2277
vn 0.2803 0.3173 -0.9059
vn 0.0558 0.0614 -0.9965
vn 0.1452 -0.0344 -0.9888
vn 0.5793 -0.0670 -0.8123
vn 0.9620 -0.1186 -0.2460
vn 0.6159 0.7030 -0.3554
vn 0.9974 -0.0722 -0.0000
vn 0.6771 0.7359 -0.0000
vn -0.0840 0.9770 -0.1960
vn -0.0499 0.6648 -0.7453
vn -0.0482 0.9988 -0.0000
vn -0.0243 0.1850 -0.9824
vn 0.6769 -0.7360 -0.0000
vn 0.6771 -0.7359 -0.0000
vn 0.9974 0.0720 -0.0000
vn 0.9974 0.0718 -0.0000
vn -0.0487 -0.9988 -0.0000
vn -0.6769 0.7360 -0.0000
vn -0.6770 0.7360 -0.0000
vn -0.9973 -0.0726 -0.0000
vn -0.8914 -0.4531 -0.0000
vn -0.8914 -0.4532 -0.0000
vn -0.6766 0.7363 -0.0000
vn -0.9974 -0.0724 -0.0000
vn -0.9973 -0.0727 -0.0000
vn -0.6764 0.7365 -0.0000
vn 0.0494 0.9987 -0.0000
vn 0.0489 0.9988 -0.0000
vn 0.0488 0.9988 -0.0000
vn -0.2812 -0.3173 -0.9057
vn -0.0560 -0.0616 -0.9965
vn -0.1453 0.0343 -0.9888
vn -0.5796 0.0674 -0.8120
vn -0.9619 0.1194 -0.2456
vn -0.6163 -0.7027 -0.3553
vn -0.9973 0.0728 -0.0000
vn -0.6774 -0.7356 -0.0000
vn 0.0841 -0.9770 -0.1960
vn 0.0494 -0.6646 -0.7455
vn 0.0242 -0.1847 -0.9825
vn -0.0001 0.6444 -0.7646
vn 0.0000 0.6445 -0.7646
vn 0.0000 0.1667 -0.9860
vn -0.0003 0.1665 -0.9860
vn -0.0019 0.6438 -0.7652
vn -0.0001 0.0309 -0.9995
vn -0.0038 0.9735 -0.2286
vn -0.0001 0.9737 -0.2277
vn 0.0000 0.9737 -0.2277
vn 0.5854 0.0001 -0.8108
vn 0.5854 0.0000 -0.8107
vn 0.1347 0.0000 -0.9909
vn 0.1346 0.0005 -0.9909
vn 0.5851 0.0028 -0.8110
vn 0.0248 0.0001 -0.9997
vn 0.9616 0.0057 -0.2743
vn 0.9619 0.0002 -0.2734
vn 0.9619 0.0000 -0.2734
vn 0.3783 -0.8353 -0.3990
vn 0.2283 -0.4732 -0.8509
vn 0.2066 -0.4545 -0.8665
vn 0.3615 -0.8372 -0.4104
vn 0.1362 -0.3844 -0.9131
vn 0.2875 -0.8339 -0.4711
vn 0.3909 -0.9181 -0.0645
vn 0.4083 -0.9108 -0.0609
vn 0.3891 -0.9212 -0.0000
vn 0.4087 -0.9127 -0.0000
vn 0.3176 -0.9448 -0.0807
vn 0.3099 -0.9507 -0.0000
vn 0.3967 -0.9156 -0.0645
vn 0.3630 -0.8318 -0.4198
vn 0.3472 -0.9345 -0.0779
vn 0.3072 -0.8222 -0.4791
vn 0.3995 -0.9167 -0.0000
vn 0.3532 -0.9355 -0.0000
vn 0.2190 -0.4632 -0.8587
vn 0.1787 -0.4259 -0.8869
vn -0.8197 0.5727 -0.0000
vn -0.8197 0.5728 -0.0000
vn -0.8348 0.5506 -0.0000
vn -0.8349 0.5504 -0.0000
vn -0.8270 0.5622 -0.0000
vn -0.8617 0.5074 -0.0000
vn -0.8616 0.5076 -0.0000
vn 0.4082 0.9128 -0.0000
vn 0.3890 0.9212 -0.0000
vn 0.3107 0.9505 -0.0000
vn 0.3993 0.9168 -0.0000
vn 0.3534 0.9354 -0.0000
vn -0.7369 -0.5202 -0.4316
vn -0.3949 -0.2967 -0.8695
vn -0.3778 -0.2675 -0.8863
vn -0.7427 -0.4995 -0.4459
vn -0.8307 -0.5519 -0.0730
vn -0.8177 -0.5715 -0.0685
vn -0.8260 -0.5589 -0.0727
vn -0.7362 -0.5024 -0.4534
vn -0.8616 -0.4995 -0.0898
vn -0.7385 -0.4316 -0.5179
vn -0.8271 -0.5621 -0.0000
vn -0.8616 -0.5076 -0.0000
vn -0.3874 -0.2853 -0.8766
vn -0.3576 -0.2341 -0.9040
vn -0.4086 -0.9127 -0.0000
vn -0.3892 -0.9211 -0.0000
vn -0.3891 -0.9212 -0.0000
vn -0.3101 -0.9507 -0.0000
vn -0.3104 -0.9506 -0.0000
vn -0.3996 -0.9167 -0.0000
vn -0.3533 -0.9355 -0.0000
vn -0.3530 -0.9356 -0.0000
vn 0.7370 0.5203 -0.4313
vn 0.3948 0.2966 -0.8695
vn 0.3776 0.2673 -0.8865
vn 0.7428 0.4993 -0.4461
vn 0.8309 0.5515 -0.0731
vn 0.8176 0.5717 -0.0683
vn 0.8351 0.5500 -0.0000
vn 0.8198 0.5726 -0.0000
vn 0.8259 0.5590 -0.0727
vn 0.7361 0.5024 -0.4535
vn 0.8617 0.4993 -0.0898
vn 0.7384 0.4316 -0.5181
vn 0.8269 0.5623 -0.0000
vn 0.8616 0.5075 -0.0000
vn 0.3877 0.2855 -0.8765
vn 0.3574 0.2340 -0.9041
vn -0.3778 0.8354 -0.3992
vn -0.2281 0.4730 -0.8510
vn -0.2066 0.4542 -0.8666
vn -0.3612 0.8371 -0.4108
vn -0.1360 0.3841 -0.9132
vn -0.2874 0.8339 -0.4711
vn -0.3907 0.9182 -0.0646
vn -0.4078 0.9110 -0.0610
vn -0.3181 0.9446 -0.0807
vn -0.3970 0.9155 -0.0645
vn -0.3635 0.8318 -0.4194
vn -0.3473 0.9345 -0.0778
vn -0.3074 0.8221 -0.4792
vn -0.2190 0.4634 -0.8586
vn -0.1792 0.4262 -0.8867
vn 0.8350 -0.5503 -0.0000
vn 0.8349 -0.5503 -0.0000
vn 0.8916 -0.4527 -0.0000
vn 0.8268 -0.5624 -0.0000
vn 0.8616 -0.5075 -0.0000
vn 0.8615 -0.5077 -0.0000
vn 0.1027 -0.7824 -0.6142
vn 0.0481 -0.2994 -0.9529
vn 0.1133 -0.3636 -0.9246
vn 0.2180 -0.8069 -0.5490
vn 0.2574 -0.9611 -0.0995
vn 0.1264 -0.9838 -0.1273
vn 0.2662 -0.9639 -0.0000
vn 0.1382 -0.9904 -0.0000
vn -0.0415 -0.9866 -0.1575
vn -0.0293 -0.7443 -0.6672
vn -0.2190 -0.9583 -0.1832
vn -0.1558 -0.6917 -0.7051
vn -0.0299 -0.9995 -0.0000
vn -0.2140 -0.9768 -0.0000
vn -0.0088 -0.2410 -0.9705
vn -0.0480 -0.1970 -0.9792
vn -0.9772 0.2120 -0.0000
vn -0.9772 0.2121 -0.0000
vn -0.9188 0.3946 -0.0000
vn -0.9772 0.2122 -0.0000
vn -0.9188 0.3947 -0.0000
vn -0.9188 0.3948 -0.0000
vn -0.9988 -0.0475 -0.0000
vn -0.9469 -0.3214 -0.0000
vn -0.9470 -0.3212 -0.0000
vn -0.9989 -0.0475 -0.0000
vn -0.9471 -0.3209 -0.0000
vn 0.2662 0.9639 -0.0000
vn -0.7356 -0.1550 -0.6594
vn -0.2503 -0.0613 -0.9662
vn -0.3050 -0.1472 -0.9409
vn -0.7416 -0.3137 -0.5929
vn -0.9164 -0.3822 -0.1183
vn -0.9683 -0.1959 -0.1546
vn -0.9188 -0.3948 -0.0000
vn -0.9799 0.0603 -0.1903
vn -0.7040 0.0382 -0.7092
vn -0.9226 0.3214 -0.2132
vn -0.6350 0.2217 -0.7400
vn -0.1996 0.0136 -0.9798
vn -0.1611 0.0649 -0.9848
vn -0.1386 -0.9903 -0.0000
vn -0.2665 -0.9638 -0.0000
vn -0.1388 -0.9903 -0.0000
vn -0.2666 -0.9638 -0.0000
vn 0.0307 -0.9995 -0.0000
vn 0.0306 -0.9995 -0.0000
vn 0.2148 -0.9767 -0.0000
vn 0.2143 -0.9767 -0.0000
vn 0.0305 -0.9995 -0.0000
vn 0.0304 -0.9995 -0.0000
vn 0.7357 0.1554 -0.6591
vn 0.2504 0.0613 -0.9662
vn 0.3049 0.1473 -0.9409
vn 0.7416 0.3139 -0.5929
vn 0.9164 0.3824 -0.1182
vn 0.9683 0.1964 -0.1543
vn 0.9772 0.2124 -0.0000
vn 0.9799 -0.0599 -0.1901
vn 0.7042 -0.0378 -0.7090
vn 0.9226 -0.3215 -0.2133
vn 0.6353 -0.2217 -0.7398
vn 0.9989 -0.0474 -0.0000
vn 0.9471 -0.3210 -0.0000
vn 0.1997 -0.0134 -0.9797
vn 0.1614 -0.0648 -0.9847
vn -0.1035 0.7823 -0.6142
vn -0.0479 0.2993 -0.9529
vn -0.1130 0.3634 -0.9247
vn -0.2174 0.8069 -0.5492
vn -0.2574 0.9611 -0.0994
vn -0.1276 0.9836 -0.1273
vn 0.0416 0.9866 -0.1576
vn 0.0287 0.7443 -0.6672
vn 0.2194 0.9583 -0.1832
vn 0.1563 0.6917 -0.7050
vn 0.2138 0.9769 -0.0000
vn 0.0085 0.2409 -0.9705
vn 0.0482 0.1971 -0.9792
vn 0.9771 -0.2124 -0.0000
vn 0.9772 -0.2123 -0.0000
vn 0.9188 -0.3946 -0.0000
vn 0.9771 -0.2126 -0.0000
vn 0.9989 0.0471 -0.0000
vn 0.9988 0.0475 -0.0000
vn -0.0540 -0.7273 -0.6842
vn -0.0191 -0.2169 -0.9760
vn -0.0471 -0.1772 -0.9830
vn -0.1436 -0.6769 -0.7219
vn -0.1933 -0.9644 -0.1806
vn -0.0695 -0.9845 -0.1612
vn -0.2057 -0.9786 -0.0000
vn -0.0735 -0.9973 -0.0000
vn -0.0292 -0.9875 -0.1544
vn -0.0228 -0.7414 -0.6706
vn -0.0121 -0.9884 -0.1515
vn -0.0096 -0.7468 -0.6649
vn -0.0082 -0.2311 -0.9729
vn -0.0036 -0.2369 -0.9715
vn -0.9931 -0.1171 -0.0000
vn -0.9515 -0.3076 -0.0000
vn -0.9514 -0.3080 -0.0000
vn -0.1275 0.9918 -0.0000
vn -0.2381 0.9712 -0.0000
vn -0.2380 0.9713 -0.0000
vn -0.6705 0.0769 -0.7379
vn -0.1763 0.0228 -0.9841
vn -0.1419 0.0552 -0.9883
vn -0.6025 0.1979 -0.7732
vn -0.9315 0.2915 -0.2177
vn -0.9745 0.1071 -0.1974
vn -0.9808 0.0449 -0.1895
vn -0.6887 0.0328 -0.7242
vn -0.9824 0.0186 -0.1860
vn -0.6954 0.0138 -0.7185
vn -0.1886 0.0099 -0.9820
vn -0.1935 0.0043 -0.9810
vn 0.0746 -0.9972 -0.0000
vn 0.2062 -0.9785 -0.0000
vn 0.2059 -0.9785 -0.0000
vn 0.2061 -0.9785 -0.0000
vn 0.2060 -0.9785 -0.0000
vn 0.0314 -0.9995 -0.0000
vn 0.6531 -0.1160 -0.7483
vn 0.1669 -0.0330 -0.9854
vn 0.1413 -0.0609 -0.9881
vn 0.5961 -0.2232 -0.7712
vn 0.9178 -0.3305 -0.2197
vn 0.9650 -0.1649 -0.2040
vn 0.9398 -0.3418 -0.0000
vn 0.9850 -0.1725 -0.0000
vn 0.9782 -0.0751 -0.1933
vn 0.6806 -0.0542 -0.7306
vn 0.1830 -0.0160 -0.9830
vn 0.0644 0.7224 -0.6884
vn 0.0223 0.2128 -0.9768
vn 0.0486 0.1767 -0.9831
vn 0.1506 0.6741 -0.7231
vn 0.2032 0.9621 -0.1820
vn 0.0838 0.9830 -0.1635
vn 0.0361 0.9872 -0.1556
vn 0.0281 0.7392 -0.6729
vn 0.0150 0.9883 -0.1520
vn 0.0119 0.7459 -0.6659
vn 0.0100 0.2288 -0.9734
vn 0.0045 0.2358 -0.9718
vn 0.9469 0.3215 -0.0000
vn 0.9468 0.3216 -0.0000
vn -0.3618 -0.4161 -0.8342
vn -0.0819 -0.0898 -0.9926
vn -0.1974 0.0319 -0.9798
vn -0.7016 0.0846 -0.7075
vn -0.9809 0.1021 -0.1653
vn -0.6457 -0.7260 -0.2364
vn -0.9975 0.0708 -0.0000
vn -0.6760 -0.7368 -0.0000
vn 0.0722 -0.9888 -0.1308
vn 0.0644 -0.7758 -0.6276
vn 0.0482 -0.9988 -0.0000
vn 0.0214 -0.2499 -0.9680
vn 0.0493 0.9988 -0.0000
vn 0.6763 -0.7366 -0.0000
vn 0.6762 -0.7367 -0.0000
vn 0.9974 0.0715 -0.0000
vn 0.8916 0.4527 -0.0000
vn 0.9974 0.0712 -0.0000
vn 0.9974 0.0714 -0.0000
vn 0.6764 -0.7365 -0.0000
vn -0.0488 -0.9988 -0.0000
vn -0.0485 -0.9988 -0.0000
vn 0.3624 0.4153 -0.8343
vn 0.0821 0.0896 -0.9926
vn 0.1977 -0.0321 -0.9797
vn 0.7021 -0.0851 -0.7070
vn 0.9808 -0.1029 -0.1652
vn 0.6462 0.7255 -0.2364
vn 0.9974 -0.0717 -0.0000
vn 0.6761 0.7368 -0.0000
vn -0.0728 0.9887 -0.1308
vn -0.0639 0.7757 -0.6278
vn -0.0208 0.2495 -0.9681
vn -0.0001 0.7507 -0.6606
vn -0.0000 0.2414 -0.9704
vn 0.0000 0.2415 -0.9704
vn 0.0000 0.7507 -0.6606
vn 0.0000 0.9888 -0.1494
vn -0.0001 0.9888 -0.1494
vn -0.0062 0.9886 -0.1505
vn -0.0052 0.7484 -0.6632
vn -0.0023 0.2382 -0.9712
vn -0.0003 0.0404 -0.9992
vn -0.7002 -0.0001 -0.7140
vn -0.1975 -0.0000 -0.9803
vn -0.1975 0.0000 -0.9803
vn -0.7002 0.0000 -0.7139
vn -0.1976 0.0000 -0.9803
vn -0.9830 0.0000 -0.1834
vn -0.9830 -0.0002 -0.1834
vn -0.9829 -0.0051 -0.1841
vn -0.6985 -0.0041 -0.7156
vn -0.1960 -0.0014 -0.9806
vn -0.0325 -0.0002 -0.9995
vn 0.9999 -0.0093 -0.0000
vn 0.0001 -0.7507 -0.6606
vn 0.0000 -0.2414 -0.9704
vn 0.0000 -0.2415 -0.9704
vn 0.0000 -0.7507 -0.6606
vn 0.0000 -0.7508 -0.6605
vn 0.0000 -0.9888 -0.1494
vn 0.0001 -0.9888 -0.1494
vn 0.0032 -0.9887 -0.1499
vn 0.0027 -0.7496 -0.6619
vn 0.0012 -0.2398 -0.9708
vn 0.0002 -0.0407 -0.9991
vn -0.8637 0.0002 0.5040
vn -0.8637 0.0000 0.5040
vn -0.5227 0.0000 0.8525
vn -0.5227 0.0001 0.8525
vn -0.5213 0.0042 0.8534
vn -0.8625 0.0080 0.5060
vn -0.5157 0.0157 0.8566
vn -0.8589 0.0282 0.5114
vn -0.2233 0.0016 0.9747
vn -0.9916 0.0092 0.1286
vn -0.9918 0.0002 0.1278
vn -0.9908 0.0325 0.1308
vn -0.9918 0.0000 0.1278
vn -0.5120 0.5931 0.6213
vn -0.2593 0.3026 0.9172
vn -0.5225 -0.0358 0.8519
vn -0.8752 -0.0933 0.4746
vn -0.9890 -0.0923 0.1160
vn -0.6607 0.7327 0.1632
vn -0.6776 0.7354 -0.0000
vn 0.0634 0.9937 0.0917
vn 0.0671 0.9178 0.3913
vn 0.3147 0.9475 0.0560
vn 0.3043 0.9167 0.2587
vn 0.0478 0.9988 -0.0000
vn 0.3100 0.9507 -0.0000
vn 0.0243 0.6145 0.7885
vn 0.2284 0.7414 0.6309
vn 0.5127 -0.5927 0.6212
vn 0.2599 -0.3020 0.9172
vn 0.5232 0.0360 0.8514
vn 0.8752 0.0933 0.4747
vn 0.9890 0.0921 0.1160
vn 0.6602 -0.7331 0.1633
vn 0.9974 0.0724 -0.0000
vn 0.6772 -0.7357 -0.0000
vn -0.0642 -0.9937 0.0917
vn -0.0670 -0.9177 0.3915
vn -0.3152 -0.9474 0.0560
vn -0.3046 -0.9167 0.2586
vn -0.0243 -0.6141 0.7889
vn -0.2286 -0.7417 0.6306
vn -0.0755 -0.8831 0.4631
vn -0.0445 -0.5694 0.8208
vn -0.0983 -0.5327 0.8405
vn -0.1756 -0.8510 0.4949
vn -0.0949 -0.5184 0.8498
vn -0.1554 -0.8546 0.4955
vn -0.2035 -0.9709 0.1258
vn -0.0847 -0.9899 0.1133
vn -0.1839 -0.9750 0.1244
vn -0.0367 -0.9935 0.1077
vn -0.0331 -0.8939 0.4469
vn -0.0156 -0.9943 0.1051
vn -0.0142 -0.8983 0.4391
vn -0.0358 -0.9993 -0.0000
vn -0.0201 -0.5858 0.8101
vn -0.0086 -0.5937 0.8046
vn -0.8329 0.1387 0.5357
vn -0.4864 0.0763 0.8704
vn -0.4496 0.1437 0.8816
vn -0.7874 0.2673 0.5554
vn -0.4367 0.1220 0.8913
vn -0.7909 0.2275 0.5680
vn -0.9345 0.3224 0.1508
vn -0.9763 0.1637 0.1415
vn -0.9476 0.2812 0.1516
vn -0.9566 0.2915 -0.0000
vn -0.9880 0.0751 0.1346
vn -0.8514 0.0647 0.5205
vn -0.5058 0.0363 0.8619
vn 0.8456 -0.0910 0.5260
vn 0.4997 -0.0501 0.8647
vn 0.4646 -0.1271 0.8763
vn 0.8017 -0.2391 0.5478
vn 0.4371 -0.1221 0.8910
vn 0.7912 -0.2275 0.5676
vn 0.9460 -0.2880 0.1484
vn 0.9848 -0.1066 0.1372
vn 0.9476 -0.2811 0.1515
vn 0.9902 -0.0448 0.1319
vn 0.8568 -0.0388 0.5142
vn 0.9914 -0.0189 0.1296
vn 0.8610 -0.0164 0.5084
vn 0.5126 -0.0218 0.8583
vn 0.5186 -0.0092 0.8549
vn 0.0631 0.8864 0.4585
vn 0.0373 0.5744 0.8177
vn 0.0935 0.5378 0.8378
vn 0.1683 0.8541 0.4921
vn 0.0952 0.5183 0.8499
vn 0.1553 0.8545 0.4956
vn 0.1947 0.9728 0.1249
vn 0.0707 0.9912 0.1117
vn 0.1913 0.9815 -0.0000
vn 0.0690 0.9976 -0.0000
vn 0.1841 0.9750 0.1244
vn 0.1929 0.9812 -0.0000
vn 0.0297 0.9938 0.1068
vn 0.0269 0.8954 0.4444
vn 0.0125 0.9944 0.1047
vn 0.0114 0.8989 0.4379
vn 0.0164 0.5884 0.8084
vn 0.0069 0.5948 0.8038
vn -0.3233 -0.7866 0.5261
vn -0.1607 -0.4910 0.8562
vn -0.4170 -0.2442 0.8755
vn -0.7356 -0.4028 0.5446
vn -0.6066 0.1442 0.7818
vn -0.8801 0.1733 0.4419
vn -0.8727 -0.4635 0.1530
vn -0.3966 -0.9069 0.1420
vn -0.3949 -0.9187 -0.0000
vn -0.9734 0.2031 0.1053
vn -0.9742 0.2253 -0.0000
vn -0.1386 -0.9831 0.1193
vn -0.1162 -0.8711 0.4772
vn -0.0611 -0.5568 0.8284
vn -0.7107 0.4283 0.5581
vn -0.4165 0.2174 0.8827
vn -0.1851 0.4882 0.8528
vn -0.3225 0.7914 0.5192
vn 0.0992 0.6693 0.7363
vn 0.1129 0.9154 0.3864
vn -0.3697 0.9186 0.1393
vn -0.8353 0.5271 0.1566
vn -0.3550 0.9348 -0.0000
vn -0.8454 0.5341 -0.0000
vn 0.1343 0.9872 0.0862
vn 0.1511 0.9885 -0.0000
vn -0.9668 0.2104 0.1448
vn -0.8231 0.1701 0.5417
vn -0.4806 0.0837 0.8729
vn 0.7107 -0.4280 0.5584
vn 0.4159 -0.2174 0.8830
vn 0.1848 -0.4879 0.8531
vn 0.3225 -0.7911 0.5197
vn -0.0996 -0.6691 0.7364
vn -0.1131 -0.9152 0.3868
vn 0.3699 -0.9185 0.1393
vn 0.8357 -0.5265 0.1565
vn 0.8453 -0.5343 -0.0000
vn -0.1349 -0.9871 0.0861
vn -0.1515 -0.9884 -0.0000
vn 0.9666 -0.2112 0.1449
vn 0.8226 -0.1706 0.5423
vn 0.4803 -0.0840 0.8731
vn 0.3230 0.7866 0.5262
vn 0.1606 0.4912 0.8561
vn 0.4166 0.2438 0.8758
vn 0.7358 0.4020 0.5449
vn 0.6066 -0.1445 0.7817
vn 0.8799 -0.1740 0.4420
vn 0.8733 0.4624 0.1530
vn 0.3977 0.9065 0.1419
vn 0.8894 0.4571 -0.0000
vn 0.3963 0.9181 -0.0000
vn 0.9734 -0.2037 0.1053
vn 0.9742 -0.2258 -0.0000
vn 0.1389 0.9831 0.1192
vn 0.1166 0.8711 0.4770
vn 0.1392 0.9902 -0.0000
vn 0.0611 0.5567 0.8285
vn -0.8129 0.5269 0.2479
vn -0.6744 0.4248 0.6038
vn -0.6767 0.4201 0.6046
vn -0.8148 0.5253 0.2451
vn -0.8367 0.5452 0.0514
vn -0.8341 0.5492 0.0512
vn -0.8684 0.4919 0.0623
vn -0.8357 0.4610 0.2982
vn -0.6577 0.3574 0.6630
vn 0.3736 0.9009 0.2208
vn 0.3094 0.7686 0.5598
vn 0.3060 0.7709 0.5585
vn 0.3720 0.9022 0.2181
vn 0.3843 0.9221 0.0454
vn 0.3878 0.9206 0.0453
vn 0.3841 0.9233 -0.0000
vn 0.3406 0.9386 0.0538
vn 0.3210 0.9101 0.2620
vn 0.2577 0.7443 0.6160
vn -0.3733 -0.9010 0.2209
vn -0.3091 -0.7685 0.5602
vn -0.3061 -0.7708 0.5587
vn -0.3721 -0.9022 0.2181
vn -0.3845 -0.9220 0.0453
vn -0.3876 -0.9207 0.0453
vn -0.3403 -0.9387 0.0538
vn -0.3210 -0.9101 0.2619
vn -0.2576 -0.7444 0.6160
vn 0.8130 -0.5268 0.2481
vn 0.6744 -0.4251 0.6037
vn 0.6764 -0.4201 0.6049
vn 0.8148 -0.5253 0.2450
vn 0.8367 -0.5452 0.0513
vn 0.8343 -0.5490 0.0512
vn 0.8683 -0.4921 0.0622
vn 0.8359 -0.4610 0.2979
vn 0.6579 -0.3576 0.6627
vn -0.3896 0.9210 -0.0000
vn -0.3895 0.9210 -0.0000
vn -0.3101 0.9507 -0.0000
vn -0.3898 0.9209 -0.0000
vn -0.3843 0.9232 -0.0000
vn -0.3103 0.9506 -0.0000
vn -0.3842 0.9232 -0.0000
vn -0.3459 0.9383 -0.0000
vn -0.3459 0.9382 -0.0000
vn -0.1515 0.9884 -0.0000
vn -0.1513 0.9885 -0.0000
vn -0.1511 0.9885 -0.0000
vn 0.8915 0.4529 -0.0000
vn 0.8669 0.4985 -0.0000
vn 0.8669 0.4984 -0.0000
vn 0.9741 0.2259 -0.0000
vn -0.8340 -0.5517 -0.0000
vn -0.8341 -0.5515 -0.0000
vn -0.8382 -0.5453 -0.0000
vn -0.8382 -0.5454 -0.0000
vn -0.8914 -0.4533 -0.0000
vn -0.8383 -0.5453 -0.0000
vn -0.8668 -0.4985 -0.0000
vn -0.9742 -0.2255 -0.0000
vn -0.8667 -0.4987 -0.0000
vn -0.9743 -0.2253 -0.0000
vn 0.3105 -0.9505 -0.0000
vn 0.1514 -0.9885 -0.0000
vn 0.3453 -0.9384 -0.0000
vn 0.8453 0.5342 -0.0000
vn 0.8453 0.5343 -0.0000
vn 0.3552 0.9348 -0.0000
vn 0.8454 0.5341 -0.0000
vn 0.3555 0.9347 -0.0000
vn 0.3547 0.9350 -0.0000
vn 0.8454 0.5342 -0.0000
vn 0.9771 0.2129 -0.0000
vn 0.9770 0.2132 -0.0000
vn 0.9565 0.2915 -0.0000
vn 0.9567 0.2912 -0.0000
vn 0.9567 0.2911 -0.0000
vn 0.8891 -0.4577 -0.0000
vn 0.1924 -0.9813 -0.0000
vn 0.1927 -0.9812 -0.0000
vn -0.3949 0.9187 -0.0000
vn -0.3954 0.9185 -0.0000
vn -0.8894 0.4572 -0.0000
vn -0.8892 0.4575 -0.0000
vn -0.3953 0.9185 -0.0000
vn -0.8892 0.4574 -0.0000
vn -0.3952 0.9186 -0.0000
vn -0.1386 0.9903 -0.0000
vn -0.1384 0.9904 -0.0000
vn -0.1934 0.9811 -0.0000
vn -0.1938 0.9810 -0.0000
vn -0.1383 0.9904 -0.0000
vn -0.1381 0.9904 -0.0000
vn -0.1935 0.9811 -0.0000
vn -0.1932 0.9811 -0.0000
vn -0.8457 -0.5337 -0.0000
vn -0.8454 -0.5341 -0.0000
vn -0.9771 -0.2126 -0.0000
vn -0.9568 -0.2908 -0.0000
vn -0.9771 -0.2127 -0.0000
vn -0.9567 -0.2911 -0.0000
vn -0.9566 -0.2913 -0.0000
vn 0.9569 0.2903 -0.0000
vn 0.9568 0.2905 -0.0000
vn 0.9940 0.1097 -0.0000
vn 0.9570 0.2901 -0.0000
vn 0.9568 0.2906 -0.0000
vn 0.1199 -0.9928 -0.0000
vn 0.2232 -0.9748 -0.0000
vn 0.0242 -0.9997 -0.0000
vn -0.0697 0.9976 -0.0000
vn -0.0698 0.9976 -0.0000
vn -0.1920 0.9814 -0.0000
vn -0.1921 0.9814 -0.0000
vn -0.9527 -0.3038 -0.0000
vn -0.9528 -0.3037 -0.0000
vn -0.9914 -0.1306 -0.0000
vn -0.9529 -0.3033 -0.0000
vn 0.0066 -1.0000 -0.0000
vn 0.6768 0.7362 -0.0000
vn 0.6767 0.7363 -0.0000
vn 0.9974 -0.0715 -0.0000
vn 0.8915 -0.4530 -0.0000
vn 0.6764 0.7365 -0.0000
vn 0.9974 -0.0714 -0.0000
vn 0.6767 0.7362 -0.0000
vn -0.0486 0.9988 -0.0000
vn -0.0488 0.9988 -0.0000
vn -0.0492 0.9988 -0.0000
vn -0.6773 -0.7356 -0.0000
vn -0.6772 -0.7358 -0.0000
vn -0.6772 -0.7357 -0.0000
vn 0.9405 -0.0002 0.3397
vn 0.7046 -0.0001 0.7095
vn 0.7047 0.0000 0.7095
vn 0.9405 0.0000 0.3397
vn 0.3630 -0.0001 0.9318
vn 0.9971 0.0000 0.0763
vn 0.9971 -0.0002 0.0763
vn 0.9970 -0.0089 0.0769
vn 0.9397 -0.0081 0.3418
vn 0.7018 -0.0066 0.7123
vn 0.3599 -0.0038 0.9330
vn 0.5958 -0.6781 0.4303
vn 0.3815 -0.4458 0.8097
vn 0.7066 0.0369 0.7067
vn 0.9449 0.0837 0.3163
vn 0.9942 0.0815 0.0697
vn 0.6689 -0.7371 0.0964
vn -0.0566 -0.9969 0.0553
vn -0.0595 -0.9653 0.2542
vn -0.3121 -0.9494 0.0336
vn -0.3052 -0.9385 0.1613
vn -0.0265 -0.7847 0.6193
vn -0.2561 -0.8542 0.4525
vn -0.5954 0.6785 0.4302
vn -0.3815 0.4462 0.8096
vn -0.7061 -0.0362 0.7072
vn -0.9449 -0.0831 0.3165
vn -0.9942 -0.0811 0.0698
vn -0.6684 0.7375 0.0964
vn 0.0571 0.9968 0.0553
vn 0.0594 0.9654 0.2540
vn 0.3125 0.9493 0.0335
vn 0.3054 0.9384 0.1612
vn 0.0259 0.7847 0.6193
vn 0.2560 0.8542 0.4526
vn 0.9210 0.1263 0.3684
vn 0.6631 0.0936 0.7426
vn 0.5981 0.2064 0.7744
vn 0.8694 0.2917 0.3988
vn 0.6195 0.2138 0.7552
vn 0.8707 0.3021 0.3881
vn 0.9436 0.3180 0.0919
vn 0.9870 0.1370 0.0840
vn 0.9421 0.3227 0.0909
vn 0.9950 0.0595 0.0798
vn 0.9341 0.0551 0.3527
vn 0.9966 0.0251 0.0778
vn 0.9382 0.0231 0.3453
vn 0.6876 0.0417 0.7249
vn 0.6975 0.0178 0.7163
vn 0.0685 -0.9507 0.3023
vn 0.0556 -0.7428 0.6672
vn 0.1451 -0.6878 0.7113
vn 0.1865 -0.9233 0.3357
vn 0.1553 -0.6931 0.7039
vn 0.2091 -0.9174 0.3385
vn 0.2013 -0.9766 0.0752
vn 0.0731 -0.9951 0.0666
vn 0.2169 -0.9732 0.0760
vn 0.0307 -0.9975 0.0635
vn 0.0288 -0.9565 0.2902
vn 0.0236 -0.7593 0.6503
vn -0.1169 0.9414 0.3164
vn -0.0925 0.7221 0.6855
vn -0.1677 0.6749 0.7186
vn -0.2198 0.9128 0.3441
vn -0.1550 0.6932 0.7038
vn -0.2093 0.9174 0.3386
vn -0.2351 0.9689 0.0773
vn -0.1251 0.9896 0.0702
vn -0.2172 0.9731 0.0761
vn -0.0583 0.9961 0.0655
vn -0.0546 0.9530 0.2980
vn -0.0442 0.7490 0.6611
vn -0.9252 -0.1062 0.3642
vn -0.6699 -0.0794 0.7382
vn -0.6022 -0.1971 0.7736
vn -0.8744 -0.2779 0.3976
vn -0.6197 -0.2139 0.7551
vn -0.8705 -0.3023 0.3883
vn -0.9483 -0.3040 0.0914
vn -0.9899 -0.1151 0.0828
vn -0.9419 -0.3232 0.0910
vn -0.9957 -0.0486 0.0792
vn -0.9355 -0.0450 0.3504
vn -0.6908 -0.0342 0.7222
vn 0.9385 -0.1851 0.2913
vn 0.7472 -0.1439 0.6489
vn 0.7671 -0.2999 0.5670
vn 0.9016 -0.3666 0.2293
vn 0.7688 -0.4175 0.4844
vn 0.8560 -0.4851 0.1783
vn 0.9201 -0.3888 0.0472
vn 0.9767 -0.2051 0.0627
vn 0.8633 -0.5034 0.0357
vn 0.9954 0.0532 0.0793
vn 0.9350 0.0569 0.3499
vn 0.6980 0.0397 0.7150
vn -0.1207 -0.9625 0.2430
vn -0.0975 -0.8066 0.5829
vn -0.2081 -0.8364 0.5071
vn -0.2475 -0.9492 0.1943
vn -0.2951 -0.8510 0.4344
vn -0.3372 -0.9286 0.1547
vn -0.2622 -0.9642 0.0395
vn -0.1331 -0.9898 0.0510
vn -0.3499 -0.9362 0.0309
vn 0.0355 -0.9973 0.0641
vn 0.0407 -0.9546 0.2950
vn 0.0295 -0.7582 0.6513
vn 0.1210 0.9624 0.2430
vn 0.0976 0.8067 0.5828
vn 0.2083 0.8363 0.5071
vn 0.2475 0.9492 0.1941
vn 0.2955 0.8509 0.4342
vn 0.3373 0.9286 0.1546
vn 0.2618 0.9643 0.0395
vn 0.1338 0.9897 0.0509
vn 0.3500 0.9362 0.0309
vn -0.0355 0.9973 0.0641
vn -0.0407 0.9546 0.2949
vn -0.0299 0.7580 0.6515
vn -0.9386 0.1847 0.2913
vn -0.7472 0.1439 0.6488
vn -0.7670 0.2997 0.5674
vn -0.9017 0.3664 0.2293
vn -0.7686 0.4175 0.4846
vn -0.8562 0.4848 0.1785
vn -0.9201 0.3887 0.0472
vn -0.9768 0.2048 0.0627
vn -0.8634 0.5033 0.0357
vn -0.9954 -0.0536 0.0794
vn -0.9349 -0.0576 0.3501
vn -0.6978 -0.0402 0.7151
vn 0.8173 -0.5593 0.1385
vn 0.7652 -0.4995 0.4060
vn 0.7707 -0.4730 0.4268
vn 0.8300 -0.5379 0.1476
vn 0.8348 -0.5497 0.0300
vn 0.8203 -0.5712 0.0277
vn 0.8279 -0.5601 0.0292
vn 0.8245 -0.5465 0.1466
vn 0.7656 -0.4849 0.4228
vn -0.3988 -0.9087 0.1231
vn -0.3588 -0.8585 0.3664
vn -0.3382 -0.8596 0.3831
vn -0.3804 -0.9156 0.1301
vn -0.3888 -0.9209 0.0263
vn -0.4076 -0.9128 0.0246
vn -0.3974 -0.9173 0.0258
vn -0.3873 -0.9128 0.1296
vn -0.3473 -0.8567 0.3811
vn 0.3983 0.9089 0.1231
vn 0.3588 0.8586 0.3660
vn 0.3382 0.8596 0.3829
vn 0.3804 0.9156 0.1301
vn 0.3887 0.9210 0.0264
vn 0.4071 0.9130 0.0247
vn 0.3974 0.9172 0.0258
vn 0.3874 0.9127 0.1297
vn 0.3471 0.8566 0.3816
vn -0.8174 0.5592 0.1385
vn -0.7655 0.4994 0.4057
vn -0.7708 0.4727 0.4271
vn -0.8301 0.5376 0.1476
vn -0.8348 0.5498 0.0299
vn -0.8203 0.5712 0.0277
vn -0.8280 0.5600 0.0292
vn -0.8245 0.5466 0.1465
vn -0.7656 0.4850 0.4227
vn 0.3103 -0.9506 -0.0000
vn 0.3893 -0.9211 -0.0000
vn 0.3530 -0.9356 -0.0000
vn 0.3533 -0.9355 -0.0000
vn -0.8198 -0.5726 -0.0000
vn -0.8198 -0.5725 -0.0000
vn -0.8348 -0.5505 -0.0000
vn -0.8347 -0.5506 -0.0000
vn -0.8270 -0.5622 -0.0000
vn -0.8615 -0.5077 -0.0000
vn 0.8350 0.5502 -0.0000
vn 0.8196 0.5728 -0.0000
vn 0.8617 0.5074 -0.0000
vn 0.8618 0.5073 -0.0000
vn -0.4082 0.9129 -0.0000
vn -0.4082 0.9128 -0.0000
vn -0.3534 0.9355 -0.0000
vn 0.1386 -0.9903 -0.0000
vn 0.2666 -0.9638 -0.0000
vn -0.0309 -0.9995 -0.0000
vn -0.2143 -0.9767 -0.0000
vn -0.2142 -0.9768 -0.0000
vn -0.9773 -0.2120 -0.0000
vn -0.9772 -0.2121 -0.0000
vn -0.9189 -0.3945 -0.0000
vn -0.9772 -0.2120 -0.0000
vn -0.9988 0.0476 -0.0000
vn -0.9989 0.0474 -0.0000
vn 0.9771 0.2125 -0.0000
vn 0.9188 0.3947 -0.0000
vn 0.9188 0.3946 -0.0000
vn 0.9989 -0.0471 -0.0000
vn 0.9989 -0.0470 -0.0000
vn 0.9471 -0.3208 -0.0000
vn 0.9470 -0.3211 -0.0000
vn 0.9470 -0.3212 -0.0000
vn -0.1390 0.9903 -0.0000
vn -0.2661 0.9639 -0.0000
vn -0.2051 -0.9787 -0.0000
vn -0.2053 -0.9787 -0.0000
vn -0.9524 0.3047 -0.0000
vn 0.9397 -0.3420 -0.0000
vn 0.9396 -0.3421 -0.0000
vn 0.9969 -0.0789 -0.0000
vn -0.6759 -0.7369 -0.0000
vn -0.9975 0.0709 -0.0000
vn -0.6762 -0.7367 -0.0000
vn 0.0487 -0.9988 -0.0000
vn 0.6763 0.7366 -0.0000
vn -0.0494 0.9988 -0.0000
vn -0.0493 0.9988 -0.0000
vn -0.6776 -0.7354 -0.0000
vn -0.6775 -0.7355 -0.0000
vn -0.9973 0.0729 -0.0000
vn -0.9973 0.0732 -0.0000
vn -0.9973 0.0730 -0.0000
vn 0.0486 -0.9988 -0.0000
vn 0.6769 0.7361 -0.0000
vn 0.9974 -0.0723 -0.0000
vn -0.0487 0.9988 -0.0000
vn -0.9914 -0.1308 -0.0000
vn -0.9528 -0.3036 -0.0000
vn -0.1914 0.9815 -0.0000
vn -0.1925 0.9813 -0.0000
vn -0.1928 0.9812 -0.0000
vn -0.1943 0.9809 -0.0000
vn -0.1939 0.9810 -0.0000
vn 0.9569 0.2904 -0.0000
vn 0.9566 0.2913 -0.0000
vn 0.9566 0.2915 -0.0000
vn -0.8457 -0.5336 -0.0000
vn -0.8458 -0.5335 -0.0000
vn -0.3552 -0.9348 -0.0000
vn -0.3551 -0.9348 -0.0000
vn 0.1517 -0.9884 -0.0000
vn 0.1516 -0.9884 -0.0000
vn -0.8892 0.4576 -0.0000
vn -0.9742 -0.2253 -0.0000
vn -0.9743 -0.2252 -0.0000
vn -0.1388 0.9903 -0.0000
vn 0.9742 0.2255 -0.0000
vn 0.9742 0.2258 -0.0000
vn 0.8890 -0.4579 -0.0000
vn 0.8455 0.5340 -0.0000
vn 0.8451 0.5346 -0.0000
vn 0.3557 0.9346 -0.0000
vn -0.1518 0.9884 -0.0000
vn 0.3559 0.9345 -0.0000
vn 0.8455 0.5339 -0.0000
vn -0.1508 0.9886 -0.0000
vn 0.9770 0.2131 -0.0000
vn 0.3844 -0.9231 -0.0000
vn -0.8343 -0.5513 -0.0000
vn -0.8667 -0.4988 -0.0000
vn 0.8668 0.4985 -0.0000
vn -0.3894 0.9210 -0.0000
vn -0.3457 0.9383 -0.0000
vn -0.9995 0.0318 -0.0000
vn -0.6780 0.7351 -0.0000
vn -0.6774 0.7356 -0.0000
vn -0.9973 -0.0725 -0.0000
vn -0.9973 -0.0729 -0.0000
vn 0.0481 0.9988 -0.0000
vn 0.3104 0.9506 -0.0000
vn 0.9973 0.0725 -0.0000
vn -0.2004 -0.9797 -0.0000
vn -0.9567 0.2911 -0.0000
vn 0.1909 0.9816 -0.0000
vn 0.1931 0.9812 -0.0000
vn 0.1936 0.9811 -0.0000
vn -0.3952 -0.9185 -0.0000
vn -0.9743 0.2250 -0.0000
vn -0.8455 0.5340 -0.0000
vn -0.8456 0.5337 -0.0000
vn -0.3553 0.9347 -0.0000
vn -0.3556 0.9346 -0.0000
vn 0.1510 0.9885 -0.0000
vn -0.3551 0.9348 -0.0000
vn -0.8454 0.5342 -0.0000
vn 0.1513 0.9885 -0.0000
vn 0.8454 -0.5340 -0.0000
vn 0.8454 -0.5342 -0.0000
vn 0.3547 -0.9349 -0.0000
vn -0.1517 -0.9884 -0.0000
vn -0.1516 -0.9884 -0.0000
vn 0.8454 -0.5341 -0.0000
vn 0.8896 0.4568 -0.0000
vn 0.9741 -0.2261 -0.0000
vn 0.8896 0.4567 -0.0000
vn 0.1386 0.9903 -0.0000
vn -0.8669 0.4985 -0.0000
vn 0.3842 0.9232 -0.0000
vn 0.3895 0.9210 -0.0000
vn 0.8666 -0.4989 -0.0000
vn 0.0243 -0.0004 0.9997
vn -0.0719 0.0004 0.9974
vn 0.1385 -0.0015 0.9904
vn 0.1976 0.0000 -0.9803
vn -0.5853 0.0000 -0.8108
vn 0.0001 -0.0141 -0.9999
vn -0.5853 -0.0001 -0.8108
vn -0.5850 -0.0034 -0.8110
vn -0.9615 -0.0070 -0.2745
vn -0.9619 -0.0002 -0.2734
vn -1.0000 -0.0066 -0.0000
vn -0.1346 -0.0006 -0.9909
vn -0.0248 -0.0001 -0.9997
vn 0.7002 0.0001 -0.7140
vn 0.9830 0.0002 -0.1834
vn 0.9828 0.0063 -0.1843
vn 0.6981 0.0050 -0.7159
vn 1.0000 0.0070 -0.0000
vn 0.1957 0.0018 -0.9807
vn 0.0325 0.0002 -0.9995
vn -0.0081 -0.0000 -0.9999
vn 0.0113 0.0001 -0.9999
vn -0.8637 -0.0002 0.5040
vn -0.8628 -0.0060 0.5054
vn -0.5217 -0.0031 0.8531
vn -0.5227 -0.0001 0.8525
vn -0.9918 -0.0002 0.1278
vn -0.9917 -0.0069 0.1284
vn 0.9405 0.0002 0.3397
vn 0.7046 0.0001 0.7095
vn 0.7025 0.0050 0.7116
vn 0.9399 0.0061 0.3413
vn 0.9970 0.0067 0.0767
vn 0.9971 0.0002 0.0763
vn -0.0001 -1.0000 -0.0000
vn -0.0042 -1.0000 -0.0000
vn 0.0001 1.0000 -0.0000
vn 0.0044 1.0000 -0.0000
vn 0.0001 0.7507 -0.6606
vn 0.0000 0.2414 -0.9704
vn 0.0014 0.2394 -0.9709
vn 0.0033 0.7493 -0.6622
vn 0.0039 0.9886 -0.1501
vn 0.0001 0.9888 -0.1494
vn -0.0001 -0.6444 -0.7646
vn -0.0024 -0.6437 -0.7653
vn -0.0004 -0.1664 -0.9860
vn -0.0001 -0.9737 -0.2277
vn -0.0046 -0.9734 -0.2288
vn -0.0001 -0.9013 0.4331
vn -0.0041 -0.9005 0.4348
vn -0.0044 -0.9946 0.1037
vn -0.0001 -0.9947 0.1032
vn -0.0001 -0.5994 0.8004
vn -0.0022 -0.5980 0.8014
vn -0.0009 -0.2740 0.9617
vn 0.0001 0.9596 0.2812
vn 0.0001 0.9981 0.0613
vn 0.0042 0.9981 0.0616
vn 0.0038 0.9593 0.2824
vn 0.0034 0.7689 0.6393
vn 0.0001 0.7705 0.6374
vn 0.0022 0.4307 0.9025
vn 0.0002 0.0305 0.9995
vn -0.0002 -0.0896 0.9960
vn 0.0009 0.1723 0.9850
vn -0.0001 0.0140 -0.9999
vn 1.0000 -0.0051 -0.0000
vn -1.0000 0.0054 -0.0000
vn -0.7002 0.0001 -0.7140
vn -0.1961 0.0013 -0.9806
vn -0.6986 0.0038 -0.7155
vn -0.9829 0.0049 -0.1841
vn -0.9830 0.0002 -0.1834
vn 0.5854 -0.0001 -0.8108
vn 0.5851 -0.0027 -0.8110
vn 0.1346 -0.0005 -0.9909
vn 0.5854 0.0000 -0.8108
vn 0.9619 -0.0002 -0.2734
vn 0.9616 -0.0054 -0.2742
vn 0.8637 -0.0002 0.5040
vn 0.8630 -0.0047 0.5051
vn 0.9917 -0.0053 0.1283
vn 0.9918 -0.0002 0.1278
vn 0.5227 -0.0001 0.8525
vn 0.2240 -0.0000 0.9746
vn 0.5219 -0.0024 0.8530
vn 0.2236 -0.0009 0.9747
vn -0.9405 0.0002 0.3397
vn -0.9971 0.0002 0.0763
vn -0.9970 0.0052 0.0766
vn -0.9401 0.0048 0.3409
vn -0.7030 0.0038 0.7111
vn -0.7046 0.0001 0.7095
vn -0.3612 0.0022 0.9325
vn -0.3630 0.0001 0.9318
vn -0.0245 0.0002 0.9997
vn 0.0720 -0.0002 0.9974
vn -0.1391 0.0009 0.9903
vn -0.0113 -0.0001 -0.9999
vn -0.0002 -0.0306 0.9995
vn 0.0002 0.0897 0.9959
vn 0.0007 0.2741 0.9617
vn -0.0000 -0.4331 0.9013
vn -0.0007 -0.1726 0.9850
vn -0.0017 -0.4312 0.9022
vn -0.0001 -0.9596 0.2812
vn -0.0001 -0.9981 0.0613
vn -0.0034 -0.9981 0.0615
vn -0.0031 -0.9593 0.2821
vn -0.0035 -1.0000 -0.0000
vn -0.0027 -0.7692 0.6389
vn -0.0001 -0.7705 0.6374
vn 0.0001 0.9013 0.4331
vn 0.0033 0.9007 0.4345
vn 0.0035 0.9946 0.1036
vn 0.0001 0.9947 0.1032
vn 0.0033 1.0000 -0.0000
vn 0.0001 0.5994 0.8004
vn 0.0018 0.5983 0.8012
vn 0.0001 0.6444 -0.7646
vn 0.0019 0.6438 -0.7651
vn 0.0003 0.1665 -0.9860
vn 0.0001 0.9737 -0.2277
vn 0.0037 0.9735 -0.2286
vn -0.0001 -0.7507 -0.6606
vn -0.0000 -0.2414 -0.9704
vn -0.0012 -0.2398 -0.9708
vn -0.0026 -0.7496 -0.6619
vn -0.0031 -0.9887 -0.1499
vn -0.0001 -0.9888 -0.1494
# 3654 vertex normals

vt 0.3961 0.9684 0.0000
vt 0.3961 0.9227 0.0000
vt 0.4080 0.9292 0.0000
vt 0.4080 0.9755 0.0000
vt 0.4199 0.9356 0.0000
vt 0.4199 0.9827 0.0000
vt 0.3961 0.8321 0.0000
vt 0.4080 0.8371 0.0000
vt 0.4199 0.8422 0.0000
vt 0.4080 0.9914 0.0000
vt 0.3961 0.9840 0.0000
vt 0.4080 0.9919 0.0000
vt 0.3961 0.9845 0.0000
vt 0.4199 0.9988 0.0000
vt 0.4199 0.9992 0.0000
vt 0.3842 0.9766 0.0000
vt 0.3842 0.9613 0.0000
vt 0.3723 0.9692 0.0000
vt 0.3723 0.9541 0.0000
vt 0.3842 0.9771 0.0000
vt 0.3723 0.9697 0.0000
vt 0.3842 0.9163 0.0000
vt 0.3842 0.8270 0.0000
vt 0.3723 0.9098 0.0000
vt 0.3723 0.8220 0.0000
vt 0.6834 0.7490 0.0000
vt 0.6834 0.7134 0.0000
vt 0.6988 0.7184 0.0000
vt 0.6988 0.7546 0.0000
vt 0.7141 0.7233 0.0000
vt 0.7141 0.7601 0.0000
vt 0.6834 0.6431 0.0000
vt 0.6988 0.6470 0.0000
vt 0.7141 0.6509 0.0000
vt 0.6988 0.7672 0.0000
vt 0.6834 0.7615 0.0000
vt 0.6988 0.7680 0.0000
vt 0.6834 0.7622 0.0000
vt 0.7141 0.7729 0.0000
vt 0.7141 0.7737 0.0000
vt 0.6681 0.7558 0.0000
vt 0.6681 0.7435 0.0000
vt 0.6527 0.7501 0.0000
vt 0.6527 0.7380 0.0000
vt 0.6680 0.7565 0.0000
vt 0.6527 0.7508 0.0000
vt 0.6681 0.7084 0.0000
vt 0.6681 0.6392 0.0000
vt 0.6527 0.7035 0.0000
vt 0.6527 0.6353 0.0000
vt 0.7831 0.0096 0.0000
vt 0.7831 0.0355 0.0000
vt 0.7815 0.0355 0.0000
vt 0.7815 0.0096 0.0000
vt 0.7787 0.0355 0.0000
vt 0.7787 0.0096 0.0000
vt 0.7831 0.0867 0.0000
vt 0.7815 0.0867 0.0000
vt 0.7787 0.0867 0.0000
vt 0.7815 0.0007 0.0000
vt 0.7831 0.0007 0.0000
vt 0.7815 0.0004 0.0000
vt 0.7831 0.0004 0.0000
vt 0.7787 0.0007 0.0000
vt 0.7787 0.0004 0.0000
vt 0.7839 0.0007 0.0000
vt 0.7839 0.0096 0.0000
vt 0.7842 0.0007 0.0000
vt 0.7842 0.0096 0.0000
vt 0.7839 0.0004 0.0000
vt 0.7842 0.0004 0.0000
vt 0.7839 0.0355 0.0000
vt 0.7839 0.0867 0.0000
vt 0.7842 0.0355 0.0000
vt 0.7842 0.0867 0.0000
vt 0.3483 0.0331 0.0000
vt 0.3483 0.0791 0.0000
vt 0.3364 0.0727 0.0000
vt 0.3364 0.0259 0.0000
vt 0.3245 0.0663 0.0000
vt 0.3245 0.0188 0.0000
vt 0.3483 0.1698 0.0000
vt 0.3364 0.1648 0.0000
vt 0.3245 0.1597 0.0000
vt 0.3364 0.0096 0.0000
vt 0.3483 0.0170 0.0000
vt 0.3364 0.0086 0.0000
vt 0.3483 0.0160 0.0000
vt 0.3245 0.0022 0.0000
vt 0.3245 0.0012 0.0000
vt 0.3602 0.0243 0.0000
vt 0.3602 0.0402 0.0000
vt 0.3721 0.0317 0.0000
vt 0.3721 0.0473 0.0000
vt 0.3602 0.0234 0.0000
vt 0.3721 0.0308 0.0000
vt 0.3602 0.0855 0.0000
vt 0.3602 0.1748 0.0000
vt 0.3721 0.0919 0.0000
vt 0.3721 0.1799 0.0000
vt 0.1515 0.0143 0.0000
vt 0.1582 0.0143 0.0000
vt 0.1582 0.0510 0.0000
vt 0.1515 0.0510 0.0000
vt 0.1582 0.1233 0.0000
vt 0.1515 0.1233 0.0000
vt 0.1659 0.0143 0.0000
vt 0.1659 0.0510 0.0000
vt 0.1659 0.1233 0.0000
vt 0.1457 0.0510 0.0000
vt 0.1457 0.0143 0.0000
vt 0.1402 0.0510 0.0000
vt 0.1402 0.0143 0.0000
vt 0.1457 0.1233 0.0000
vt 0.1402 0.1233 0.0000
vt 0.1457 0.0012 0.0000
vt 0.1515 0.0012 0.0000
vt 0.1457 0.0000 0.0000
vt 0.1515 0.0000 0.0000
vt 0.1402 0.0012 0.0000
vt 0.1402 0.0000 0.0000
vt 0.1582 0.0012 0.0000
vt 0.1659 0.0012 0.0000
vt 0.1582 0.0000 0.0000
vt 0.1659 0.0000 0.0000
vt 0.9971 0.5068 0.0000
vt 0.9967 0.5068 0.0000
vt 0.9967 0.4825 0.0000
vt 0.9971 0.4825 0.0000
vt 0.9967 0.4342 0.0000
vt 0.9971 0.4342 0.0000
vt 0.9962 0.5068 0.0000
vt 0.9962 0.4825 0.0000
vt 0.9962 0.4342 0.0000
vt 0.9976 0.4825 0.0000
vt 0.9976 0.5068 0.0000
vt 0.9980 0.4825 0.0000
vt 0.9980 0.5068 0.0000
vt 0.9976 0.4342 0.0000
vt 0.9980 0.4342 0.0000
vt 0.9976 0.5152 0.0000
vt 0.9971 0.5152 0.0000
vt 0.9976 0.5155 0.0000
vt 0.9971 0.5155 0.0000
vt 0.9980 0.5152 0.0000
vt 0.9980 0.5155 0.0000
vt 0.9967 0.5152 0.0000
vt 0.9962 0.5152 0.0000
vt 0.9967 0.5155 0.0000
vt 0.9962 0.5155 0.0000
vt 0.8656 0.0095 0.0000
vt 0.8723 0.0095 0.0000
vt 0.8723 0.0340 0.0000
vt 0.8656 0.0340 0.0000
vt 0.8723 0.0823 0.0000
vt 0.8656 0.0823 0.0000
vt 0.8801 0.0095 0.0000
vt 0.8801 0.0340 0.0000
vt 0.8801 0.0823 0.0000
vt 0.8598 0.0340 0.0000
vt 0.8598 0.0095 0.0000
vt 0.8543 0.0340 0.0000
vt 0.8543 0.0095 0.0000
vt 0.8598 0.0823 0.0000
vt 0.8543 0.0823 0.0000
vt 0.8598 0.0008 0.0000
vt 0.8656 0.0008 0.0000
vt 0.8598 0.0000 0.0000
vt 0.8656 0.0000 0.0000
vt 0.8543 0.0008 0.0000
vt 0.8543 0.0000 0.0000
vt 0.8723 0.0008 0.0000
vt 0.8801 0.0008 0.0000
vt 0.8723 0.0000 0.0000
vt 0.8801 0.0000 0.0000
vt 0.5602 0.7499 0.0000
vt 0.5602 0.7145 0.0000
vt 0.5755 0.7195 0.0000
vt 0.5755 0.7555 0.0000
vt 0.5909 0.7245 0.0000
vt 0.5909 0.7610 0.0000
vt 0.5602 0.6442 0.0000
vt 0.5755 0.6481 0.0000
vt 0.5909 0.6521 0.0000
vt 0.5755 0.7678 0.0000
vt 0.5602 0.7621 0.0000
vt 0.5755 0.7683 0.0000
vt 0.5602 0.7625 0.0000
vt 0.5909 0.7735 0.0000
vt 0.5909 0.7740 0.0000
vt 0.5448 0.7564 0.0000
vt 0.5448 0.7444 0.0000
vt 0.5295 0.7507 0.0000
vt 0.5295 0.7389 0.0000
vt 0.5448 0.7568 0.0000
vt 0.5294 0.7511 0.0000
vt 0.5448 0.7095 0.0000
vt 0.5448 0.6403 0.0000
vt 0.5295 0.7045 0.0000
vt 0.5295 0.6364 0.0000
vt 0.4984 0.0257 0.0000
vt 0.4984 0.0614 0.0000
vt 0.4830 0.0564 0.0000
vt 0.4830 0.0202 0.0000
vt 0.4677 0.0515 0.0000
vt 0.4677 0.0147 0.0000
vt 0.4984 0.1317 0.0000
vt 0.4830 0.1278 0.0000
vt 0.4677 0.1239 0.0000
vt 0.4830 0.0075 0.0000
vt 0.4984 0.0132 0.0000
vt 0.4830 0.0067 0.0000
vt 0.4984 0.0124 0.0000
vt 0.4677 0.0018 0.0000
vt 0.4677 0.0010 0.0000
vt 0.5138 0.0189 0.0000
vt 0.5137 0.0312 0.0000
vt 0.5291 0.0246 0.0000
vt 0.5291 0.0367 0.0000
vt 0.5138 0.0181 0.0000
vt 0.5291 0.0238 0.0000
vt 0.5137 0.0664 0.0000
vt 0.5137 0.1356 0.0000
vt 0.5291 0.0713 0.0000
vt 0.5291 0.1395 0.0000
vt 0.7908 0.5382 0.0000
vt 0.7908 0.5121 0.0000
vt 0.7947 0.5121 0.0000
vt 0.7947 0.5382 0.0000
vt 0.7993 0.5121 0.0000
vt 0.7993 0.5382 0.0000
vt 0.7908 0.4609 0.0000
vt 0.7947 0.4609 0.0000
vt 0.7993 0.4609 0.0000
vt 0.7947 0.5475 0.0000
vt 0.7908 0.5475 0.0000
vt 0.7947 0.5483 0.0000
vt 0.7908 0.5483 0.0000
vt 0.7993 0.5475 0.0000
vt 0.7993 0.5483 0.0000
vt 0.7874 0.5475 0.0000
vt 0.7874 0.5382 0.0000
vt 0.7842 0.5475 0.0000
vt 0.7842 0.5382 0.0000
vt 0.7874 0.5483 0.0000
vt 0.7842 0.5483 0.0000
vt 0.7874 0.5121 0.0000
vt 0.7874 0.4609 0.0000
vt 0.7842 0.5121 0.0000
vt 0.7842 0.4609 0.0000
vt 0.4437 0.0326 0.0000
vt 0.4437 0.0786 0.0000
vt 0.4318 0.0721 0.0000
vt 0.4318 0.0254 0.0000
vt 0.4199 0.0657 0.0000
vt 0.4199 0.0183 0.0000
vt 0.4437 0.1695 0.0000
vt 0.4318 0.1645 0.0000
vt 0.4199 0.1594 0.0000
vt 0.4318 0.0092 0.0000
vt 0.4437 0.0166 0.0000
vt 0.4318 0.0084 0.0000
vt 0.4437 0.0158 0.0000
vt 0.4199 0.0019 0.0000
vt 0.4200 0.0011 0.0000
vt 0.4556 0.0240 0.0000
vt 0.4556 0.0397 0.0000
vt 0.4675 0.0313 0.0000
vt 0.4675 0.0468 0.0000
vt 0.4556 0.0232 0.0000
vt 0.4675 0.0306 0.0000
vt 0.4556 0.0850 0.0000
vt 0.4556 0.1746 0.0000
vt 0.4675 0.0914 0.0000
vt 0.4675 0.1796 0.0000
vt 0.1336 0.0152 0.0000
vt 0.1336 0.0542 0.0000
vt 0.1297 0.0542 0.0000
vt 0.1297 0.0152 0.0000
vt 0.1250 0.0542 0.0000
vt 0.1250 0.0152 0.0000
vt 0.1336 0.1310 0.0000
vt 0.1297 0.1310 0.0000
vt 0.1250 0.1310 0.0000
vt 0.1297 0.0013 0.0000
vt 0.1336 0.0013 0.0000
vt 0.1297 0.0000 0.0000
vt 0.1336 0.0000 0.0000
vt 0.1250 0.0013 0.0000
vt 0.1250 0.0000 0.0000
vt 0.1370 0.0013 0.0000
vt 0.1370 0.0152 0.0000
vt 0.1402 0.0013 0.0000
vt 0.1402 0.0152 0.0000
vt 0.1370 0.0000 0.0000
vt 0.1370 0.0542 0.0000
vt 0.1370 0.1310 0.0000
vt 0.1402 0.0542 0.0000
vt 0.1402 0.1310 0.0000
vt 0.6216 0.0252 0.0000
vt 0.6216 0.0608 0.0000
vt 0.6063 0.0558 0.0000
vt 0.6063 0.0197 0.0000
vt 0.5909 0.0508 0.0000
vt 0.5909 0.0141 0.0000
vt 0.6216 0.1312 0.0000
vt 0.6063 0.1273 0.0000
vt 0.5909 0.1234 0.0000
vt 0.6063 0.0071 0.0000
vt 0.6216 0.0128 0.0000
vt 0.6063 0.0065 0.0000
vt 0.6216 0.0122 0.0000
vt 0.5909 0.0014 0.0000
vt 0.5909 0.0008 0.0000
vt 0.6370 0.0185 0.0000
vt 0.6370 0.0307 0.0000
vt 0.6524 0.0242 0.0000
vt 0.6523 0.0362 0.0000
vt 0.6370 0.0180 0.0000
vt 0.6524 0.0237 0.0000
vt 0.6370 0.0658 0.0000
vt 0.6370 0.1351 0.0000
vt 0.6523 0.0707 0.0000
vt 0.6523 0.1390 0.0000
vt 0.2654 0.7595 0.0000
vt 0.2587 0.7595 0.0000
vt 0.2587 0.7231 0.0000
vt 0.2654 0.7231 0.0000
vt 0.2587 0.6509 0.0000
vt 0.2654 0.6509 0.0000
vt 0.2509 0.7595 0.0000
vt 0.2509 0.7231 0.0000
vt 0.2509 0.6509 0.0000
vt 0.2712 0.7231 0.0000
vt 0.2712 0.7595 0.0000
vt 0.2767 0.7231 0.0000
vt 0.2767 0.7595 0.0000
vt 0.2712 0.6509 0.0000
vt 0.2767 0.6509 0.0000
vt 0.2712 0.7721 0.0000
vt 0.2654 0.7721 0.0000
vt 0.2712 0.7727 0.0000
vt 0.2654 0.7727 0.0000
vt 0.2767 0.7721 0.0000
vt 0.2767 0.7727 0.0000
vt 0.2587 0.7721 0.0000
vt 0.2509 0.7721 0.0000
vt 0.2587 0.7727 0.0000
vt 0.2509 0.7727 0.0000
vt 0.3005 0.0331 0.0000
vt 0.3005 0.0792 0.0000
vt 0.2886 0.0727 0.0000
vt 0.2886 0.0260 0.0000
vt 0.2767 0.0663 0.0000
vt 0.2767 0.0189 0.0000
vt 0.3005 0.1699 0.0000
vt 0.2886 0.1649 0.0000
vt 0.2767 0.1598 0.0000
vt 0.2886 0.0096 0.0000
vt 0.3005 0.0170 0.0000
vt 0.2886 0.0086 0.0000
vt 0.3005 0.0160 0.0000
vt 0.2767 0.0023 0.0000
vt 0.2768 0.0013 0.0000
vt 0.3124 0.0243 0.0000
vt 0.3124 0.0402 0.0000
vt 0.3243 0.0317 0.0000
vt 0.3243 0.0473 0.0000
vt 0.3124 0.0234 0.0000
vt 0.3243 0.0308 0.0000
vt 0.3124 0.0856 0.0000
vt 0.3124 0.1749 0.0000
vt 0.3243 0.0920 0.0000
vt 0.3243 0.1800 0.0000
vt 0.9996 0.0962 0.0000
vt 0.9996 0.0944 0.0000
vt 0.9997 0.0944 0.0000
vt 0.9997 0.0962 0.0000
vt 0.9996 0.0922 0.0000
vt 0.9997 0.0922 0.0000
vt 0.9996 0.0979 0.0000
vt 0.9996 0.0994 0.0000
vt 0.9997 0.0979 0.0000
vt 0.9997 0.0994 0.0000
vt 0.9995 0.0979 0.0000
vt 0.9995 0.0962 0.0000
vt 0.9995 0.0994 0.0000
vt 0.9995 0.0944 0.0000
vt 0.9995 0.0922 0.0000
vt 0.9996 0.3646 0.0000
vt 0.9996 0.3654 0.0000
vt 0.9996 0.3667 0.0000
vt 0.9996 0.3643 0.0000
vt 0.9996 0.3641 0.0000
vt 0.9997 0.3643 0.0000
vt 0.9997 0.3646 0.0000
vt 0.9997 0.3641 0.0000
vt 0.9997 0.3654 0.0000
vt 0.9997 0.3667 0.0000
vt 0.9997 0.2641 0.0000
vt 0.9997 0.2633 0.0000
vt 0.9998 0.2633 0.0000
vt 0.9998 0.2641 0.0000
vt 0.9997 0.2619 0.0000
vt 0.9998 0.2619 0.0000
vt 0.9997 0.2644 0.0000
vt 0.9997 0.2646 0.0000
vt 0.9998 0.2644 0.0000
vt 0.9998 0.2646 0.0000
vt 0.9996 0.2644 0.0000
vt 0.9996 0.2641 0.0000
vt 0.9996 0.2646 0.0000
vt 0.9996 0.2633 0.0000
vt 0.9996 0.2619 0.0000
vt 0.9995 0.3289 0.0000
vt 0.9995 0.3270 0.0000
vt 0.9996 0.3270 0.0000
vt 0.9996 0.3289 0.0000
vt 0.9995 0.3248 0.0000
vt 0.9996 0.3248 0.0000
vt 0.9996 0.3305 0.0000
vt 0.9995 0.3305 0.0000
vt 0.9996 0.3321 0.0000
vt 0.9995 0.3321 0.0000
vt 0.9994 0.3305 0.0000
vt 0.9994 0.3289 0.0000
vt 0.9994 0.3321 0.0000
vt 0.9994 0.3270 0.0000
vt 0.9994 0.3248 0.0000
vt 0.9997 0.2026 0.0000
vt 0.9997 0.2058 0.0000
vt 0.9996 0.2058 0.0000
vt 0.9996 0.2026 0.0000
vt 0.9997 0.2096 0.0000
vt 0.9996 0.2096 0.0000
vt 0.9997 0.1998 0.0000
vt 0.9997 0.1972 0.0000
vt 0.9996 0.1998 0.0000
vt 0.9996 0.1972 0.0000
vt 0.9998 0.1998 0.0000
vt 0.9998 0.2026 0.0000
vt 0.9998 0.1972 0.0000
vt 0.9998 0.2058 0.0000
vt 0.9998 0.2096 0.0000
vt 0.9981 0.4779 0.0000
vt 0.9981 0.4777 0.0000
vt 0.9982 0.4777 0.0000
vt 0.9982 0.4779 0.0000
vt 0.9981 0.4775 0.0000
vt 0.9982 0.4775 0.0000
vt 0.9981 0.4782 0.0000
vt 0.9981 0.4784 0.0000
vt 0.9982 0.4782 0.0000
vt 0.9982 0.4784 0.0000
vt 0.9980 0.4782 0.0000
vt 0.9980 0.4779 0.0000
vt 0.9980 0.4784 0.0000
vt 0.9980 0.4777 0.0000
vt 0.9980 0.4775 0.0000
vt 0.9981 0.4788 0.0000
vt 0.9981 0.4786 0.0000
vt 0.9982 0.4786 0.0000
vt 0.9982 0.4788 0.0000
vt 0.9981 0.4790 0.0000
vt 0.9981 0.4792 0.0000
vt 0.9982 0.4790 0.0000
vt 0.9982 0.4792 0.0000
vt 0.9980 0.4790 0.0000
vt 0.9980 0.4788 0.0000
vt 0.9980 0.4792 0.0000
vt 0.9980 0.4786 0.0000
vt 0.9997 0.1369 0.0000
vt 0.9997 0.1401 0.0000
vt 0.9996 0.1401 0.0000
vt 0.9996 0.1369 0.0000
vt 0.9997 0.1438 0.0000
vt 0.9996 0.1438 0.0000
vt 0.9997 0.1341 0.0000
vt 0.9997 0.1315 0.0000
vt 0.9996 0.1341 0.0000
vt 0.9996 0.1315 0.0000
vt 0.9998 0.1341 0.0000
vt 0.9998 0.1369 0.0000
vt 0.9998 0.1315 0.0000
vt 0.9998 0.1401 0.0000
vt 0.9998 0.1438 0.0000
vt 0.6220 0.7633 0.0000
vt 0.6071 0.7688 0.0000
vt 0.6070 0.7688 0.0000
vt 0.6069 0.7688 0.0000
vt 0.6219 0.7632 0.0000
vt 0.5921 0.7744 0.0000
vt 0.5920 0.7744 0.0000
vt 0.5919 0.7744 0.0000
vt 0.6370 0.7577 0.0000
vt 0.6519 0.7521 0.0000
vt 0.6370 0.7576 0.0000
vt 0.6520 0.7521 0.0000
vt 0.6221 0.7633 0.0000
vt 0.6520 0.7522 0.0000
vt 0.6071 0.7689 0.0000
vt 0.5922 0.7744 0.0000
vt 0.6072 0.7689 0.0000
vt 0.3486 0.9853 0.0000
vt 0.3602 0.9781 0.0000
vt 0.3602 0.9782 0.0000
vt 0.3486 0.9854 0.0000
vt 0.3717 0.9709 0.0000
vt 0.3718 0.9710 0.0000
vt 0.3370 0.9925 0.0000
vt 0.3254 0.9997 0.0000
vt 0.3370 0.9926 0.0000
vt 0.3255 0.9998 0.0000
vt 0.3369 0.9925 0.0000
vt 0.3485 0.9853 0.0000
vt 0.3253 0.9997 0.0000
vt 0.3253 0.9998 0.0000
vt 0.3601 0.9781 0.0000
vt 0.3718 0.9709 0.0000
vt 0.6830 0.0114 0.0000
vt 0.6681 0.0169 0.0000
vt 0.6680 0.0169 0.0000
vt 0.6830 0.0113 0.0000
vt 0.6829 0.0113 0.0000
vt 0.6531 0.0225 0.0000
vt 0.6979 0.0058 0.0000
vt 0.6980 0.0058 0.0000
vt 0.7129 0.0002 0.0000
vt 0.7128 0.0002 0.0000
vt 0.6831 0.0114 0.0000
vt 0.6981 0.0058 0.0000
vt 0.7130 0.0002 0.0000
vt 0.7131 0.0002 0.0000
vt 0.6681 0.0170 0.0000
vt 0.6531 0.0226 0.0000
vt 0.3008 0.0147 0.0000
vt 0.2893 0.0075 0.0000
vt 0.3009 0.0146 0.0000
vt 0.2893 0.0074 0.0000
vt 0.2777 0.0003 0.0000
vt 0.2777 0.0002 0.0000
vt 0.3124 0.0218 0.0000
vt 0.3124 0.0219 0.0000
vt 0.3240 0.0290 0.0000
vt 0.3240 0.0291 0.0000
vt 0.3125 0.0218 0.0000
vt 0.3241 0.0290 0.0000
vt 0.2892 0.0075 0.0000
vt 0.2776 0.0003 0.0000
vt 0.2891 0.0075 0.0000
vt 0.2775 0.0002 0.0000
vt 0.5598 0.7633 0.0000
vt 0.5448 0.7577 0.0000
vt 0.5448 0.7576 0.0000
vt 0.5599 0.7632 0.0000
vt 0.5299 0.7521 0.0000
vt 0.5298 0.7521 0.0000
vt 0.5748 0.7688 0.0000
vt 0.5747 0.7688 0.0000
vt 0.5898 0.7744 0.0000
vt 0.5897 0.7744 0.0000
vt 0.5749 0.7688 0.0000
vt 0.5899 0.7744 0.0000
vt 0.5747 0.7689 0.0000
vt 0.5597 0.7633 0.0000
vt 0.5896 0.7744 0.0000
vt 0.5298 0.7522 0.0000
vt 0.5598 0.0114 0.0000
vt 0.5448 0.0169 0.0000
vt 0.5597 0.0113 0.0000
vt 0.5299 0.0225 0.0000
vt 0.5298 0.0225 0.0000
vt 0.5747 0.0058 0.0000
vt 0.5896 0.0002 0.0000
vt 0.5897 0.0002 0.0000
vt 0.5748 0.0058 0.0000
vt 0.5749 0.0058 0.0000
vt 0.5599 0.0114 0.0000
vt 0.5898 0.0002 0.0000
vt 0.5899 0.0002 0.0000
vt 0.5448 0.0170 0.0000
vt 0.5298 0.0226 0.0000
vt 0.6220 0.0114 0.0000
vt 0.6071 0.0058 0.0000
vt 0.6221 0.0113 0.0000
vt 0.6072 0.0058 0.0000
vt 0.5921 0.0002 0.0000
vt 0.5922 0.0002 0.0000
vt 0.6370 0.0169 0.0000
vt 0.6520 0.0225 0.0000
vt 0.6519 0.0225 0.0000
vt 0.6370 0.0170 0.0000
vt 0.6219 0.0114 0.0000
vt 0.6520 0.0226 0.0000
vt 0.6070 0.0058 0.0000
vt 0.5920 0.0002 0.0000
vt 0.6069 0.0058 0.0000
vt 0.5919 0.0002 0.0000
vt 0.4988 0.0114 0.0000
vt 0.4838 0.0058 0.0000
vt 0.4839 0.0058 0.0000
vt 0.4988 0.0113 0.0000
vt 0.4989 0.0113 0.0000
vt 0.4689 0.0002 0.0000
vt 0.4690 0.0002 0.0000
vt 0.5138 0.0169 0.0000
vt 0.5137 0.0169 0.0000
vt 0.5287 0.0225 0.0000
vt 0.5288 0.0225 0.0000
vt 0.5137 0.0170 0.0000
vt 0.4987 0.0114 0.0000
vt 0.5287 0.0226 0.0000
vt 0.4688 0.0002 0.0000
vt 0.4837 0.0058 0.0000
vt 0.4687 0.0002 0.0000
vt 0.0635 0.0140 0.0000
vt 0.0635 0.0527 0.0000
vt 0.0596 0.0527 0.0000
vt 0.0596 0.0140 0.0000
vt 0.0550 0.0527 0.0000
vt 0.0550 0.0140 0.0000
vt 0.0635 0.1294 0.0000
vt 0.0596 0.1294 0.0000
vt 0.0550 0.1294 0.0000
vt 0.0596 0.0006 0.0000
vt 0.0635 0.0006 0.0000
vt 0.0596 0.0000 0.0000
vt 0.0635 0.0000 0.0000
vt 0.0550 0.0006 0.0000
vt 0.0550 0.0000 0.0000
vt 0.0669 0.0006 0.0000
vt 0.0669 0.0140 0.0000
vt 0.0701 0.0006 0.0000
vt 0.0701 0.0140 0.0000
vt 0.0669 0.0000 0.0000
vt 0.0701 0.0000 0.0000
vt 0.0669 0.0527 0.0000
vt 0.0669 0.1294 0.0000
vt 0.0701 0.0527 0.0000
vt 0.0701 0.1294 0.0000
vt 0.0011 0.8210 0.0000
vt 0.0027 0.8210 0.0000
vt 0.0027 0.8211 0.0000
vt 0.0011 0.8211 0.0000
vt 0.0055 0.8210 0.0000
vt 0.0055 0.8211 0.0000
vt 0.0003 0.8211 0.0000
vt 0.0003 0.8210 0.0000
vt 0.0000 0.8211 0.0000
vt 0.0000 0.8210 0.0000
vt 0.0003 0.8208 0.0000
vt 0.0011 0.8208 0.0000
vt 0.0003 0.8204 0.0000
vt 0.0011 0.8204 0.0000
vt 0.0000 0.8208 0.0000
vt 0.0000 0.8204 0.0000
vt 0.0027 0.8208 0.0000
vt 0.0055 0.8208 0.0000
vt 0.0027 0.8204 0.0000
vt 0.0055 0.8204 0.0000
vt 0.9992 0.2615 0.0000
vt 0.9992 0.2596 0.0000
vt 0.9993 0.2596 0.0000
vt 0.9993 0.2615 0.0000
vt 0.9994 0.2596 0.0000
vt 0.9994 0.2615 0.0000
vt 0.9992 0.2574 0.0000
vt 0.9993 0.2574 0.0000
vt 0.9994 0.2574 0.0000
vt 0.9993 0.2631 0.0000
vt 0.9992 0.2631 0.0000
vt 0.9993 0.2646 0.0000
vt 0.9992 0.2646 0.0000
vt 0.9994 0.2631 0.0000
vt 0.9994 0.2646 0.0000
vt 0.9991 0.2631 0.0000
vt 0.9991 0.2615 0.0000
vt 0.9991 0.2646 0.0000
vt 0.9991 0.2596 0.0000
vt 0.9991 0.2574 0.0000
vt 0.9994 0.3946 0.0000
vt 0.9994 0.3928 0.0000
vt 0.9995 0.3928 0.0000
vt 0.9995 0.3946 0.0000
vt 0.9996 0.3928 0.0000
vt 0.9996 0.3946 0.0000
vt 0.9994 0.3905 0.0000
vt 0.9995 0.3905 0.0000
vt 0.9996 0.3905 0.0000
vt 0.9995 0.3963 0.0000
vt 0.9994 0.3963 0.0000
vt 0.9995 0.3978 0.0000
vt 0.9994 0.3978 0.0000
vt 0.9996 0.3963 0.0000
vt 0.9996 0.3978 0.0000
vt 0.9993 0.3963 0.0000
vt 0.9993 0.3946 0.0000
vt 0.9993 0.3978 0.0000
vt 0.9993 0.3928 0.0000
vt 0.9993 0.3905 0.0000
vt 0.7831 0.0001 0.0000
vt 0.7815 0.0001 0.0000
vt 0.7815 0.0000 0.0000
vt 0.7831 0.0000 0.0000
vt 0.7787 0.0001 0.0000
vt 0.7787 0.0000 0.0000
vt 0.7839 0.0000 0.0000
vt 0.7839 0.0001 0.0000
vt 0.7842 0.0000 0.0000
vt 0.7842 0.0001 0.0000
vt 0.7839 0.0002 0.0000
vt 0.7831 0.0002 0.0000
vt 0.7842 0.0002 0.0000
vt 0.7815 0.0002 0.0000
vt 0.7787 0.0002 0.0000
vt 0.9994 0.0689 0.0000
vt 0.9994 0.0708 0.0000
vt 0.9993 0.0708 0.0000
vt 0.9993 0.0689 0.0000
vt 0.9994 0.0730 0.0000
vt 0.9993 0.0730 0.0000
vt 0.9993 0.0673 0.0000
vt 0.9994 0.0673 0.0000
vt 0.9993 0.0657 0.0000
vt 0.9994 0.0657 0.0000
vt 0.9995 0.0673 0.0000
vt 0.9995 0.0689 0.0000
vt 0.9995 0.0657 0.0000
vt 0.9995 0.0708 0.0000
vt 0.9995 0.0730 0.0000
vt 0.8532 0.0001 0.0000
vt 0.8516 0.0001 0.0000
vt 0.8516 0.0000 0.0000
vt 0.8532 0.0000 0.0000
vt 0.8488 0.0001 0.0000
vt 0.8488 0.0000 0.0000
vt 0.8539 0.0000 0.0000
vt 0.8539 0.0001 0.0000
vt 0.8543 0.0001 0.0000
vt 0.8539 0.0003 0.0000
vt 0.8532 0.0003 0.0000
vt 0.8539 0.0007 0.0000
vt 0.8532 0.0007 0.0000
vt 0.8543 0.0003 0.0000
vt 0.8543 0.0007 0.0000
vt 0.8516 0.0003 0.0000
vt 0.8488 0.0003 0.0000
vt 0.8516 0.0007 0.0000
vt 0.8488 0.0007 0.0000
vt 0.0712 0.8210 0.0000
vt 0.0728 0.8210 0.0000
vt 0.0728 0.8211 0.0000
vt 0.0712 0.8211 0.0000
vt 0.0756 0.8210 0.0000
vt 0.0756 0.8211 0.0000
vt 0.0704 0.8211 0.0000
vt 0.0704 0.8210 0.0000
vt 0.0701 0.8211 0.0000
vt 0.0701 0.8210 0.0000
vt 0.0704 0.8207 0.0000
vt 0.0712 0.8207 0.0000
vt 0.0704 0.8202 0.0000
vt 0.0712 0.8202 0.0000
vt 0.0701 0.8207 0.0000
vt 0.0701 0.8202 0.0000
vt 0.0728 0.8207 0.0000
vt 0.0756 0.8207 0.0000
vt 0.0728 0.8202 0.0000
vt 0.0756 0.8202 0.0000
vt 0.9993 0.1346 0.0000
vt 0.9993 0.1365 0.0000
vt 0.9992 0.1365 0.0000
vt 0.9992 0.1346 0.0000
vt 0.9993 0.1387 0.0000
vt 0.9992 0.1387 0.0000
vt 0.9992 0.1330 0.0000
vt 0.9993 0.1330 0.0000
vt 0.9992 0.1315 0.0000
vt 0.9993 0.1315 0.0000
vt 0.9994 0.1330 0.0000
vt 0.9994 0.1346 0.0000
vt 0.9994 0.1315 0.0000
vt 0.9994 0.1365 0.0000
vt 0.9994 0.1387 0.0000
vt 0.9981 0.4736 0.0000
vt 0.9981 0.4734 0.0000
vt 0.9982 0.4734 0.0000
vt 0.9982 0.4736 0.0000
vt 0.9981 0.4732 0.0000
vt 0.9982 0.4732 0.0000
vt 0.9982 0.4738 0.0000
vt 0.9981 0.4738 0.0000
vt 0.9982 0.4741 0.0000
vt 0.9981 0.4741 0.0000
vt 0.9980 0.4738 0.0000
vt 0.9980 0.4736 0.0000
vt 0.9980 0.4741 0.0000
vt 0.9980 0.4734 0.0000
vt 0.9980 0.4732 0.0000
vt 0.2654 0.0003 0.0000
vt 0.2587 0.0003 0.0000
vt 0.2587 0.0002 0.0000
vt 0.2654 0.0002 0.0000
vt 0.2587 0.0001 0.0000
vt 0.2654 0.0001 0.0000
vt 0.2509 0.0003 0.0000
vt 0.2509 0.0002 0.0000
vt 0.2509 0.0001 0.0000
vt 0.2712 0.0002 0.0000
vt 0.2712 0.0003 0.0000
vt 0.2767 0.0002 0.0000
vt 0.2767 0.0003 0.0000
vt 0.2712 0.0001 0.0000
vt 0.2767 0.0001 0.0000
vt 0.2712 0.0005 0.0000
vt 0.2653 0.0005 0.0000
vt 0.2712 0.0008 0.0000
vt 0.2654 0.0008 0.0000
vt 0.2767 0.0005 0.0000
vt 0.2767 0.0008 0.0000
vt 0.2587 0.0005 0.0000
vt 0.2509 0.0005 0.0000
vt 0.2587 0.0008 0.0000
vt 0.2509 0.0008 0.0000
vt 0.9339 0.5158 0.0000
vt 0.9405 0.5158 0.0000
vt 0.9405 0.5159 0.0000
vt 0.9339 0.5159 0.0000
vt 0.9483 0.5158 0.0000
vt 0.9483 0.5159 0.0000
vt 0.9280 0.5158 0.0000
vt 0.9225 0.5158 0.0000
vt 0.9280 0.5159 0.0000
vt 0.9225 0.5159 0.0000
vt 0.9280 0.5157 0.0000
vt 0.9339 0.5157 0.0000
vt 0.9280 0.5155 0.0000
vt 0.9339 0.5155 0.0000
vt 0.9225 0.5157 0.0000
vt 0.9225 0.5155 0.0000
vt 0.9405 0.5157 0.0000
vt 0.9483 0.5157 0.0000
vt 0.9405 0.5155 0.0000
vt 0.9483 0.5155 0.0000
vt 0.9981 0.4745 0.0000
vt 0.9981 0.4743 0.0000
vt 0.9982 0.4743 0.0000
vt 0.9982 0.4745 0.0000
vt 0.9982 0.4747 0.0000
vt 0.9981 0.4747 0.0000
vt 0.9982 0.4749 0.0000
vt 0.9981 0.4749 0.0000
vt 0.9980 0.4747 0.0000
vt 0.9980 0.4745 0.0000
vt 0.9980 0.4749 0.0000
vt 0.9980 0.4743 0.0000
vt 0.8656 0.5158 0.0000
vt 0.8723 0.5158 0.0000
vt 0.8723 0.5159 0.0000
vt 0.8656 0.5159 0.0000
vt 0.8801 0.5158 0.0000
vt 0.8801 0.5159 0.0000
vt 0.8598 0.5158 0.0000
vt 0.8543 0.5158 0.0000
vt 0.8598 0.5159 0.0000
vt 0.8543 0.5159 0.0000
vt 0.8598 0.5156 0.0000
vt 0.8656 0.5156 0.0000
vt 0.8598 0.5152 0.0000
vt 0.8656 0.5152 0.0000
vt 0.8543 0.5156 0.0000
vt 0.8543 0.5152 0.0000
vt 0.8723 0.5156 0.0000
vt 0.8801 0.5156 0.0000
vt 0.8723 0.5152 0.0000
vt 0.8801 0.5152 0.0000
vt 0.9981 0.4754 0.0000
vt 0.9981 0.4756 0.0000
vt 0.9980 0.4756 0.0000
vt 0.9980 0.4754 0.0000
vt 0.9981 0.4758 0.0000
vt 0.9980 0.4758 0.0000
vt 0.9981 0.4751 0.0000
vt 0.9980 0.4751 0.0000
vt 0.9982 0.4751 0.0000
vt 0.9982 0.4754 0.0000
vt 0.9982 0.4756 0.0000
vt 0.9982 0.4758 0.0000
vt 0.9981 0.4728 0.0000
vt 0.9981 0.4730 0.0000
vt 0.9980 0.4730 0.0000
vt 0.9980 0.4728 0.0000
vt 0.9981 0.4725 0.0000
vt 0.9981 0.4723 0.0000
vt 0.9980 0.4725 0.0000
vt 0.9980 0.4723 0.0000
vt 0.9982 0.4725 0.0000
vt 0.9982 0.4728 0.0000
vt 0.9982 0.4723 0.0000
vt 0.9982 0.4730 0.0000
vt 0.1515 0.7724 0.0000
vt 0.1582 0.7724 0.0000
vt 0.1582 0.7725 0.0000
vt 0.1515 0.7725 0.0000
vt 0.1582 0.7726 0.0000
vt 0.1515 0.7726 0.0000
vt 0.1659 0.7724 0.0000
vt 0.1659 0.7725 0.0000
vt 0.1659 0.7726 0.0000
vt 0.1457 0.7725 0.0000
vt 0.1457 0.7724 0.0000
vt 0.1402 0.7725 0.0000
vt 0.1402 0.7724 0.0000
vt 0.1457 0.7726 0.0000
vt 0.1402 0.7726 0.0000
vt 0.1457 0.7722 0.0000
vt 0.1515 0.7722 0.0000
vt 0.1457 0.7717 0.0000
vt 0.1515 0.7717 0.0000
vt 0.1402 0.7722 0.0000
vt 0.1402 0.7717 0.0000
vt 0.1582 0.7722 0.0000
vt 0.1659 0.7722 0.0000
vt 0.1582 0.7717 0.0000
vt 0.1659 0.7717 0.0000
vt 0.6217 0.7630 0.0000
vt 0.6371 0.7572 0.0000
vt 0.6371 0.7573 0.0000
vt 0.6218 0.7630 0.0000
vt 0.6524 0.7515 0.0000
vt 0.6525 0.7516 0.0000
vt 0.6064 0.7687 0.0000
vt 0.5910 0.7745 0.0000
vt 0.5910 0.7744 0.0000
vt 0.6064 0.7688 0.0000
vt 0.6063 0.7685 0.0000
vt 0.6217 0.7628 0.0000
vt 0.6063 0.7683 0.0000
vt 0.6216 0.7625 0.0000
vt 0.5910 0.7743 0.0000
vt 0.6370 0.7571 0.0000
vt 0.6524 0.7514 0.0000
vt 0.6370 0.7568 0.0000
vt 0.6524 0.7511 0.0000
vt 0.3483 0.0151 0.0000
vt 0.3364 0.0077 0.0000
vt 0.3365 0.0076 0.0000
vt 0.3484 0.0150 0.0000
vt 0.3245 0.0003 0.0000
vt 0.3246 0.0002 0.0000
vt 0.3603 0.0224 0.0000
vt 0.3602 0.0225 0.0000
vt 0.3721 0.0298 0.0000
vt 0.3721 0.0299 0.0000
vt 0.3603 0.0223 0.0000
vt 0.3722 0.0297 0.0000
vt 0.3602 0.0228 0.0000
vt 0.3483 0.0154 0.0000
vt 0.3721 0.0302 0.0000
vt 0.3364 0.0080 0.0000
vt 0.3245 0.0006 0.0000
vt 0.6833 0.7629 0.0000
vt 0.6987 0.7687 0.0000
vt 0.6833 0.7630 0.0000
vt 0.6986 0.7688 0.0000
vt 0.7141 0.7744 0.0000
vt 0.7140 0.7745 0.0000
vt 0.6679 0.7573 0.0000
vt 0.6680 0.7572 0.0000
vt 0.6526 0.7516 0.0000
vt 0.6526 0.7515 0.0000
vt 0.6680 0.7570 0.0000
vt 0.6834 0.7627 0.0000
vt 0.6526 0.7513 0.0000
vt 0.6987 0.7684 0.0000
vt 0.7141 0.7741 0.0000
vt 0.3483 0.9849 0.0000
vt 0.3602 0.9775 0.0000
vt 0.3603 0.9776 0.0000
vt 0.3484 0.9850 0.0000
vt 0.3603 0.9777 0.0000
vt 0.3721 0.9701 0.0000
vt 0.3721 0.9702 0.0000
vt 0.3722 0.9703 0.0000
vt 0.3365 0.9924 0.0000
vt 0.3364 0.9923 0.0000
vt 0.3246 0.9998 0.0000
vt 0.3245 0.9997 0.0000
vt 0.3364 0.9920 0.0000
vt 0.3483 0.9846 0.0000
vt 0.3364 0.9914 0.0000
vt 0.3483 0.9840 0.0000
vt 0.3245 0.9994 0.0000
vt 0.3245 0.9987 0.0000
vt 0.3602 0.9772 0.0000
vt 0.3721 0.9698 0.0000
vt 0.3602 0.9766 0.0000
vt 0.3721 0.9692 0.0000
vt 0.3961 0.9849 0.0000
vt 0.4080 0.9923 0.0000
vt 0.4079 0.9924 0.0000
vt 0.3960 0.9850 0.0000
vt 0.4199 0.9997 0.0000
vt 0.4198 0.9998 0.0000
vt 0.3841 0.9776 0.0000
vt 0.3842 0.9775 0.0000
vt 0.3722 0.9702 0.0000
vt 0.3723 0.9702 0.0000
vt 0.3841 0.9777 0.0000
vt 0.3842 0.9774 0.0000
vt 0.3961 0.9848 0.0000
vt 0.3723 0.9700 0.0000
vt 0.4080 0.9922 0.0000
vt 0.4199 0.9996 0.0000
vt 0.6833 0.0117 0.0000
vt 0.6680 0.0174 0.0000
vt 0.6679 0.0173 0.0000
vt 0.6833 0.0116 0.0000
vt 0.6526 0.0232 0.0000
vt 0.6526 0.0231 0.0000
vt 0.6526 0.0230 0.0000
vt 0.6987 0.0059 0.0000
vt 0.6987 0.0060 0.0000
vt 0.7140 0.0002 0.0000
vt 0.7141 0.0003 0.0000
vt 0.6986 0.0059 0.0000
vt 0.7140 0.0001 0.0000
vt 0.6987 0.0062 0.0000
vt 0.6834 0.0120 0.0000
vt 0.6988 0.0067 0.0000
vt 0.6834 0.0124 0.0000
vt 0.7141 0.0005 0.0000
vt 0.7141 0.0010 0.0000
vt 0.6680 0.0177 0.0000
vt 0.6526 0.0234 0.0000
vt 0.6680 0.0181 0.0000
vt 0.6527 0.0238 0.0000
vt 0.4985 0.7629 0.0000
vt 0.5138 0.7572 0.0000
vt 0.5139 0.7573 0.0000
vt 0.4985 0.7630 0.0000
vt 0.5292 0.7515 0.0000
vt 0.5292 0.7516 0.0000
vt 0.4831 0.7687 0.0000
vt 0.4678 0.7745 0.0000
vt 0.4678 0.7744 0.0000
vt 0.4832 0.7688 0.0000
vt 0.4831 0.7684 0.0000
vt 0.4984 0.7627 0.0000
vt 0.4830 0.7680 0.0000
vt 0.4984 0.7622 0.0000
vt 0.4677 0.7741 0.0000
vt 0.4677 0.7737 0.0000
vt 0.5138 0.7570 0.0000
vt 0.5292 0.7513 0.0000
vt 0.5138 0.7565 0.0000
vt 0.5291 0.7508 0.0000
vt 0.3006 0.0151 0.0000
vt 0.2887 0.0077 0.0000
vt 0.2887 0.0076 0.0000
vt 0.3006 0.0150 0.0000
vt 0.2768 0.0003 0.0000
vt 0.2768 0.0002 0.0000
vt 0.3125 0.0224 0.0000
vt 0.3125 0.0225 0.0000
vt 0.3244 0.0298 0.0000
vt 0.3244 0.0299 0.0000
vt 0.3125 0.0223 0.0000
vt 0.3244 0.0297 0.0000
vt 0.3125 0.0228 0.0000
vt 0.3006 0.0154 0.0000
vt 0.3244 0.0302 0.0000
vt 0.2887 0.0080 0.0000
vt 0.2768 0.0006 0.0000
vt 0.5601 0.7630 0.0000
vt 0.5755 0.7687 0.0000
vt 0.5754 0.7687 0.0000
vt 0.5754 0.7688 0.0000
vt 0.5600 0.7630 0.0000
vt 0.5908 0.7744 0.0000
vt 0.5908 0.7745 0.0000
vt 0.5447 0.7573 0.0000
vt 0.5447 0.7572 0.0000
vt 0.5293 0.7516 0.0000
vt 0.5294 0.7515 0.0000
vt 0.5448 0.7571 0.0000
vt 0.5601 0.7628 0.0000
vt 0.5294 0.7514 0.0000
vt 0.5755 0.7685 0.0000
vt 0.5908 0.7743 0.0000
vt 0.3006 0.9849 0.0000
vt 0.3125 0.9775 0.0000
vt 0.3125 0.9776 0.0000
vt 0.3006 0.9850 0.0000
vt 0.3125 0.9777 0.0000
vt 0.3244 0.9701 0.0000
vt 0.3244 0.9702 0.0000
vt 0.3244 0.9703 0.0000
vt 0.2887 0.9924 0.0000
vt 0.2887 0.9923 0.0000
vt 0.2768 0.9998 0.0000
vt 0.2768 0.9997 0.0000
vt 0.2887 0.9920 0.0000
vt 0.3006 0.9846 0.0000
vt 0.2886 0.9914 0.0000
vt 0.3005 0.9840 0.0000
vt 0.2768 0.9994 0.0000
vt 0.2768 0.9988 0.0000
vt 0.3125 0.9772 0.0000
vt 0.3244 0.9698 0.0000
vt 0.3124 0.9766 0.0000
vt 0.3243 0.9692 0.0000
vt 0.4438 0.0151 0.0000
vt 0.4319 0.0077 0.0000
vt 0.4319 0.0076 0.0000
vt 0.4438 0.0150 0.0000
vt 0.4200 0.0003 0.0000
vt 0.4200 0.0002 0.0000
vt 0.4557 0.0224 0.0000
vt 0.4557 0.0225 0.0000
vt 0.4676 0.0298 0.0000
vt 0.4676 0.0299 0.0000
vt 0.4557 0.0223 0.0000
vt 0.4676 0.0297 0.0000
vt 0.4557 0.0227 0.0000
vt 0.4438 0.0153 0.0000
vt 0.4676 0.0301 0.0000
vt 0.4319 0.0080 0.0000
vt 0.4200 0.0006 0.0000
vt 0.5601 0.0117 0.0000
vt 0.5447 0.0174 0.0000
vt 0.5447 0.0173 0.0000
vt 0.5601 0.0116 0.0000
vt 0.5600 0.0116 0.0000
vt 0.5294 0.0231 0.0000
vt 0.5293 0.0231 0.0000
vt 0.5293 0.0230 0.0000
vt 0.5754 0.0059 0.0000
vt 0.5755 0.0060 0.0000
vt 0.5908 0.0002 0.0000
vt 0.5908 0.0001 0.0000
vt 0.5755 0.0062 0.0000
vt 0.5601 0.0119 0.0000
vt 0.5755 0.0065 0.0000
vt 0.5602 0.0122 0.0000
vt 0.5908 0.0004 0.0000
vt 0.5448 0.0176 0.0000
vt 0.5294 0.0233 0.0000
vt 0.5448 0.0180 0.0000
vt 0.5294 0.0237 0.0000
vt 0.3961 0.0151 0.0000
vt 0.3842 0.0225 0.0000
vt 0.3841 0.0224 0.0000
vt 0.3960 0.0150 0.0000
vt 0.3841 0.0223 0.0000
vt 0.3723 0.0299 0.0000
vt 0.3722 0.0298 0.0000
vt 0.4079 0.0076 0.0000
vt 0.4080 0.0077 0.0000
vt 0.4198 0.0002 0.0000
vt 0.4199 0.0003 0.0000
vt 0.4080 0.0080 0.0000
vt 0.3961 0.0153 0.0000
vt 0.4080 0.0084 0.0000
vt 0.3961 0.0158 0.0000
vt 0.4199 0.0006 0.0000
vt 0.4199 0.0011 0.0000
vt 0.3842 0.0227 0.0000
vt 0.3723 0.0301 0.0000
vt 0.3842 0.0232 0.0000
vt 0.3723 0.0306 0.0000
vt 0.6217 0.0117 0.0000
vt 0.6064 0.0060 0.0000
vt 0.6064 0.0059 0.0000
vt 0.6217 0.0116 0.0000
vt 0.6218 0.0116 0.0000
vt 0.5910 0.0002 0.0000
vt 0.5910 0.0001 0.0000
vt 0.6371 0.0173 0.0000
vt 0.6371 0.0174 0.0000
vt 0.6525 0.0231 0.0000
vt 0.6524 0.0231 0.0000
vt 0.6525 0.0230 0.0000
vt 0.6370 0.0176 0.0000
vt 0.6217 0.0119 0.0000
vt 0.6524 0.0233 0.0000
vt 0.6063 0.0062 0.0000
vt 0.5910 0.0004 0.0000
vt 0.4438 0.9849 0.0000
vt 0.4557 0.9775 0.0000
vt 0.4557 0.9776 0.0000
vt 0.4438 0.9850 0.0000
vt 0.4557 0.9777 0.0000
vt 0.4676 0.9702 0.0000
vt 0.4676 0.9703 0.0000
vt 0.4319 0.9924 0.0000
vt 0.4319 0.9923 0.0000
vt 0.4200 0.9998 0.0000
vt 0.4200 0.9997 0.0000
vt 0.4319 0.9922 0.0000
vt 0.4438 0.9848 0.0000
vt 0.4318 0.9919 0.0000
vt 0.4437 0.9845 0.0000
vt 0.4200 0.9996 0.0000
vt 0.4557 0.9774 0.0000
vt 0.4676 0.9700 0.0000
vt 0.4556 0.9771 0.0000
vt 0.4675 0.9697 0.0000
vt 0.4985 0.0117 0.0000
vt 0.4831 0.0060 0.0000
vt 0.4831 0.0059 0.0000
vt 0.4985 0.0116 0.0000
vt 0.4832 0.0059 0.0000
vt 0.4678 0.0003 0.0000
vt 0.4678 0.0002 0.0000
vt 0.4678 0.0001 0.0000
vt 0.5139 0.0173 0.0000
vt 0.5138 0.0174 0.0000
vt 0.5292 0.0231 0.0000
vt 0.5292 0.0232 0.0000
vt 0.5292 0.0230 0.0000
vt 0.5138 0.0177 0.0000
vt 0.4984 0.0120 0.0000
vt 0.5292 0.0234 0.0000
vt 0.4831 0.0062 0.0000
vt 0.4677 0.0005 0.0000
vt 0.0011 0.8212 0.0000
vt 0.0027 0.8212 0.0000
vt 0.0027 0.8213 0.0000
vt 0.0011 0.8213 0.0000
vt 0.0055 0.8212 0.0000
vt 0.0055 0.8213 0.0000
vt 0.0003 0.8212 0.0000
vt 0.0000 0.8212 0.0000
vt 0.0003 0.8213 0.0000
vt 0.0000 0.8213 0.0000
vt 0.9993 0.2277 0.0000
vt 0.9993 0.2259 0.0000
vt 0.9994 0.2259 0.0000
vt 0.9994 0.2277 0.0000
vt 0.9993 0.2236 0.0000
vt 0.9994 0.2236 0.0000
vt 0.9993 0.2294 0.0000
vt 0.9993 0.2309 0.0000
vt 0.9994 0.2294 0.0000
vt 0.9994 0.2309 0.0000
vt 0.9992 0.2294 0.0000
vt 0.9992 0.2277 0.0000
vt 0.9991 0.2294 0.0000
vt 0.9991 0.2277 0.0000
vt 0.9992 0.2309 0.0000
vt 0.9991 0.2309 0.0000
vt 0.9992 0.2259 0.0000
vt 0.9992 0.2236 0.0000
vt 0.9991 0.2259 0.0000
vt 0.9991 0.2236 0.0000
vt 0.9993 0.3289 0.0000
vt 0.9993 0.3270 0.0000
vt 0.9993 0.3248 0.0000
vt 0.9993 0.3306 0.0000
vt 0.9993 0.3321 0.0000
vt 0.9994 0.3306 0.0000
vt 0.9992 0.3306 0.0000
vt 0.9992 0.3289 0.0000
vt 0.9991 0.3306 0.0000
vt 0.9991 0.3289 0.0000
vt 0.9992 0.3321 0.0000
vt 0.9991 0.3321 0.0000
vt 0.9992 0.3270 0.0000
vt 0.9992 0.3248 0.0000
vt 0.9991 0.3270 0.0000
vt 0.9991 0.3248 0.0000
vt 0.9996 0.0332 0.0000
vt 0.9996 0.0324 0.0000
vt 0.9997 0.0324 0.0000
vt 0.9997 0.0332 0.0000
vt 0.9996 0.0311 0.0000
vt 0.9997 0.0311 0.0000
vt 0.9996 0.0336 0.0000
vt 0.9996 0.0337 0.0000
vt 0.9997 0.0336 0.0000
vt 0.9997 0.0337 0.0000
vt 0.9995 0.0336 0.0000
vt 0.9995 0.0332 0.0000
vt 0.9995 0.0337 0.0000
vt 0.9995 0.0324 0.0000
vt 0.9995 0.0311 0.0000
vt 0.9993 0.2952 0.0000
vt 0.9993 0.2933 0.0000
vt 0.9994 0.2933 0.0000
vt 0.9994 0.2952 0.0000
vt 0.9993 0.2911 0.0000
vt 0.9994 0.2911 0.0000
vt 0.9993 0.2968 0.0000
vt 0.9993 0.2984 0.0000
vt 0.9994 0.2968 0.0000
vt 0.9994 0.2984 0.0000
vt 0.9992 0.2968 0.0000
vt 0.9992 0.2952 0.0000
vt 0.9991 0.2968 0.0000
vt 0.9991 0.2952 0.0000
vt 0.9992 0.2984 0.0000
vt 0.9991 0.2984 0.0000
vt 0.9992 0.2933 0.0000
vt 0.9992 0.2911 0.0000
vt 0.9991 0.2933 0.0000
vt 0.9991 0.2911 0.0000
vt 0.9995 0.2978 0.0000
vt 0.9995 0.2971 0.0000
vt 0.9996 0.2971 0.0000
vt 0.9996 0.2978 0.0000
vt 0.9995 0.2957 0.0000
vt 0.9996 0.2957 0.0000
vt 0.9996 0.2982 0.0000
vt 0.9995 0.2982 0.0000
vt 0.9996 0.2984 0.0000
vt 0.9995 0.2984 0.0000
vt 0.9994 0.2982 0.0000
vt 0.9994 0.2978 0.0000
vt 0.9994 0.2971 0.0000
vt 0.9994 0.2957 0.0000
vt 0.0712 0.8212 0.0000
vt 0.0728 0.8212 0.0000
vt 0.0728 0.8213 0.0000
vt 0.0712 0.8213 0.0000
vt 0.0756 0.8212 0.0000
vt 0.0756 0.8213 0.0000
vt 0.0704 0.8212 0.0000
vt 0.0701 0.8212 0.0000
vt 0.0704 0.8213 0.0000
vt 0.0701 0.8213 0.0000
vt 0.9992 0.3946 0.0000
vt 0.9992 0.3928 0.0000
vt 0.9992 0.3905 0.0000
vt 0.9992 0.3963 0.0000
vt 0.9992 0.3978 0.0000
vt 0.9991 0.3963 0.0000
vt 0.9991 0.3946 0.0000
vt 0.9991 0.3978 0.0000
vt 0.9991 0.3928 0.0000
vt 0.9991 0.3905 0.0000
vt 0.9991 0.4684 0.0000
vt 0.9991 0.4686 0.0000
vt 0.9990 0.4686 0.0000
vt 0.9990 0.4684 0.0000
vt 0.9989 0.4686 0.0000
vt 0.9989 0.4684 0.0000
vt 0.9991 0.4688 0.0000
vt 0.9990 0.4688 0.0000
vt 0.9989 0.4688 0.0000
vt 0.9990 0.4681 0.0000
vt 0.9991 0.4681 0.0000
vt 0.9990 0.4679 0.0000
vt 0.9991 0.4679 0.0000
vt 0.9989 0.4681 0.0000
vt 0.9989 0.4679 0.0000
vt 0.9992 0.4681 0.0000
vt 0.9992 0.4684 0.0000
vt 0.9993 0.4681 0.0000
vt 0.9993 0.4684 0.0000
vt 0.9992 0.4679 0.0000
vt 0.9993 0.4679 0.0000
vt 0.9992 0.4686 0.0000
vt 0.9992 0.4688 0.0000
vt 0.9993 0.4686 0.0000
vt 0.9993 0.4688 0.0000
vt 0.2587 0.0000 0.0000
vt 0.2654 0.0000 0.0000
vt 0.2509 0.0000 0.0000
vt 0.2712 0.0000 0.0000
vt 0.2767 0.0000 0.0000
vt 0.9981 0.1917 0.0000
vt 0.9981 0.1885 0.0000
vt 0.9982 0.1885 0.0000
vt 0.9982 0.1917 0.0000
vt 0.9983 0.1885 0.0000
vt 0.9983 0.1917 0.0000
vt 0.9981 0.1848 0.0000
vt 0.9982 0.1848 0.0000
vt 0.9983 0.1848 0.0000
vt 0.9982 0.1945 0.0000
vt 0.9981 0.1945 0.0000
vt 0.9982 0.1972 0.0000
vt 0.9981 0.1972 0.0000
vt 0.9983 0.1945 0.0000
vt 0.9983 0.1972 0.0000
vt 0.9980 0.1945 0.0000
vt 0.9980 0.1917 0.0000
vt 0.9980 0.1972 0.0000
vt 0.9980 0.1885 0.0000
vt 0.9980 0.1848 0.0000
vt 0.9982 0.4666 0.0000
vt 0.9982 0.4664 0.0000
vt 0.9983 0.4664 0.0000
vt 0.9983 0.4666 0.0000
vt 0.9985 0.4664 0.0000
vt 0.9985 0.4666 0.0000
vt 0.9982 0.4662 0.0000
vt 0.9983 0.4662 0.0000
vt 0.9985 0.4662 0.0000
vt 0.9983 0.4668 0.0000
vt 0.9982 0.4668 0.0000
vt 0.9983 0.4670 0.0000
vt 0.9982 0.4670 0.0000
vt 0.9985 0.4668 0.0000
vt 0.9985 0.4670 0.0000
vt 0.9981 0.4668 0.0000
vt 0.9981 0.4666 0.0000
vt 0.9980 0.4668 0.0000
vt 0.9980 0.4666 0.0000
vt 0.9981 0.4670 0.0000
vt 0.9980 0.4670 0.0000
vt 0.9981 0.4664 0.0000
vt 0.9981 0.4662 0.0000
vt 0.9980 0.4664 0.0000
vt 0.9980 0.4662 0.0000
vt 0.9991 0.1369 0.0000
vt 0.9991 0.1401 0.0000
vt 0.9990 0.1401 0.0000
vt 0.9990 0.1369 0.0000
vt 0.9989 0.1401 0.0000
vt 0.9989 0.1369 0.0000
vt 0.9991 0.1439 0.0000
vt 0.9990 0.1439 0.0000
vt 0.9989 0.1439 0.0000
vt 0.9990 0.1341 0.0000
vt 0.9991 0.1341 0.0000
vt 0.9990 0.1315 0.0000
vt 0.9991 0.1315 0.0000
vt 0.9989 0.1341 0.0000
vt 0.9989 0.1315 0.0000
vt 0.9992 0.1341 0.0000
vt 0.9992 0.1369 0.0000
vt 0.9992 0.1401 0.0000
vt 0.9992 0.1439 0.0000
vt 0.9993 0.4657 0.0000
vt 0.9993 0.4659 0.0000
vt 0.9992 0.4659 0.0000
vt 0.9992 0.4657 0.0000
vt 0.9990 0.4659 0.0000
vt 0.9990 0.4657 0.0000
vt 0.9993 0.4661 0.0000
vt 0.9992 0.4661 0.0000
vt 0.9990 0.4661 0.0000
vt 0.9992 0.4655 0.0000
vt 0.9993 0.4655 0.0000
vt 0.9992 0.4653 0.0000
vt 0.9993 0.4653 0.0000
vt 0.9990 0.4655 0.0000
vt 0.9990 0.4653 0.0000
vt 0.9994 0.4655 0.0000
vt 0.9994 0.4657 0.0000
vt 0.9995 0.4655 0.0000
vt 0.9995 0.4657 0.0000
vt 0.9994 0.4653 0.0000
vt 0.9995 0.4653 0.0000
vt 0.9994 0.4659 0.0000
vt 0.9994 0.4661 0.0000
vt 0.9995 0.4659 0.0000
vt 0.9995 0.4661 0.0000
vt 0.9981 0.4675 0.0000
vt 0.9981 0.4673 0.0000
vt 0.9982 0.4673 0.0000
vt 0.9982 0.4675 0.0000
vt 0.9984 0.4673 0.0000
vt 0.9984 0.4675 0.0000
vt 0.9981 0.4671 0.0000
vt 0.9982 0.4671 0.0000
vt 0.9984 0.4670 0.0000
vt 0.9982 0.4677 0.0000
vt 0.9981 0.4677 0.0000
vt 0.9982 0.4679 0.0000
vt 0.9981 0.4679 0.0000
vt 0.9984 0.4677 0.0000
vt 0.9984 0.4679 0.0000
vt 0.9980 0.4677 0.0000
vt 0.9980 0.4675 0.0000
vt 0.9980 0.4679 0.0000
vt 0.9980 0.4673 0.0000
vt 0.1582 0.7727 0.0000
vt 0.1515 0.7727 0.0000
vt 0.1659 0.7727 0.0000
vt 0.1457 0.7727 0.0000
vt 0.1402 0.7727 0.0000
vt 0.6218 0.7631 0.0000
vt 0.6371 0.7574 0.0000
vt 0.6371 0.7575 0.0000
vt 0.6218 0.7632 0.0000
vt 0.6525 0.7517 0.0000
vt 0.6524 0.7518 0.0000
vt 0.6065 0.7689 0.0000
vt 0.5911 0.7746 0.0000
vt 0.5912 0.7746 0.0000
vt 0.5911 0.7745 0.0000
vt 0.3484 0.0149 0.0000
vt 0.3365 0.0075 0.0000
vt 0.3484 0.0148 0.0000
vt 0.3365 0.0074 0.0000
vt 0.3246 0.0001 0.0000
vt 0.3247 0.0001 0.0000
vt 0.3603 0.0222 0.0000
vt 0.3721 0.0296 0.0000
vt 0.3602 0.0222 0.0000
vt 0.3721 0.0295 0.0000
vt 0.6833 0.7631 0.0000
vt 0.6986 0.7689 0.0000
vt 0.6985 0.7689 0.0000
vt 0.6832 0.7632 0.0000
vt 0.7140 0.7746 0.0000
vt 0.7139 0.7746 0.0000
vt 0.7138 0.7746 0.0000
vt 0.6679 0.7574 0.0000
vt 0.6526 0.7517 0.0000
vt 0.6679 0.7575 0.0000
vt 0.6526 0.7518 0.0000
vt 0.3484 0.9851 0.0000
vt 0.3603 0.9778 0.0000
vt 0.3484 0.9852 0.0000
vt 0.3602 0.9778 0.0000
vt 0.3721 0.9704 0.0000
vt 0.3721 0.9705 0.0000
vt 0.3365 0.9925 0.0000
vt 0.3246 0.9999 0.0000
vt 0.3365 0.9926 0.0000
vt 0.3247 0.9999 0.0000
vt 0.3960 0.9851 0.0000
vt 0.4079 0.9925 0.0000
vt 0.3960 0.9852 0.0000
vt 0.4078 0.9926 0.0000
vt 0.4198 0.9999 0.0000
vt 0.4197 0.9999 0.0000
vt 0.3841 0.9778 0.0000
vt 0.3722 0.9704 0.0000
vt 0.3723 0.9705 0.0000
vt 0.6833 0.0115 0.0000
vt 0.6679 0.0172 0.0000
vt 0.6832 0.0115 0.0000
vt 0.6526 0.0229 0.0000
vt 0.6986 0.0058 0.0000
vt 0.7139 0.0001 0.0000
vt 0.6985 0.0058 0.0000
vt 0.7138 0.0001 0.0000
vt 0.4985 0.7631 0.0000
vt 0.5139 0.7574 0.0000
vt 0.5139 0.7575 0.0000
vt 0.4986 0.7632 0.0000
vt 0.5293 0.7517 0.0000
vt 0.5292 0.7517 0.0000
vt 0.5292 0.7518 0.0000
vt 0.4832 0.7689 0.0000
vt 0.4679 0.7746 0.0000
vt 0.4678 0.7746 0.0000
vt 0.4833 0.7689 0.0000
vt 0.4680 0.7746 0.0000
vt 0.3007 0.0149 0.0000
vt 0.2888 0.0075 0.0000
vt 0.3007 0.0148 0.0000
vt 0.2888 0.0074 0.0000
vt 0.2769 0.0001 0.0000
vt 0.2770 0.0001 0.0000
vt 0.3125 0.0222 0.0000
vt 0.3244 0.0296 0.0000
vt 0.3244 0.0295 0.0000
vt 0.3006 0.0149 0.0000
vt 0.2887 0.0075 0.0000
vt 0.2768 0.0001 0.0000
vt 0.5600 0.7631 0.0000
vt 0.5754 0.7689 0.0000
vt 0.5753 0.7689 0.0000
vt 0.5600 0.7632 0.0000
vt 0.5907 0.7746 0.0000
vt 0.5906 0.7746 0.0000
vt 0.5447 0.7574 0.0000
vt 0.5447 0.7575 0.0000
vt 0.5294 0.7518 0.0000
vt 0.5907 0.7745 0.0000
vt 0.3007 0.9851 0.0000
vt 0.3125 0.9778 0.0000
vt 0.3007 0.9852 0.0000
vt 0.3244 0.9704 0.0000
vt 0.3244 0.9705 0.0000
vt 0.2888 0.9925 0.0000
vt 0.2769 0.9999 0.0000
vt 0.2888 0.9926 0.0000
vt 0.2770 0.9999 0.0000
vt 0.2887 0.9925 0.0000
vt 0.3006 0.9851 0.0000
vt 0.2768 0.9999 0.0000
vt 0.4438 0.0149 0.0000
vt 0.4320 0.0075 0.0000
vt 0.4439 0.0148 0.0000
vt 0.4320 0.0074 0.0000
vt 0.4201 0.0001 0.0000
vt 0.4202 0.0001 0.0000
vt 0.4557 0.0222 0.0000
vt 0.4676 0.0296 0.0000
vt 0.4676 0.0295 0.0000
vt 0.4319 0.0075 0.0000
vt 0.4200 0.0001 0.0000
vt 0.5600 0.0115 0.0000
vt 0.5447 0.0172 0.0000
vt 0.5293 0.0229 0.0000
vt 0.5294 0.0229 0.0000
vt 0.5754 0.0058 0.0000
vt 0.5907 0.0001 0.0000
vt 0.5753 0.0058 0.0000
vt 0.5906 0.0001 0.0000
vt 0.3960 0.0149 0.0000
vt 0.3841 0.0222 0.0000
vt 0.3960 0.0148 0.0000
vt 0.3722 0.0296 0.0000
vt 0.3723 0.0295 0.0000
vt 0.4079 0.0075 0.0000
vt 0.4198 0.0001 0.0000
vt 0.4078 0.0074 0.0000
vt 0.4197 0.0001 0.0000
vt 0.6218 0.0115 0.0000
vt 0.6064 0.0058 0.0000
vt 0.6065 0.0058 0.0000
vt 0.5911 0.0001 0.0000
vt 0.5912 0.0001 0.0000
vt 0.6371 0.0172 0.0000
vt 0.6525 0.0229 0.0000
vt 0.6524 0.0229 0.0000
vt 0.4438 0.9851 0.0000
vt 0.4557 0.9778 0.0000
vt 0.4439 0.9852 0.0000
vt 0.4676 0.9704 0.0000
vt 0.4676 0.9705 0.0000
vt 0.4320 0.9925 0.0000
vt 0.4201 0.9999 0.0000
vt 0.4320 0.9926 0.0000
vt 0.4202 0.9999 0.0000
vt 0.4319 0.9925 0.0000
vt 0.4200 0.9999 0.0000
vt 0.4985 0.0115 0.0000
vt 0.4832 0.0058 0.0000
vt 0.4833 0.0058 0.0000
vt 0.4986 0.0115 0.0000
vt 0.4679 0.0001 0.0000
vt 0.4680 0.0001 0.0000
vt 0.5139 0.0172 0.0000
vt 0.5292 0.0229 0.0000
vt 0.9985 0.4321 0.0000
vt 0.9985 0.4328 0.0000
vt 0.9983 0.4328 0.0000
vt 0.9983 0.4321 0.0000
vt 0.9980 0.4329 0.0000
vt 0.9980 0.4321 0.0000
vt 0.9985 0.4342 0.0000
vt 0.9983 0.4342 0.0000
vt 0.9983 0.4317 0.0000
vt 0.9985 0.4317 0.0000
vt 0.9983 0.4316 0.0000
vt 0.9985 0.4316 0.0000
vt 0.9980 0.4317 0.0000
vt 0.9980 0.4316 0.0000
vt 0.9988 0.4317 0.0000
vt 0.9988 0.4321 0.0000
vt 0.9990 0.4317 0.0000
vt 0.9990 0.4321 0.0000
vt 0.9988 0.4315 0.0000
vt 0.9990 0.4315 0.0000
vt 0.9988 0.4328 0.0000
vt 0.9988 0.4342 0.0000
vt 0.9990 0.4328 0.0000
vt 0.9990 0.4342 0.0000
vt 0.9985 0.2952 0.0000
vt 0.9985 0.2933 0.0000
vt 0.9988 0.2933 0.0000
vt 0.9988 0.2952 0.0000
vt 0.9985 0.2911 0.0000
vt 0.9988 0.2911 0.0000
vt 0.9988 0.2968 0.0000
vt 0.9985 0.2968 0.0000
vt 0.9988 0.2983 0.0000
vt 0.9985 0.2984 0.0000
vt 0.9991 0.2983 0.0000
vt 0.9983 0.2968 0.0000
vt 0.9983 0.2952 0.0000
vt 0.9980 0.2968 0.0000
vt 0.9980 0.2952 0.0000
vt 0.9983 0.2984 0.0000
vt 0.9980 0.2984 0.0000
vt 0.9983 0.2933 0.0000
vt 0.9983 0.2911 0.0000
vt 0.9980 0.2933 0.0000
vt 0.9980 0.2911 0.0000
vt 0.9995 0.4347 0.0000
vt 0.9995 0.4366 0.0000
vt 0.9993 0.4366 0.0000
vt 0.9993 0.4347 0.0000
vt 0.9990 0.4366 0.0000
vt 0.9990 0.4347 0.0000
vt 0.9995 0.4388 0.0000
vt 0.9993 0.4388 0.0000
vt 0.9990 0.4388 0.0000
vt 0.9993 0.4331 0.0000
vt 0.9995 0.4331 0.0000
vt 0.9993 0.4316 0.0000
vt 0.9995 0.4316 0.0000
vt 0.9990 0.4331 0.0000
vt 0.9990 0.4316 0.0000
vt 0.9998 0.4331 0.0000
vt 0.9998 0.4347 0.0000
vt 1.0000 0.4331 0.0000
vt 1.0000 0.4347 0.0000
vt 0.9998 0.4315 0.0000
vt 1.0000 0.4315 0.0000
vt 0.9998 0.4366 0.0000
vt 0.9998 0.4388 0.0000
vt 1.0000 0.4366 0.0000
vt 1.0000 0.4388 0.0000
vt 0.9986 0.2314 0.0000
vt 0.9986 0.2322 0.0000
vt 0.9983 0.2322 0.0000
vt 0.9983 0.2314 0.0000
vt 0.9980 0.2322 0.0000
vt 0.9980 0.2315 0.0000
vt 0.9986 0.2336 0.0000
vt 0.9983 0.2336 0.0000
vt 0.9980 0.2336 0.0000
vt 0.9983 0.2311 0.0000
vt 0.9986 0.2311 0.0000
vt 0.9983 0.2309 0.0000
vt 0.9986 0.2309 0.0000
vt 0.9980 0.2311 0.0000
vt 0.9980 0.2309 0.0000
vt 0.9989 0.2311 0.0000
vt 0.9989 0.2314 0.0000
vt 0.9991 0.2311 0.0000
vt 0.9991 0.2314 0.0000
vt 0.9989 0.2309 0.0000
vt 0.9989 0.2322 0.0000
vt 0.9989 0.2336 0.0000
vt 0.9991 0.2322 0.0000
vt 0.9991 0.2336 0.0000
vt 0.9995 0.4010 0.0000
vt 0.9995 0.4029 0.0000
vt 0.9993 0.4029 0.0000
vt 0.9993 0.4010 0.0000
vt 0.9990 0.4029 0.0000
vt 0.9990 0.4010 0.0000
vt 0.9995 0.4051 0.0000
vt 0.9993 0.4051 0.0000
vt 0.9990 0.4051 0.0000
vt 0.9993 0.3994 0.0000
vt 0.9995 0.3994 0.0000
vt 0.9990 0.3994 0.0000
vt 0.9990 0.3978 0.0000
vt 0.9998 0.3994 0.0000
vt 0.9998 0.4010 0.0000
vt 1.0000 0.3993 0.0000
vt 1.0000 0.4010 0.0000
vt 0.9998 0.3978 0.0000
vt 1.0000 0.3978 0.0000
vt 0.9998 0.4029 0.0000
vt 0.9998 0.4051 0.0000
vt 1.0000 0.4029 0.0000
vt 1.0000 0.4051 0.0000
vt 0.9986 0.1977 0.0000
vt 0.9986 0.1985 0.0000
vt 0.9983 0.1985 0.0000
vt 0.9983 0.1977 0.0000
vt 0.9980 0.1985 0.0000
vt 0.9980 0.1977 0.0000
vt 0.9986 0.1998 0.0000
vt 0.9983 0.1998 0.0000
vt 0.9980 0.1999 0.0000
vt 0.9983 0.1974 0.0000
vt 0.9986 0.1974 0.0000
vt 0.9986 0.1972 0.0000
vt 0.9980 0.1974 0.0000
vt 0.9989 0.1973 0.0000
vt 0.9989 0.1977 0.0000
vt 0.9991 0.1973 0.0000
vt 0.9991 0.1977 0.0000
vt 0.9989 0.1972 0.0000
vt 0.9991 0.1972 0.0000
vt 0.9989 0.1985 0.0000
vt 0.9989 0.1998 0.0000
vt 0.9991 0.1985 0.0000
vt 0.9991 0.1998 0.0000
vt 0.9985 0.4310 0.0000
vt 0.9985 0.4302 0.0000
vt 0.9988 0.4302 0.0000
vt 0.9988 0.4310 0.0000
vt 0.9990 0.4302 0.0000
vt 0.9990 0.4310 0.0000
vt 0.9985 0.4289 0.0000
vt 0.9988 0.4289 0.0000
vt 0.9990 0.4289 0.0000
vt 0.9988 0.4314 0.0000
vt 0.9985 0.4314 0.0000
vt 0.9985 0.4315 0.0000
vt 0.9990 0.4314 0.0000
vt 0.9983 0.4314 0.0000
vt 0.9983 0.4310 0.0000
vt 0.9980 0.4314 0.0000
vt 0.9980 0.4310 0.0000
vt 0.9983 0.4315 0.0000
vt 0.9980 0.4315 0.0000
vt 0.9983 0.4302 0.0000
vt 0.9983 0.4289 0.0000
vt 0.9980 0.4303 0.0000
vt 0.9980 0.4289 0.0000
vt 0.9985 0.3015 0.0000
vt 0.9985 0.3034 0.0000
vt 0.9983 0.3034 0.0000
vt 0.9983 0.3016 0.0000
vt 0.9980 0.3034 0.0000
vt 0.9980 0.3016 0.0000
vt 0.9985 0.3056 0.0000
vt 0.9983 0.3056 0.0000
vt 0.9980 0.3056 0.0000
vt 0.9983 0.2999 0.0000
vt 0.9985 0.2999 0.0000
vt 0.9980 0.2999 0.0000
vt 0.9988 0.2999 0.0000
vt 0.9988 0.3015 0.0000
vt 0.9991 0.2999 0.0000
vt 0.9991 0.3015 0.0000
vt 0.9988 0.2984 0.0000
vt 0.9988 0.3034 0.0000
vt 0.9988 0.3056 0.0000
vt 0.9991 0.3034 0.0000
vt 0.9991 0.3056 0.0000
vt 0.9985 0.4684 0.0000
vt 0.9985 0.4686 0.0000
vt 0.9983 0.4686 0.0000
vt 0.9983 0.4684 0.0000
vt 0.9980 0.4686 0.0000
vt 0.9980 0.4684 0.0000
vt 0.9985 0.4688 0.0000
vt 0.9983 0.4688 0.0000
vt 0.9980 0.4688 0.0000
vt 0.9983 0.4681 0.0000
vt 0.9985 0.4681 0.0000
vt 0.9983 0.4679 0.0000
vt 0.9985 0.4679 0.0000
vt 0.9980 0.4682 0.0000
vt 0.9987 0.4681 0.0000
vt 0.9987 0.4684 0.0000
vt 0.9987 0.4679 0.0000
vt 0.9987 0.4686 0.0000
vt 0.9987 0.4688 0.0000
vt 0.9985 0.3704 0.0000
vt 0.9985 0.3736 0.0000
vt 0.9983 0.3736 0.0000
vt 0.9983 0.3704 0.0000
vt 0.9980 0.3736 0.0000
vt 0.9980 0.3704 0.0000
vt 0.9985 0.3774 0.0000
vt 0.9983 0.3774 0.0000
vt 0.9980 0.3774 0.0000
vt 0.9983 0.3676 0.0000
vt 0.9985 0.3676 0.0000
vt 0.9983 0.3650 0.0000
vt 0.9985 0.3650 0.0000
vt 0.9980 0.3676 0.0000
vt 0.9980 0.3650 0.0000
vt 0.9988 0.3676 0.0000
vt 0.9988 0.3704 0.0000
vt 0.9991 0.3676 0.0000
vt 0.9991 0.3704 0.0000
vt 0.9988 0.3650 0.0000
vt 0.9991 0.3650 0.0000
vt 0.9988 0.3736 0.0000
vt 0.9988 0.3774 0.0000
vt 0.9991 0.3736 0.0000
vt 0.9991 0.3774 0.0000
vt 0.9987 0.1917 0.0000
vt 0.9987 0.1885 0.0000
vt 0.9989 0.1885 0.0000
vt 0.9989 0.1917 0.0000
vt 0.9992 0.1885 0.0000
vt 0.9992 0.1917 0.0000
vt 0.9987 0.1848 0.0000
vt 0.9989 0.1848 0.0000
vt 0.9992 0.1848 0.0000
vt 0.9989 0.1945 0.0000
vt 0.9987 0.1945 0.0000
vt 0.9987 0.1972 0.0000
vt 0.9992 0.1945 0.0000
vt 0.9992 0.1972 0.0000
vt 0.9985 0.1945 0.0000
vt 0.9985 0.1917 0.0000
vt 0.9985 0.1972 0.0000
vt 0.9985 0.1885 0.0000
vt 0.9985 0.1848 0.0000
vt 0.9989 0.4666 0.0000
vt 0.9989 0.4664 0.0000
vt 0.9992 0.4664 0.0000
vt 0.9992 0.4666 0.0000
vt 0.9995 0.4664 0.0000
vt 0.9995 0.4666 0.0000
vt 0.9989 0.4662 0.0000
vt 0.9992 0.4662 0.0000
vt 0.9995 0.4662 0.0000
vt 0.9992 0.4668 0.0000
vt 0.9989 0.4668 0.0000
vt 0.9992 0.4670 0.0000
vt 0.9989 0.4670 0.0000
vt 0.9995 0.4668 0.0000
vt 0.9995 0.4670 0.0000
vt 0.9987 0.4668 0.0000
vt 0.9987 0.4666 0.0000
vt 0.9987 0.4670 0.0000
vt 0.9987 0.4664 0.0000
vt 0.9987 0.4662 0.0000
vt 0.9985 0.1369 0.0000
vt 0.9985 0.1401 0.0000
vt 0.9983 0.1401 0.0000
vt 0.9983 0.1369 0.0000
vt 0.9980 0.1401 0.0000
vt 0.9980 0.1369 0.0000
vt 0.9985 0.1439 0.0000
vt 0.9983 0.1439 0.0000
vt 0.9980 0.1439 0.0000
vt 0.9983 0.1341 0.0000
vt 0.9985 0.1341 0.0000
vt 0.9983 0.1315 0.0000
vt 0.9985 0.1315 0.0000
vt 0.9980 0.1341 0.0000
vt 0.9980 0.1315 0.0000
vt 0.9987 0.1341 0.0000
vt 0.9987 0.1369 0.0000
vt 0.9987 0.1315 0.0000
vt 0.9987 0.1401 0.0000
vt 0.9987 0.1439 0.0000
vt 0.9986 0.4657 0.0000
vt 0.9986 0.4659 0.0000
vt 0.9983 0.4659 0.0000
vt 0.9983 0.4657 0.0000
vt 0.9980 0.4659 0.0000
vt 0.9980 0.4657 0.0000
vt 0.9986 0.4661 0.0000
vt 0.9983 0.4661 0.0000
vt 0.9983 0.4655 0.0000
vt 0.9986 0.4655 0.0000
vt 0.9983 0.4653 0.0000
vt 0.9986 0.4653 0.0000
vt 0.9980 0.4655 0.0000
vt 0.9980 0.4653 0.0000
vt 0.9988 0.4655 0.0000
vt 0.9988 0.4657 0.0000
vt 0.9988 0.4653 0.0000
vt 0.9988 0.4659 0.0000
vt 0.9988 0.4661 0.0000
vt 0.9988 0.4675 0.0000
vt 0.9988 0.4673 0.0000
vt 0.9990 0.4673 0.0000
vt 0.9990 0.4675 0.0000
vt 0.9993 0.4673 0.0000
vt 0.9993 0.4675 0.0000
vt 0.9988 0.4670 0.0000
vt 0.9990 0.4670 0.0000
vt 0.9993 0.4670 0.0000
vt 0.9990 0.4677 0.0000
vt 0.9988 0.4677 0.0000
vt 0.9988 0.4679 0.0000
vt 0.9993 0.4677 0.0000
vt 0.9985 0.4677 0.0000
vt 0.9985 0.4675 0.0000
vt 0.9985 0.4673 0.0000
vt 0.9985 0.3595 0.0000
vt 0.9985 0.3563 0.0000
vt 0.9988 0.3563 0.0000
vt 0.9988 0.3595 0.0000
vt 0.9991 0.3563 0.0000
vt 0.9991 0.3595 0.0000
vt 0.9985 0.3525 0.0000
vt 0.9988 0.3525 0.0000
vt 0.9991 0.3525 0.0000
vt 0.9988 0.3623 0.0000
vt 0.9985 0.3623 0.0000
vt 0.9988 0.3649 0.0000
vt 0.9985 0.3649 0.0000
vt 0.9991 0.3623 0.0000
vt 0.9991 0.3649 0.0000
vt 0.9983 0.3623 0.0000
vt 0.9983 0.3595 0.0000
vt 0.9980 0.3623 0.0000
vt 0.9980 0.3595 0.0000
vt 0.9983 0.3649 0.0000
vt 0.9983 0.3563 0.0000
vt 0.9983 0.3525 0.0000
vt 0.9980 0.3563 0.0000
vt 0.9980 0.3525 0.0000
vt 0.6522 0.7519 0.0000
vt 0.6521 0.7520 0.0000
vt 0.6068 0.7689 0.0000
vt 0.6067 0.7689 0.0000
vt 0.5918 0.7745 0.0000
vt 0.5916 0.7745 0.0000
vt 0.6066 0.7689 0.0000
vt 0.5914 0.7745 0.0000
vt 0.6523 0.7518 0.0000
vt 0.3484 0.0147 0.0000
vt 0.3367 0.0075 0.0000
vt 0.3368 0.0075 0.0000
vt 0.3485 0.0147 0.0000
vt 0.3369 0.0075 0.0000
vt 0.3250 0.0002 0.0000
vt 0.3252 0.0002 0.0000
vt 0.3254 0.0003 0.0000
vt 0.3601 0.0220 0.0000
vt 0.3602 0.0220 0.0000
vt 0.3718 0.0292 0.0000
vt 0.3719 0.0293 0.0000
vt 0.3601 0.0219 0.0000
vt 0.3717 0.0291 0.0000
vt 0.3602 0.0221 0.0000
vt 0.3720 0.0294 0.0000
vt 0.3366 0.0074 0.0000
vt 0.3248 0.0001 0.0000
vt 0.6983 0.7689 0.0000
vt 0.6982 0.7688 0.0000
vt 0.6831 0.7632 0.0000
vt 0.6980 0.7688 0.0000
vt 0.7135 0.7745 0.0000
vt 0.7132 0.7745 0.0000
vt 0.7130 0.7744 0.0000
vt 0.6681 0.7576 0.0000
vt 0.6680 0.7576 0.0000
vt 0.6530 0.7520 0.0000
vt 0.6529 0.7519 0.0000
vt 0.6681 0.7577 0.0000
vt 0.6532 0.7521 0.0000
vt 0.6680 0.7575 0.0000
vt 0.6528 0.7518 0.0000
vt 0.6984 0.7689 0.0000
vt 0.7137 0.7745 0.0000
vt 0.3484 0.9853 0.0000
vt 0.3602 0.9780 0.0000
vt 0.3719 0.9707 0.0000
vt 0.3718 0.9708 0.0000
vt 0.3368 0.9925 0.0000
vt 0.3367 0.9926 0.0000
vt 0.3251 0.9998 0.0000
vt 0.3250 0.9998 0.0000
vt 0.3366 0.9926 0.0000
vt 0.3248 0.9999 0.0000
vt 0.3602 0.9779 0.0000
vt 0.3720 0.9706 0.0000
vt 0.3959 0.9853 0.0000
vt 0.4077 0.9925 0.0000
vt 0.4076 0.9925 0.0000
vt 0.4075 0.9925 0.0000
vt 0.4194 0.9998 0.0000
vt 0.4192 0.9998 0.0000
vt 0.4190 0.9997 0.0000
vt 0.3843 0.9780 0.0000
vt 0.3842 0.9780 0.0000
vt 0.3726 0.9708 0.0000
vt 0.3725 0.9707 0.0000
vt 0.3843 0.9781 0.0000
vt 0.3727 0.9709 0.0000
vt 0.3842 0.9779 0.0000
vt 0.3724 0.9706 0.0000
vt 0.4196 0.9999 0.0000
vt 0.6832 0.0114 0.0000
vt 0.6680 0.0171 0.0000
vt 0.6529 0.0227 0.0000
vt 0.6530 0.0226 0.0000
vt 0.6982 0.0058 0.0000
vt 0.6983 0.0058 0.0000
vt 0.7133 0.0002 0.0000
vt 0.7135 0.0001 0.0000
vt 0.6984 0.0058 0.0000
vt 0.7137 0.0001 0.0000
vt 0.6528 0.0228 0.0000
vt 0.5138 0.7576 0.0000
vt 0.5137 0.7576 0.0000
vt 0.4987 0.7632 0.0000
vt 0.5137 0.7577 0.0000
vt 0.5289 0.7519 0.0000
vt 0.5288 0.7520 0.0000
vt 0.5286 0.7521 0.0000
vt 0.4836 0.7688 0.0000
vt 0.4835 0.7689 0.0000
vt 0.4686 0.7745 0.0000
vt 0.4683 0.7745 0.0000
vt 0.4838 0.7688 0.0000
vt 0.4688 0.7744 0.0000
vt 0.4834 0.7689 0.0000
vt 0.4681 0.7745 0.0000
vt 0.5138 0.7575 0.0000
vt 0.5291 0.7518 0.0000
vt 0.3007 0.0147 0.0000
vt 0.2890 0.0074 0.0000
vt 0.2772 0.0002 0.0000
vt 0.2774 0.0002 0.0000
vt 0.3124 0.0220 0.0000
vt 0.3125 0.0220 0.0000
vt 0.3241 0.0292 0.0000
vt 0.3242 0.0293 0.0000
vt 0.3125 0.0221 0.0000
vt 0.3243 0.0294 0.0000
vt 0.2889 0.0074 0.0000
vt 0.2771 0.0001 0.0000
vt 0.5751 0.7689 0.0000
vt 0.5750 0.7689 0.0000
vt 0.5902 0.7745 0.0000
vt 0.5901 0.7745 0.0000
vt 0.5297 0.7520 0.0000
vt 0.5296 0.7519 0.0000
vt 0.5295 0.7518 0.0000
vt 0.5752 0.7689 0.0000
vt 0.5904 0.7745 0.0000
vt 0.3007 0.9853 0.0000
vt 0.3124 0.9780 0.0000
vt 0.3124 0.9781 0.0000
vt 0.3008 0.9853 0.0000
vt 0.3242 0.9707 0.0000
vt 0.3241 0.9708 0.0000
vt 0.3239 0.9709 0.0000
vt 0.2891 0.9925 0.0000
vt 0.2890 0.9925 0.0000
vt 0.2774 0.9998 0.0000
vt 0.2772 0.9998 0.0000
vt 0.2892 0.9925 0.0000
vt 0.2776 0.9997 0.0000
vt 0.2889 0.9926 0.0000
vt 0.2771 0.9999 0.0000
vt 0.3125 0.9779 0.0000
vt 0.3243 0.9706 0.0000
vt 0.4439 0.0147 0.0000
vt 0.4322 0.0075 0.0000
vt 0.4323 0.0075 0.0000
vt 0.4324 0.0075 0.0000
vt 0.4440 0.0147 0.0000
vt 0.4204 0.0002 0.0000
vt 0.4206 0.0002 0.0000
vt 0.4208 0.0003 0.0000
vt 0.4556 0.0220 0.0000
vt 0.4673 0.0292 0.0000
vt 0.4674 0.0293 0.0000
vt 0.4556 0.0219 0.0000
vt 0.4671 0.0291 0.0000
vt 0.4557 0.0221 0.0000
vt 0.4675 0.0294 0.0000
vt 0.4321 0.0074 0.0000
vt 0.4203 0.0001 0.0000
vt 0.5448 0.0171 0.0000
vt 0.5296 0.0227 0.0000
vt 0.5297 0.0226 0.0000
vt 0.5750 0.0058 0.0000
vt 0.5751 0.0058 0.0000
vt 0.5901 0.0002 0.0000
vt 0.5902 0.0001 0.0000
vt 0.5752 0.0058 0.0000
vt 0.5600 0.0114 0.0000
vt 0.5904 0.0001 0.0000
vt 0.5447 0.0171 0.0000
vt 0.5295 0.0228 0.0000
vt 0.3959 0.0147 0.0000
vt 0.3842 0.0220 0.0000
vt 0.3843 0.0220 0.0000
vt 0.3843 0.0219 0.0000
vt 0.3725 0.0293 0.0000
vt 0.3726 0.0292 0.0000
vt 0.3727 0.0291 0.0000
vt 0.4076 0.0075 0.0000
vt 0.4077 0.0075 0.0000
vt 0.4192 0.0002 0.0000
vt 0.4194 0.0002 0.0000
vt 0.4075 0.0075 0.0000
vt 0.4190 0.0003 0.0000
vt 0.4196 0.0001 0.0000
vt 0.3842 0.0221 0.0000
vt 0.3724 0.0294 0.0000
vt 0.6067 0.0058 0.0000
vt 0.6068 0.0058 0.0000
vt 0.5916 0.0001 0.0000
vt 0.5918 0.0002 0.0000
vt 0.6370 0.0171 0.0000
vt 0.6521 0.0226 0.0000
vt 0.6522 0.0227 0.0000
vt 0.6371 0.0171 0.0000
vt 0.6218 0.0114 0.0000
vt 0.6523 0.0228 0.0000
vt 0.6066 0.0058 0.0000
vt 0.5914 0.0001 0.0000
vt 0.4439 0.9853 0.0000
vt 0.4556 0.9780 0.0000
vt 0.4556 0.9781 0.0000
vt 0.4440 0.9853 0.0000
vt 0.4674 0.9707 0.0000
vt 0.4673 0.9708 0.0000
vt 0.4671 0.9709 0.0000
vt 0.4323 0.9925 0.0000
vt 0.4322 0.9925 0.0000
vt 0.4206 0.9998 0.0000
vt 0.4204 0.9998 0.0000
vt 0.4324 0.9925 0.0000
vt 0.4208 0.9997 0.0000
vt 0.4321 0.9926 0.0000
vt 0.4203 0.9999 0.0000
vt 0.4557 0.9779 0.0000
vt 0.4675 0.9706 0.0000
vt 0.4986 0.0114 0.0000
vt 0.4835 0.0058 0.0000
vt 0.4836 0.0058 0.0000
vt 0.4683 0.0001 0.0000
vt 0.4685 0.0002 0.0000
vt 0.5138 0.0171 0.0000
vt 0.5288 0.0226 0.0000
vt 0.5289 0.0227 0.0000
vt 0.5291 0.0228 0.0000
vt 0.4834 0.0058 0.0000
vt 0.4681 0.0001 0.0000
vt 0.9985 0.3316 0.0000
vt 0.9985 0.3319 0.0000
vt 0.9983 0.3319 0.0000
vt 0.9983 0.3315 0.0000
vt 0.9980 0.3319 0.0000
vt 0.9980 0.3315 0.0000
vt 0.9985 0.3321 0.0000
vt 0.9983 0.3321 0.0000
vt 0.9980 0.3321 0.0000
vt 0.9983 0.3308 0.0000
vt 0.9985 0.3308 0.0000
vt 0.9983 0.3294 0.0000
vt 0.9985 0.3294 0.0000
vt 0.9980 0.3308 0.0000
vt 0.9980 0.3294 0.0000
vt 0.9988 0.3308 0.0000
vt 0.9988 0.3316 0.0000
vt 0.9991 0.3308 0.0000
vt 0.9991 0.3316 0.0000
vt 0.9988 0.3294 0.0000
vt 0.9991 0.3294 0.0000
vt 0.9988 0.3319 0.0000
vt 0.9988 0.3321 0.0000
vt 0.9991 0.3319 0.0000
vt 0.9985 0.4239 0.0000
vt 0.9985 0.4208 0.0000
vt 0.9988 0.4208 0.0000
vt 0.9988 0.4239 0.0000
vt 0.9990 0.4208 0.0000
vt 0.9990 0.4239 0.0000
vt 0.9985 0.4174 0.0000
vt 0.9988 0.4174 0.0000
vt 0.9990 0.4174 0.0000
vt 0.9988 0.4267 0.0000
vt 0.9985 0.4267 0.0000
vt 0.9990 0.4267 0.0000
vt 0.9983 0.4267 0.0000
vt 0.9983 0.4239 0.0000
vt 0.9980 0.4267 0.0000
vt 0.9980 0.4240 0.0000
vt 0.9983 0.4208 0.0000
vt 0.9983 0.4174 0.0000
vt 0.9980 0.4208 0.0000
vt 0.9980 0.4174 0.0000
vt 0.9986 0.2048 0.0000
vt 0.9986 0.2079 0.0000
vt 0.9983 0.2079 0.0000
vt 0.9983 0.2048 0.0000
vt 0.9980 0.2079 0.0000
vt 0.9980 0.2048 0.0000
vt 0.9986 0.2113 0.0000
vt 0.9983 0.2113 0.0000
vt 0.9980 0.2113 0.0000
vt 0.9983 0.2020 0.0000
vt 0.9986 0.2020 0.0000
vt 0.9980 0.2020 0.0000
vt 0.9989 0.2020 0.0000
vt 0.9989 0.2048 0.0000
vt 0.9991 0.2020 0.0000
vt 0.9991 0.2048 0.0000
vt 0.9989 0.2079 0.0000
vt 0.9989 0.2113 0.0000
vt 0.9991 0.2079 0.0000
vt 0.9991 0.2113 0.0000
vt 0.9995 0.4310 0.0000
vt 0.9995 0.4314 0.0000
vt 0.9993 0.4314 0.0000
vt 0.9993 0.4310 0.0000
vt 0.9995 0.4315 0.0000
vt 0.9993 0.4315 0.0000
vt 0.9993 0.4302 0.0000
vt 0.9995 0.4302 0.0000
vt 0.9993 0.4289 0.0000
vt 0.9995 0.4289 0.0000
vt 0.9998 0.4302 0.0000
vt 0.9998 0.4310 0.0000
vt 1.0000 0.4303 0.0000
vt 1.0000 0.4310 0.0000
vt 0.9998 0.4289 0.0000
vt 1.0000 0.4289 0.0000
vt 0.9998 0.4314 0.0000
vt 1.0000 0.4314 0.0000
vt 0.9986 0.2385 0.0000
vt 0.9986 0.2417 0.0000
vt 0.9983 0.2417 0.0000
vt 0.9983 0.2385 0.0000
vt 0.9980 0.2417 0.0000
vt 0.9980 0.2385 0.0000
vt 0.9986 0.2450 0.0000
vt 0.9983 0.2450 0.0000
vt 0.9980 0.2450 0.0000
vt 0.9983 0.2357 0.0000
vt 0.9986 0.2357 0.0000
vt 0.9980 0.2357 0.0000
vt 0.9989 0.2357 0.0000
vt 0.9989 0.2385 0.0000
vt 0.9991 0.2357 0.0000
vt 0.9991 0.2385 0.0000
vt 0.9989 0.2417 0.0000
vt 0.9989 0.2450 0.0000
vt 0.9991 0.2417 0.0000
vt 0.9991 0.2450 0.0000
vt 0.9995 0.4647 0.0000
vt 0.9995 0.4651 0.0000
vt 0.9993 0.4651 0.0000
vt 0.9993 0.4647 0.0000
vt 0.9990 0.4651 0.0000
vt 0.9990 0.4647 0.0000
vt 0.9993 0.4640 0.0000
vt 0.9995 0.4640 0.0000
vt 0.9993 0.4626 0.0000
vt 0.9995 0.4626 0.0000
vt 0.9990 0.4640 0.0000
vt 0.9990 0.4626 0.0000
vt 0.9998 0.4640 0.0000
vt 0.9998 0.4647 0.0000
vt 1.0000 0.4640 0.0000
vt 1.0000 0.4647 0.0000
vt 0.9998 0.4626 0.0000
vt 1.0000 0.4626 0.0000
vt 0.9998 0.4651 0.0000
vt 0.9998 0.4653 0.0000
vt 1.0000 0.4651 0.0000
vt 1.0000 0.4653 0.0000
vt 0.9985 0.2652 0.0000
vt 0.9985 0.2648 0.0000
vt 0.9988 0.2648 0.0000
vt 0.9988 0.2652 0.0000
vt 0.9991 0.2648 0.0000
vt 0.9991 0.2652 0.0000
vt 0.9985 0.2646 0.0000
vt 0.9988 0.2646 0.0000
vt 0.9991 0.2647 0.0000
vt 0.9988 0.2659 0.0000
vt 0.9985 0.2659 0.0000
vt 0.9988 0.2673 0.0000
vt 0.9985 0.2673 0.0000
vt 0.9991 0.2659 0.0000
vt 0.9991 0.2673 0.0000
vt 0.9983 0.2659 0.0000
vt 0.9983 0.2652 0.0000
vt 0.9980 0.2659 0.0000
vt 0.9980 0.2652 0.0000
vt 0.9983 0.2673 0.0000
vt 0.9980 0.2673 0.0000
vt 0.9983 0.2648 0.0000
vt 0.9983 0.2646 0.0000
vt 0.9980 0.2648 0.0000
vt 0.9980 0.2646 0.0000
vt 0.9985 0.4391 0.0000
vt 0.9985 0.4423 0.0000
vt 0.9983 0.4423 0.0000
vt 0.9983 0.4391 0.0000
vt 0.9980 0.4423 0.0000
vt 0.9980 0.4391 0.0000
vt 0.9985 0.4457 0.0000
vt 0.9983 0.4457 0.0000
vt 0.9980 0.4457 0.0000
vt 0.9983 0.4364 0.0000
vt 0.9985 0.4364 0.0000
vt 0.9980 0.4364 0.0000
vt 0.9988 0.4364 0.0000
vt 0.9988 0.4391 0.0000
vt 0.9990 0.4364 0.0000
vt 0.9990 0.4391 0.0000
vt 0.9988 0.4423 0.0000
vt 0.9988 0.4457 0.0000
vt 0.9990 0.4423 0.0000
vt 0.9990 0.4457 0.0000
vt 0.9992 0.3646 0.0000
vt 0.9992 0.3643 0.0000
vt 0.9993 0.3643 0.0000
vt 0.9993 0.3646 0.0000
vt 0.9992 0.3641 0.0000
vt 0.9993 0.3641 0.0000
vt 0.9993 0.3654 0.0000
vt 0.9992 0.3654 0.0000
vt 0.9993 0.3667 0.0000
vt 0.9992 0.3667 0.0000
vt 0.9991 0.3654 0.0000
vt 0.9991 0.3646 0.0000
vt 0.9991 0.3667 0.0000
vt 0.9991 0.3643 0.0000
vt 0.9991 0.3641 0.0000
vt 0.0859 0.8212 0.0000
vt 0.0924 0.8212 0.0000
vt 0.0924 0.8213 0.0000
vt 0.0859 0.8213 0.0000
vt 0.0994 0.8212 0.0000
vt 0.0994 0.8213 0.0000
vt 0.0801 0.8212 0.0000
vt 0.0801 0.8213 0.0000
vt 0.0801 0.8211 0.0000
vt 0.0859 0.8211 0.0000
vt 0.0924 0.8211 0.0000
vt 0.0994 0.8211 0.0000
vt 0.9995 0.2908 0.0000
vt 0.9995 0.2876 0.0000
vt 0.9996 0.2876 0.0000
vt 0.9996 0.2908 0.0000
vt 0.9995 0.2842 0.0000
vt 0.9996 0.2842 0.0000
vt 0.9996 0.2935 0.0000
vt 0.9995 0.2935 0.0000
vt 0.9994 0.2935 0.0000
vt 0.9994 0.2908 0.0000
vt 0.9994 0.2876 0.0000
vt 0.9994 0.2842 0.0000
vt 0.9993 0.2652 0.0000
vt 0.9993 0.2648 0.0000
vt 0.9994 0.2648 0.0000
vt 0.9994 0.2652 0.0000
vt 0.9993 0.2659 0.0000
vt 0.9993 0.2673 0.0000
vt 0.9994 0.2659 0.0000
vt 0.9994 0.2673 0.0000
vt 0.9992 0.2659 0.0000
vt 0.9992 0.2652 0.0000
vt 0.9992 0.2673 0.0000
vt 0.9992 0.2648 0.0000
vt 0.9996 0.0261 0.0000
vt 0.9996 0.0230 0.0000
vt 0.9997 0.0230 0.0000
vt 0.9997 0.0261 0.0000
vt 0.9996 0.0196 0.0000
vt 0.9997 0.0196 0.0000
vt 0.9996 0.0289 0.0000
vt 0.9997 0.0289 0.0000
vt 0.9995 0.0289 0.0000
vt 0.9995 0.0261 0.0000
vt 0.9995 0.0230 0.0000
vt 0.9995 0.0196 0.0000
vt 0.9993 0.2989 0.0000
vt 0.9993 0.2985 0.0000
vt 0.9994 0.2985 0.0000
vt 0.9994 0.2989 0.0000
vt 0.9993 0.2997 0.0000
vt 0.9993 0.3010 0.0000
vt 0.9994 0.2997 0.0000
vt 0.9994 0.3010 0.0000
vt 0.9992 0.2997 0.0000
vt 0.9992 0.2989 0.0000
vt 0.9991 0.2997 0.0000
vt 0.9991 0.2989 0.0000
vt 0.9992 0.3010 0.0000
vt 0.9991 0.3010 0.0000
vt 0.9992 0.2985 0.0000
vt 0.9991 0.2985 0.0000
vt 0.9993 0.1977 0.0000
vt 0.9993 0.1973 0.0000
vt 0.9994 0.1973 0.0000
vt 0.9994 0.1977 0.0000
vt 0.9993 0.1972 0.0000
vt 0.9994 0.1972 0.0000
vt 0.9993 0.1985 0.0000
vt 0.9993 0.1998 0.0000
vt 0.9994 0.1985 0.0000
vt 0.9994 0.1998 0.0000
vt 0.9992 0.1985 0.0000
vt 0.9992 0.1977 0.0000
vt 0.9992 0.1998 0.0000
vt 0.9992 0.1973 0.0000
vt 0.0158 0.8212 0.0000
vt 0.0224 0.8212 0.0000
vt 0.0224 0.8213 0.0000
vt 0.0158 0.8213 0.0000
vt 0.0294 0.8212 0.0000
vt 0.0294 0.8213 0.0000
vt 0.0100 0.8212 0.0000
vt 0.0100 0.8213 0.0000
vt 0.0100 0.8211 0.0000
vt 0.0158 0.8211 0.0000
vt 0.0224 0.8211 0.0000
vt 0.0294 0.8211 0.0000
vt 0.9993 0.1646 0.0000
vt 0.9993 0.1650 0.0000
vt 0.9992 0.1650 0.0000
vt 0.9992 0.1646 0.0000
vt 0.9993 0.1652 0.0000
vt 0.9992 0.1652 0.0000
vt 0.9992 0.1639 0.0000
vt 0.9993 0.1639 0.0000
vt 0.9992 0.1625 0.0000
vt 0.9993 0.1625 0.0000
vt 0.9994 0.1639 0.0000
vt 0.9994 0.1646 0.0000
vt 0.9994 0.1625 0.0000
vt 0.9994 0.1650 0.0000
vt 0.9994 0.1652 0.0000
vt 0.0859 0.8210 0.0000
vt 0.0924 0.8210 0.0000
vt 0.0994 0.8210 0.0000
vt 0.0801 0.8210 0.0000
vt 0.0801 0.8207 0.0000
vt 0.0859 0.8207 0.0000
vt 0.0801 0.8202 0.0000
vt 0.0859 0.8202 0.0000
vt 0.0924 0.8207 0.0000
vt 0.0994 0.8207 0.0000
vt 0.0924 0.8202 0.0000
vt 0.0994 0.8202 0.0000
vt 0.8385 0.0001 0.0000
vt 0.8319 0.0001 0.0000
vt 0.8319 0.0000 0.0000
vt 0.8385 0.0000 0.0000
vt 0.8249 0.0001 0.0000
vt 0.8249 0.0000 0.0000
vt 0.8442 0.0000 0.0000
vt 0.8442 0.0001 0.0000
vt 0.8442 0.0003 0.0000
vt 0.8385 0.0003 0.0000
vt 0.8442 0.0007 0.0000
vt 0.8385 0.0007 0.0000
vt 0.8319 0.0003 0.0000
vt 0.8249 0.0003 0.0000
vt 0.8319 0.0007 0.0000
vt 0.8249 0.0007 0.0000
vt 0.9994 0.0989 0.0000
vt 0.9994 0.0993 0.0000
vt 0.9993 0.0993 0.0000
vt 0.9993 0.0989 0.0000
vt 0.9994 0.0994 0.0000
vt 0.9993 0.0994 0.0000
vt 0.9993 0.0982 0.0000
vt 0.9994 0.0982 0.0000
vt 0.9993 0.0968 0.0000
vt 0.9994 0.0968 0.0000
vt 0.9995 0.0982 0.0000
vt 0.9995 0.0989 0.0000
vt 0.9995 0.0968 0.0000
vt 0.9995 0.0993 0.0000
vt 0.7684 0.0001 0.0000
vt 0.7619 0.0001 0.0000
vt 0.7619 0.0000 0.0000
vt 0.7684 0.0000 0.0000
vt 0.7549 0.0001 0.0000
vt 0.7549 0.0000 0.0000
vt 0.7742 0.0000 0.0000
vt 0.7742 0.0001 0.0000
vt 0.7742 0.0002 0.0000
vt 0.7684 0.0002 0.0000
vt 0.7742 0.0004 0.0000
vt 0.7684 0.0004 0.0000
vt 0.7619 0.0002 0.0000
vt 0.7549 0.0002 0.0000
vt 0.7619 0.0004 0.0000
vt 0.7549 0.0004 0.0000
vt 0.9994 0.3646 0.0000
vt 0.9994 0.3643 0.0000
vt 0.9995 0.3643 0.0000
vt 0.9995 0.3646 0.0000
vt 0.9994 0.3641 0.0000
vt 0.9995 0.3641 0.0000
vt 0.9995 0.3654 0.0000
vt 0.9994 0.3654 0.0000
vt 0.9995 0.3667 0.0000
vt 0.9994 0.3667 0.0000
vt 0.9992 0.2314 0.0000
vt 0.9992 0.2311 0.0000
vt 0.9993 0.2311 0.0000
vt 0.9993 0.2314 0.0000
vt 0.9994 0.2311 0.0000
vt 0.9994 0.2314 0.0000
vt 0.9993 0.2322 0.0000
vt 0.9992 0.2322 0.0000
vt 0.9993 0.2336 0.0000
vt 0.9992 0.2336 0.0000
vt 0.9994 0.2322 0.0000
vt 0.9994 0.2336 0.0000
vt 0.0158 0.8210 0.0000
vt 0.0224 0.8210 0.0000
vt 0.0294 0.8210 0.0000
vt 0.0100 0.8210 0.0000
vt 0.0100 0.8208 0.0000
vt 0.0158 0.8208 0.0000
vt 0.0100 0.8204 0.0000
vt 0.0158 0.8204 0.0000
vt 0.0224 0.8208 0.0000
vt 0.0294 0.8208 0.0000
vt 0.0224 0.8204 0.0000
vt 0.0294 0.8204 0.0000
vt 0.0011 0.0140 0.0000
vt 0.0011 0.0527 0.0000
vt 0.0003 0.0527 0.0000
vt 0.0003 0.0140 0.0000
vt 0.0000 0.0527 0.0000
vt 0.0000 0.0140 0.0000
vt 0.0011 0.1294 0.0000
vt 0.0003 0.1294 0.0000
vt 0.0000 0.1294 0.0000
vt 0.0003 0.0006 0.0000
vt 0.0011 0.0006 0.0000
vt 0.0003 0.0000 0.0000
vt 0.0011 0.0000 0.0000
vt 0.0000 0.0006 0.0000
vt 0.0000 0.0000 0.0000
vt 0.0027 0.0006 0.0000
vt 0.0027 0.0140 0.0000
vt 0.0055 0.0006 0.0000
vt 0.0055 0.0140 0.0000
vt 0.0027 0.0000 0.0000
vt 0.0055 0.0000 0.0000
vt 0.0027 0.0527 0.0000
vt 0.0027 0.1294 0.0000
vt 0.0055 0.0527 0.0000
vt 0.0055 0.1294 0.0000
vt 0.9995 0.2989 0.0000
vt 0.9995 0.2985 0.0000
vt 0.9996 0.2985 0.0000
vt 0.9996 0.2989 0.0000
vt 0.9996 0.2997 0.0000
vt 0.9995 0.2997 0.0000
vt 0.9996 0.3010 0.0000
vt 0.9995 0.3010 0.0000
vt 0.9997 0.2570 0.0000
vt 0.9997 0.2538 0.0000
vt 0.9998 0.2538 0.0000
vt 0.9998 0.2570 0.0000
vt 0.9997 0.2505 0.0000
vt 0.9998 0.2505 0.0000
vt 0.9997 0.2598 0.0000
vt 0.9998 0.2598 0.0000
vt 0.9996 0.2598 0.0000
vt 0.9996 0.2570 0.0000
vt 0.9996 0.2538 0.0000
vt 0.9996 0.2505 0.0000
vt 0.9996 0.3717 0.0000
vt 0.9996 0.3748 0.0000
vt 0.9996 0.3782 0.0000
vt 0.9996 0.3689 0.0000
vt 0.9997 0.3689 0.0000
vt 0.9997 0.3717 0.0000
vt 0.9997 0.3748 0.0000
vt 0.9997 0.3782 0.0000
vt 0.9996 0.0663 0.0000
vt 0.9996 0.0659 0.0000
vt 0.9997 0.0659 0.0000
vt 0.9997 0.0663 0.0000
vt 0.9996 0.0657 0.0000
vt 0.9997 0.0657 0.0000
vt 0.9996 0.0670 0.0000
vt 0.9996 0.0684 0.0000
vt 0.9997 0.0670 0.0000
vt 0.9997 0.0684 0.0000
vt 0.9995 0.0670 0.0000
vt 0.9995 0.0663 0.0000
vt 0.9995 0.0684 0.0000
vt 0.9995 0.0659 0.0000
vt 0.0712 0.0152 0.0000
vt 0.0712 0.0542 0.0000
vt 0.0704 0.0542 0.0000
vt 0.0704 0.0152 0.0000
vt 0.0701 0.0542 0.0000
vt 0.0701 0.0152 0.0000
vt 0.0712 0.1310 0.0000
vt 0.0704 0.1310 0.0000
vt 0.0701 0.1310 0.0000
vt 0.0704 0.0013 0.0000
vt 0.0712 0.0013 0.0000
vt 0.0704 0.0000 0.0000
vt 0.0712 0.0000 0.0000
vt 0.0701 0.0013 0.0000
vt 0.0728 0.0013 0.0000
vt 0.0728 0.0152 0.0000
vt 0.0756 0.0013 0.0000
vt 0.0756 0.0152 0.0000
vt 0.0728 0.0000 0.0000
vt 0.0756 0.0000 0.0000
vt 0.0728 0.0542 0.0000
vt 0.0728 0.1310 0.0000
vt 0.0756 0.0542 0.0000
vt 0.0756 0.1310 0.0000
vt 0.8532 0.5382 0.0000
vt 0.8532 0.5121 0.0000
vt 0.8539 0.5121 0.0000
vt 0.8539 0.5382 0.0000
vt 0.8543 0.5121 0.0000
vt 0.8543 0.5382 0.0000
vt 0.8532 0.4609 0.0000
vt 0.8539 0.4609 0.0000
vt 0.8543 0.4609 0.0000
vt 0.8539 0.5475 0.0000
vt 0.8532 0.5475 0.0000
vt 0.8539 0.5483 0.0000
vt 0.8532 0.5483 0.0000
vt 0.8543 0.5475 0.0000
vt 0.8543 0.5483 0.0000
vt 0.8516 0.5475 0.0000
vt 0.8516 0.5382 0.0000
vt 0.8488 0.5475 0.0000
vt 0.8488 0.5382 0.0000
vt 0.8516 0.5483 0.0000
vt 0.8488 0.5483 0.0000
vt 0.8516 0.5121 0.0000
vt 0.8516 0.4609 0.0000
vt 0.8488 0.5121 0.0000
vt 0.8488 0.4609 0.0000
vt 0.7684 0.0096 0.0000
vt 0.7684 0.0355 0.0000
vt 0.7619 0.0355 0.0000
vt 0.7619 0.0096 0.0000
vt 0.7549 0.0355 0.0000
vt 0.7549 0.0096 0.0000
vt 0.7684 0.0867 0.0000
vt 0.7619 0.0867 0.0000
vt 0.7549 0.0867 0.0000
vt 0.7619 0.0007 0.0000
vt 0.7684 0.0007 0.0000
vt 0.7549 0.0007 0.0000
vt 0.7742 0.0007 0.0000
vt 0.7742 0.0096 0.0000
vt 0.7742 0.0355 0.0000
vt 0.7742 0.0867 0.0000
vt 0.9985 0.4719 0.0000
vt 0.9985 0.4721 0.0000
vt 0.9983 0.4721 0.0000
vt 0.9983 0.4719 0.0000
vt 0.9980 0.4721 0.0000
vt 0.9980 0.4719 0.0000
vt 0.9985 0.4723 0.0000
vt 0.9983 0.4723 0.0000
vt 0.9983 0.4717 0.0000
vt 0.9985 0.4717 0.0000
vt 0.9983 0.4715 0.0000
vt 0.9985 0.4715 0.0000
vt 0.9980 0.4717 0.0000
vt 0.9980 0.4714 0.0000
vt 0.9988 0.4717 0.0000
vt 0.9988 0.4719 0.0000
vt 0.9991 0.4717 0.0000
vt 0.9991 0.4719 0.0000
vt 0.9988 0.4715 0.0000
vt 0.9991 0.4715 0.0000
vt 0.9988 0.4721 0.0000
vt 0.9988 0.4723 0.0000
vt 0.9991 0.4721 0.0000
vt 0.9991 0.4723 0.0000
vt 0.9988 0.0876 0.0000
vt 0.9988 0.0826 0.0000
vt 0.9990 0.0826 0.0000
vt 0.9990 0.0876 0.0000
vt 0.9993 0.0826 0.0000
vt 0.9993 0.0876 0.0000
vt 0.9988 0.0781 0.0000
vt 0.9990 0.0781 0.0000
vt 0.9993 0.0781 0.0000
vt 0.9990 0.0930 0.0000
vt 0.9988 0.0930 0.0000
vt 0.9990 0.0986 0.0000
vt 0.9988 0.0986 0.0000
vt 0.9993 0.0930 0.0000
vt 0.9993 0.0986 0.0000
vt 0.9985 0.0930 0.0000
vt 0.9985 0.0876 0.0000
vt 0.9984 0.0930 0.0000
vt 0.9984 0.0876 0.0000
vt 0.9985 0.0986 0.0000
vt 0.9984 0.0986 0.0000
vt 0.9985 0.0826 0.0000
vt 0.9985 0.0781 0.0000
vt 0.9984 0.0826 0.0000
vt 0.9984 0.0781 0.0000
vt 0.9986 0.0110 0.0000
vt 0.9986 0.0160 0.0000
vt 0.9983 0.0160 0.0000
vt 0.9983 0.0110 0.0000
vt 0.9980 0.0160 0.0000
vt 0.9980 0.0110 0.0000
vt 0.9986 0.0205 0.0000
vt 0.9983 0.0204 0.0000
vt 0.9980 0.0204 0.0000
vt 0.9983 0.0056 0.0000
vt 0.9986 0.0056 0.0000
vt 0.9983 0.0000 0.0000
vt 0.9986 0.0000 0.0000
vt 0.9980 0.0056 0.0000
vt 0.9980 0.0000 0.0000
vt 0.9988 0.0056 0.0000
vt 0.9988 0.0110 0.0000
vt 0.9990 0.0056 0.0000
vt 0.9990 0.0110 0.0000
vt 0.9988 0.0000 0.0000
vt 0.9990 0.0000 0.0000
vt 0.9988 0.0160 0.0000
vt 0.9988 0.0205 0.0000
vt 0.9990 0.0160 0.0000
vt 0.9990 0.0205 0.0000
vt 0.9987 0.4701 0.0000
vt 0.9987 0.4699 0.0000
vt 0.9989 0.4699 0.0000
vt 0.9989 0.4701 0.0000
vt 0.9992 0.4699 0.0000
vt 0.9992 0.4701 0.0000
vt 0.9987 0.4697 0.0000
vt 0.9989 0.4697 0.0000
vt 0.9992 0.4697 0.0000
vt 0.9989 0.4703 0.0000
vt 0.9987 0.4703 0.0000
vt 0.9989 0.4706 0.0000
vt 0.9987 0.4706 0.0000
vt 0.9992 0.4703 0.0000
vt 0.9992 0.4706 0.0000
vt 0.9985 0.4703 0.0000
vt 0.9985 0.4701 0.0000
vt 0.9983 0.4703 0.0000
vt 0.9983 0.4701 0.0000
vt 0.9985 0.4706 0.0000
vt 0.9983 0.4705 0.0000
vt 0.9985 0.4699 0.0000
vt 0.9985 0.4697 0.0000
vt 0.9983 0.4699 0.0000
vt 0.9983 0.4697 0.0000
vt 0.9989 0.0548 0.0000
vt 0.9989 0.0497 0.0000
vt 0.9992 0.0497 0.0000
vt 0.9992 0.0548 0.0000
vt 0.9995 0.0497 0.0000
vt 0.9995 0.0548 0.0000
vt 0.9989 0.0453 0.0000
vt 0.9992 0.0453 0.0000
vt 0.9995 0.0453 0.0000
vt 0.9992 0.0601 0.0000
vt 0.9989 0.0602 0.0000
vt 0.9992 0.0657 0.0000
vt 0.9989 0.0657 0.0000
vt 0.9995 0.0601 0.0000
vt 0.9987 0.0602 0.0000
vt 0.9987 0.0548 0.0000
vt 0.9985 0.0602 0.0000
vt 0.9985 0.0548 0.0000
vt 0.9987 0.0657 0.0000
vt 0.9985 0.0657 0.0000
vt 0.9987 0.0497 0.0000
vt 0.9987 0.0453 0.0000
vt 0.9985 0.0497 0.0000
vt 0.9985 0.0453 0.0000
vt 0.9987 0.4692 0.0000
vt 0.9987 0.4690 0.0000
vt 0.9989 0.4690 0.0000
vt 0.9989 0.4692 0.0000
vt 0.9992 0.4690 0.0000
vt 0.9992 0.4692 0.0000
vt 0.9989 0.4695 0.0000
vt 0.9987 0.4695 0.0000
vt 0.9992 0.4695 0.0000
vt 0.9985 0.4695 0.0000
vt 0.9985 0.4692 0.0000
vt 0.9983 0.4695 0.0000
vt 0.9983 0.4692 0.0000
vt 0.9985 0.4690 0.0000
vt 0.9983 0.4690 0.0000
vt 0.9985 0.4710 0.0000
vt 0.9985 0.4708 0.0000
vt 0.9988 0.4708 0.0000
vt 0.9988 0.4710 0.0000
vt 0.9991 0.4708 0.0000
vt 0.9991 0.4710 0.0000
vt 0.9988 0.4706 0.0000
vt 0.9991 0.4706 0.0000
vt 0.9988 0.4712 0.0000
vt 0.9985 0.4712 0.0000
vt 0.9988 0.4714 0.0000
vt 0.9985 0.4714 0.0000
vt 0.9991 0.4712 0.0000
vt 0.9991 0.4714 0.0000
vt 0.9983 0.4712 0.0000
vt 0.9983 0.4710 0.0000
vt 0.9980 0.4712 0.0000
vt 0.9980 0.4710 0.0000
vt 0.9983 0.4714 0.0000
vt 0.9983 0.4708 0.0000
vt 0.9983 0.4706 0.0000
vt 0.9980 0.4708 0.0000
vt 0.9980 0.4706 0.0000
vt 0.9985 0.1096 0.0000
vt 0.9985 0.1146 0.0000
vt 0.9983 0.1146 0.0000
vt 0.9983 0.1096 0.0000
vt 0.9980 0.1146 0.0000
vt 0.9980 0.1096 0.0000
vt 0.9985 0.1190 0.0000
vt 0.9983 0.1190 0.0000
vt 0.9980 0.1190 0.0000
vt 0.9983 0.1042 0.0000
vt 0.9985 0.1042 0.0000
vt 0.9983 0.0986 0.0000
vt 0.9980 0.1042 0.0000
vt 0.9980 0.0986 0.0000
vt 0.9987 0.1042 0.0000
vt 0.9987 0.1095 0.0000
vt 0.9989 0.1042 0.0000
vt 0.9989 0.1095 0.0000
vt 0.9987 0.0986 0.0000
vt 0.9989 0.0986 0.0000
vt 0.9987 0.1146 0.0000
vt 0.9987 0.1190 0.0000
vt 0.9989 0.1146 0.0000
vt 0.9989 0.1190 0.0000
vt 0.9935 0.7726 0.0000
vt 0.9940 0.7726 0.0000
vt 0.9940 0.7727 0.0000
vt 0.9935 0.7727 0.0000
vt 0.9944 0.7726 0.0000
vt 0.9944 0.7727 0.0000
vt 0.9931 0.7727 0.0000
vt 0.9931 0.7726 0.0000
vt 0.9926 0.7727 0.0000
vt 0.9926 0.7726 0.0000
vt 0.9981 0.0876 0.0000
vt 0.9981 0.0826 0.0000
vt 0.9982 0.0826 0.0000
vt 0.9982 0.0876 0.0000
vt 0.9981 0.0781 0.0000
vt 0.9982 0.0781 0.0000
vt 0.9982 0.0930 0.0000
vt 0.9981 0.0930 0.0000
vt 0.9982 0.0986 0.0000
vt 0.9981 0.0986 0.0000
vt 0.9980 0.0930 0.0000
vt 0.9980 0.0876 0.0000
vt 0.9980 0.0826 0.0000
vt 0.9980 0.0781 0.0000
vt 0.9993 0.0110 0.0000
vt 0.9993 0.0160 0.0000
vt 0.9992 0.0160 0.0000
vt 0.9992 0.0110 0.0000
vt 0.9993 0.0205 0.0000
vt 0.9992 0.0205 0.0000
vt 0.9992 0.0056 0.0000
vt 0.9993 0.0056 0.0000
vt 0.9992 0.0000 0.0000
vt 0.9993 0.0000 0.0000
vt 0.9994 0.0056 0.0000
vt 0.9994 0.0110 0.0000
vt 0.9995 0.0056 0.0000
vt 0.9995 0.0110 0.0000
vt 0.9994 0.0000 0.0000
vt 0.9995 0.0000 0.0000
vt 0.9994 0.0160 0.0000
vt 0.9994 0.0205 0.0000
vt 0.9995 0.0160 0.0000
vt 0.9995 0.0205 0.0000
vt 0.9981 0.4701 0.0000
vt 0.9981 0.4699 0.0000
vt 0.9982 0.4699 0.0000
vt 0.9982 0.4701 0.0000
vt 0.9981 0.4697 0.0000
vt 0.9982 0.4697 0.0000
vt 0.9982 0.4703 0.0000
vt 0.9981 0.4703 0.0000
vt 0.9982 0.4705 0.0000
vt 0.9981 0.4705 0.0000
vt 0.9980 0.4703 0.0000
vt 0.9980 0.4701 0.0000
vt 0.9980 0.4705 0.0000
vt 0.9980 0.4699 0.0000
vt 0.9980 0.4697 0.0000
vt 0.9982 0.0548 0.0000
vt 0.9982 0.0497 0.0000
vt 0.9983 0.0497 0.0000
vt 0.9983 0.0548 0.0000
vt 0.9982 0.0453 0.0000
vt 0.9983 0.0453 0.0000
vt 0.9983 0.0602 0.0000
vt 0.9982 0.0602 0.0000
vt 0.9983 0.0657 0.0000
vt 0.9982 0.0657 0.0000
vt 0.9981 0.0602 0.0000
vt 0.9981 0.0548 0.0000
vt 0.9980 0.0602 0.0000
vt 0.9980 0.0548 0.0000
vt 0.9981 0.0657 0.0000
vt 0.9980 0.0657 0.0000
vt 0.9981 0.0497 0.0000
vt 0.9981 0.0453 0.0000
vt 0.9980 0.0497 0.0000
vt 0.9980 0.0453 0.0000
vt 0.9981 0.4692 0.0000
vt 0.9981 0.4690 0.0000
vt 0.9982 0.4690 0.0000
vt 0.9982 0.4692 0.0000
vt 0.9981 0.4688 0.0000
vt 0.9982 0.4688 0.0000
vt 0.9982 0.4694 0.0000
vt 0.9981 0.4694 0.0000
vt 0.9980 0.4695 0.0000
vt 0.9980 0.4692 0.0000
vt 0.9980 0.4690 0.0000
vt 0.9917 0.7726 0.0000
vt 0.9922 0.7726 0.0000
vt 0.9922 0.7727 0.0000
vt 0.9917 0.7727 0.0000
vt 0.9913 0.7727 0.0000
vt 0.9913 0.7726 0.0000
vt 0.9908 0.7727 0.0000
vt 0.9908 0.7726 0.0000
vt 0.9991 0.1095 0.0000
vt 0.9991 0.1146 0.0000
vt 0.9990 0.1146 0.0000
vt 0.9990 0.1095 0.0000
vt 0.9991 0.1190 0.0000
vt 0.9990 0.1190 0.0000
vt 0.9990 0.1042 0.0000
vt 0.9991 0.1042 0.0000
vt 0.9991 0.0986 0.0000
vt 0.9992 0.1042 0.0000
vt 0.9992 0.1095 0.0000
vt 0.9993 0.1042 0.0000
vt 0.9993 0.1095 0.0000
vt 0.9992 0.0986 0.0000
vt 0.9992 0.1146 0.0000
vt 0.9992 0.1190 0.0000
vt 0.9993 0.1146 0.0000
vt 0.9993 0.1190 0.0000
vt 0.9935 0.7724 0.0000
vt 0.9940 0.7724 0.0000
vt 0.9940 0.7725 0.0000
vt 0.9935 0.7725 0.0000
vt 0.9944 0.7724 0.0000
vt 0.9944 0.7725 0.0000
vt 0.9931 0.7725 0.0000
vt 0.9931 0.7724 0.0000
vt 0.9926 0.7725 0.0000
vt 0.9926 0.7724 0.0000
vt 0.9931 0.7722 0.0000
vt 0.9935 0.7722 0.0000
vt 0.9931 0.7717 0.0000
vt 0.9935 0.7717 0.0000
vt 0.9926 0.7722 0.0000
vt 0.9926 0.7717 0.0000
vt 0.9940 0.7722 0.0000
vt 0.9944 0.7722 0.0000
vt 0.9940 0.7717 0.0000
vt 0.9944 0.7717 0.0000
vt 0.9995 0.2419 0.0000
vt 0.9995 0.2469 0.0000
vt 0.9994 0.2469 0.0000
vt 0.9994 0.2419 0.0000
vt 0.9995 0.2514 0.0000
vt 0.9994 0.2514 0.0000
vt 0.9994 0.2365 0.0000
vt 0.9995 0.2365 0.0000
vt 0.9995 0.2309 0.0000
vt 0.9996 0.2365 0.0000
vt 0.9996 0.2419 0.0000
vt 0.9996 0.2309 0.0000
vt 0.9996 0.2469 0.0000
vt 0.9996 0.2514 0.0000
vt 0.9995 0.1753 0.0000
vt 0.9995 0.1803 0.0000
vt 0.9994 0.1803 0.0000
vt 0.9994 0.1753 0.0000
vt 0.9995 0.1848 0.0000
vt 0.9994 0.1848 0.0000
vt 0.9995 0.1699 0.0000
vt 0.9995 0.1643 0.0000
vt 0.9994 0.1699 0.0000
vt 0.9994 0.1643 0.0000
vt 0.9996 0.1699 0.0000
vt 0.9996 0.1753 0.0000
vt 0.9996 0.1643 0.0000
vt 0.9996 0.1803 0.0000
vt 0.9996 0.1848 0.0000
vt 0.9953 0.5158 0.0000
vt 0.9958 0.5158 0.0000
vt 0.9958 0.5159 0.0000
vt 0.9953 0.5159 0.0000
vt 0.9962 0.5158 0.0000
vt 0.9962 0.5159 0.0000
vt 0.9949 0.5158 0.0000
vt 0.9944 0.5158 0.0000
vt 0.9949 0.5159 0.0000
vt 0.9944 0.5159 0.0000
vt 0.9949 0.5156 0.0000
vt 0.9953 0.5156 0.0000
vt 0.9949 0.5152 0.0000
vt 0.9953 0.5152 0.0000
vt 0.9944 0.5156 0.0000
vt 0.9944 0.5152 0.0000
vt 0.9958 0.5156 0.0000
vt 0.9962 0.5156 0.0000
vt 0.9958 0.5152 0.0000
vt 0.9995 0.1534 0.0000
vt 0.9995 0.1483 0.0000
vt 0.9996 0.1483 0.0000
vt 0.9996 0.1534 0.0000
vt 0.9995 0.1439 0.0000
vt 0.9996 0.1439 0.0000
vt 0.9996 0.1587 0.0000
vt 0.9995 0.1587 0.0000
vt 0.9994 0.1587 0.0000
vt 0.9994 0.1534 0.0000
vt 0.9994 0.1483 0.0000
vt 0.9994 0.1439 0.0000
vt 0.9971 0.5158 0.0000
vt 0.9976 0.5158 0.0000
vt 0.9976 0.5159 0.0000
vt 0.9971 0.5159 0.0000
vt 0.9980 0.5158 0.0000
vt 0.9980 0.5159 0.0000
vt 0.9967 0.5158 0.0000
vt 0.9967 0.5159 0.0000
vt 0.9967 0.5157 0.0000
vt 0.9971 0.5157 0.0000
vt 0.9962 0.5157 0.0000
vt 0.9976 0.5157 0.0000
vt 0.9980 0.5157 0.0000
vt 0.9917 0.7724 0.0000
vt 0.9922 0.7724 0.0000
vt 0.9922 0.7725 0.0000
vt 0.9917 0.7725 0.0000
vt 0.9913 0.7725 0.0000
vt 0.9913 0.7724 0.0000
vt 0.9908 0.7725 0.0000
vt 0.9908 0.7724 0.0000
vt 0.9913 0.7722 0.0000
vt 0.9917 0.7722 0.0000
vt 0.9913 0.7718 0.0000
vt 0.9917 0.7718 0.0000
vt 0.9908 0.7722 0.0000
vt 0.9908 0.7718 0.0000
vt 0.9922 0.7722 0.0000
vt 0.9922 0.7718 0.0000
vt 0.9926 0.7718 0.0000
vt 0.9995 0.2191 0.0000
vt 0.9995 0.2141 0.0000
vt 0.9996 0.2141 0.0000
vt 0.9996 0.2191 0.0000
vt 0.9995 0.2096 0.0000
vt 0.9995 0.2245 0.0000
vt 0.9995 0.2300 0.0000
vt 0.9996 0.2245 0.0000
vt 0.9996 0.2300 0.0000
vt 0.9994 0.2245 0.0000
vt 0.9994 0.2191 0.0000
vt 0.9994 0.2300 0.0000
vt 0.9994 0.2141 0.0000
vt 0.9994 0.2096 0.0000
vt 0.9981 0.4771 0.0000
vt 0.9981 0.4769 0.0000
vt 0.9982 0.4769 0.0000
vt 0.9982 0.4771 0.0000
vt 0.9981 0.4766 0.0000
vt 0.9982 0.4766 0.0000
vt 0.9981 0.4773 0.0000
vt 0.9982 0.4773 0.0000
vt 0.9980 0.4773 0.0000
vt 0.9980 0.4771 0.0000
vt 0.9980 0.4769 0.0000
vt 0.9980 0.4766 0.0000
vt 0.9998 0.0109 0.0000
vt 0.9998 0.0160 0.0000
vt 0.9997 0.0160 0.0000
vt 0.9997 0.0109 0.0000
vt 0.9998 0.0204 0.0000
vt 0.9997 0.0204 0.0000
vt 0.9997 0.0056 0.0000
vt 0.9998 0.0056 0.0000
vt 0.9997 0.0000 0.0000
vt 0.9998 0.0000 0.0000
vt 0.9997 0.3093 0.0000
vt 0.9997 0.3143 0.0000
vt 0.9996 0.3143 0.0000
vt 0.9996 0.3093 0.0000
vt 0.9997 0.3188 0.0000
vt 0.9996 0.3188 0.0000
vt 0.9996 0.3039 0.0000
vt 0.9997 0.3039 0.0000
vt 0.9997 0.2984 0.0000
vt 0.9998 0.3039 0.0000
vt 0.9998 0.3093 0.0000
vt 0.9998 0.2984 0.0000
vt 0.9998 0.3143 0.0000
vt 0.9998 0.3188 0.0000
vt 0.9981 0.4762 0.0000
vt 0.9981 0.4760 0.0000
vt 0.9982 0.4760 0.0000
vt 0.9982 0.4762 0.0000
vt 0.9981 0.4764 0.0000
vt 0.9982 0.4764 0.0000
vt 0.9980 0.4764 0.0000
vt 0.9980 0.4762 0.0000
vt 0.9980 0.4760 0.0000
vt 0.9917 0.0131 0.0000
vt 0.9922 0.0131 0.0000
vt 0.9922 0.0495 0.0000
vt 0.9917 0.0495 0.0000
vt 0.9922 0.1217 0.0000
vt 0.9917 0.1217 0.0000
vt 0.9926 0.0131 0.0000
vt 0.9926 0.0495 0.0000
vt 0.9926 0.1217 0.0000
vt 0.9913 0.0495 0.0000
vt 0.9913 0.0131 0.0000
vt 0.9908 0.0495 0.0000
vt 0.9908 0.0131 0.0000
vt 0.9913 0.1217 0.0000
vt 0.9908 0.1217 0.0000
vt 0.9913 0.0006 0.0000
vt 0.9917 0.0006 0.0000
vt 0.9913 0.0000 0.0000
vt 0.9917 0.0000 0.0000
vt 0.9908 0.0006 0.0000
vt 0.9908 0.0000 0.0000
vt 0.9922 0.0006 0.0000
vt 0.9926 0.0006 0.0000
vt 0.9922 0.0000 0.0000
vt 0.9926 0.0000 0.0000
vt 0.9953 0.0095 0.0000
vt 0.9958 0.0095 0.0000
vt 0.9958 0.0340 0.0000
vt 0.9953 0.0340 0.0000
vt 0.9958 0.0823 0.0000
vt 0.9953 0.0823 0.0000
vt 0.9962 0.0095 0.0000
vt 0.9962 0.0340 0.0000
vt 0.9962 0.0823 0.0000
vt 0.9949 0.0340 0.0000
vt 0.9949 0.0095 0.0000
vt 0.9944 0.0340 0.0000
vt 0.9944 0.0095 0.0000
vt 0.9949 0.0823 0.0000
vt 0.9944 0.0823 0.0000
vt 0.9949 0.0008 0.0000
vt 0.9953 0.0008 0.0000
vt 0.9949 0.0000 0.0000
vt 0.9953 0.0000 0.0000
vt 0.9944 0.0008 0.0000
vt 0.9944 0.0000 0.0000
vt 0.9958 0.0008 0.0000
vt 0.9962 0.0008 0.0000
vt 0.9958 0.0000 0.0000
vt 0.9962 0.0000 0.0000
vt 0.9680 0.5068 0.0000
vt 0.9576 0.5068 0.0000
vt 0.9576 0.4825 0.0000
vt 0.9680 0.4825 0.0000
vt 0.9576 0.4342 0.0000
vt 0.9680 0.4342 0.0000
vt 0.9483 0.5068 0.0000
vt 0.9483 0.4825 0.0000
vt 0.9483 0.4342 0.0000
vt 0.9792 0.4825 0.0000
vt 0.9792 0.5068 0.0000
vt 0.9908 0.4825 0.0000
vt 0.9908 0.5068 0.0000
vt 0.9792 0.4342 0.0000
vt 0.9908 0.4342 0.0000
vt 0.9792 0.5152 0.0000
vt 0.9680 0.5152 0.0000
vt 0.9792 0.5155 0.0000
vt 0.9680 0.5155 0.0000
vt 0.9908 0.5152 0.0000
vt 0.9908 0.5155 0.0000
vt 0.9576 0.5152 0.0000
vt 0.9483 0.5152 0.0000
vt 0.9576 0.5155 0.0000
vt 0.9935 0.0143 0.0000
vt 0.9940 0.0143 0.0000
vt 0.9940 0.0510 0.0000
vt 0.9935 0.0510 0.0000
vt 0.9940 0.1233 0.0000
vt 0.9935 0.1233 0.0000
vt 0.9944 0.0143 0.0000
vt 0.9944 0.0510 0.0000
vt 0.9944 0.1233 0.0000
vt 0.9931 0.0510 0.0000
vt 0.9931 0.0143 0.0000
vt 0.9926 0.0510 0.0000
vt 0.9926 0.0143 0.0000
vt 0.9931 0.1233 0.0000
vt 0.9926 0.1233 0.0000
vt 0.9931 0.0012 0.0000
vt 0.9935 0.0012 0.0000
vt 0.9931 0.0000 0.0000
vt 0.9935 0.0000 0.0000
vt 0.9926 0.0012 0.0000
vt 0.9940 0.0012 0.0000
vt 0.9944 0.0012 0.0000
vt 0.9940 0.0000 0.0000
vt 0.7207 0.0096 0.0000
vt 0.7207 0.0355 0.0000
vt 0.7173 0.0355 0.0000
vt 0.7173 0.0096 0.0000
vt 0.7141 0.0355 0.0000
vt 0.7141 0.0096 0.0000
vt 0.7207 0.0867 0.0000
vt 0.7173 0.0867 0.0000
vt 0.7141 0.0867 0.0000
vt 0.7173 0.0007 0.0000
vt 0.7207 0.0007 0.0000
vt 0.7173 0.0004 0.0000
vt 0.7207 0.0004 0.0000
vt 0.7141 0.0007 0.0000
vt 0.7141 0.0004 0.0000
vt 0.7246 0.0007 0.0000
vt 0.7246 0.0096 0.0000
vt 0.7292 0.0007 0.0000
vt 0.7292 0.0096 0.0000
vt 0.7246 0.0004 0.0000
vt 0.7292 0.0004 0.0000
vt 0.7246 0.0355 0.0000
vt 0.7246 0.0867 0.0000
vt 0.7292 0.0355 0.0000
vt 0.7292 0.0867 0.0000
vt 0.9996 0.3962 0.0000
vt 0.9996 0.3927 0.0000
vt 0.9997 0.3927 0.0000
vt 0.9997 0.3946 0.0000
vt 0.9997 0.3905 0.0000
vt 0.9997 0.3962 0.0000
vt 0.9997 0.3978 0.0000
vt 0.9997 0.2341 0.0000
vt 0.9997 0.2324 0.0000
vt 0.9998 0.2324 0.0000
vt 0.9998 0.2341 0.0000
vt 0.9997 0.2309 0.0000
vt 0.9998 0.2309 0.0000
vt 0.9997 0.2360 0.0000
vt 0.9997 0.2382 0.0000
vt 0.9998 0.2360 0.0000
vt 0.9998 0.2382 0.0000
vt 0.9996 0.2360 0.0000
vt 0.9996 0.2341 0.0000
vt 0.9996 0.2382 0.0000
vt 0.9996 0.2324 0.0000
vt 0.0635 0.8210 0.0000
vt 0.0669 0.8210 0.0000
vt 0.0669 0.8211 0.0000
vt 0.0635 0.8211 0.0000
vt 0.0596 0.8211 0.0000
vt 0.0596 0.8210 0.0000
vt 0.0550 0.8211 0.0000
vt 0.0550 0.8210 0.0000
vt 0.0596 0.8208 0.0000
vt 0.0635 0.8208 0.0000
vt 0.0596 0.8204 0.0000
vt 0.0635 0.8204 0.0000
vt 0.0550 0.8208 0.0000
vt 0.0550 0.8204 0.0000
vt 0.0669 0.8208 0.0000
vt 0.0701 0.8208 0.0000
vt 0.0669 0.8204 0.0000
vt 0.0701 0.8204 0.0000
vt 0.7207 0.0001 0.0000
vt 0.7173 0.0001 0.0000
vt 0.7173 0.0000 0.0000
vt 0.7207 0.0000 0.0000
vt 0.7141 0.0001 0.0000
vt 0.7141 0.0000 0.0000
vt 0.7246 0.0000 0.0000
vt 0.7246 0.0001 0.0000
vt 0.7292 0.0000 0.0000
vt 0.7292 0.0001 0.0000
vt 0.7246 0.0002 0.0000
vt 0.7207 0.0002 0.0000
vt 0.7292 0.0002 0.0000
vt 0.7173 0.0002 0.0000
vt 0.7141 0.0002 0.0000
vt 0.7908 0.0001 0.0000
vt 0.7874 0.0001 0.0000
vt 0.7874 0.0000 0.0000
vt 0.7908 0.0000 0.0000
vt 0.7947 0.0000 0.0000
vt 0.7947 0.0001 0.0000
vt 0.7993 0.0000 0.0000
vt 0.7993 0.0001 0.0000
vt 0.7947 0.0003 0.0000
vt 0.7908 0.0003 0.0000
vt 0.7947 0.0007 0.0000
vt 0.7908 0.0007 0.0000
vt 0.7993 0.0003 0.0000
vt 0.7993 0.0007 0.0000
vt 0.7874 0.0003 0.0000
vt 0.7842 0.0003 0.0000
vt 0.7874 0.0007 0.0000
vt 0.1336 0.8210 0.0000
vt 0.1370 0.8210 0.0000
vt 0.1370 0.8211 0.0000
vt 0.1336 0.8211 0.0000
vt 0.1402 0.8210 0.0000
vt 0.1402 0.8211 0.0000
vt 0.1297 0.8211 0.0000
vt 0.1297 0.8210 0.0000
vt 0.1250 0.8211 0.0000
vt 0.1250 0.8210 0.0000
vt 0.1297 0.8207 0.0000
vt 0.1336 0.8207 0.0000
vt 0.1297 0.8202 0.0000
vt 0.1336 0.8202 0.0000
vt 0.1250 0.8207 0.0000
vt 0.1250 0.8202 0.0000
vt 0.1370 0.8207 0.0000
vt 0.1402 0.8207 0.0000
vt 0.1370 0.8202 0.0000
vt 0.1402 0.8202 0.0000
vt 0.0635 0.8212 0.0000
vt 0.0669 0.8212 0.0000
vt 0.0669 0.8213 0.0000
vt 0.0635 0.8213 0.0000
vt 0.0596 0.8212 0.0000
vt 0.0550 0.8212 0.0000
vt 0.0596 0.8213 0.0000
vt 0.0550 0.8213 0.0000
vt 0.9996 0.0032 0.0000
vt 0.9996 0.0015 0.0000
vt 0.9997 0.0015 0.0000
vt 0.9997 0.0032 0.0000
vt 0.9996 0.0000 0.0000
vt 0.9996 0.0051 0.0000
vt 0.9996 0.0073 0.0000
vt 0.9997 0.0051 0.0000
vt 0.9997 0.0073 0.0000
vt 0.9995 0.0051 0.0000
vt 0.9995 0.0032 0.0000
vt 0.9995 0.0073 0.0000
vt 0.9995 0.0015 0.0000
vt 0.9995 0.2678 0.0000
vt 0.9995 0.2662 0.0000
vt 0.9996 0.2662 0.0000
vt 0.9996 0.2678 0.0000
vt 0.9995 0.2646 0.0000
vt 0.9996 0.2697 0.0000
vt 0.9995 0.2697 0.0000
vt 0.9996 0.2719 0.0000
vt 0.9995 0.2719 0.0000
vt 0.9994 0.2697 0.0000
vt 0.9994 0.2678 0.0000
vt 0.9994 0.2719 0.0000
vt 0.9994 0.2662 0.0000
vt 0.1336 0.8212 0.0000
vt 0.1370 0.8212 0.0000
vt 0.1370 0.8213 0.0000
vt 0.1336 0.8213 0.0000
vt 0.1402 0.8212 0.0000
vt 0.1402 0.8213 0.0000
vt 0.1297 0.8212 0.0000
vt 0.1250 0.8212 0.0000
vt 0.1297 0.8213 0.0000
vt 0.1250 0.8213 0.0000
vt 0.9985 0.4621 0.0000
vt 0.9985 0.4637 0.0000
vt 0.9983 0.4637 0.0000
vt 0.9983 0.4621 0.0000
vt 0.9980 0.4637 0.0000
vt 0.9980 0.4621 0.0000
vt 0.9985 0.4653 0.0000
vt 0.9983 0.4602 0.0000
vt 0.9985 0.4602 0.0000
vt 0.9983 0.4580 0.0000
vt 0.9985 0.4580 0.0000
vt 0.9980 0.4602 0.0000
vt 0.9980 0.4580 0.0000
vt 0.9988 0.4602 0.0000
vt 0.9988 0.4621 0.0000
vt 0.9990 0.4602 0.0000
vt 0.9990 0.4621 0.0000
vt 0.9988 0.4580 0.0000
vt 0.9990 0.4580 0.0000
vt 0.9988 0.4637 0.0000
vt 0.9990 0.4637 0.0000
vt 0.9986 0.2615 0.0000
vt 0.9986 0.2631 0.0000
vt 0.9983 0.2631 0.0000
vt 0.9983 0.2614 0.0000
vt 0.9980 0.2631 0.0000
vt 0.9980 0.2614 0.0000
vt 0.9986 0.2646 0.0000
vt 0.9983 0.2596 0.0000
vt 0.9986 0.2596 0.0000
vt 0.9983 0.2574 0.0000
vt 0.9986 0.2574 0.0000
vt 0.9980 0.2596 0.0000
vt 0.9980 0.2574 0.0000
vt 0.9989 0.2596 0.0000
vt 0.9989 0.2615 0.0000
vt 0.9989 0.2574 0.0000
vt 0.9989 0.2631 0.0000
vt 0.9989 0.2646 0.0000
vt 0.9986 0.2277 0.0000
vt 0.9986 0.2294 0.0000
vt 0.9983 0.2294 0.0000
vt 0.9983 0.2277 0.0000
vt 0.9980 0.2294 0.0000
vt 0.9980 0.2277 0.0000
vt 0.9983 0.2258 0.0000
vt 0.9986 0.2258 0.0000
vt 0.9983 0.2236 0.0000
vt 0.9986 0.2236 0.0000
vt 0.9980 0.2258 0.0000
vt 0.9980 0.2236 0.0000
vt 0.9989 0.2259 0.0000
vt 0.9989 0.2277 0.0000
vt 0.9989 0.2236 0.0000
vt 0.9989 0.2294 0.0000
vt 0.9985 0.4010 0.0000
vt 0.9985 0.3994 0.0000
vt 0.9988 0.3994 0.0000
vt 0.9988 0.4010 0.0000
vt 0.9985 0.3978 0.0000
vt 0.9988 0.3978 0.0000
vt 0.9988 0.4029 0.0000
vt 0.9985 0.4029 0.0000
vt 0.9988 0.4051 0.0000
vt 0.9985 0.4051 0.0000
vt 0.9983 0.4029 0.0000
vt 0.9983 0.4010 0.0000
vt 0.9980 0.4029 0.0000
vt 0.9980 0.4010 0.0000
vt 0.9983 0.4051 0.0000
vt 0.9980 0.4051 0.0000
vt 0.9983 0.3994 0.0000
vt 0.9983 0.3978 0.0000
vt 0.9980 0.3993 0.0000
vt 0.9980 0.3978 0.0000
vt 0.9985 0.3113 0.0000
vt 0.9985 0.3146 0.0000
vt 0.9983 0.3146 0.0000
vt 0.9983 0.3113 0.0000
vt 0.9980 0.3146 0.0000
vt 0.9980 0.3113 0.0000
vt 0.9985 0.3180 0.0000
vt 0.9983 0.3180 0.0000
vt 0.9980 0.3180 0.0000
vt 0.9983 0.3083 0.0000
vt 0.9985 0.3083 0.0000
vt 0.9980 0.3083 0.0000
vt 0.9988 0.3083 0.0000
vt 0.9988 0.3113 0.0000
vt 0.9991 0.3083 0.0000
vt 0.9991 0.3113 0.0000
vt 0.9988 0.3146 0.0000
vt 0.9988 0.3180 0.0000
vt 0.9991 0.3146 0.0000
vt 0.9991 0.3180 0.0000
vt 0.9995 0.4108 0.0000
vt 0.9995 0.4140 0.0000
vt 0.9993 0.4140 0.0000
vt 0.9993 0.4108 0.0000
vt 0.9990 0.4140 0.0000
vt 0.9990 0.4108 0.0000
vt 0.9995 0.4174 0.0000
vt 0.9993 0.4174 0.0000
vt 0.9993 0.4078 0.0000
vt 0.9995 0.4078 0.0000
vt 0.9990 0.4078 0.0000
vt 0.9998 0.4078 0.0000
vt 0.9998 0.4108 0.0000
vt 1.0000 0.4078 0.0000
vt 1.0000 0.4108 0.0000
vt 0.9998 0.4140 0.0000
vt 0.9998 0.4174 0.0000
vt 1.0000 0.4140 0.0000
vt 1.0000 0.4174 0.0000
vt 0.9995 0.4445 0.0000
vt 0.9995 0.4478 0.0000
vt 0.9993 0.4478 0.0000
vt 0.9993 0.4445 0.0000
vt 0.9990 0.4478 0.0000
vt 0.9990 0.4445 0.0000
vt 0.9995 0.4511 0.0000
vt 0.9993 0.4511 0.0000
vt 0.9990 0.4511 0.0000
vt 0.9993 0.4415 0.0000
vt 0.9995 0.4415 0.0000
vt 0.9990 0.4415 0.0000
vt 0.9998 0.4415 0.0000
vt 0.9998 0.4445 0.0000
vt 1.0000 0.4415 0.0000
vt 1.0000 0.4445 0.0000
vt 0.9998 0.4478 0.0000
vt 0.9998 0.4511 0.0000
vt 1.0000 0.4478 0.0000
vt 1.0000 0.4511 0.0000
vt 0.9985 0.2854 0.0000
vt 0.9985 0.2821 0.0000
vt 0.9988 0.2821 0.0000
vt 0.9988 0.2854 0.0000
vt 0.9991 0.2821 0.0000
vt 0.9991 0.2854 0.0000
vt 0.9985 0.2788 0.0000
vt 0.9988 0.2788 0.0000
vt 0.9991 0.2788 0.0000
vt 0.9988 0.2884 0.0000
vt 0.9985 0.2884 0.0000
vt 0.9991 0.2884 0.0000
vt 0.9983 0.2884 0.0000
vt 0.9983 0.2854 0.0000
vt 0.9980 0.2884 0.0000
vt 0.9980 0.2854 0.0000
vt 0.9983 0.2821 0.0000
vt 0.9983 0.2788 0.0000
vt 0.9980 0.2821 0.0000
vt 0.9980 0.2788 0.0000
vt 0.9992 0.3848 0.0000
vt 0.9992 0.3816 0.0000
vt 0.9993 0.3816 0.0000
vt 0.9993 0.3848 0.0000
vt 0.9992 0.3782 0.0000
vt 0.9993 0.3782 0.0000
vt 0.9993 0.3879 0.0000
vt 0.9992 0.3879 0.0000
vt 0.9991 0.3879 0.0000
vt 0.9991 0.3848 0.0000
vt 0.9991 0.3816 0.0000
vt 0.9991 0.3782 0.0000
vt 0.9993 0.2854 0.0000
vt 0.9993 0.2821 0.0000
vt 0.9994 0.2821 0.0000
vt 0.9994 0.2854 0.0000
vt 0.9993 0.2788 0.0000
vt 0.9994 0.2788 0.0000
vt 0.9993 0.2884 0.0000
vt 0.9994 0.2884 0.0000
vt 0.9992 0.2884 0.0000
vt 0.9992 0.2854 0.0000
vt 0.9992 0.2821 0.0000
vt 0.9992 0.2788 0.0000
vt 0.9993 0.3191 0.0000
vt 0.9993 0.3159 0.0000
vt 0.9994 0.3159 0.0000
vt 0.9994 0.3191 0.0000
vt 0.9993 0.3125 0.0000
vt 0.9994 0.3125 0.0000
vt 0.9993 0.3221 0.0000
vt 0.9994 0.3221 0.0000
vt 0.9992 0.3221 0.0000
vt 0.9992 0.3191 0.0000
vt 0.9991 0.3221 0.0000
vt 0.9991 0.3191 0.0000
vt 0.9992 0.3159 0.0000
vt 0.9992 0.3125 0.0000
vt 0.9991 0.3159 0.0000
vt 0.9991 0.3125 0.0000
vt 0.9993 0.2179 0.0000
vt 0.9993 0.2147 0.0000
vt 0.9994 0.2147 0.0000
vt 0.9994 0.2179 0.0000
vt 0.9993 0.2113 0.0000
vt 0.9994 0.2113 0.0000
vt 0.9993 0.2210 0.0000
vt 0.9994 0.2210 0.0000
vt 0.9992 0.2210 0.0000
vt 0.9992 0.2179 0.0000
vt 0.9991 0.2210 0.0000
vt 0.9991 0.2179 0.0000
vt 0.9992 0.2147 0.0000
vt 0.9992 0.2113 0.0000
vt 0.9991 0.2147 0.0000
vt 0.9993 0.1444 0.0000
vt 0.9993 0.1477 0.0000
vt 0.9992 0.1477 0.0000
vt 0.9992 0.1444 0.0000
vt 0.9993 0.1510 0.0000
vt 0.9992 0.1510 0.0000
vt 0.9992 0.1414 0.0000
vt 0.9993 0.1414 0.0000
vt 0.9994 0.1414 0.0000
vt 0.9994 0.1444 0.0000
vt 0.9994 0.1477 0.0000
vt 0.9994 0.1510 0.0000
vt 0.9994 0.0787 0.0000
vt 0.9994 0.0820 0.0000
vt 0.9993 0.0820 0.0000
vt 0.9993 0.0787 0.0000
vt 0.9994 0.0853 0.0000
vt 0.9993 0.0853 0.0000
vt 0.9993 0.0757 0.0000
vt 0.9994 0.0757 0.0000
vt 0.9995 0.0757 0.0000
vt 0.9995 0.0787 0.0000
vt 0.9995 0.0820 0.0000
vt 0.9995 0.0853 0.0000
vt 0.9994 0.3848 0.0000
vt 0.9994 0.3816 0.0000
vt 0.9995 0.3816 0.0000
vt 0.9995 0.3848 0.0000
vt 0.9996 0.3816 0.0000
vt 0.9996 0.3848 0.0000
vt 0.9994 0.3782 0.0000
vt 0.9995 0.3782 0.0000
vt 0.9995 0.3879 0.0000
vt 0.9994 0.3879 0.0000
vt 0.9996 0.3879 0.0000
vt 0.9992 0.2517 0.0000
vt 0.9992 0.2484 0.0000
vt 0.9993 0.2484 0.0000
vt 0.9993 0.2517 0.0000
vt 0.9994 0.2484 0.0000
vt 0.9994 0.2517 0.0000
vt 0.9992 0.2450 0.0000
vt 0.9993 0.2450 0.0000
vt 0.9994 0.2450 0.0000
vt 0.9993 0.2547 0.0000
vt 0.9992 0.2547 0.0000
vt 0.9994 0.2547 0.0000
vt 0.9991 0.2547 0.0000
vt 0.9991 0.2517 0.0000
vt 0.9991 0.2484 0.0000
vt 0.0431 0.0140 0.0000
vt 0.0431 0.0527 0.0000
vt 0.0364 0.0527 0.0000
vt 0.0364 0.0140 0.0000
vt 0.0294 0.0527 0.0000
vt 0.0294 0.0140 0.0000
vt 0.0431 0.1294 0.0000
vt 0.0364 0.1294 0.0000
vt 0.0294 0.1294 0.0000
vt 0.0364 0.0006 0.0000
vt 0.0431 0.0006 0.0000
vt 0.0364 0.0000 0.0000
vt 0.0431 0.0000 0.0000
vt 0.0294 0.0006 0.0000
vt 0.0294 0.0000 0.0000
vt 0.0494 0.0006 0.0000
vt 0.0494 0.0140 0.0000
vt 0.0494 0.0000 0.0000
vt 0.0494 0.0527 0.0000
vt 0.0494 0.1294 0.0000
vt 0.9995 0.3191 0.0000
vt 0.9995 0.3158 0.0000
vt 0.9996 0.3158 0.0000
vt 0.9996 0.3191 0.0000
vt 0.9995 0.3125 0.0000
vt 0.9996 0.3125 0.0000
vt 0.9996 0.3221 0.0000
vt 0.9995 0.3221 0.0000
vt 0.9994 0.3158 0.0000
vt 0.9996 0.0865 0.0000
vt 0.9996 0.0832 0.0000
vt 0.9997 0.0832 0.0000
vt 0.9997 0.0865 0.0000
vt 0.9996 0.0798 0.0000
vt 0.9997 0.0798 0.0000
vt 0.9996 0.0895 0.0000
vt 0.9997 0.0895 0.0000
vt 0.9995 0.0895 0.0000
vt 0.9995 0.0865 0.0000
vt 0.9995 0.0832 0.0000
vt 0.9995 0.0798 0.0000
vt 0.1132 0.0152 0.0000
vt 0.1132 0.0542 0.0000
vt 0.1064 0.0542 0.0000
vt 0.1064 0.0152 0.0000
vt 0.0994 0.0542 0.0000
vt 0.0994 0.0152 0.0000
vt 0.1132 0.1310 0.0000
vt 0.1064 0.1310 0.0000
vt 0.0994 0.1310 0.0000
vt 0.1064 0.0013 0.0000
vt 0.1132 0.0013 0.0000
vt 0.1064 0.0000 0.0000
vt 0.1132 0.0000 0.0000
vt 0.0994 0.0013 0.0000
vt 0.0994 0.0000 0.0000
vt 0.1195 0.0013 0.0000
vt 0.1195 0.0152 0.0000
vt 0.1195 0.0000 0.0000
vt 0.1195 0.0542 0.0000
vt 0.1195 0.1310 0.0000
vt 0.8112 0.5382 0.0000
vt 0.8112 0.5121 0.0000
vt 0.8179 0.5121 0.0000
vt 0.8179 0.5382 0.0000
vt 0.8249 0.5121 0.0000
vt 0.8249 0.5382 0.0000
vt 0.8112 0.4609 0.0000
vt 0.8179 0.4609 0.0000
vt 0.8249 0.4609 0.0000
vt 0.8179 0.5475 0.0000
vt 0.8112 0.5475 0.0000
vt 0.8179 0.5483 0.0000
vt 0.8112 0.5483 0.0000
vt 0.8249 0.5475 0.0000
vt 0.8249 0.5483 0.0000
vt 0.8049 0.5475 0.0000
vt 0.8049 0.5382 0.0000
vt 0.8049 0.5483 0.0000
vt 0.8049 0.5121 0.0000
vt 0.8049 0.4609 0.0000
vt 0.9339 0.5068 0.0000
vt 0.9280 0.5068 0.0000
vt 0.9280 0.4825 0.0000
vt 0.9339 0.4825 0.0000
vt 0.9280 0.4342 0.0000
vt 0.9339 0.4342 0.0000
vt 0.9225 0.5068 0.0000
vt 0.9225 0.4825 0.0000
vt 0.9225 0.4342 0.0000
vt 0.9405 0.4825 0.0000
vt 0.9405 0.5068 0.0000
vt 0.9405 0.4342 0.0000
vt 0.9405 0.5152 0.0000
vt 0.9339 0.5152 0.0000
vt 0.9280 0.5152 0.0000
vt 0.9225 0.5152 0.0000
vt 0.9997 0.3257 0.0000
vt 0.9997 0.3285 0.0000
vt 0.9996 0.3285 0.0000
vt 0.9996 0.3257 0.0000
vt 0.9997 0.3312 0.0000
vt 0.9996 0.3312 0.0000
vt 0.9996 0.3225 0.0000
vt 0.9997 0.3225 0.0000
vt 0.9998 0.3225 0.0000
vt 0.9998 0.3257 0.0000
vt 0.9998 0.3285 0.0000
vt 0.9998 0.3312 0.0000
vt 0.9998 0.0274 0.0000
vt 0.9998 0.0302 0.0000
vt 0.9997 0.0302 0.0000
vt 0.9997 0.0274 0.0000
vt 0.9998 0.0328 0.0000
vt 0.9997 0.0328 0.0000
vt 0.9997 0.0242 0.0000
vt 0.9998 0.0242 0.0000
vt 0.9995 0.2027 0.0000
vt 0.9995 0.1998 0.0000
vt 0.9996 0.2027 0.0000
vt 0.9995 0.1972 0.0000
vt 0.9995 0.2058 0.0000
vt 0.9994 0.2058 0.0000
vt 0.9994 0.2027 0.0000
vt 0.9995 0.1369 0.0000
vt 0.9995 0.1341 0.0000
vt 0.9995 0.1315 0.0000
vt 0.9995 0.1401 0.0000
vt 0.9994 0.1401 0.0000
vt 0.9994 0.1369 0.0000
vt 0.9994 0.1341 0.0000
vt 0.9995 0.1917 0.0000
vt 0.9995 0.1945 0.0000
vt 0.9994 0.1945 0.0000
vt 0.9994 0.1917 0.0000
vt 0.9995 0.1885 0.0000
vt 0.9994 0.1885 0.0000
vt 0.9996 0.1885 0.0000
vt 0.9996 0.1917 0.0000
vt 0.9996 0.1945 0.0000
vt 0.9995 0.2583 0.0000
vt 0.9995 0.2611 0.0000
vt 0.9994 0.2611 0.0000
vt 0.9994 0.2583 0.0000
vt 0.9995 0.2638 0.0000
vt 0.9994 0.2638 0.0000
vt 0.9994 0.2551 0.0000
vt 0.9995 0.2551 0.0000
vt 0.9996 0.2551 0.0000
vt 0.9996 0.2583 0.0000
vt 0.9996 0.2611 0.0000
vt 0.9996 0.2638 0.0000
vt 0.9991 0.1260 0.0000
vt 0.9991 0.1288 0.0000
vt 0.9990 0.1288 0.0000
vt 0.9990 0.1260 0.0000
vt 0.9989 0.1288 0.0000
vt 0.9989 0.1260 0.0000
vt 0.9989 0.1314 0.0000
vt 0.9990 0.1228 0.0000
vt 0.9991 0.1228 0.0000
vt 0.9989 0.1228 0.0000
vt 0.9992 0.1228 0.0000
vt 0.9992 0.1260 0.0000
vt 0.9993 0.1228 0.0000
vt 0.9993 0.1260 0.0000
vt 0.9992 0.1288 0.0000
vt 0.9993 0.1288 0.0000
vt 0.9993 0.1314 0.0000
vt 0.9982 0.0383 0.0000
vt 0.9982 0.0355 0.0000
vt 0.9983 0.0355 0.0000
vt 0.9983 0.0383 0.0000
vt 0.9985 0.0355 0.0000
vt 0.9985 0.0383 0.0000
vt 0.9982 0.0329 0.0000
vt 0.9983 0.0329 0.0000
vt 0.9985 0.0329 0.0000
vt 0.9983 0.0415 0.0000
vt 0.9982 0.0415 0.0000
vt 0.9985 0.0415 0.0000
vt 0.9981 0.0415 0.0000
vt 0.9981 0.0383 0.0000
vt 0.9980 0.0415 0.0000
vt 0.9980 0.0383 0.0000
vt 0.9981 0.0355 0.0000
vt 0.9981 0.0329 0.0000
vt 0.9980 0.0355 0.0000
vt 0.9980 0.0329 0.0000
vt 0.9993 0.0274 0.0000
vt 0.9993 0.0302 0.0000
vt 0.9992 0.0302 0.0000
vt 0.9992 0.0274 0.0000
vt 0.9990 0.0302 0.0000
vt 0.9990 0.0274 0.0000
vt 0.9993 0.0329 0.0000
vt 0.9992 0.0329 0.0000
vt 0.9990 0.0329 0.0000
vt 0.9992 0.0242 0.0000
vt 0.9993 0.0242 0.0000
vt 0.9990 0.0242 0.0000
vt 0.9994 0.0242 0.0000
vt 0.9994 0.0274 0.0000
vt 0.9995 0.0242 0.0000
vt 0.9995 0.0274 0.0000
vt 0.9994 0.0302 0.0000
vt 0.9994 0.0329 0.0000
vt 0.9995 0.0302 0.0000
vt 0.9995 0.0329 0.0000
vt 0.9981 0.0712 0.0000
vt 0.9981 0.0684 0.0000
vt 0.9982 0.0684 0.0000
vt 0.9982 0.0712 0.0000
vt 0.9984 0.0684 0.0000
vt 0.9984 0.0712 0.0000
vt 0.9984 0.0657 0.0000
vt 0.9982 0.0744 0.0000
vt 0.9981 0.0744 0.0000
vt 0.9984 0.0744 0.0000
vt 0.9980 0.0744 0.0000
vt 0.9980 0.0712 0.0000
vt 0.9980 0.0684 0.0000
vt 0.9985 0.1260 0.0000
vt 0.9985 0.1288 0.0000
vt 0.9983 0.1288 0.0000
vt 0.9983 0.1260 0.0000
vt 0.9980 0.1288 0.0000
vt 0.9980 0.1260 0.0000
vt 0.9985 0.1314 0.0000
vt 0.9983 0.1314 0.0000
vt 0.9980 0.1314 0.0000
vt 0.9983 0.1228 0.0000
vt 0.9985 0.1228 0.0000
vt 0.9980 0.1228 0.0000
vt 0.9987 0.1228 0.0000
vt 0.9987 0.1260 0.0000
vt 0.9987 0.1288 0.0000
vt 0.9987 0.1314 0.0000
vt 0.9989 0.0383 0.0000
vt 0.9989 0.0355 0.0000
vt 0.9992 0.0355 0.0000
vt 0.9992 0.0383 0.0000
vt 0.9995 0.0355 0.0000
vt 0.9995 0.0384 0.0000
vt 0.9989 0.0329 0.0000
vt 0.9992 0.0415 0.0000
vt 0.9989 0.0415 0.0000
vt 0.9995 0.0415 0.0000
vt 0.9987 0.0415 0.0000
vt 0.9987 0.0383 0.0000
vt 0.9987 0.0355 0.0000
vt 0.9987 0.0329 0.0000
vt 0.9986 0.0274 0.0000
vt 0.9986 0.0302 0.0000
vt 0.9983 0.0302 0.0000
vt 0.9983 0.0274 0.0000
vt 0.9980 0.0302 0.0000
vt 0.9980 0.0274 0.0000
vt 0.9986 0.0329 0.0000
vt 0.9983 0.0328 0.0000
vt 0.9980 0.0328 0.0000
vt 0.9983 0.0242 0.0000
vt 0.9986 0.0242 0.0000
vt 0.9980 0.0242 0.0000
vt 0.9988 0.0242 0.0000
vt 0.9988 0.0274 0.0000
vt 0.9988 0.0302 0.0000
vt 0.9988 0.0329 0.0000
vt 0.9988 0.0712 0.0000
vt 0.9988 0.0684 0.0000
vt 0.9990 0.0684 0.0000
vt 0.9990 0.0712 0.0000
vt 0.9993 0.0684 0.0000
vt 0.9993 0.0712 0.0000
vt 0.9988 0.0657 0.0000
vt 0.9990 0.0657 0.0000
vt 0.9990 0.0744 0.0000
vt 0.9988 0.0744 0.0000
vt 0.9993 0.0744 0.0000
vt 0.9985 0.0744 0.0000
vt 0.9985 0.0712 0.0000
vt 0.9985 0.0684 0.0000
vt 0.9985 0.3431 0.0000
vt 0.9985 0.3377 0.0000
vt 0.9988 0.3377 0.0000
vt 0.9988 0.3431 0.0000
vt 0.9991 0.3377 0.0000
vt 0.9991 0.3431 0.0000
vt 0.9988 0.3481 0.0000
vt 0.9985 0.3481 0.0000
vt 0.9991 0.3481 0.0000
vt 0.9983 0.3481 0.0000
vt 0.9983 0.3430 0.0000
vt 0.9980 0.3481 0.0000
vt 0.9980 0.3430 0.0000
vt 0.9983 0.3377 0.0000
vt 0.9980 0.3377 0.0000
vt 0.9985 0.1534 0.0000
vt 0.9985 0.1587 0.0000
vt 0.9983 0.1587 0.0000
vt 0.9983 0.1534 0.0000
vt 0.9980 0.1587 0.0000
vt 0.9980 0.1534 0.0000
vt 0.9985 0.1643 0.0000
vt 0.9983 0.1643 0.0000
vt 0.9980 0.1643 0.0000
vt 0.9983 0.1483 0.0000
vt 0.9985 0.1483 0.0000
vt 0.9980 0.1483 0.0000
vt 0.9987 0.1483 0.0000
vt 0.9987 0.1534 0.0000
vt 0.9989 0.1483 0.0000
vt 0.9989 0.1534 0.0000
vt 0.9987 0.1587 0.0000
vt 0.9987 0.1643 0.0000
vt 0.9989 0.1587 0.0000
vt 0.9989 0.1643 0.0000
vt 0.9987 0.1753 0.0000
vt 0.9987 0.1699 0.0000
vt 0.9989 0.1699 0.0000
vt 0.9989 0.1753 0.0000
vt 0.9992 0.1699 0.0000
vt 0.9992 0.1753 0.0000
vt 0.9992 0.1643 0.0000
vt 0.9989 0.1803 0.0000
vt 0.9987 0.1803 0.0000
vt 0.9992 0.1803 0.0000
vt 0.9985 0.1803 0.0000
vt 0.9985 0.1753 0.0000
vt 0.9983 0.1803 0.0000
vt 0.9983 0.1753 0.0000
vt 0.9985 0.1699 0.0000
vt 0.9983 0.1699 0.0000
vt 0.9985 0.3869 0.0000
vt 0.9985 0.3922 0.0000
vt 0.9983 0.3922 0.0000
vt 0.9983 0.3869 0.0000
vt 0.9980 0.3922 0.0000
vt 0.9980 0.3869 0.0000
vt 0.9983 0.3818 0.0000
vt 0.9985 0.3818 0.0000
vt 0.9980 0.3818 0.0000
vt 0.9988 0.3818 0.0000
vt 0.9988 0.3869 0.0000
vt 0.9991 0.3818 0.0000
vt 0.9991 0.3869 0.0000
vt 0.9988 0.3922 0.0000
vt 0.9991 0.3922 0.0000
vt 0.1857 0.7726 0.0000
vt 0.1969 0.7726 0.0000
vt 0.1969 0.7727 0.0000
vt 0.1857 0.7727 0.0000
vt 0.2084 0.7726 0.0000
vt 0.2084 0.7727 0.0000
vt 0.1752 0.7727 0.0000
vt 0.1752 0.7726 0.0000
vt 0.9991 0.1534 0.0000
vt 0.9991 0.1587 0.0000
vt 0.9990 0.1587 0.0000
vt 0.9990 0.1534 0.0000
vt 0.9991 0.1643 0.0000
vt 0.9990 0.1643 0.0000
vt 0.9990 0.1483 0.0000
vt 0.9991 0.1483 0.0000
vt 0.9992 0.1483 0.0000
vt 0.9992 0.1534 0.0000
vt 0.9992 0.1587 0.0000
vt 0.9981 0.1753 0.0000
vt 0.9981 0.1699 0.0000
vt 0.9982 0.1699 0.0000
vt 0.9982 0.1753 0.0000
vt 0.9981 0.1643 0.0000
vt 0.9982 0.1643 0.0000
vt 0.9982 0.1803 0.0000
vt 0.9981 0.1803 0.0000
vt 0.9980 0.1803 0.0000
vt 0.9980 0.1753 0.0000
vt 0.9980 0.1699 0.0000
vt 0.2312 0.0001 0.0000
vt 0.2200 0.0001 0.0000
vt 0.2200 0.0000 0.0000
vt 0.2312 0.0000 0.0000
vt 0.2084 0.0001 0.0000
vt 0.2084 0.0000 0.0000
vt 0.2416 0.0000 0.0000
vt 0.2416 0.0001 0.0000
vt 0.2085 0.0001 0.0000
vt 0.1857 0.7724 0.0000
vt 0.1969 0.7724 0.0000
vt 0.1969 0.7725 0.0000
vt 0.1857 0.7725 0.0000
vt 0.2084 0.7724 0.0000
vt 0.2084 0.7725 0.0000
vt 0.1752 0.7725 0.0000
vt 0.1752 0.7724 0.0000
vt 0.1752 0.7722 0.0000
vt 0.1857 0.7722 0.0000
vt 0.1752 0.7717 0.0000
vt 0.1857 0.7717 0.0000
vt 0.1969 0.7722 0.0000
vt 0.2084 0.7722 0.0000
vt 0.1969 0.7717 0.0000
vt 0.2084 0.7717 0.0000
vt 0.8998 0.5158 0.0000
vt 0.9110 0.5158 0.0000
vt 0.9110 0.5159 0.0000
vt 0.8998 0.5159 0.0000
vt 0.8893 0.5158 0.0000
vt 0.8893 0.5159 0.0000
vt 0.8893 0.5156 0.0000
vt 0.8998 0.5156 0.0000
vt 0.8893 0.5152 0.0000
vt 0.8998 0.5152 0.0000
vt 0.9110 0.5156 0.0000
vt 0.9225 0.5156 0.0000
vt 0.9110 0.5152 0.0000
vt 0.9680 0.5158 0.0000
vt 0.9792 0.5158 0.0000
vt 0.9792 0.5159 0.0000
vt 0.9680 0.5159 0.0000
vt 0.9908 0.5158 0.0000
vt 0.9908 0.5159 0.0000
vt 0.9576 0.5158 0.0000
vt 0.9576 0.5159 0.0000
vt 0.9576 0.5157 0.0000
vt 0.9680 0.5157 0.0000
vt 0.9792 0.5157 0.0000
vt 0.9908 0.5157 0.0000
vt 0.2312 0.0003 0.0000
vt 0.2200 0.0003 0.0000
vt 0.2200 0.0002 0.0000
vt 0.2312 0.0002 0.0000
vt 0.2085 0.0003 0.0000
vt 0.2085 0.0002 0.0000
vt 0.2416 0.0002 0.0000
vt 0.2416 0.0003 0.0000
vt 0.2416 0.0005 0.0000
vt 0.2312 0.0005 0.0000
vt 0.2416 0.0008 0.0000
vt 0.2312 0.0008 0.0000
vt 0.2200 0.0005 0.0000
vt 0.2085 0.0005 0.0000
vt 0.2200 0.0008 0.0000
vt 0.2085 0.0008 0.0000
vt 0.9997 0.1533 0.0000
vt 0.9997 0.1587 0.0000
vt 0.9996 0.1533 0.0000
vt 0.9997 0.1643 0.0000
vt 0.9997 0.1483 0.0000
vt 0.9998 0.1483 0.0000
vt 0.9998 0.1533 0.0000
vt 0.9998 0.1587 0.0000
vt 0.9998 0.1643 0.0000
vt 0.9997 0.2191 0.0000
vt 0.9997 0.2244 0.0000
vt 0.9996 0.2244 0.0000
vt 0.9997 0.2300 0.0000
vt 0.9997 0.2140 0.0000
vt 0.9996 0.2140 0.0000
vt 0.9998 0.2140 0.0000
vt 0.9998 0.2191 0.0000
vt 0.9998 0.2244 0.0000
vt 0.9998 0.2300 0.0000
vt 0.2312 0.7595 0.0000
vt 0.2200 0.7595 0.0000
vt 0.2200 0.7231 0.0000
vt 0.2312 0.7231 0.0000
vt 0.2200 0.6509 0.0000
vt 0.2312 0.6509 0.0000
vt 0.2085 0.7595 0.0000
vt 0.2085 0.7231 0.0000
vt 0.2085 0.6509 0.0000
vt 0.2416 0.7231 0.0000
vt 0.2416 0.7595 0.0000
vt 0.2416 0.6509 0.0000
vt 0.2416 0.7721 0.0000
vt 0.2312 0.7721 0.0000
vt 0.2416 0.7727 0.0000
vt 0.2312 0.7727 0.0000
vt 0.2200 0.7721 0.0000
vt 0.2085 0.7721 0.0000
vt 0.2200 0.7727 0.0000
vt 0.2085 0.7727 0.0000
vt 0.8998 0.0095 0.0000
vt 0.9110 0.0095 0.0000
vt 0.9110 0.0340 0.0000
vt 0.8998 0.0340 0.0000
vt 0.9110 0.0823 0.0000
vt 0.8998 0.0823 0.0000
vt 0.9225 0.0095 0.0000
vt 0.9225 0.0340 0.0000
vt 0.9225 0.0823 0.0000
vt 0.8893 0.0340 0.0000
vt 0.8893 0.0095 0.0000
vt 0.8893 0.0823 0.0000
vt 0.8893 0.0008 0.0000
vt 0.8998 0.0008 0.0000
vt 0.8893 0.0000 0.0000
vt 0.8998 0.0000 0.0000
vt 0.9110 0.0008 0.0000
vt 0.9225 0.0008 0.0000
vt 0.9110 0.0000 0.0000
vt 0.9225 0.0000 0.0000
vt 0.1857 0.0143 0.0000
vt 0.1969 0.0143 0.0000
vt 0.1969 0.0510 0.0000
vt 0.1857 0.0510 0.0000
vt 0.1969 0.1233 0.0000
vt 0.1857 0.1233 0.0000
vt 0.2084 0.0143 0.0000
vt 0.2084 0.0510 0.0000
vt 0.2084 0.1233 0.0000
vt 0.1752 0.0510 0.0000
vt 0.1752 0.0143 0.0000
vt 0.1752 0.1233 0.0000
vt 0.1752 0.0012 0.0000
vt 0.1857 0.0012 0.0000
vt 0.1752 0.0000 0.0000
vt 0.1857 0.0000 0.0000
vt 0.1969 0.0012 0.0000
vt 0.2084 0.0012 0.0000
vt 0.1969 0.0000 0.0000
vt 0.8385 0.5382 0.0000
vt 0.8385 0.5121 0.0000
vt 0.8442 0.5121 0.0000
vt 0.8442 0.5382 0.0000
vt 0.8385 0.4609 0.0000
vt 0.8442 0.4609 0.0000
vt 0.8442 0.5475 0.0000
vt 0.8385 0.5475 0.0000
vt 0.8442 0.5483 0.0000
vt 0.8385 0.5483 0.0000
vt 0.8319 0.5475 0.0000
vt 0.8319 0.5382 0.0000
vt 0.8319 0.5483 0.0000
vt 0.8319 0.5121 0.0000
vt 0.8319 0.4609 0.0000
vt 0.0859 0.0152 0.0000
vt 0.0859 0.0542 0.0000
vt 0.0801 0.0542 0.0000
vt 0.0801 0.0152 0.0000
vt 0.0859 0.1310 0.0000
vt 0.0801 0.1310 0.0000
vt 0.0801 0.0013 0.0000
vt 0.0859 0.0013 0.0000
vt 0.0801 0.0000 0.0000
vt 0.0859 0.0000 0.0000
vt 0.0924 0.0013 0.0000
vt 0.0924 0.0152 0.0000
vt 0.0924 0.0000 0.0000
vt 0.0924 0.0542 0.0000
vt 0.0924 0.1310 0.0000
vt 0.9996 0.0733 0.0000
vt 0.9996 0.0705 0.0000
vt 0.9997 0.0705 0.0000
vt 0.9997 0.0733 0.0000
vt 0.9996 0.0765 0.0000
vt 0.9997 0.0765 0.0000
vt 0.9995 0.0765 0.0000
vt 0.9995 0.0733 0.0000
vt 0.9995 0.0705 0.0000
vt 0.9995 0.3059 0.0000
vt 0.9995 0.3032 0.0000
vt 0.9996 0.3032 0.0000
vt 0.9996 0.3059 0.0000
vt 0.9996 0.3091 0.0000
vt 0.9995 0.3091 0.0000
vt 0.9994 0.3091 0.0000
vt 0.9994 0.3059 0.0000
vt 0.9994 0.3032 0.0000
vt 0.0158 0.0140 0.0000
vt 0.0158 0.0527 0.0000
vt 0.0100 0.0527 0.0000
vt 0.0100 0.0140 0.0000
vt 0.0158 0.1294 0.0000
vt 0.0100 0.1294 0.0000
vt 0.0100 0.0006 0.0000
vt 0.0158 0.0006 0.0000
vt 0.0100 0.0000 0.0000
vt 0.0158 0.0000 0.0000
vt 0.0224 0.0006 0.0000
vt 0.0224 0.0140 0.0000
vt 0.0224 0.0000 0.0000
vt 0.0224 0.0527 0.0000
vt 0.0224 0.1294 0.0000
vt 0.9992 0.2385 0.0000
vt 0.9992 0.2357 0.0000
vt 0.9993 0.2357 0.0000
vt 0.9993 0.2385 0.0000
vt 0.9994 0.2357 0.0000
vt 0.9994 0.2385 0.0000
vt 0.9993 0.2417 0.0000
vt 0.9992 0.2417 0.0000
vt 0.9994 0.2417 0.0000
vt 0.9994 0.3717 0.0000
vt 0.9994 0.3689 0.0000
vt 0.9995 0.3689 0.0000
vt 0.9995 0.3717 0.0000
vt 0.9995 0.3748 0.0000
vt 0.9994 0.3748 0.0000
vt 0.9993 0.3748 0.0000
vt 0.9993 0.3717 0.0000
vt 0.9993 0.3689 0.0000
vt 0.9994 0.0919 0.0000
vt 0.9994 0.0946 0.0000
vt 0.9993 0.0946 0.0000
vt 0.9993 0.0919 0.0000
vt 0.9993 0.0887 0.0000
vt 0.9994 0.0887 0.0000
vt 0.9995 0.0887 0.0000
vt 0.9995 0.0919 0.0000
vt 0.9995 0.0946 0.0000
vt 0.9993 0.1576 0.0000
vt 0.9993 0.1604 0.0000
vt 0.9992 0.1604 0.0000
vt 0.9992 0.1576 0.0000
vt 0.9992 0.1544 0.0000
vt 0.9993 0.1544 0.0000
vt 0.9994 0.1544 0.0000
vt 0.9994 0.1576 0.0000
vt 0.9994 0.1604 0.0000
vt 0.9993 0.2048 0.0000
vt 0.9993 0.2020 0.0000
vt 0.9994 0.2020 0.0000
vt 0.9994 0.2048 0.0000
vt 0.9993 0.2079 0.0000
vt 0.9994 0.2079 0.0000
vt 0.9992 0.2079 0.0000
vt 0.9992 0.2048 0.0000
vt 0.9992 0.2020 0.0000
vt 0.9993 0.3060 0.0000
vt 0.9993 0.3032 0.0000
vt 0.9994 0.3060 0.0000
vt 0.9993 0.3091 0.0000
vt 0.9992 0.3091 0.0000
vt 0.9992 0.3060 0.0000
vt 0.9991 0.3091 0.0000
vt 0.9991 0.3060 0.0000
vt 0.9992 0.3032 0.0000
vt 0.9991 0.3032 0.0000
vt 0.9993 0.2722 0.0000
vt 0.9993 0.2695 0.0000
vt 0.9994 0.2695 0.0000
vt 0.9994 0.2722 0.0000
vt 0.9993 0.2754 0.0000
vt 0.9994 0.2754 0.0000
vt 0.9992 0.2754 0.0000
vt 0.9992 0.2722 0.0000
vt 0.9991 0.2754 0.0000
vt 0.9991 0.2722 0.0000
vt 0.9992 0.2695 0.0000
vt 0.9991 0.2695 0.0000
vt 0.9992 0.3717 0.0000
vt 0.9992 0.3689 0.0000
vt 0.9992 0.3748 0.0000
vt 0.9991 0.3748 0.0000
vt 0.9991 0.3717 0.0000
vt 0.9991 0.3749 0.0000
vt 0.9991 0.3689 0.0000
vt 0.9985 0.2722 0.0000
vt 0.9985 0.2695 0.0000
vt 0.9988 0.2695 0.0000
vt 0.9988 0.2722 0.0000
vt 0.9988 0.2754 0.0000
vt 0.9985 0.2754 0.0000
vt 0.9983 0.2754 0.0000
vt 0.9983 0.2722 0.0000
vt 0.9980 0.2754 0.0000
vt 0.9980 0.2722 0.0000
vt 0.9983 0.2695 0.0000
vt 0.9980 0.2695 0.0000
vt 0.9995 0.4577 0.0000
vt 0.9995 0.4604 0.0000
vt 0.9993 0.4604 0.0000
vt 0.9993 0.4577 0.0000
vt 0.9990 0.4604 0.0000
vt 0.9990 0.4577 0.0000
vt 0.9993 0.4545 0.0000
vt 0.9995 0.4545 0.0000
vt 0.9990 0.4545 0.0000
vt 0.9998 0.4545 0.0000
vt 0.9998 0.4577 0.0000
vt 1.0000 0.4545 0.0000
vt 1.0000 0.4577 0.0000
vt 0.9998 0.4604 0.0000
vt 1.0000 0.4604 0.0000
vt 0.9995 0.4239 0.0000
vt 0.9995 0.4267 0.0000
vt 0.9993 0.4267 0.0000
vt 0.9993 0.4239 0.0000
vt 0.9993 0.4208 0.0000
vt 0.9995 0.4208 0.0000
vt 0.9998 0.4208 0.0000
vt 0.9998 0.4239 0.0000
vt 1.0000 0.4208 0.0000
vt 1.0000 0.4240 0.0000
vt 0.9998 0.4267 0.0000
vt 1.0000 0.4267 0.0000
vt 0.9985 0.3245 0.0000
vt 0.9985 0.3273 0.0000
vt 0.9983 0.3273 0.0000
vt 0.9983 0.3245 0.0000
vt 0.9980 0.3273 0.0000
vt 0.9980 0.3245 0.0000
vt 0.9983 0.3213 0.0000
vt 0.9985 0.3213 0.0000
vt 0.9980 0.3213 0.0000
vt 0.9988 0.3213 0.0000
vt 0.9988 0.3245 0.0000
vt 0.9991 0.3213 0.0000
vt 0.9991 0.3245 0.0000
vt 0.9988 0.3273 0.0000
vt 0.9991 0.3273 0.0000
vt 0.7411 0.0096 0.0000
vt 0.7411 0.0355 0.0000
vt 0.7348 0.0355 0.0000
vt 0.7348 0.0096 0.0000
vt 0.7411 0.0867 0.0000
vt 0.7348 0.0867 0.0000
vt 0.7348 0.0007 0.0000
vt 0.7411 0.0007 0.0000
vt 0.7348 0.0004 0.0000
vt 0.7411 0.0004 0.0000
vt 0.7479 0.0007 0.0000
vt 0.7479 0.0096 0.0000
vt 0.7479 0.0004 0.0000
vt 0.7479 0.0355 0.0000
vt 0.7479 0.0867 0.0000
vt 0.9996 0.3878 0.0000
vt 0.9997 0.3816 0.0000
vt 0.9997 0.3848 0.0000
vt 0.9997 0.3878 0.0000
vt 0.9997 0.2439 0.0000
vt 0.9997 0.2408 0.0000
vt 0.9998 0.2408 0.0000
vt 0.9998 0.2439 0.0000
vt 0.9997 0.2471 0.0000
vt 0.9998 0.2471 0.0000
vt 0.9996 0.2471 0.0000
vt 0.9996 0.2439 0.0000
vt 0.9996 0.2408 0.0000
vt 0.0431 0.8210 0.0000
vt 0.0494 0.8210 0.0000
vt 0.0494 0.8211 0.0000
vt 0.0431 0.8211 0.0000
vt 0.0364 0.8211 0.0000
vt 0.0364 0.8210 0.0000
vt 0.0364 0.8208 0.0000
vt 0.0431 0.8208 0.0000
vt 0.0364 0.8204 0.0000
vt 0.0431 0.8204 0.0000
vt 0.0494 0.8208 0.0000
vt 0.0494 0.8204 0.0000
vt 0.7411 0.0001 0.0000
vt 0.7348 0.0001 0.0000
vt 0.7348 0.0000 0.0000
vt 0.7411 0.0000 0.0000
vt 0.7479 0.0000 0.0000
vt 0.7479 0.0001 0.0000
vt 0.7479 0.0002 0.0000
vt 0.7411 0.0002 0.0000
vt 0.7348 0.0002 0.0000
vt 0.8112 0.0001 0.0000
vt 0.8049 0.0001 0.0000
vt 0.8049 0.0000 0.0000
vt 0.8112 0.0000 0.0000
vt 0.8179 0.0000 0.0000
vt 0.8179 0.0001 0.0000
vt 0.8179 0.0003 0.0000
vt 0.8112 0.0003 0.0000
vt 0.8179 0.0007 0.0000
vt 0.8112 0.0007 0.0000
vt 0.8049 0.0003 0.0000
vt 0.8049 0.0007 0.0000
vt 0.1132 0.8210 0.0000
vt 0.1195 0.8210 0.0000
vt 0.1195 0.8211 0.0000
vt 0.1132 0.8211 0.0000
vt 0.1064 0.8211 0.0000
vt 0.1064 0.8210 0.0000
vt 0.1064 0.8207 0.0000
vt 0.1132 0.8207 0.0000
vt 0.1064 0.8202 0.0000
vt 0.1132 0.8202 0.0000
vt 0.1195 0.8207 0.0000
vt 0.1195 0.8202 0.0000
vt 0.0431 0.8212 0.0000
vt 0.0494 0.8212 0.0000
vt 0.0494 0.8213 0.0000
vt 0.0431 0.8213 0.0000
vt 0.0364 0.8212 0.0000
vt 0.0364 0.8213 0.0000
vt 0.9996 0.0130 0.0000
vt 0.9996 0.0100 0.0000
vt 0.9997 0.0100 0.0000
vt 0.9997 0.0130 0.0000
vt 0.9996 0.0162 0.0000
vt 0.9997 0.0162 0.0000
vt 0.9995 0.0162 0.0000
vt 0.9995 0.0130 0.0000
vt 0.9995 0.0100 0.0000
vt 0.9995 0.2776 0.0000
vt 0.9995 0.2746 0.0000
vt 0.9996 0.2746 0.0000
vt 0.9996 0.2776 0.0000
vt 0.9996 0.2809 0.0000
vt 0.9995 0.2809 0.0000
vt 0.9994 0.2809 0.0000
vt 0.9994 0.2776 0.0000
vt 0.9994 0.2746 0.0000
vt 0.1132 0.8212 0.0000
vt 0.1195 0.8212 0.0000
vt 0.1195 0.8213 0.0000
vt 0.1132 0.8213 0.0000
vt 0.1064 0.8212 0.0000
vt 0.1064 0.8213 0.0000
vt 0.9985 0.4523 0.0000
vt 0.9985 0.4553 0.0000
vt 0.9983 0.4553 0.0000
vt 0.9983 0.4523 0.0000
vt 0.9980 0.4553 0.0000
vt 0.9980 0.4523 0.0000
vt 0.9983 0.4490 0.0000
vt 0.9985 0.4490 0.0000
vt 0.9980 0.4490 0.0000
vt 0.9988 0.4490 0.0000
vt 0.9988 0.4523 0.0000
vt 0.9990 0.4490 0.0000
vt 0.9990 0.4523 0.0000
vt 0.9988 0.4553 0.0000
vt 0.9990 0.4553 0.0000
vt 0.9986 0.2517 0.0000
vt 0.9986 0.2547 0.0000
vt 0.9983 0.2547 0.0000
vt 0.9983 0.2517 0.0000
vt 0.9980 0.2547 0.0000
vt 0.9980 0.2517 0.0000
vt 0.9983 0.2484 0.0000
vt 0.9986 0.2484 0.0000
vt 0.9980 0.2484 0.0000
vt 0.9989 0.2484 0.0000
vt 0.9989 0.2517 0.0000
vt 0.9989 0.2547 0.0000
vt 0.9986 0.2179 0.0000
vt 0.9986 0.2210 0.0000
vt 0.9983 0.2209 0.0000
vt 0.9983 0.2179 0.0000
vt 0.9980 0.2209 0.0000
vt 0.9980 0.2179 0.0000
vt 0.9983 0.2147 0.0000
vt 0.9986 0.2147 0.0000
vt 0.9980 0.2147 0.0000
vt 0.9989 0.2147 0.0000
vt 0.9989 0.2179 0.0000
vt 0.9989 0.2210 0.0000
vt 0.9985 0.4108 0.0000
vt 0.9985 0.4078 0.0000
vt 0.9988 0.4078 0.0000
vt 0.9988 0.4108 0.0000
vt 0.9988 0.4140 0.0000
vt 0.9985 0.4140 0.0000
vt 0.9983 0.4140 0.0000
vt 0.9983 0.4108 0.0000
vt 0.9980 0.4140 0.0000
vt 0.9980 0.4108 0.0000
vt 0.9983 0.4078 0.0000
vt 0.9980 0.4078 0.0000
vt 0.7411 0.2739 0.0000
vt 0.7411 0.3759 0.0000
vt 0.7348 0.3759 0.0000
vt 0.7348 0.2739 0.0000
vt 0.7292 0.3759 0.0000
vt 0.7292 0.2739 0.0000
vt 0.7411 0.4611 0.0000
vt 0.7348 0.4611 0.0000
vt 0.7292 0.4611 0.0000
vt 0.7348 0.1718 0.0000
vt 0.7411 0.1718 0.0000
vt 0.7292 0.1718 0.0000
vt 0.7479 0.1718 0.0000
vt 0.7479 0.2739 0.0000
vt 0.7549 0.1718 0.0000
vt 0.7549 0.2739 0.0000
vt 0.7479 0.3759 0.0000
vt 0.7479 0.4611 0.0000
vt 0.7549 0.3759 0.0000
vt 0.7549 0.4611 0.0000
vt 0.9339 0.2582 0.0000
vt 0.9280 0.2582 0.0000
vt 0.9280 0.1622 0.0000
vt 0.9339 0.1622 0.0000
vt 0.9280 0.0821 0.0000
vt 0.9339 0.0821 0.0000
vt 0.9225 0.2582 0.0000
vt 0.9225 0.1622 0.0000
vt 0.9225 0.0821 0.0000
vt 0.9405 0.1622 0.0000
vt 0.9405 0.2582 0.0000
vt 0.9483 0.1622 0.0000
vt 0.9483 0.2582 0.0000
vt 0.9405 0.0821 0.0000
vt 0.9483 0.0821 0.0000
vt 0.9405 0.3542 0.0000
vt 0.9339 0.3542 0.0000
vt 0.9483 0.3542 0.0000
vt 0.9280 0.3542 0.0000
vt 0.9225 0.3542 0.0000
vt 0.7207 0.2739 0.0000
vt 0.7207 0.3759 0.0000
vt 0.7173 0.3759 0.0000
vt 0.7173 0.2739 0.0000
vt 0.7141 0.3759 0.0000
vt 0.7141 0.2739 0.0000
vt 0.7207 0.4611 0.0000
vt 0.7173 0.4611 0.0000
vt 0.7141 0.4611 0.0000
vt 0.7173 0.1718 0.0000
vt 0.7207 0.1718 0.0000
vt 0.7141 0.1718 0.0000
vt 0.7246 0.1718 0.0000
vt 0.7246 0.2739 0.0000
vt 0.7246 0.3759 0.0000
vt 0.7246 0.4611 0.0000
vt 0.9680 0.2582 0.0000
vt 0.9576 0.2582 0.0000
vt 0.9576 0.1622 0.0000
vt 0.9680 0.1622 0.0000
vt 0.9576 0.0821 0.0000
vt 0.9680 0.0821 0.0000
vt 0.9792 0.1622 0.0000
vt 0.9792 0.2582 0.0000
vt 0.9908 0.1622 0.0000
vt 0.9908 0.2582 0.0000
vt 0.9792 0.0821 0.0000
vt 0.9908 0.0821 0.0000
vt 0.9792 0.3542 0.0000
vt 0.9680 0.3542 0.0000
vt 0.9908 0.3542 0.0000
vt 0.9576 0.3542 0.0000
vt 0.7684 0.2739 0.0000
vt 0.7684 0.3759 0.0000
vt 0.7619 0.3759 0.0000
vt 0.7619 0.2739 0.0000
vt 0.7684 0.4611 0.0000
vt 0.7619 0.4611 0.0000
vt 0.7619 0.1718 0.0000
vt 0.7684 0.1718 0.0000
vt 0.7742 0.1718 0.0000
vt 0.7742 0.2739 0.0000
vt 0.7787 0.1718 0.0000
vt 0.7787 0.2739 0.0000
vt 0.7742 0.3759 0.0000
vt 0.7742 0.4611 0.0000
vt 0.7787 0.3759 0.0000
vt 0.7787 0.4611 0.0000
vt 0.6216 0.7499 0.0000
vt 0.6216 0.7621 0.0000
vt 0.6063 0.7678 0.0000
vt 0.6063 0.7555 0.0000
vt 0.6063 0.7195 0.0000
vt 0.6216 0.7145 0.0000
vt 0.6063 0.6481 0.0000
vt 0.6216 0.6442 0.0000
vt 0.6370 0.7095 0.0000
vt 0.6370 0.7444 0.0000
vt 0.6523 0.7045 0.0000
vt 0.6523 0.7389 0.0000
vt 0.6370 0.6403 0.0000
vt 0.6523 0.6364 0.0000
vt 0.6370 0.7564 0.0000
vt 0.6524 0.7507 0.0000
vt 0.5602 0.3878 0.0000
vt 0.5602 0.2479 0.0000
vt 0.5755 0.2458 0.0000
vt 0.5755 0.3878 0.0000
vt 0.5909 0.2437 0.0000
vt 0.5909 0.3878 0.0000
vt 0.5602 0.1312 0.0000
vt 0.5755 0.1273 0.0000
vt 0.5755 0.5297 0.0000
vt 0.5602 0.5276 0.0000
vt 0.5909 0.5319 0.0000
vt 0.5448 0.5255 0.0000
vt 0.5448 0.3878 0.0000
vt 0.5295 0.5233 0.0000
vt 0.5295 0.3878 0.0000
vt 0.5448 0.2500 0.0000
vt 0.5448 0.1351 0.0000
vt 0.5295 0.2522 0.0000
vt 0.5295 0.1390 0.0000
vt 0.9971 0.2582 0.0000
vt 0.9967 0.2582 0.0000
vt 0.9967 0.1622 0.0000
vt 0.9971 0.1622 0.0000
vt 0.9967 0.0821 0.0000
vt 0.9971 0.0821 0.0000
vt 0.9962 0.2582 0.0000
vt 0.9962 0.1622 0.0000
vt 0.9962 0.0821 0.0000
vt 0.9976 0.1622 0.0000
vt 0.9976 0.2582 0.0000
vt 0.9980 0.1622 0.0000
vt 0.9980 0.2582 0.0000
vt 0.9976 0.0821 0.0000
vt 0.9980 0.0821 0.0000
vt 0.9976 0.3542 0.0000
vt 0.9971 0.3542 0.0000
vt 0.9980 0.3542 0.0000
vt 0.9967 0.3542 0.0000
vt 0.9962 0.3542 0.0000
vt 0.7831 0.2739 0.0000
vt 0.7831 0.3759 0.0000
vt 0.7815 0.3759 0.0000
vt 0.7815 0.2739 0.0000
vt 0.7831 0.4611 0.0000
vt 0.7815 0.4611 0.0000
vt 0.7815 0.1718 0.0000
vt 0.7831 0.1718 0.0000
vt 0.7839 0.1718 0.0000
vt 0.7839 0.2739 0.0000
vt 0.7842 0.1718 0.0000
vt 0.7842 0.2739 0.0000
vt 0.7839 0.3759 0.0000
vt 0.7839 0.4611 0.0000
vt 0.7842 0.3759 0.0000
vt 0.7842 0.4611 0.0000
vt 0.0859 0.4105 0.0000
vt 0.0859 0.5628 0.0000
vt 0.0801 0.5628 0.0000
vt 0.0801 0.4105 0.0000
vt 0.0756 0.5628 0.0000
vt 0.0756 0.4105 0.0000
vt 0.0859 0.6899 0.0000
vt 0.0801 0.6899 0.0000
vt 0.0756 0.6899 0.0000
vt 0.0801 0.2581 0.0000
vt 0.0859 0.2581 0.0000
vt 0.0756 0.2581 0.0000
vt 0.0924 0.2581 0.0000
vt 0.0924 0.4105 0.0000
vt 0.0994 0.2581 0.0000
vt 0.0994 0.4105 0.0000
vt 0.0924 0.5628 0.0000
vt 0.0924 0.6899 0.0000
vt 0.0994 0.5628 0.0000
vt 0.0994 0.6899 0.0000
vt 0.1857 0.3862 0.0000
vt 0.1969 0.3862 0.0000
vt 0.1969 0.5295 0.0000
vt 0.1857 0.5295 0.0000
vt 0.1969 0.6491 0.0000
vt 0.1857 0.6491 0.0000
vt 0.2084 0.3862 0.0000
vt 0.2084 0.5295 0.0000
vt 0.2084 0.6491 0.0000
vt 0.1752 0.5295 0.0000
vt 0.1752 0.3862 0.0000
vt 0.1659 0.5295 0.0000
vt 0.1659 0.3862 0.0000
vt 0.1752 0.6491 0.0000
vt 0.1659 0.6491 0.0000
vt 0.1752 0.2429 0.0000
vt 0.1857 0.2429 0.0000
vt 0.1659 0.2429 0.0000
vt 0.1969 0.2429 0.0000
vt 0.2084 0.2429 0.0000
vt 0.1132 0.4105 0.0000
vt 0.1132 0.5628 0.0000
vt 0.1064 0.5628 0.0000
vt 0.1064 0.4105 0.0000
vt 0.1132 0.6899 0.0000
vt 0.1064 0.6899 0.0000
vt 0.1064 0.2581 0.0000
vt 0.1132 0.2581 0.0000
vt 0.1195 0.2581 0.0000
vt 0.1195 0.4105 0.0000
vt 0.1250 0.2581 0.0000
vt 0.1250 0.4105 0.0000
vt 0.1195 0.5628 0.0000
vt 0.1195 0.6899 0.0000
vt 0.1250 0.5628 0.0000
vt 0.1250 0.6899 0.0000
vt 0.9935 0.3862 0.0000
vt 0.9940 0.3862 0.0000
vt 0.9940 0.5295 0.0000
vt 0.9935 0.5295 0.0000
vt 0.9940 0.6491 0.0000
vt 0.9935 0.6491 0.0000
vt 0.9944 0.3862 0.0000
vt 0.9944 0.5295 0.0000
vt 0.9944 0.6491 0.0000
vt 0.9931 0.5295 0.0000
vt 0.9931 0.3862 0.0000
vt 0.9926 0.5295 0.0000
vt 0.9926 0.3862 0.0000
vt 0.9931 0.6491 0.0000
vt 0.9926 0.6491 0.0000
vt 0.9931 0.2429 0.0000
vt 0.9935 0.2429 0.0000
vt 0.9926 0.2429 0.0000
vt 0.9940 0.2429 0.0000
vt 0.9944 0.2429 0.0000
vt 0.0712 0.4105 0.0000
vt 0.0712 0.5628 0.0000
vt 0.0704 0.5628 0.0000
vt 0.0704 0.4105 0.0000
vt 0.0701 0.5628 0.0000
vt 0.0701 0.4105 0.0000
vt 0.0712 0.6899 0.0000
vt 0.0704 0.6899 0.0000
vt 0.0701 0.6899 0.0000
vt 0.0704 0.2581 0.0000
vt 0.0712 0.2581 0.0000
vt 0.0701 0.2581 0.0000
vt 0.0728 0.2581 0.0000
vt 0.0728 0.4105 0.0000
vt 0.0728 0.5628 0.0000
vt 0.0728 0.6899 0.0000
vt 0.3005 0.9669 0.0000
vt 0.3005 0.9830 0.0000
vt 0.2886 0.9904 0.0000
vt 0.2886 0.9741 0.0000
vt 0.2767 0.9978 0.0000
vt 0.2767 0.9812 0.0000
vt 0.2886 0.9273 0.0000
vt 0.3005 0.9209 0.0000
vt 0.2886 0.8352 0.0000
vt 0.3005 0.8302 0.0000
vt 0.2767 0.9337 0.0000
vt 0.2767 0.8403 0.0000
vt 0.3124 0.9145 0.0000
vt 0.3124 0.9598 0.0000
vt 0.3243 0.9081 0.0000
vt 0.3243 0.9527 0.0000
vt 0.3124 0.8252 0.0000
vt 0.3243 0.8201 0.0000
vt 0.3124 0.9757 0.0000
vt 0.3243 0.9683 0.0000
vt 0.1336 0.4105 0.0000
vt 0.1336 0.5628 0.0000
vt 0.1297 0.5628 0.0000
vt 0.1297 0.4105 0.0000
vt 0.1336 0.6899 0.0000
vt 0.1297 0.6899 0.0000
vt 0.1297 0.2581 0.0000
vt 0.1336 0.2581 0.0000
vt 0.1370 0.2581 0.0000
vt 0.1370 0.4105 0.0000
vt 0.1402 0.2581 0.0000
vt 0.1402 0.4105 0.0000
vt 0.1370 0.5628 0.0000
vt 0.1370 0.6899 0.0000
vt 0.1402 0.5628 0.0000
vt 0.1402 0.6899 0.0000
vt 0.1515 0.3862 0.0000
vt 0.1582 0.3862 0.0000
vt 0.1582 0.5295 0.0000
vt 0.1515 0.5295 0.0000
vt 0.1582 0.6491 0.0000
vt 0.1515 0.6491 0.0000
vt 0.1457 0.5295 0.0000
vt 0.1457 0.3862 0.0000
vt 0.1402 0.5295 0.0000
vt 0.1402 0.3862 0.0000
vt 0.1457 0.6491 0.0000
vt 0.1402 0.6491 0.0000
vt 0.1457 0.2429 0.0000
vt 0.1515 0.2429 0.0000
vt 0.1402 0.2429 0.0000
vt 0.1582 0.2429 0.0000
vt 0.3483 0.5000 0.0000
vt 0.3483 0.6799 0.0000
vt 0.3364 0.6826 0.0000
vt 0.3364 0.4999 0.0000
vt 0.3245 0.6854 0.0000
vt 0.3245 0.4999 0.0000
vt 0.3483 0.8301 0.0000
vt 0.3364 0.8351 0.0000
vt 0.3245 0.8402 0.0000
vt 0.3364 0.3173 0.0000
vt 0.3483 0.3200 0.0000
vt 0.3245 0.3145 0.0000
vt 0.3602 0.3228 0.0000
vt 0.3602 0.5000 0.0000
vt 0.3721 0.3255 0.0000
vt 0.3721 0.5000 0.0000
vt 0.3602 0.6771 0.0000
vt 0.3602 0.8251 0.0000
vt 0.3721 0.6744 0.0000
vt 0.3721 0.8200 0.0000
vt 0.7831 0.5385 0.0000
vt 0.7831 0.5476 0.0000
vt 0.7815 0.5476 0.0000
vt 0.7815 0.5385 0.0000
vt 0.7787 0.5476 0.0000
vt 0.7787 0.5385 0.0000
vt 0.7831 0.5483 0.0000
vt 0.7815 0.5483 0.0000
vt 0.7787 0.5483 0.0000
vt 0.7815 0.5125 0.0000
vt 0.7831 0.5125 0.0000
vt 0.7787 0.5125 0.0000
vt 0.7839 0.5125 0.0000
vt 0.7839 0.5385 0.0000
vt 0.7842 0.5125 0.0000
vt 0.7842 0.5385 0.0000
vt 0.7839 0.5476 0.0000
vt 0.7839 0.5483 0.0000
vt 0.7842 0.5476 0.0000
vt 0.9971 0.0092 0.0000
vt 0.9967 0.0092 0.0000
vt 0.9967 0.0006 0.0000
vt 0.9971 0.0006 0.0000
vt 0.9967 0.0000 0.0000
vt 0.9971 0.0000 0.0000
vt 0.9962 0.0092 0.0000
vt 0.9962 0.0006 0.0000
vt 0.9976 0.0006 0.0000
vt 0.9976 0.0092 0.0000
vt 0.9980 0.0006 0.0000
vt 0.9980 0.0092 0.0000
vt 0.9976 0.0000 0.0000
vt 0.9976 0.0337 0.0000
vt 0.9971 0.0337 0.0000
vt 0.9980 0.0337 0.0000
vt 0.9967 0.0337 0.0000
vt 0.9962 0.0337 0.0000
vt 0.5602 0.0252 0.0000
vt 0.5602 0.0128 0.0000
vt 0.5755 0.0071 0.0000
vt 0.5755 0.0197 0.0000
vt 0.5755 0.0558 0.0000
vt 0.5602 0.0608 0.0000
vt 0.5448 0.0658 0.0000
vt 0.5448 0.0307 0.0000
vt 0.5295 0.0707 0.0000
vt 0.5295 0.0362 0.0000
vt 0.5448 0.0185 0.0000
vt 0.5295 0.0242 0.0000
vt 0.7684 0.5385 0.0000
vt 0.7684 0.5476 0.0000
vt 0.7619 0.5476 0.0000
vt 0.7619 0.5385 0.0000
vt 0.7549 0.5476 0.0000
vt 0.7549 0.5385 0.0000
vt 0.7684 0.5483 0.0000
vt 0.7619 0.5483 0.0000
vt 0.7549 0.5483 0.0000
vt 0.7619 0.5125 0.0000
vt 0.7684 0.5125 0.0000
vt 0.7549 0.5125 0.0000
vt 0.7742 0.5125 0.0000
vt 0.7742 0.5385 0.0000
vt 0.7742 0.5476 0.0000
vt 0.7742 0.5483 0.0000
vt 0.9680 0.0092 0.0000
vt 0.9576 0.0092 0.0000
vt 0.9576 0.0006 0.0000
vt 0.9680 0.0006 0.0000
vt 0.9576 0.0000 0.0000
vt 0.9680 0.0000 0.0000
vt 0.9483 0.0092 0.0000
vt 0.9483 0.0006 0.0000
vt 0.9483 0.0000 0.0000
vt 0.9792 0.0006 0.0000
vt 0.9792 0.0092 0.0000
vt 0.9908 0.0092 0.0000
vt 0.9792 0.0000 0.0000
vt 0.9792 0.0337 0.0000
vt 0.9680 0.0337 0.0000
vt 0.9908 0.0337 0.0000
vt 0.9576 0.0337 0.0000
vt 0.9483 0.0337 0.0000
vt 0.7207 0.5385 0.0000
vt 0.7207 0.5476 0.0000
vt 0.7173 0.5476 0.0000
vt 0.7173 0.5385 0.0000
vt 0.7141 0.5476 0.0000
vt 0.7141 0.5385 0.0000
vt 0.7207 0.5483 0.0000
vt 0.7173 0.5483 0.0000
vt 0.7141 0.5483 0.0000
vt 0.7173 0.5125 0.0000
vt 0.7207 0.5125 0.0000
vt 0.7141 0.5125 0.0000
vt 0.7246 0.5125 0.0000
vt 0.7246 0.5385 0.0000
vt 0.7292 0.5125 0.0000
vt 0.7292 0.5385 0.0000
vt 0.7246 0.5476 0.0000
vt 0.7246 0.5483 0.0000
vt 0.7292 0.5476 0.0000
vt 0.7292 0.5483 0.0000
vt 0.9339 0.0092 0.0000
vt 0.9280 0.0092 0.0000
vt 0.9280 0.0006 0.0000
vt 0.9339 0.0006 0.0000
vt 0.9280 0.0000 0.0000
vt 0.9339 0.0000 0.0000
vt 0.9225 0.0092 0.0000
vt 0.9225 0.0006 0.0000
vt 0.9405 0.0006 0.0000
vt 0.9405 0.0092 0.0000
vt 0.9405 0.0000 0.0000
vt 0.9405 0.0337 0.0000
vt 0.9339 0.0337 0.0000
vt 0.9280 0.0337 0.0000
vt 0.9225 0.0337 0.0000
vt 0.7411 0.5385 0.0000
vt 0.7411 0.5476 0.0000
vt 0.7348 0.5476 0.0000
vt 0.7348 0.5385 0.0000
vt 0.7411 0.5483 0.0000
vt 0.7348 0.5483 0.0000
vt 0.7348 0.5125 0.0000
vt 0.7411 0.5125 0.0000
vt 0.7479 0.5125 0.0000
vt 0.7479 0.5385 0.0000
vt 0.7479 0.5476 0.0000
vt 0.7479 0.5483 0.0000
vt 0.6216 0.3878 0.0000
vt 0.6216 0.5276 0.0000
vt 0.6063 0.5297 0.0000
vt 0.6063 0.3878 0.0000
vt 0.6063 0.2458 0.0000
vt 0.6216 0.2479 0.0000
vt 0.6370 0.2500 0.0000
vt 0.6370 0.3878 0.0000
vt 0.6523 0.2522 0.0000
vt 0.6523 0.3878 0.0000
vt 0.6370 0.5255 0.0000
vt 0.6523 0.5233 0.0000
vt 0.0158 0.8062 0.0000
vt 0.0158 0.8197 0.0000
vt 0.0100 0.8197 0.0000
vt 0.0100 0.8062 0.0000
vt 0.0055 0.8197 0.0000
vt 0.0055 0.8062 0.0000
vt 0.0100 0.7673 0.0000
vt 0.0158 0.7673 0.0000
vt 0.0100 0.6903 0.0000
vt 0.0158 0.6903 0.0000
vt 0.0055 0.7673 0.0000
vt 0.0055 0.6903 0.0000
vt 0.0224 0.7673 0.0000
vt 0.0224 0.8062 0.0000
vt 0.0294 0.7673 0.0000
vt 0.0294 0.8062 0.0000
vt 0.0224 0.6903 0.0000
vt 0.0294 0.6903 0.0000
vt 0.0224 0.8197 0.0000
vt 0.0294 0.8197 0.0000
vt 0.2312 0.0142 0.0000
vt 0.2200 0.0142 0.0000
vt 0.2200 0.0015 0.0000
vt 0.2312 0.0015 0.0000
vt 0.2085 0.0142 0.0000
vt 0.2085 0.0015 0.0000
vt 0.2416 0.0015 0.0000
vt 0.2416 0.0142 0.0000
vt 0.2509 0.0015 0.0000
vt 0.2509 0.0142 0.0000
vt 0.2416 0.0508 0.0000
vt 0.2312 0.0508 0.0000
vt 0.2416 0.1233 0.0000
vt 0.2312 0.1233 0.0000
vt 0.2509 0.0508 0.0000
vt 0.2509 0.1233 0.0000
vt 0.2200 0.0508 0.0000
vt 0.2085 0.0508 0.0000
vt 0.2200 0.1233 0.0000
vt 0.2085 0.1233 0.0000
vt 0.0431 0.8062 0.0000
vt 0.0431 0.8197 0.0000
vt 0.0364 0.8197 0.0000
vt 0.0364 0.8062 0.0000
vt 0.0364 0.7673 0.0000
vt 0.0431 0.7673 0.0000
vt 0.0364 0.6903 0.0000
vt 0.0431 0.6903 0.0000
vt 0.0494 0.7673 0.0000
vt 0.0494 0.8062 0.0000
vt 0.0550 0.7673 0.0000
vt 0.0550 0.8062 0.0000
vt 0.0494 0.6903 0.0000
vt 0.0550 0.6903 0.0000
vt 0.0494 0.8197 0.0000
vt 0.0550 0.8197 0.0000
vt 0.9917 0.7585 0.0000
vt 0.9922 0.7585 0.0000
vt 0.9922 0.7712 0.0000
vt 0.9917 0.7712 0.0000
vt 0.9926 0.7585 0.0000
vt 0.9926 0.7712 0.0000
vt 0.9913 0.7712 0.0000
vt 0.9913 0.7585 0.0000
vt 0.9908 0.7712 0.0000
vt 0.9908 0.7585 0.0000
vt 0.9913 0.7219 0.0000
vt 0.9917 0.7219 0.0000
vt 0.9913 0.6494 0.0000
vt 0.9917 0.6494 0.0000
vt 0.9908 0.7219 0.0000
vt 0.9908 0.6494 0.0000
vt 0.9922 0.7219 0.0000
vt 0.9926 0.7219 0.0000
vt 0.9922 0.6494 0.0000
vt 0.9926 0.6494 0.0000
vt 0.0011 0.8062 0.0000
vt 0.0011 0.8197 0.0000
vt 0.0003 0.8197 0.0000
vt 0.0003 0.8062 0.0000
vt 0.0000 0.8197 0.0000
vt 0.0000 0.8062 0.0000
vt 0.0003 0.7673 0.0000
vt 0.0011 0.7673 0.0000
vt 0.0003 0.6903 0.0000
vt 0.0011 0.6903 0.0000
vt 0.0000 0.7673 0.0000
vt 0.0000 0.6903 0.0000
vt 0.0027 0.7673 0.0000
vt 0.0027 0.8062 0.0000
vt 0.0027 0.6903 0.0000
vt 0.0027 0.8197 0.0000
vt 0.0635 0.8062 0.0000
vt 0.0635 0.8197 0.0000
vt 0.0596 0.8197 0.0000
vt 0.0596 0.8062 0.0000
vt 0.0596 0.7673 0.0000
vt 0.0635 0.7673 0.0000
vt 0.0596 0.6903 0.0000
vt 0.0635 0.6903 0.0000
vt 0.0669 0.7673 0.0000
vt 0.0669 0.8062 0.0000
vt 0.0701 0.7673 0.0000
vt 0.0701 0.8062 0.0000
vt 0.0669 0.6903 0.0000
vt 0.0701 0.6903 0.0000
vt 0.0669 0.8197 0.0000
vt 0.0701 0.8197 0.0000
vt 0.2653 0.0142 0.0000
vt 0.2587 0.0142 0.0000
vt 0.2587 0.0015 0.0000
vt 0.2653 0.0015 0.0000
vt 0.2712 0.0015 0.0000
vt 0.2712 0.0142 0.0000
vt 0.2767 0.0015 0.0000
vt 0.2767 0.0142 0.0000
vt 0.2712 0.0508 0.0000
vt 0.2653 0.0508 0.0000
vt 0.2712 0.1233 0.0000
vt 0.2654 0.1233 0.0000
vt 0.2767 0.0508 0.0000
vt 0.2767 0.1233 0.0000
vt 0.2587 0.0508 0.0000
vt 0.2587 0.1233 0.0000
vt 0.4437 0.5009 0.0000
vt 0.4437 0.6815 0.0000
vt 0.4318 0.6843 0.0000
vt 0.4318 0.5009 0.0000
vt 0.4199 0.6870 0.0000
vt 0.4199 0.5009 0.0000
vt 0.4437 0.8321 0.0000
vt 0.4318 0.8371 0.0000
vt 0.4318 0.3175 0.0000
vt 0.4437 0.3203 0.0000
vt 0.4199 0.3148 0.0000
vt 0.4556 0.3230 0.0000
vt 0.4556 0.5009 0.0000
vt 0.4675 0.3258 0.0000
vt 0.4675 0.5009 0.0000
vt 0.4556 0.6787 0.0000
vt 0.4556 0.8270 0.0000
vt 0.4675 0.6760 0.0000
vt 0.4675 0.8220 0.0000
vt 0.3961 0.0326 0.0000
vt 0.3961 0.0166 0.0000
vt 0.4080 0.0092 0.0000
vt 0.4080 0.0254 0.0000
vt 0.4080 0.0721 0.0000
vt 0.3961 0.0786 0.0000
vt 0.4080 0.1645 0.0000
vt 0.3961 0.1695 0.0000
vt 0.3842 0.0850 0.0000
vt 0.3842 0.0397 0.0000
vt 0.3723 0.0914 0.0000
vt 0.3723 0.0468 0.0000
vt 0.3842 0.1746 0.0000
vt 0.3723 0.1796 0.0000
vt 0.3842 0.0240 0.0000
vt 0.3723 0.0313 0.0000
vt 0.4437 0.9684 0.0000
vt 0.4437 0.9840 0.0000
vt 0.4318 0.9914 0.0000
vt 0.4318 0.9755 0.0000
vt 0.4318 0.9292 0.0000
vt 0.4437 0.9227 0.0000
vt 0.4556 0.9163 0.0000
vt 0.4556 0.9613 0.0000
vt 0.4675 0.9098 0.0000
vt 0.4675 0.9541 0.0000
vt 0.4556 0.9766 0.0000
vt 0.4675 0.9692 0.0000
vt 0.0158 0.4097 0.0000
vt 0.0158 0.5626 0.0000
vt 0.0100 0.5626 0.0000
vt 0.0100 0.4097 0.0000
vt 0.0055 0.5626 0.0000
vt 0.0055 0.4097 0.0000
vt 0.0100 0.2569 0.0000
vt 0.0158 0.2569 0.0000
vt 0.0055 0.2569 0.0000
vt 0.0224 0.2569 0.0000
vt 0.0224 0.4097 0.0000
vt 0.0294 0.2569 0.0000
vt 0.0294 0.4097 0.0000
vt 0.0224 0.5626 0.0000
vt 0.0294 0.5626 0.0000
vt 0.2312 0.3872 0.0000
vt 0.2200 0.3872 0.0000
vt 0.2200 0.2433 0.0000
vt 0.2312 0.2433 0.0000
vt 0.2085 0.3872 0.0000
vt 0.2085 0.2433 0.0000
vt 0.2416 0.2433 0.0000
vt 0.2416 0.3872 0.0000
vt 0.2509 0.2433 0.0000
vt 0.2509 0.3872 0.0000
vt 0.2416 0.5310 0.0000
vt 0.2312 0.5310 0.0000
vt 0.2509 0.5310 0.0000
vt 0.2200 0.5310 0.0000
vt 0.2085 0.5310 0.0000
vt 0.0431 0.4097 0.0000
vt 0.0431 0.5626 0.0000
vt 0.0364 0.5626 0.0000
vt 0.0364 0.4097 0.0000
vt 0.0364 0.2569 0.0000
vt 0.0431 0.2569 0.0000
vt 0.0494 0.2569 0.0000
vt 0.0494 0.4097 0.0000
vt 0.0550 0.2569 0.0000
vt 0.0550 0.4097 0.0000
vt 0.0494 0.5626 0.0000
vt 0.0550 0.5626 0.0000
vt 0.9917 0.3855 0.0000
vt 0.9922 0.3855 0.0000
vt 0.9922 0.5294 0.0000
vt 0.9917 0.5294 0.0000
vt 0.9926 0.3855 0.0000
vt 0.9926 0.5294 0.0000
vt 0.9913 0.5294 0.0000
vt 0.9913 0.3855 0.0000
vt 0.9908 0.5294 0.0000
vt 0.9908 0.3855 0.0000
vt 0.9913 0.2417 0.0000
vt 0.9917 0.2417 0.0000
vt 0.9908 0.2417 0.0000
vt 0.9922 0.2417 0.0000
vt 0.9926 0.2417 0.0000
vt 0.0011 0.4097 0.0000
vt 0.0011 0.5626 0.0000
vt 0.0003 0.5626 0.0000
vt 0.0003 0.4097 0.0000
vt 0.0000 0.5626 0.0000
vt 0.0000 0.4097 0.0000
vt 0.0003 0.2569 0.0000
vt 0.0011 0.2569 0.0000
vt 0.0000 0.2569 0.0000
vt 0.0027 0.2569 0.0000
vt 0.0027 0.4097 0.0000
vt 0.0027 0.5626 0.0000
vt 0.0635 0.4097 0.0000
vt 0.0635 0.5626 0.0000
vt 0.0596 0.5626 0.0000
vt 0.0596 0.4097 0.0000
vt 0.0596 0.2569 0.0000
vt 0.0635 0.2569 0.0000
vt 0.0669 0.2569 0.0000
vt 0.0669 0.4097 0.0000
vt 0.0701 0.2569 0.0000
vt 0.0701 0.4097 0.0000
vt 0.0669 0.5626 0.0000
vt 0.0701 0.5626 0.0000
vt 0.2654 0.3872 0.0000
vt 0.2587 0.3872 0.0000
vt 0.2587 0.2433 0.0000
vt 0.2654 0.2433 0.0000
vt 0.2712 0.2433 0.0000
vt 0.2712 0.3872 0.0000
vt 0.2767 0.2433 0.0000
vt 0.2767 0.3872 0.0000
vt 0.2712 0.5310 0.0000
vt 0.2654 0.5310 0.0000
vt 0.2767 0.5310 0.0000
vt 0.2587 0.5310 0.0000
vt 0.3961 0.5009 0.0000
vt 0.3961 0.3203 0.0000
vt 0.4080 0.3175 0.0000
vt 0.4080 0.5009 0.0000
vt 0.4080 0.6843 0.0000
vt 0.3961 0.6815 0.0000
vt 0.3842 0.6787 0.0000
vt 0.3842 0.5009 0.0000
vt 0.3723 0.6760 0.0000
vt 0.3723 0.5009 0.0000
vt 0.3842 0.3230 0.0000
vt 0.3723 0.3258 0.0000
vt 0.8385 0.0103 0.0000
vt 0.8385 0.0012 0.0000
vt 0.8442 0.0012 0.0000
vt 0.8442 0.0103 0.0000
vt 0.8488 0.0012 0.0000
vt 0.8488 0.0103 0.0000
vt 0.8442 0.0364 0.0000
vt 0.8385 0.0364 0.0000
vt 0.8442 0.0877 0.0000
vt 0.8385 0.0877 0.0000
vt 0.8488 0.0364 0.0000
vt 0.8488 0.0877 0.0000
vt 0.8319 0.0364 0.0000
vt 0.8319 0.0103 0.0000
vt 0.8249 0.0364 0.0000
vt 0.8249 0.0103 0.0000
vt 0.8319 0.0877 0.0000
vt 0.8249 0.0877 0.0000
vt 0.8319 0.0012 0.0000
vt 0.8249 0.0012 0.0000
vt 0.8998 0.5061 0.0000
vt 0.9110 0.5061 0.0000
vt 0.9110 0.5147 0.0000
vt 0.8998 0.5147 0.0000
vt 0.9225 0.5061 0.0000
vt 0.9225 0.5147 0.0000
vt 0.8893 0.5147 0.0000
vt 0.8893 0.5061 0.0000
vt 0.8801 0.5147 0.0000
vt 0.8801 0.5061 0.0000
vt 0.8893 0.4816 0.0000
vt 0.8998 0.4816 0.0000
vt 0.8893 0.4334 0.0000
vt 0.8998 0.4334 0.0000
vt 0.8801 0.4816 0.0000
vt 0.8801 0.4334 0.0000
vt 0.9110 0.4816 0.0000
vt 0.9225 0.4816 0.0000
vt 0.9110 0.4334 0.0000
vt 0.9225 0.4334 0.0000
vt 0.8112 0.0103 0.0000
vt 0.8112 0.0012 0.0000
vt 0.8179 0.0012 0.0000
vt 0.8179 0.0103 0.0000
vt 0.8179 0.0364 0.0000
vt 0.8112 0.0364 0.0000
vt 0.8179 0.0877 0.0000
vt 0.8112 0.0877 0.0000
vt 0.8049 0.0364 0.0000
vt 0.8049 0.0103 0.0000
vt 0.7993 0.0364 0.0000
vt 0.7993 0.0103 0.0000
vt 0.8049 0.0877 0.0000
vt 0.7993 0.0877 0.0000
vt 0.8049 0.0012 0.0000
vt 0.7993 0.0012 0.0000
vt 0.9953 0.5061 0.0000
vt 0.9958 0.5061 0.0000
vt 0.9958 0.5147 0.0000
vt 0.9953 0.5147 0.0000
vt 0.9962 0.5061 0.0000
vt 0.9962 0.5147 0.0000
vt 0.9949 0.5147 0.0000
vt 0.9949 0.5061 0.0000
vt 0.9944 0.5147 0.0000
vt 0.9944 0.5061 0.0000
vt 0.9949 0.4816 0.0000
vt 0.9953 0.4816 0.0000
vt 0.9949 0.4334 0.0000
vt 0.9953 0.4334 0.0000
vt 0.9944 0.4816 0.0000
vt 0.9944 0.4334 0.0000
vt 0.9958 0.4816 0.0000
vt 0.9962 0.4816 0.0000
vt 0.9958 0.4334 0.0000
vt 0.9962 0.4334 0.0000
vt 0.8532 0.0103 0.0000
vt 0.8532 0.0012 0.0000
vt 0.8539 0.0012 0.0000
vt 0.8539 0.0103 0.0000
vt 0.8543 0.0012 0.0000
vt 0.8543 0.0103 0.0000
vt 0.8539 0.0364 0.0000
vt 0.8532 0.0364 0.0000
vt 0.8539 0.0877 0.0000
vt 0.8532 0.0877 0.0000
vt 0.8543 0.0364 0.0000
vt 0.8543 0.0877 0.0000
vt 0.8516 0.0364 0.0000
vt 0.8516 0.0103 0.0000
vt 0.8516 0.0877 0.0000
vt 0.8516 0.0012 0.0000
vt 0.7908 0.0103 0.0000
vt 0.7908 0.0012 0.0000
vt 0.7947 0.0012 0.0000
vt 0.7947 0.0103 0.0000
vt 0.7947 0.0364 0.0000
vt 0.7908 0.0364 0.0000
vt 0.7947 0.0877 0.0000
vt 0.7908 0.0877 0.0000
vt 0.7874 0.0364 0.0000
vt 0.7874 0.0103 0.0000
vt 0.7842 0.0364 0.0000
vt 0.7842 0.0103 0.0000
vt 0.7874 0.0877 0.0000
vt 0.7842 0.0877 0.0000
vt 0.7874 0.0012 0.0000
vt 0.7842 0.0012 0.0000
vt 0.4984 0.3874 0.0000
vt 0.4984 0.5268 0.0000
vt 0.4830 0.5289 0.0000
vt 0.4830 0.3874 0.0000
vt 0.4677 0.5311 0.0000
vt 0.4677 0.3874 0.0000
vt 0.4984 0.6431 0.0000
vt 0.4830 0.6470 0.0000
vt 0.4677 0.6509 0.0000
vt 0.4830 0.2459 0.0000
vt 0.4984 0.2480 0.0000
vt 0.4677 0.2438 0.0000
vt 0.5137 0.2502 0.0000
vt 0.5137 0.3874 0.0000
vt 0.5291 0.2523 0.0000
vt 0.5291 0.3874 0.0000
vt 0.5137 0.5247 0.0000
vt 0.5137 0.6392 0.0000
vt 0.5291 0.5225 0.0000
vt 0.5291 0.6353 0.0000
vt 0.8656 0.5061 0.0000
vt 0.8723 0.5061 0.0000
vt 0.8723 0.5147 0.0000
vt 0.8656 0.5147 0.0000
vt 0.8598 0.5147 0.0000
vt 0.8598 0.5061 0.0000
vt 0.8543 0.5147 0.0000
vt 0.8543 0.5061 0.0000
vt 0.8598 0.4816 0.0000
vt 0.8656 0.4816 0.0000
vt 0.8598 0.4334 0.0000
vt 0.8656 0.4334 0.0000
vt 0.8543 0.4816 0.0000
vt 0.8543 0.4334 0.0000
vt 0.8723 0.4816 0.0000
vt 0.8723 0.4334 0.0000
vt 0.6834 0.0257 0.0000
vt 0.6834 0.0132 0.0000
vt 0.6988 0.0075 0.0000
vt 0.6988 0.0202 0.0000
vt 0.7141 0.0018 0.0000
vt 0.7141 0.0147 0.0000
vt 0.6988 0.0564 0.0000
vt 0.6834 0.0614 0.0000
vt 0.6988 0.1278 0.0000
vt 0.6834 0.1317 0.0000
vt 0.7141 0.0515 0.0000
vt 0.7141 0.1239 0.0000
vt 0.6681 0.0664 0.0000
vt 0.6681 0.0312 0.0000
vt 0.6527 0.0713 0.0000
vt 0.6527 0.0367 0.0000
vt 0.6681 0.1356 0.0000
vt 0.6527 0.1395 0.0000
vt 0.6681 0.0189 0.0000
vt 0.6527 0.0246 0.0000
vt 0.4984 0.7490 0.0000
vt 0.4984 0.7615 0.0000
vt 0.4830 0.7672 0.0000
vt 0.4830 0.7546 0.0000
vt 0.4677 0.7729 0.0000
vt 0.4677 0.7601 0.0000
vt 0.4830 0.7184 0.0000
vt 0.4984 0.7134 0.0000
vt 0.4677 0.7233 0.0000
vt 0.5137 0.7084 0.0000
vt 0.5137 0.7435 0.0000
vt 0.5291 0.7035 0.0000
vt 0.5291 0.7380 0.0000
vt 0.5138 0.7558 0.0000
vt 0.5291 0.7501 0.0000
vt 0.8385 0.2743 0.0000
vt 0.8385 0.1726 0.0000
vt 0.8442 0.1726 0.0000
vt 0.8442 0.2743 0.0000
vt 0.8488 0.1726 0.0000
vt 0.8488 0.2743 0.0000
vt 0.8442 0.3760 0.0000
vt 0.8385 0.3760 0.0000
vt 0.8488 0.3760 0.0000
vt 0.8319 0.3760 0.0000
vt 0.8319 0.2743 0.0000
vt 0.8249 0.3760 0.0000
vt 0.8249 0.2743 0.0000
vt 0.8319 0.1726 0.0000
vt 0.8249 0.1726 0.0000
vt 0.8998 0.2578 0.0000
vt 0.9110 0.2578 0.0000
vt 0.9110 0.3535 0.0000
vt 0.8998 0.3535 0.0000
vt 0.9225 0.2578 0.0000
vt 0.9225 0.3535 0.0000
vt 0.8893 0.3535 0.0000
vt 0.8893 0.2578 0.0000
vt 0.8801 0.3535 0.0000
vt 0.8801 0.2578 0.0000
vt 0.8893 0.1621 0.0000
vt 0.8998 0.1621 0.0000
vt 0.8801 0.1621 0.0000
vt 0.9110 0.1621 0.0000
vt 0.9225 0.1621 0.0000
vt 0.8112 0.2743 0.0000
vt 0.8112 0.1726 0.0000
vt 0.8179 0.1726 0.0000
vt 0.8179 0.2743 0.0000
vt 0.8179 0.3760 0.0000
vt 0.8112 0.3760 0.0000
vt 0.8049 0.3760 0.0000
vt 0.8049 0.2743 0.0000
vt 0.7993 0.3760 0.0000
vt 0.7993 0.2743 0.0000
vt 0.8049 0.1726 0.0000
vt 0.7993 0.1726 0.0000
vt 0.9953 0.2578 0.0000
vt 0.9958 0.2578 0.0000
vt 0.9958 0.3535 0.0000
vt 0.9953 0.3535 0.0000
vt 0.9962 0.2578 0.0000
vt 0.9962 0.3535 0.0000
vt 0.9949 0.3535 0.0000
vt 0.9949 0.2578 0.0000
vt 0.9944 0.3535 0.0000
vt 0.9944 0.2578 0.0000
vt 0.9949 0.1621 0.0000
vt 0.9953 0.1621 0.0000
vt 0.9944 0.1621 0.0000
vt 0.9958 0.1621 0.0000
vt 0.9962 0.1621 0.0000
vt 0.8532 0.2743 0.0000
vt 0.8532 0.1726 0.0000
vt 0.8539 0.1726 0.0000
vt 0.8539 0.2743 0.0000
vt 0.8543 0.1726 0.0000
vt 0.8543 0.2743 0.0000
vt 0.8539 0.3760 0.0000
vt 0.8532 0.3760 0.0000
vt 0.8543 0.3760 0.0000
vt 0.8516 0.3760 0.0000
vt 0.8516 0.2743 0.0000
vt 0.8516 0.1726 0.0000
vt 0.7908 0.2743 0.0000
vt 0.7908 0.1726 0.0000
vt 0.7947 0.1726 0.0000
vt 0.7947 0.2743 0.0000
vt 0.7947 0.3760 0.0000
vt 0.7908 0.3760 0.0000
vt 0.7874 0.3760 0.0000
vt 0.7874 0.2743 0.0000
vt 0.7842 0.3760 0.0000
vt 0.7842 0.2743 0.0000
vt 0.7874 0.1726 0.0000
vt 0.7842 0.1726 0.0000
vt 0.8656 0.2578 0.0000
vt 0.8723 0.2578 0.0000
vt 0.8723 0.3535 0.0000
vt 0.8656 0.3535 0.0000
vt 0.8598 0.3535 0.0000
vt 0.8598 0.2578 0.0000
vt 0.8543 0.3535 0.0000
vt 0.8543 0.2578 0.0000
vt 0.8598 0.1621 0.0000
vt 0.8656 0.1621 0.0000
vt 0.8543 0.1621 0.0000
vt 0.8723 0.1621 0.0000
vt 0.6834 0.3874 0.0000
vt 0.6834 0.2480 0.0000
vt 0.6988 0.2459 0.0000
vt 0.6988 0.3874 0.0000
vt 0.7141 0.2438 0.0000
vt 0.7141 0.3874 0.0000
vt 0.6988 0.5289 0.0000
vt 0.6834 0.5268 0.0000
vt 0.7141 0.5311 0.0000
vt 0.6681 0.5247 0.0000
vt 0.6681 0.3874 0.0000
vt 0.6527 0.5225 0.0000
vt 0.6527 0.3874 0.0000
vt 0.6681 0.2502 0.0000
vt 0.6527 0.2523 0.0000
vt 0.3483 0.9669 0.0000
vt 0.3483 0.9830 0.0000
vt 0.3364 0.9904 0.0000
vt 0.3364 0.9740 0.0000
vt 0.3245 0.9977 0.0000
vt 0.3245 0.9811 0.0000
vt 0.3364 0.9273 0.0000
vt 0.3483 0.9208 0.0000
vt 0.3245 0.9337 0.0000
vt 0.3602 0.9144 0.0000
vt 0.3602 0.9598 0.0000
vt 0.3721 0.9080 0.0000
vt 0.3721 0.9527 0.0000
vt 0.3602 0.9757 0.0000
vt 0.3721 0.9683 0.0000
vt 0.1515 0.7581 0.0000
vt 0.1582 0.7581 0.0000
vt 0.1582 0.7709 0.0000
vt 0.1515 0.7709 0.0000
vt 0.1659 0.7581 0.0000
vt 0.1659 0.7709 0.0000
vt 0.1457 0.7709 0.0000
vt 0.1457 0.7581 0.0000
vt 0.1402 0.7709 0.0000
vt 0.1402 0.7581 0.0000
vt 0.1457 0.7214 0.0000
vt 0.1515 0.7214 0.0000
vt 0.1402 0.7214 0.0000
vt 0.1582 0.7214 0.0000
vt 0.1659 0.7214 0.0000
vt 0.1336 0.8057 0.0000
vt 0.1336 0.8194 0.0000
vt 0.1297 0.8194 0.0000
vt 0.1297 0.8057 0.0000
vt 0.1250 0.8194 0.0000
vt 0.1250 0.8057 0.0000
vt 0.1297 0.7668 0.0000
vt 0.1336 0.7668 0.0000
vt 0.1250 0.7668 0.0000
vt 0.1370 0.7668 0.0000
vt 0.1370 0.8057 0.0000
vt 0.1402 0.7668 0.0000
vt 0.1402 0.8057 0.0000
vt 0.1370 0.8194 0.0000
vt 0.1402 0.8194 0.0000
vt 0.0712 0.8057 0.0000
vt 0.0712 0.8194 0.0000
vt 0.0704 0.8194 0.0000
vt 0.0704 0.8057 0.0000
vt 0.0701 0.8194 0.0000
vt 0.0701 0.8057 0.0000
vt 0.0704 0.7668 0.0000
vt 0.0712 0.7668 0.0000
vt 0.0701 0.7668 0.0000
vt 0.0728 0.7668 0.0000
vt 0.0728 0.8057 0.0000
vt 0.0756 0.7668 0.0000
vt 0.0756 0.8057 0.0000
vt 0.0728 0.8194 0.0000
vt 0.0756 0.8194 0.0000
vt 0.9935 0.7581 0.0000
vt 0.9940 0.7581 0.0000
vt 0.9940 0.7709 0.0000
vt 0.9935 0.7709 0.0000
vt 0.9944 0.7581 0.0000
vt 0.9944 0.7709 0.0000
vt 0.9931 0.7709 0.0000
vt 0.9931 0.7581 0.0000
vt 0.9926 0.7709 0.0000
vt 0.9926 0.7581 0.0000
vt 0.9931 0.7214 0.0000
vt 0.9935 0.7214 0.0000
vt 0.9926 0.7214 0.0000
vt 0.9940 0.7214 0.0000
vt 0.9944 0.7214 0.0000
vt 0.1132 0.8057 0.0000
vt 0.1132 0.8194 0.0000
vt 0.1064 0.8194 0.0000
vt 0.1064 0.8057 0.0000
vt 0.0994 0.8194 0.0000
vt 0.0994 0.8057 0.0000
vt 0.1064 0.7668 0.0000
vt 0.1132 0.7668 0.0000
vt 0.0994 0.7668 0.0000
vt 0.1195 0.7668 0.0000
vt 0.1195 0.8057 0.0000
vt 0.1195 0.8194 0.0000
vt 0.1857 0.7581 0.0000
vt 0.1969 0.7581 0.0000
vt 0.1969 0.7709 0.0000
vt 0.1857 0.7709 0.0000
vt 0.2084 0.7581 0.0000
vt 0.2084 0.7709 0.0000
vt 0.1752 0.7709 0.0000
vt 0.1752 0.7581 0.0000
vt 0.1752 0.7214 0.0000
vt 0.1857 0.7214 0.0000
vt 0.1969 0.7214 0.0000
vt 0.2084 0.7214 0.0000
vt 0.0859 0.8057 0.0000
vt 0.0859 0.8194 0.0000
vt 0.0801 0.8194 0.0000
vt 0.0801 0.8057 0.0000
vt 0.0801 0.7668 0.0000
vt 0.0859 0.7668 0.0000
vt 0.0924 0.7668 0.0000
vt 0.0924 0.8057 0.0000
vt 0.0924 0.8194 0.0000
vt 0.3005 0.5000 0.0000
vt 0.3005 0.6800 0.0000
vt 0.2886 0.6827 0.0000
vt 0.2886 0.5001 0.0000
vt 0.2767 0.6855 0.0000
vt 0.2767 0.5001 0.0000
vt 0.2886 0.3174 0.0000
vt 0.3005 0.3201 0.0000
vt 0.2767 0.3146 0.0000
vt 0.3124 0.3229 0.0000
vt 0.3124 0.5000 0.0000
vt 0.3243 0.3256 0.0000
vt 0.3243 0.5000 0.0000
vt 0.3124 0.6772 0.0000
vt 0.3243 0.6745 0.0000
# 5729 texture coords

g GreatDane_Frame
usemtl wire_204204204
s off
f 1/1/1 2/2/1 3/3/2 4/4/2 
f 4/4/2 3/3/2 5/5/3 6/6/3 
f 2/2/1 7/7/1 8/8/2 3/3/2 
f 3/3/2 8/8/2 9/9/3 5/5/3 
f 1/1/1 4/4/2 10/10/4 11/11/5 
f 11/11/5 10/10/4 12/12/6 13/13/7 
f 4/4/2 6/6/3 14/14/8 10/10/4 
f 10/10/4 14/14/8 15/15/9 12/12/6 
f 1/1/1 11/11/5 16/16/10 17/17/11 
f 17/17/11 16/16/10 18/18/12 19/19/13 
f 11/11/5 13/13/7 20/20/14 16/16/10 
f 16/16/10 20/20/14 21/21/15 18/18/12 
f 1/1/1 17/17/11 22/22/11 2/2/1 
f 2/2/1 22/22/11 23/23/11 7/7/1 
f 17/17/11 19/19/13 24/24/16 22/22/11 
f 22/22/11 24/24/16 25/25/16 23/23/11 
f 26/26/17 27/27/17 28/28/18 29/29/18 
f 29/29/18 28/28/18 30/30/19 31/31/19 
f 27/27/17 32/32/17 33/33/18 28/28/18 
f 28/28/18 33/33/18 34/34/19 30/30/19 
f 26/26/17 29/29/18 35/35/20 36/36/21 
f 36/36/21 35/35/20 37/37/22 38/38/23 
f 29/29/18 31/31/19 39/39/24 35/35/20 
f 35/35/20 39/39/24 40/40/25 37/37/22 
f 26/26/17 36/36/21 41/41/26 42/42/27 
f 42/42/27 41/41/26 43/43/28 44/44/29 
f 36/36/21 38/38/23 45/45/30 41/41/26 
f 41/41/26 45/45/30 46/46/31 43/43/28 
f 26/26/17 42/42/27 47/47/27 27/27/17 
f 27/27/17 47/47/27 48/48/27 32/32/17 
f 42/42/27 44/44/29 49/49/32 47/47/27 
f 47/47/27 49/49/32 50/50/32 48/48/27 
f 51/51/33 52/52/34 53/53/35 54/54/36 
f 54/54/36 53/53/35 55/55/37 56/56/38 
f 52/52/34 57/57/34 58/58/35 53/53/35 
f 53/53/35 58/58/35 59/59/37 55/55/37 
f 51/51/33 54/54/36 60/60/39 61/61/40 
f 61/61/40 60/60/39 62/62/41 63/63/42 
f 54/54/36 56/56/38 64/64/43 60/60/39 
f 60/60/39 64/64/43 65/65/44 62/62/41 
f 51/51/33 61/61/40 66/66/45 67/67/46 
f 67/67/46 66/66/45 68/68/47 69/69/48 
f 61/61/40 63/63/42 70/70/49 66/66/45 
f 66/66/45 70/70/49 71/71/50 68/68/47 
f 51/51/33 67/67/46 72/72/46 52/52/34 
f 52/52/34 72/72/46 73/73/46 57/57/34 
f 67/67/46 69/69/48 74/74/48 72/72/46 
f 72/72/46 74/74/48 75/75/48 73/73/46 
f 76/76/51 77/77/51 78/78/52 79/79/52 
f 79/79/52 78/78/52 80/80/53 81/81/53 
f 77/77/51 82/82/51 83/83/52 78/78/52 
f 78/78/52 83/83/52 84/84/53 80/80/53 
f 76/76/51 79/79/52 85/85/54 86/86/55 
f 86/86/55 85/85/54 87/87/56 88/88/57 
f 79/79/52 81/81/53 89/89/58 85/85/54 
f 85/85/54 89/89/58 90/90/59 87/87/56 
f 76/76/51 86/86/55 91/91/60 92/92/61 
f 92/92/61 91/91/60 93/93/62 94/94/63 
f 86/86/55 88/88/57 95/95/64 91/91/60 
f 91/91/60 95/95/64 96/96/65 93/93/62 
f 76/76/51 92/92/61 97/97/61 77/77/51 
f 77/77/51 97/97/61 98/98/61 82/82/51 
f 92/92/61 94/94/63 99/99/63 97/97/61 
f 97/97/61 99/99/63 100/100/63 98/98/61 
f 101/101/66 102/102/67 103/103/68 104/104/69 
f 104/104/69 103/103/68 105/105/70 106/106/69 
f 102/102/67 107/107/71 108/108/72 103/103/68 
f 103/103/68 108/108/72 109/109/72 105/105/70 
f 101/101/66 104/104/69 110/110/73 111/111/74 
f 111/111/74 110/110/73 99/112/63 94/113/63 
f 104/104/69 106/106/69 112/114/75 110/110/73 
f 110/110/73 112/114/75 100/115/63 99/112/63 
f 101/101/66 111/111/74 113/116/76 114/117/77 
f 114/117/77 113/116/76 115/118/78 116/119/79 
f 111/111/74 94/113/63 93/120/62 113/116/76 
f 113/116/76 93/120/62 96/121/65 115/118/78 
f 101/101/66 114/117/77 117/122/80 102/102/67 
f 102/102/67 117/122/80 118/123/81 107/107/71 
f 114/117/77 116/119/79 119/124/82 117/122/80 
f 117/122/80 119/124/82 120/125/83 118/123/81 
f 121/126/84 122/127/85 123/128/86 124/129/87 
f 124/129/87 123/128/86 125/130/86 126/131/87 
f 122/127/85 127/132/88 128/133/89 123/128/86 
f 123/128/86 128/133/89 129/134/89 125/130/86 
f 121/126/84 124/129/87 130/135/90 131/136/91 
f 131/136/91 130/135/90 132/137/92 133/138/92 
f 124/129/87 126/131/87 134/139/90 130/135/90 
f 130/135/90 134/139/90 135/140/92 132/137/92 
f 121/126/84 131/136/91 136/141/93 137/142/94 
f 137/142/94 136/141/93 138/143/95 139/144/96 
f 131/136/91 133/138/92 140/145/97 136/141/93 
f 136/141/93 140/145/97 141/146/98 138/143/95 
f 121/126/84 137/142/94 142/147/99 122/127/85 
f 122/127/85 142/147/99 143/148/100 127/132/88 
f 137/142/94 139/144/96 144/149/101 142/147/99 
f 142/147/99 144/149/101 145/150/102 143/148/100 
f 146/151/103 147/152/104 148/153/105 149/154/106 
f 149/154/106 148/153/105 150/155/105 151/156/106 
f 147/152/104 152/157/107 153/158/37 148/153/105 
f 148/153/105 153/158/37 154/159/37 150/155/105 
f 146/151/103 149/154/106 155/160/108 156/161/109 
f 156/161/109 155/160/108 49/162/32 44/163/29 
f 149/154/106 151/156/106 157/164/108 155/160/108 
f 155/160/108 157/164/108 50/165/32 49/162/32 
f 146/151/103 156/161/109 158/166/110 159/167/111 
f 159/167/111 158/166/110 160/168/112 161/169/113 
f 156/161/109 44/163/29 43/170/28 158/166/110 
f 158/166/110 43/170/28 46/171/31 160/168/112 
f 146/151/103 159/167/111 162/172/114 147/152/104 
f 147/152/104 162/172/114 163/173/115 152/157/107 
f 159/167/111 161/169/113 164/174/116 162/172/114 
f 162/172/114 164/174/116 165/175/117 163/173/115 
f 166/176/118 167/177/118 168/178/119 169/179/119 
f 169/179/119 168/178/119 74/180/48 69/181/48 
f 167/177/118 170/182/118 171/183/119 168/178/119 
f 168/178/119 171/183/119 75/184/48 74/180/48 
f 166/176/118 169/179/119 172/185/119 173/186/120 
f 173/186/120 172/185/119 174/187/121 175/188/122 
f 169/179/119 69/181/48 68/189/47 172/185/119 
f 172/185/119 68/189/47 71/190/50 174/187/121 
f 166/176/118 173/186/120 176/191/123 177/192/124 
f 177/192/124 176/191/123 140/193/97 133/194/92 
f 173/186/120 175/188/122 178/195/125 176/191/123 
f 176/191/123 178/195/125 141/196/98 140/193/97 
f 166/176/118 177/192/124 179/197/124 167/177/118 
f 167/177/118 179/197/124 180/198/124 170/182/118 
f 177/192/124 133/194/92 132/199/92 179/197/124 
f 179/197/124 132/199/92 135/200/92 180/198/124 
f 181/201/126 182/202/126 183/203/127 184/204/127 
f 184/204/127 183/203/127 185/205/128 186/206/128 
f 182/202/126 187/207/126 188/208/127 183/203/127 
f 183/203/127 188/208/127 189/209/128 185/205/128 
f 181/201/126 184/204/127 190/210/129 191/211/130 
f 191/211/130 190/210/129 192/212/131 193/213/130 
f 184/204/127 186/206/128 194/214/132 190/210/129 
f 190/210/129 194/214/132 195/215/133 192/212/131 
f 181/201/126 191/211/130 196/216/134 197/217/135 
f 197/217/135 196/216/134 198/218/136 199/219/137 
f 191/211/130 193/213/130 200/220/138 196/216/134 
f 196/216/134 200/220/138 201/221/139 198/218/136 
f 181/201/126 197/217/135 202/222/135 182/202/126 
f 182/202/126 202/222/135 203/223/135 187/207/126 
f 197/217/135 199/219/137 204/224/137 202/222/135 
f 202/222/135 204/224/137 205/225/137 203/223/135 
f 206/226/140 207/227/141 208/228/142 209/229/143 
f 209/229/143 208/228/142 210/230/89 211/231/144 
f 207/227/141 212/232/141 213/233/142 208/228/142 
f 208/228/142 213/233/142 214/234/89 210/230/89 
f 206/226/140 209/229/143 215/235/145 216/236/146 
f 216/236/146 215/235/145 217/237/147 218/238/148 
f 209/229/143 211/231/144 219/239/149 215/235/145 
f 215/235/145 219/239/149 220/240/150 217/237/147 
f 206/226/140 216/236/146 221/241/151 222/242/152 
f 222/242/152 221/241/151 39/243/24 31/244/19 
f 216/236/146 218/238/148 223/245/153 221/241/151 
f 221/241/151 223/245/153 40/246/25 39/243/24 
f 206/226/140 222/242/152 224/247/154 207/227/141 
f 207/227/141 224/247/154 225/248/154 212/232/141 
f 222/242/152 31/244/19 30/249/19 224/247/154 
f 224/247/154 30/249/19 34/250/19 225/248/154 
f 226/251/155 227/252/155 228/253/156 229/254/156 
f 229/254/156 228/253/156 230/255/157 231/256/157 
f 227/252/155 232/257/155 233/258/156 228/253/156 
f 228/253/156 233/258/156 234/259/157 230/255/157 
f 226/251/155 229/254/156 235/260/156 236/261/155 
f 236/261/155 235/260/156 237/262/158 238/263/155 
f 229/254/156 231/256/157 239/264/159 235/260/156 
f 235/260/156 239/264/159 240/265/160 237/262/158 
f 226/251/155 236/261/155 241/266/161 242/267/162 
f 242/267/162 241/266/161 243/268/163 244/269/164 
f 236/261/155 238/263/155 245/270/165 241/266/161 
f 241/266/161 245/270/165 246/271/166 243/268/163 
f 226/251/155 242/267/162 247/272/162 227/252/155 
f 227/252/155 247/272/162 248/273/162 232/257/155 
f 242/267/162 244/269/164 249/274/164 247/272/162 
f 247/272/162 249/274/164 250/275/164 248/273/162 
f 251/276/167 252/277/168 253/278/169 254/279/170 
f 254/279/170 253/278/169 255/280/171 256/281/172 
f 252/277/168 257/282/168 258/283/173 253/278/169 
f 253/278/169 258/283/173 259/284/171 255/280/171 
f 251/276/167 254/279/170 260/285/174 261/286/175 
f 261/286/175 260/285/174 262/287/176 263/288/177 
f 254/279/170 256/281/172 264/289/178 260/285/174 
f 260/285/174 264/289/178 265/290/179 262/287/176 
f 251/276/167 261/286/175 266/291/180 267/292/181 
f 267/292/181 266/291/180 89/293/58 81/294/53 
f 261/286/175 263/288/177 268/295/182 266/291/180 
f 266/291/180 268/295/182 90/121/59 89/293/58 
f 251/276/167 267/292/181 269/296/183 252/277/168 
f 252/277/168 269/296/183 270/297/183 257/282/168 
f 267/292/181 81/294/53 80/298/53 269/296/183 
f 269/296/183 80/298/53 84/299/53 270/297/183 
f 271/300/184 272/301/184 273/302/185 274/303/185 
f 274/303/185 273/302/185 275/304/186 276/305/187 
f 272/301/184 277/306/184 278/307/185 273/302/185 
f 273/302/185 278/307/185 279/308/186 275/304/186 
f 271/300/184 274/303/185 280/309/188 281/310/189 
f 281/310/189 280/309/188 282/311/190 283/312/191 
f 274/303/185 276/305/187 284/313/192 280/309/188 
f 280/309/188 284/313/192 285/314/193 282/311/190 
f 271/300/184 281/310/189 286/315/194 287/316/195 
f 287/316/195 286/315/194 288/317/196 289/318/197 
f 281/310/189 283/312/191 290/319/198 286/315/194 
f 286/315/194 290/319/198 291/320/199 288/317/196 
f 271/300/184 287/316/195 292/321/195 272/301/184 
f 272/301/184 292/321/195 293/322/195 277/306/184 
f 287/316/195 289/318/197 294/323/200 292/321/195 
f 292/321/195 294/323/200 295/324/200 293/322/195 
f 296/325/201 297/326/202 298/327/203 299/328/204 
f 299/328/204 298/327/203 300/329/203 301/330/204 
f 297/326/202 302/331/172 303/332/171 298/327/203 
f 298/327/203 303/332/171 304/333/171 300/329/203 
f 296/325/201 299/328/204 305/334/205 306/335/206 
f 306/335/206 305/334/205 24/336/16 19/337/13 
f 299/328/204 301/330/204 307/338/207 305/334/205 
f 305/334/205 307/338/207 25/339/16 24/336/16 
f 296/325/201 306/335/206 308/340/208 309/341/209 
f 309/341/209 308/340/208 310/342/210 311/343/211 
f 306/335/206 19/337/13 18/344/12 308/340/208 
f 308/340/208 18/344/12 21/345/15 310/342/210 
f 296/325/201 309/341/209 312/346/212 297/326/202 
f 297/326/202 312/346/212 313/347/213 302/331/172 
f 309/341/209 311/343/211 314/348/214 312/346/212 
f 312/346/212 314/348/214 315/349/215 313/347/213 
f 316/350/216 317/351/216 318/352/217 319/353/217 
f 319/353/217 318/352/217 320/354/218 321/355/218 
f 317/351/216 322/356/216 323/357/217 318/352/217 
f 318/352/217 323/357/217 324/358/218 320/354/218 
f 316/350/216 319/353/217 325/359/217 326/360/216 
f 326/360/216 325/359/217 327/361/219 328/362/220 
f 319/353/217 321/355/218 329/363/221 325/359/217 
f 325/359/217 329/363/221 330/364/222 327/361/219 
f 316/350/216 326/360/216 331/365/223 332/366/224 
f 332/366/224 331/365/223 333/367/225 334/368/226 
f 326/360/216 328/362/220 335/369/227 331/365/223 
f 331/365/223 335/369/227 336/370/228 333/367/225 
f 316/350/216 332/366/224 337/371/224 317/351/216 
f 317/351/216 337/371/224 338/372/224 322/356/216 
f 332/366/224 334/368/226 339/373/226 337/371/224 
f 337/371/224 339/373/226 340/374/226 338/372/224 
f 341/375/229 342/376/230 343/376/231 344/375/232 
f 344/375/232 343/376/231 345/377/233 346/378/234 
f 342/376/230 347/379/235 348/379/236 343/376/231 
f 343/376/231 348/379/236 349/380/237 345/377/233 
f 341/375/229 344/375/232 350/381/238 351/381/239 
f 351/381/239 350/381/238 352/382/240 353/382/241 
f 344/375/232 346/378/234 354/383/242 350/381/238 
f 350/381/238 354/383/242 355/384/243 352/382/240 
f 341/375/229 351/381/239 356/385/244 357/386/245 
f 357/386/245 356/385/244 358/385/246 359/386/247 
f 351/381/239 353/382/241 360/387/248 356/385/244 
f 356/385/244 360/387/248 361/387/249 358/385/246 
f 341/375/229 357/386/245 362/388/250 342/376/230 
f 342/376/230 362/388/250 363/389/251 347/379/235 
f 357/386/245 359/386/247 364/388/252 362/388/250 
f 362/388/250 364/388/252 365/389/253 363/389/251 
f 366/390/254 367/391/255 368/391/256 369/390/257 
f 369/390/257 368/391/256 370/391/258 371/390/259 
f 367/391/255 372/392/260 373/392/261 368/391/256 
f 368/391/256 373/392/261 374/392/262 370/391/258 
f 366/390/254 369/390/257 375/393/263 376/393/264 
f 376/393/264 375/393/263 377/394/265 378/394/266 
f 369/390/257 371/390/259 379/393/267 375/393/263 
f 375/393/263 379/393/267 380/394/268 377/394/265 
f 366/390/254 376/393/264 381/395/269 382/396/270 
f 382/396/270 381/395/269 383/395/271 384/396/272 
f 376/393/264 378/394/266 385/397/273 381/395/269 
f 381/395/269 385/397/273 386/397/274 383/395/271 
f 366/390/254 382/396/270 387/398/275 367/391/255 
f 367/391/255 387/398/275 388/399/276 372/392/260 
f 382/396/270 384/396/272 389/398/277 387/398/275 
f 387/398/275 389/398/277 390/399/278 388/399/276 
f 391/400/279 392/401/280 393/401/281 394/400/282 
f 394/400/282 393/401/281 395/402/283 396/403/284 
f 392/401/280 397/404/285 398/404/286 393/401/281 
f 393/401/281 398/404/286 399/405/287 395/402/283 
f 391/400/279 394/400/282 400/406/288 401/406/289 
f 401/406/289 400/406/288 402/407/290 403/407/291 
f 394/400/282 396/403/284 404/408/292 400/406/288 
f 400/406/288 404/408/292 405/409/293 402/407/290 
f 391/400/279 401/406/289 406/410/294 407/411/295 
f 407/411/295 406/410/294 408/410/296 409/411/297 
f 401/406/289 403/407/291 410/412/298 406/410/294 
f 406/410/294 410/412/298 411/412/299 408/410/296 
f 391/400/279 407/411/295 412/413/300 392/401/280 
f 392/401/280 412/413/300 413/414/301 397/404/285 
f 407/411/295 409/411/297 414/413/302 412/413/300 
f 412/413/300 414/413/302 415/414/303 413/414/301 
f 416/415/304 417/416/305 418/417/306 419/418/307 
f 419/418/307 418/417/306 420/417/308 421/418/309 
f 417/416/305 422/419/310 423/420/311 418/417/306 
f 418/417/306 423/420/311 424/420/312 420/417/308 
f 416/415/304 419/418/307 425/421/313 426/422/314 
f 426/422/314 425/421/313 427/423/315 428/424/316 
f 419/418/307 421/418/309 429/421/317 425/421/313 
f 425/421/313 429/421/317 430/423/318 427/423/315 
f 416/415/304 426/422/314 431/422/319 432/415/320 
f 432/415/320 431/422/319 433/425/321 434/426/322 
f 426/422/314 428/424/316 435/424/323 431/422/319 
f 431/422/319 435/424/323 436/427/324 433/425/321 
f 416/415/304 432/415/320 437/416/325 417/416/305 
f 417/416/305 437/416/325 438/419/326 422/419/310 
f 432/415/320 434/426/322 439/428/327 437/416/325 
f 437/416/325 439/428/327 440/429/328 438/419/326 
f 441/430/329 442/431/330 443/431/331 444/430/332 
f 444/430/332 443/431/331 445/432/333 446/433/334 
f 442/431/330 447/434/335 448/434/336 443/431/331 
f 443/431/331 448/434/336 449/435/312 445/432/333 
f 441/430/329 444/430/332 450/436/337 451/436/338 
f 451/436/338 450/436/337 452/437/339 453/437/340 
f 444/430/332 446/433/334 454/438/341 450/436/337 
f 450/436/337 454/438/341 455/439/342 452/437/339 
f 441/430/329 451/436/338 456/436/343 457/430/344 
f 457/430/344 456/436/343 458/440/345 459/441/346 
f 451/436/338 453/437/340 460/437/347 456/436/343 
f 456/436/343 460/437/347 461/442/348 458/440/345 
f 441/430/329 457/430/344 462/431/349 442/431/330 
f 442/431/330 462/431/349 463/434/350 447/434/335 
f 457/430/344 459/441/346 464/443/351 462/431/349 
f 462/431/349 464/443/351 465/444/352 463/434/350 
f 466/445/353 467/446/354 468/446/355 469/445/356 
f 469/445/356 468/446/355 470/447/357 471/448/358 
f 467/446/354 472/449/359 473/449/360 468/446/355 
f 468/446/355 473/449/360 474/450/361 470/447/357 
f 466/445/353 469/445/356 475/451/362 476/451/363 
f 476/451/363 475/451/362 477/452/364 478/452/365 
f 469/445/356 471/448/358 479/453/366 475/451/362 
f 475/451/362 479/453/366 480/454/367 477/452/364 
f 466/445/353 476/451/363 481/451/368 482/445/369 
f 482/445/369 481/451/368 483/455/370 484/456/371 
f 476/451/363 478/452/365 485/452/372 481/451/368 
f 481/451/368 485/452/372 486/457/373 483/455/370 
f 466/445/353 482/445/369 487/446/374 467/446/354 
f 467/446/354 487/446/374 488/449/375 472/449/359 
f 482/445/369 484/456/371 489/458/376 487/446/374 
f 487/446/374 489/458/376 490/459/377 488/449/375 
f 491/460/378 492/461/379 493/461/380 494/460/381 
f 494/460/381 493/461/380 495/462/382 496/463/383 
f 492/461/379 497/452/384 498/452/385 493/461/380 
f 493/461/380 498/452/385 499/454/386 495/462/382 
f 491/460/378 494/460/381 500/464/387 501/464/388 
f 501/464/388 500/464/387 502/465/389 503/465/390 
f 494/460/381 496/463/383 504/466/391 500/464/387 
f 500/464/387 504/466/391 505/467/392 502/465/389 
f 491/460/378 501/464/388 506/464/393 507/460/394 
f 507/460/394 506/464/393 508/468/395 509/469/396 
f 501/464/388 503/465/390 510/465/397 506/464/393 
f 506/464/393 510/465/397 511/470/398 508/468/395 
f 491/460/378 507/460/394 512/461/399 492/461/379 
f 492/461/379 512/461/399 513/452/400 497/452/384 
f 507/460/394 509/469/396 514/471/401 512/461/399 
f 512/461/399 514/471/401 515/457/402 513/452/400 
f 516/472/403 517/473/404 518/473/405 519/472/406 
f 519/472/406 518/473/405 520/474/407 521/475/408 
f 517/473/404 522/476/409 523/476/410 518/473/405 
f 518/473/405 523/476/410 524/477/411 520/474/407 
f 516/472/403 519/472/406 525/478/412 526/478/413 
f 526/478/413 525/478/412 527/479/414 528/479/415 
f 519/472/406 521/475/408 529/480/416 525/478/412 
f 525/478/412 529/480/416 530/481/417 527/479/414 
f 516/472/403 526/478/413 531/482/418 532/483/419 
f 532/483/419 531/482/418 533/482/420 534/483/421 
f 526/478/413 528/479/415 535/484/422 531/482/418 
f 531/482/418 535/484/422 536/484/423 533/482/420 
f 516/472/403 532/483/419 537/485/424 517/473/404 
f 517/473/404 537/485/424 538/486/425 522/476/409 
f 532/483/419 534/483/421 539/485/426 537/485/424 
f 537/485/424 539/485/426 540/486/427 538/486/425 
f 541/487/428 542/488/429 543/489/430 544/487/431 
f 544/487/431 543/489/430 545/490/432 546/491/433 
f 542/488/429 547/492/434 548/493/435 543/489/430 
f 543/489/430 548/493/435 549/494/436 545/490/432 
f 541/487/428 544/487/431 550/495/437 551/495/438 
f 551/495/438 550/495/437 552/496/439 553/496/440 
f 544/487/431 546/491/433 554/497/441 550/495/437 
f 550/495/437 554/497/441 555/498/442 552/496/439 
f 541/487/428 551/495/438 556/495/443 557/499/444 
f 557/499/444 556/495/443 558/495/445 559/499/446 
f 551/495/438 553/496/440 560/498/447 556/495/443 
f 556/495/443 560/498/447 561/500/448 558/495/445 
f 541/487/428 557/499/444 562/501/449 542/488/429 
f 542/488/429 562/501/449 563/502/450 547/492/434 
f 557/499/444 559/499/446 564/503/451 562/501/449 
f 562/501/449 564/503/451 565/502/452 563/502/450 
f 566/504/453 567/505/454 568/506/455 569/507/456 
f 569/507/456 568/506/455 570/506/457 571/507/458 
f 567/505/454 528/508/415 527/509/414 568/506/455 
f 568/506/455 527/509/414 530/509/417 570/506/457 
f 566/504/453 569/507/456 572/510/459 573/510/460 
f 573/510/460 572/510/459 435/511/323 428/511/316 
f 569/507/456 571/507/458 574/512/461 572/510/459 
f 572/510/459 574/512/461 436/513/324 435/511/323 
f 566/504/453 573/510/460 575/514/462 576/515/463 
f 576/515/463 575/514/462 577/514/464 578/515/465 
f 573/510/460 428/511/316 427/516/315 575/514/462 
f 575/514/462 427/516/315 430/517/318 577/514/464 
f 566/504/453 576/515/463 579/518/466 567/505/454 
f 567/505/454 579/518/466 535/508/422 528/508/415 
f 576/515/463 578/515/465 580/518/467 579/518/466 
f 579/518/466 580/518/467 536/519/423 535/508/422 
f 581/520/468 582/521/469 583/522/470 584/523/471 
f 584/523/471 583/522/470 585/522/472 586/524/473 
f 582/521/469 587/525/474 588/525/475 583/522/470 
f 583/522/470 588/525/475 589/525/476 585/522/472 
f 581/520/468 584/523/471 590/526/477 591/527/478 
f 591/527/478 590/526/477 592/528/479 593/528/480 
f 584/523/471 586/524/473 594/526/481 590/526/477 
f 590/526/477 594/526/481 595/529/482 592/528/479 
f 581/520/468 591/527/478 596/527/483 597/530/484 
f 597/530/484 596/527/483 598/531/485 599/530/486 
f 591/527/478 593/528/480 600/532/487 596/527/483 
f 596/527/483 600/532/487 601/533/488 598/531/485 
f 581/520/468 597/530/484 602/534/489 582/521/469 
f 582/521/469 602/534/489 603/525/490 587/525/474 
f 597/530/484 599/530/486 604/534/491 602/534/489 
f 602/534/489 604/534/491 605/535/492 603/525/490 
f 606/536/493 607/537/494 608/537/495 609/538/496 
f 609/538/496 608/537/495 610/539/497 611/538/498 
f 607/537/494 612/540/499 613/540/500 608/537/495 
f 608/537/495 613/540/500 614/541/501 610/539/497 
f 606/536/493 609/538/496 615/542/502 616/543/503 
f 616/543/503 615/542/502 617/544/504 618/545/505 
f 609/538/496 611/538/498 619/546/506 615/542/502 
f 615/542/502 619/546/506 620/547/507 617/544/504 
f 606/536/493 616/543/503 621/543/508 622/536/509 
f 622/536/509 621/543/508 623/543/510 624/536/511 
f 616/543/503 618/545/505 625/545/512 621/543/508 
f 621/543/508 625/545/512 626/545/513 623/543/510 
f 606/536/493 622/536/509 627/548/514 607/537/494 
f 607/537/494 627/548/514 628/549/515 612/540/499 
f 622/536/509 624/536/511 629/550/516 627/548/514 
f 627/548/514 629/550/516 630/551/517 628/549/515 
f 631/552/518 632/553/519 633/553/520 634/552/521 
f 634/552/521 633/553/520 635/554/522 636/555/523 
f 632/553/519 478/556/365 477/556/364 633/553/520 
f 633/553/520 477/556/364 480/557/367 635/554/522 
f 631/552/518 634/552/521 637/558/524 638/559/525 
f 638/559/525 637/558/524 385/560/273 378/561/266 
f 634/552/521 636/555/523 639/562/526 637/558/524 
f 637/558/524 639/562/526 386/563/274 385/560/273 
f 631/552/518 638/559/525 640/564/527 641/565/528 
f 641/565/528 640/564/527 642/564/529 643/565/530 
f 638/559/525 378/561/266 377/566/265 640/564/527 
f 640/564/527 377/566/265 380/566/268 642/564/529 
f 631/552/518 641/565/528 644/553/531 632/553/519 
f 632/553/519 644/553/531 485/557/372 478/556/365 
f 641/565/528 643/565/530 645/553/532 644/553/531 
f 644/553/531 645/553/532 486/567/373 485/557/372 
f 646/568/533 647/569/534 648/569/535 649/570/536 
f 649/570/536 648/569/535 650/569/537 651/570/538 
f 647/569/534 652/571/539 653/572/540 648/569/535 
f 648/569/535 653/572/540 654/572/541 650/569/537 
f 646/568/533 649/570/536 655/573/542 656/573/543 
f 656/573/543 655/573/542 657/574/544 658/575/545 
f 649/570/536 651/570/538 659/573/546 655/573/542 
f 655/573/542 659/573/546 660/574/547 657/574/544 
f 646/568/533 656/573/543 661/576/548 662/568/549 
f 662/568/549 661/576/548 663/577/550 664/578/551 
f 656/573/543 658/575/545 665/579/552 661/576/548 
f 661/576/548 665/579/552 666/580/553 663/577/550 
f 646/568/533 662/568/549 667/581/554 647/569/534 
f 647/569/534 667/581/554 668/571/555 652/571/539 
f 662/568/549 664/578/551 669/581/556 667/581/554 
f 667/581/554 669/581/556 670/582/557 668/571/555 
f 671/583/558 672/584/559 673/584/560 674/585/561 
f 674/585/561 673/584/560 675/586/562 676/585/563 
f 672/584/559 353/587/241 352/588/240 673/584/560 
f 673/584/560 352/588/240 355/588/243 675/586/562 
f 671/583/558 674/585/561 677/589/564 678/589/565 
f 678/589/565 677/589/564 460/590/347 453/591/340 
f 674/585/561 676/585/563 679/589/566 677/589/564 
f 677/589/564 679/589/566 461/590/348 460/590/347 
f 671/583/558 678/589/565 680/592/567 681/583/568 
f 681/583/568 680/592/567 682/592/569 683/593/570 
f 678/589/565 453/591/340 452/591/339 680/592/567 
f 680/592/567 452/591/339 455/594/342 682/592/569 
f 671/583/558 681/583/568 684/595/571 672/584/559 
f 672/584/559 684/595/571 360/596/248 353/587/241 
f 681/583/568 683/593/570 685/597/572 684/595/571 
f 684/595/571 685/597/572 361/598/249 360/596/248 
f 686/599/573 687/600/574 688/601/575 689/602/576 
f 689/602/576 688/601/575 690/601/577 691/603/578 
f 687/600/574 403/604/291 402/604/290 688/601/575 
f 688/601/575 402/604/290 405/605/293 690/601/577 
f 686/599/573 689/602/576 692/606/579 693/607/580 
f 693/607/580 692/606/579 510/608/397 503/608/390 
f 689/602/576 691/603/578 694/606/581 692/606/579 
f 692/606/579 694/606/581 511/609/398 510/608/397 
f 686/599/573 693/607/580 695/610/582 696/611/583 
f 696/611/583 695/610/582 697/610/584 698/611/585 
f 693/607/580 503/608/390 502/608/389 695/610/582 
f 695/610/582 502/608/389 505/612/392 697/610/584 
f 686/599/573 696/611/583 699/600/586 687/600/574 
f 687/600/574 699/600/586 410/613/298 403/604/291 
f 696/611/583 698/611/585 700/614/587 699/600/586 
f 699/600/586 700/614/587 411/615/299 410/613/298 
f 701/616/588 702/617/589 703/618/590 704/619/591 
f 704/619/591 703/618/590 705/620/72 706/621/71 
f 702/617/589 707/622/589 708/623/590 703/618/590 
f 703/618/590 708/623/590 709/624/72 705/620/72 
f 701/616/588 704/619/591 710/625/592 711/626/593 
f 711/626/593 710/625/592 712/627/594 713/628/595 
f 704/619/591 706/621/71 714/629/596 710/625/592 
f 710/625/592 714/629/596 715/630/597 712/627/594 
f 701/616/588 711/626/593 716/631/598 717/632/599 
f 717/632/599 716/631/598 14/633/8 6/634/3 
f 711/626/593 713/628/595 718/635/600 716/631/598 
f 716/631/598 718/635/600 15/636/9 14/633/8 
f 701/616/588 717/632/599 719/637/601 702/617/589 
f 702/617/589 719/637/601 720/638/601 707/622/589 
f 717/632/599 6/634/3 5/639/3 719/637/601 
f 719/637/601 5/639/3 9/640/3 720/638/601 
f 721/641/602 722/642/603 723/643/604 724/644/605 
f 724/644/605 723/643/604 725/643/606 726/644/607 
f 722/642/603 727/645/608 728/646/609 723/643/604 
f 723/643/604 728/646/609 729/646/610 725/643/606 
f 721/641/602 724/644/605 730/647/611 731/648/612 
f 731/648/612 730/647/611 732/649/613 733/650/614 
f 724/644/605 726/644/607 734/647/615 730/647/611 
f 730/647/611 734/647/615 735/649/616 732/649/613 
f 721/641/602 731/648/612 736/651/617 737/652/618 
f 737/652/618 736/651/617 738/653/619 739/654/620 
f 731/648/612 733/650/614 740/655/621 736/651/617 
f 736/651/617 740/655/621 240/656/160 738/653/619 
f 721/641/602 737/652/618 741/657/622 722/642/603 
f 722/642/603 741/657/622 742/658/623 727/645/608 
f 737/652/618 739/654/620 743/659/624 741/657/622 
f 741/657/622 743/659/624 744/660/625 742/658/623 
f 745/661/626 746/662/627 747/663/628 748/664/629 
f 748/664/629 747/663/628 749/665/630 750/666/631 
f 746/662/627 751/667/632 752/668/633 747/663/628 
f 747/663/628 752/668/633 753/669/634 749/665/630 
f 745/661/626 748/664/629 754/670/635 755/671/636 
f 755/671/636 754/670/635 756/672/637 757/673/638 
f 748/664/629 750/666/631 758/674/639 754/670/635 
f 754/670/635 758/674/639 759/675/640 756/672/637 
f 745/661/626 755/671/636 760/671/641 761/661/642 
f 761/661/642 760/671/641 762/676/643 763/677/644 
f 755/671/636 757/673/638 764/673/645 760/671/641 
f 760/671/641 764/673/645 285/678/193 762/676/643 
f 745/661/626 761/661/642 765/662/646 746/662/627 
f 746/662/627 765/662/646 766/667/647 751/667/632 
f 761/661/642 763/677/644 767/679/648 765/662/646 
f 765/662/646 767/679/648 768/680/649 766/667/647 
f 769/681/650 770/682/651 771/683/652 772/684/653 
f 772/684/653 771/683/652 773/685/654 774/686/655 
f 770/682/651 775/687/656 776/688/657 771/683/652 
f 771/683/652 776/688/657 777/689/658 773/685/654 
f 769/681/650 772/684/653 778/690/659 779/691/660 
f 779/691/660 778/690/659 780/692/661 781/693/662 
f 772/684/653 774/686/655 782/694/663 778/690/659 
f 778/690/659 782/694/663 783/695/664 780/692/661 
f 769/681/650 779/691/660 784/691/665 785/681/666 
f 785/681/666 784/691/665 268/696/182 263/697/177 
f 779/691/660 781/693/662 786/693/667 784/691/665 
f 784/691/665 786/693/667 90/698/59 268/696/182 
f 769/681/650 785/681/666 787/682/668 770/682/651 
f 770/682/651 787/682/668 788/687/669 775/687/656 
f 785/681/666 263/697/177 262/699/176 787/682/668 
f 787/682/668 262/699/176 265/700/179 788/687/669 
f 789/701/670 790/702/671 791/703/672 792/704/673 
f 792/704/673 791/703/672 793/703/674 794/704/675 
f 790/702/671 795/705/676 796/706/677 791/703/672 
f 791/703/672 796/706/677 797/706/678 793/703/674 
f 789/701/670 792/704/673 798/707/679 799/708/680 
f 799/708/680 798/707/679 800/709/681 801/710/682 
f 792/704/673 794/704/675 802/707/683 798/707/679 
f 798/707/679 802/707/683 803/709/684 800/709/681 
f 789/701/670 799/708/680 804/711/685 805/712/686 
f 805/712/686 804/711/685 70/70/49 63/63/42 
f 799/708/680 801/710/682 806/713/687 804/711/685 
f 804/711/685 806/713/687 71/71/50 70/70/49 
f 789/701/670 805/712/686 807/714/688 790/702/671 
f 790/702/671 807/714/688 808/715/689 795/705/676 
f 805/712/686 63/63/42 62/62/41 807/714/688 
f 807/714/688 62/62/41 65/65/44 808/715/689 
f 809/716/690 810/717/691 811/718/692 812/719/693 
f 812/719/693 811/718/692 813/718/694 814/719/695 
f 810/717/691 815/720/696 816/721/697 811/718/692 
f 811/718/692 816/721/697 817/721/698 813/718/694 
f 809/716/690 812/719/693 818/722/699 819/723/700 
f 819/723/700 818/722/699 820/724/701 821/725/702 
f 812/719/693 814/719/695 822/722/703 818/722/699 
f 818/722/699 822/722/703 823/724/704 820/724/701 
f 809/716/690 819/723/700 824/723/705 825/716/706 
f 825/716/706 824/723/705 718/726/600 713/727/595 
f 819/723/700 821/725/702 826/725/707 824/723/705 
f 824/723/705 826/725/707 15/728/9 718/726/600 
f 809/716/690 825/716/706 827/717/708 810/717/691 
f 810/717/691 827/717/708 828/720/709 815/720/696 
f 825/716/706 713/727/595 712/729/594 827/717/708 
f 827/717/708 712/729/594 715/730/597 828/720/709 
f 829/731/710 830/732/711 831/733/712 832/734/713 
f 832/734/713 831/733/712 833/733/714 834/734/715 
f 830/732/711 835/735/716 836/736/717 831/733/712 
f 831/733/712 836/736/717 837/736/718 833/733/714 
f 829/731/710 832/734/713 838/737/719 839/738/720 
f 839/738/720 838/737/719 840/171/721 841/739/722 
f 832/734/713 834/734/715 842/737/723 838/737/719 
f 838/737/719 842/737/723 843/171/724 840/171/721 
f 829/731/710 839/738/720 844/740/725 845/741/726 
f 845/741/726 844/740/725 846/742/727 847/743/728 
f 839/738/720 841/739/722 848/744/729 844/740/725 
f 844/740/725 848/744/729 195/745/133 846/742/727 
f 829/731/710 845/741/726 849/746/730 830/732/711 
f 830/732/711 849/746/730 850/747/731 835/735/716 
f 845/741/726 847/743/728 851/748/732 849/746/730 
f 849/746/730 851/748/732 852/749/733 850/747/731 
f 853/750/734 854/751/735 855/752/736 856/753/737 
f 856/753/737 855/752/736 857/752/738 858/753/739 
f 854/751/735 859/754/740 860/755/741 855/752/736 
f 855/752/736 860/755/741 861/755/742 857/752/738 
f 853/750/734 856/753/737 862/756/743 863/757/744 
f 863/757/744 862/756/743 864/758/745 865/759/746 
f 856/753/737 858/753/739 866/756/747 862/756/743 
f 862/756/743 866/756/747 867/758/748 864/758/745 
f 853/750/734 863/757/744 868/760/749 869/761/750 
f 869/761/750 868/760/749 870/762/751 871/763/752 
f 863/757/744 865/759/746 872/764/753 868/760/749 
f 868/760/749 872/764/753 330/765/222 870/762/751 
f 853/750/734 869/761/750 873/766/754 854/751/735 
f 854/751/735 873/766/754 874/767/755 859/754/740 
f 869/761/750 871/763/752 875/768/756 873/766/754 
f 873/766/754 875/768/756 876/769/757 874/767/755 
f 877/770/758 878/771/759 879/772/760 880/773/761 
f 880/773/761 879/772/760 881/772/762 882/773/763 
f 878/771/759 883/774/764 884/775/765 879/772/760 
f 879/772/760 884/775/765 885/775/766 881/772/762 
f 877/770/758 880/773/761 886/776/767 887/777/768 
f 887/777/768 886/776/767 888/778/769 889/779/770 
f 880/773/761 882/773/763 890/776/771 886/776/767 
f 886/776/767 890/776/771 891/778/772 888/778/769 
f 877/770/758 887/777/768 892/780/773 893/781/774 
f 893/781/774 892/780/773 223/780/153 218/781/148 
f 887/777/768 889/779/770 894/782/775 892/780/773 
f 892/780/773 894/782/775 40/782/25 223/780/153 
f 877/770/758 893/781/774 895/783/776 878/771/759 
f 878/771/759 895/783/776 896/784/777 883/774/764 
f 893/781/774 218/781/148 217/783/147 895/783/776 
f 895/783/776 217/783/147 220/784/150 896/784/777 
f 897/785/778 898/786/779 899/787/780 900/788/781 
f 900/788/781 899/787/780 901/787/782 902/788/783 
f 898/786/779 903/789/784 904/790/785 899/787/780 
f 899/787/780 904/790/785 905/790/786 901/787/782 
f 897/785/778 900/788/781 906/791/787 907/792/788 
f 907/792/788 906/791/787 908/793/789 909/794/790 
f 900/788/781 902/788/783 910/791/791 906/791/787 
f 906/791/787 910/791/791 911/793/792 908/793/789 
f 897/785/778 907/792/788 912/792/793 913/785/794 
f 913/785/794 912/792/793 914/795/795 915/796/796 
f 907/792/788 909/794/790 916/794/797 912/792/793 
f 912/792/793 916/794/797 917/797/798 914/795/795 
f 897/785/778 913/785/794 918/786/799 898/786/779 
f 898/786/779 918/786/799 919/789/800 903/789/784 
f 913/785/794 915/796/796 920/798/801 918/786/799 
f 918/786/799 920/798/801 921/799/802 919/789/800 
f 922/800/803 923/801/804 924/802/805 925/803/806 
f 925/803/806 924/802/805 926/804/807 927/805/808 
f 923/801/804 928/806/809 929/807/810 924/802/805 
f 924/802/805 929/807/810 930/808/810 926/804/807 
f 922/800/803 925/803/806 931/809/811 932/810/812 
f 932/810/812 931/809/811 933/811/813 934/812/814 
f 925/803/806 927/805/808 935/813/815 931/809/811 
f 931/809/811 935/813/815 936/814/816 933/811/813 
f 922/800/803 932/810/812 937/815/817 938/816/818 
f 938/816/818 937/815/817 939/817/819 940/818/820 
f 932/810/812 934/812/814 941/819/821 937/815/817 
f 937/815/817 941/819/821 942/820/822 939/817/819 
f 922/800/803 938/816/818 943/821/823 923/801/804 
f 923/801/804 943/821/823 944/822/824 928/806/809 
f 938/816/818 940/818/820 945/823/825 943/821/823 
f 943/821/823 945/823/825 946/824/826 944/822/824 
f 947/825/827 948/826/828 949/826/829 950/825/830 
f 950/825/830 949/826/829 951/827/831 952/828/832 
f 948/826/828 953/829/833 954/829/834 949/826/829 
f 949/826/829 954/829/834 955/830/835 951/827/831 
f 947/825/827 950/825/830 956/831/836 957/831/837 
f 957/831/837 956/831/836 958/832/838 959/832/839 
f 950/825/830 952/828/832 960/833/840 956/831/836 
f 956/831/836 960/833/840 961/834/841 958/832/838 
f 947/825/827 957/831/837 962/835/842 963/836/843 
f 963/836/843 962/835/842 964/837/844 965/838/845 
f 957/831/837 959/832/839 966/839/846 962/835/842 
f 962/835/842 966/839/846 967/840/847 964/837/844 
f 947/825/827 963/836/843 968/841/848 948/826/828 
f 948/826/828 968/841/848 969/842/849 953/829/833 
f 963/836/843 965/838/845 970/843/850 968/841/848 
f 968/841/848 970/843/850 971/844/102 969/842/849 
f 972/845/851 973/846/852 974/847/853 975/848/854 
f 975/848/854 974/847/853 976/847/855 977/848/856 
f 973/846/852 978/794/857 979/793/858 974/847/853 
f 974/847/853 979/793/858 980/793/859 976/847/855 
f 972/845/851 975/848/854 981/849/860 982/850/861 
f 982/850/861 981/849/860 983/851/862 984/852/863 
f 975/848/854 977/848/856 985/849/864 981/849/860 
f 981/849/860 985/849/864 986/851/865 983/851/862 
f 972/845/851 982/850/861 987/850/866 988/845/867 
f 988/845/867 987/850/866 989/853/868 990/854/869 
f 982/850/861 984/852/863 991/852/870 987/850/866 
f 987/850/866 991/852/870 992/855/871 989/853/868 
f 972/845/851 988/845/867 993/846/872 973/846/852 
f 973/846/852 993/846/872 994/794/873 978/794/857 
f 988/845/867 990/854/869 995/856/874 993/846/872 
f 993/846/872 995/856/874 996/797/83 994/794/873 
f 997/857/875 998/858/876 999/858/877 1000/857/878 
f 1000/857/878 999/858/877 1001/859/879 1002/860/880 
f 998/858/876 1003/861/881 1004/861/882 999/858/877 
f 999/858/877 1004/861/882 1005/862/883 1001/859/879 
f 997/857/875 1000/857/878 1006/863/884 1007/863/885 
f 1007/863/885 1006/863/884 1008/864/886 1009/864/887 
f 1000/857/878 1002/860/880 1010/865/888 1006/863/884 
f 1006/863/884 1010/865/888 1011/866/889 1008/864/886 
f 997/857/875 1007/863/885 1012/867/890 1013/868/891 
f 1013/868/891 1012/867/890 1014/869/892 1015/870/893 
f 1007/863/885 1009/864/887 1016/871/894 1012/867/890 
f 1012/867/890 1016/871/894 1017/872/895 1014/869/892 
f 997/857/875 1013/868/891 1018/873/896 998/858/876 
f 998/858/876 1018/873/896 1019/874/897 1003/861/881 
f 1013/868/891 1015/870/893 1020/875/898 1018/873/896 
f 1018/873/896 1020/875/898 1021/876/899 1019/874/897 
f 1022/877/900 1023/878/901 1024/878/902 1025/877/903 
f 1025/877/903 1024/878/902 1026/879/904 1027/880/905 
f 1023/878/901 1028/881/906 1029/881/907 1024/878/902 
f 1024/878/902 1029/881/907 1030/882/908 1026/879/904 
f 1022/877/900 1025/877/903 1031/883/909 1032/883/910 
f 1032/883/910 1031/883/909 1033/852/911 1034/852/912 
f 1025/877/903 1027/880/905 1035/884/913 1031/883/909 
f 1031/883/909 1035/884/913 1036/855/914 1033/852/911 
f 1022/877/900 1032/883/910 1037/885/915 1038/886/916 
f 1038/886/916 1037/885/915 1039/885/917 1040/886/918 
f 1032/883/910 1034/852/912 1041/851/919 1037/885/915 
f 1037/885/915 1041/851/919 1042/851/920 1039/885/917 
f 1022/877/900 1038/886/916 1043/887/921 1023/878/901 
f 1023/878/901 1043/887/921 1044/888/922 1028/881/906 
f 1038/886/916 1040/886/918 1045/887/923 1043/887/921 
f 1043/887/921 1045/887/923 1046/888/215 1044/888/922 
f 1047/889/924 1048/890/925 1049/890/926 1050/889/927 
f 1050/889/927 1049/890/926 1051/891/928 1052/892/929 
f 1048/890/925 1053/789/930 1054/789/931 1049/890/926 
f 1049/890/926 1054/789/931 1055/799/932 1051/891/928 
f 1047/889/924 1050/889/927 1056/893/933 1057/893/934 
f 1057/893/934 1056/893/933 1058/894/935 1059/894/936 
f 1050/889/927 1052/892/929 1060/895/937 1056/893/933 
f 1056/893/933 1060/895/937 1061/896/938 1058/894/935 
f 1047/889/924 1057/893/934 1062/897/939 1063/898/940 
f 1063/898/940 1062/897/939 1064/897/941 1065/898/942 
f 1057/893/934 1059/894/936 1066/899/943 1062/897/939 
f 1062/897/939 1066/899/943 1067/899/944 1064/897/941 
f 1047/889/924 1063/898/940 1068/900/945 1048/890/925 
f 1048/890/925 1068/900/945 1069/790/946 1053/789/930 
f 1063/898/940 1065/898/942 1070/900/947 1068/900/945 
f 1068/900/945 1070/900/947 1071/790/117 1069/790/946 
f 1072/901/948 1073/902/949 1074/903/950 1075/904/951 
f 1075/904/951 1074/903/950 1076/905/952 1077/906/953 
f 1073/902/949 1078/907/954 1079/908/955 1074/903/950 
f 1074/903/950 1079/908/955 1080/909/956 1076/905/952 
f 1072/901/948 1075/904/951 1081/910/957 1082/911/958 
f 1082/911/958 1081/910/957 1083/912/959 1084/913/960 
f 1075/904/951 1077/906/953 1085/914/961 1081/910/957 
f 1081/910/957 1085/914/961 1086/915/962 1083/912/959 
f 1072/901/948 1082/911/958 1087/916/963 1088/917/964 
f 1088/917/964 1087/916/963 1089/918/965 1090/919/966 
f 1082/911/958 1084/913/960 1091/920/967 1087/916/963 
f 1087/916/963 1091/920/967 1092/921/968 1089/918/965 
f 1072/901/948 1088/917/964 1093/922/969 1073/902/949 
f 1073/902/949 1093/922/969 1094/923/970 1078/907/954 
f 1088/917/964 1090/919/966 1095/924/971 1093/922/969 
f 1093/922/969 1095/924/971 1096/925/972 1094/923/970 
f 1097/926/973 1098/927/974 1099/928/975 1100/926/976 
f 1100/926/976 1099/928/975 1101/928/977 1102/929/978 
f 1098/927/974 959/930/839 958/931/838 1099/928/975 
f 1099/928/975 958/931/838 961/931/841 1101/928/977 
f 1097/926/973 1100/926/976 1103/932/979 1104/932/980 
f 1104/932/980 1103/932/979 1105/933/981 1106/934/982 
f 1100/926/976 1102/929/978 1107/935/983 1103/932/979 
f 1103/932/979 1107/935/983 1108/933/984 1105/933/981 
f 1097/926/973 1104/932/980 1109/936/985 1110/937/986 
f 1110/937/986 1109/936/985 1111/938/987 1112/939/988 
f 1104/932/980 1106/934/982 1113/940/989 1109/936/985 
f 1109/936/985 1113/940/989 1114/190/990 1111/938/987 
f 1097/926/973 1110/937/986 1115/941/991 1098/927/974 
f 1098/927/974 1115/941/991 966/942/846 959/930/839 
f 1110/937/986 1112/939/988 1116/943/992 1115/941/991 
f 1115/941/991 1116/943/992 967/944/847 966/942/846 
f 1117/945/993 1118/946/994 1119/947/995 1120/948/996 
f 1120/948/996 1119/947/995 1121/947/997 1122/948/998 
f 1118/946/994 781/949/662 780/950/661 1119/947/995 
f 1119/947/995 780/950/661 783/950/664 1121/947/997 
f 1117/945/993 1120/948/996 1123/951/999 1124/952/1000 
f 1124/952/1000 1123/951/999 1125/953/1001 1126/954/1002 
f 1120/948/996 1122/948/998 1127/955/1003 1123/951/999 
f 1123/951/999 1127/955/1003 1128/956/1004 1125/953/1001 
f 1117/945/993 1124/952/1000 1129/957/1005 1130/958/1006 
f 1130/958/1006 1129/957/1005 95/95/64 88/88/57 
f 1124/952/1000 1126/954/1002 1131/959/1007 1129/957/1005 
f 1129/957/1005 1131/959/1007 96/96/65 95/95/64 
f 1117/945/993 1130/958/1006 1132/960/1008 1118/946/994 
f 1118/946/994 1132/960/1008 786/961/667 781/949/662 
f 1130/958/1006 88/88/57 87/87/56 1132/960/1008 
f 1132/960/1008 87/87/56 90/90/59 786/961/667 
f 1133/962/1009 1134/963/1010 1135/963/1011 1136/964/1012 
f 1136/964/1012 1135/963/1011 1137/965/1013 1138/964/1014 
f 1134/963/1010 889/966/770 888/967/769 1135/963/1011 
f 1135/963/1011 888/967/769 891/967/772 1137/965/1013 
f 1133/962/1009 1136/964/1012 1139/968/1015 1140/969/1016 
f 1140/969/1016 1139/968/1015 1141/970/1017 1142/971/1018 
f 1136/964/1012 1138/964/1014 1143/968/1019 1139/968/1015 
f 1139/968/1015 1143/968/1019 1144/970/1020 1141/970/1017 
f 1133/962/1009 1140/969/1016 1145/972/1021 1146/973/1022 
f 1146/973/1022 1145/972/1021 45/45/30 38/38/23 
f 1140/969/1016 1142/971/1018 1147/974/1023 1145/972/1021 
f 1145/972/1021 1147/974/1023 46/46/31 45/45/30 
f 1133/962/1009 1146/973/1022 1148/975/1024 1134/963/1010 
f 1134/963/1010 1148/975/1024 894/976/775 889/966/770 
f 1146/973/1022 38/38/23 37/37/22 1148/975/1024 
f 1148/975/1024 37/37/22 40/40/25 894/976/775 
f 1149/977/1025 1150/978/1026 1151/979/1027 1152/980/1028 
f 1152/980/1028 1151/979/1027 1153/981/1029 1154/980/1030 
f 1150/978/1026 1084/982/960 1083/983/959 1151/979/1027 
f 1151/979/1027 1083/983/959 1086/984/962 1153/981/1029 
f 1149/977/1025 1152/980/1028 1155/985/1031 1156/986/1032 
f 1156/986/1032 1155/985/1031 1157/987/1033 1158/988/1034 
f 1152/980/1028 1154/980/1030 1159/985/1035 1155/985/1031 
f 1155/985/1031 1159/985/1035 1160/987/1036 1157/987/1033 
f 1149/977/1025 1156/986/1032 1161/989/1037 1162/990/1038 
f 1162/990/1038 1161/989/1037 1163/991/1039 1164/992/1040 
f 1156/986/1032 1158/988/1034 1165/993/1041 1161/989/1037 
f 1161/989/1037 1165/993/1041 1166/994/1042 1163/991/1039 
f 1149/977/1025 1162/990/1038 1167/995/1043 1150/978/1026 
f 1150/978/1026 1167/995/1043 1091/996/967 1084/982/960 
f 1162/990/1038 1164/992/1040 1168/997/1044 1167/995/1043 
f 1167/995/1043 1168/997/1044 1092/998/968 1091/996/967 
f 1169/999/1045 1170/1000/1046 1171/1001/1047 1172/1002/1048 
f 1172/1002/1048 1171/1001/1047 1173/1001/1049 1174/1002/1050 
f 1170/1000/1046 821/1003/702 820/1004/701 1171/1001/1047 
f 1171/1001/1047 820/1004/701 823/1004/704 1173/1001/1049 
f 1169/999/1045 1172/1002/1048 1175/1005/1051 1176/1006/1052 
f 1176/1006/1052 1175/1005/1051 1177/1007/1053 1178/1008/1054 
f 1172/1002/1048 1174/1002/1050 1179/1009/1055 1175/1005/1051 
f 1175/1005/1051 1179/1009/1055 1180/984/1056 1177/1007/1053 
f 1169/999/1045 1176/1006/1052 1181/1010/1057 1182/1011/1058 
f 1182/1011/1058 1181/1010/1057 20/20/14 13/13/7 
f 1176/1006/1052 1178/1008/1054 1183/1012/1059 1181/1010/1057 
f 1181/1010/1057 1183/1012/1059 21/21/15 20/20/14 
f 1169/999/1045 1182/1011/1058 1184/1013/1060 1170/1000/1046 
f 1170/1000/1046 1184/1013/1060 826/1014/707 821/1003/702 
f 1182/1011/1058 13/13/7 12/12/6 1184/1013/1060 
f 1184/1013/1060 12/12/6 15/15/9 826/1014/707 
f 1185/1015/1061 1186/1016/1062 1187/1017/1063 1188/1018/1064 
f 1188/1018/1064 1187/1017/1063 1189/1017/1065 1190/1018/1066 
f 1186/1016/1062 1009/1019/887 1008/1020/886 1187/1017/1063 
f 1187/1017/1063 1008/1020/886 1011/1021/889 1189/1017/1065 
f 1185/1015/1061 1188/1018/1064 1191/1022/1067 1192/1023/1068 
f 1192/1023/1068 1191/1022/1067 1193/1024/1069 1194/1025/1070 
f 1188/1018/1064 1190/1018/1066 1195/1026/1071 1191/1022/1067 
f 1191/1022/1067 1195/1026/1071 1196/1027/1072 1193/1024/1069 
f 1185/1015/1061 1192/1023/1068 1197/1028/1073 1198/1029/1074 
f 1198/1029/1074 1197/1028/1073 1199/1030/1075 1200/1031/1076 
f 1192/1023/1068 1194/1025/1070 1201/1032/1077 1197/1028/1073 
f 1197/1028/1073 1201/1032/1077 1202/1033/1078 1199/1030/1075 
f 1185/1015/1061 1198/1029/1074 1203/1034/1079 1186/1016/1062 
f 1186/1016/1062 1203/1034/1079 1016/1035/894 1009/1019/887 
f 1198/1029/1074 1200/1031/1076 1204/1036/1080 1203/1034/1079 
f 1203/1034/1079 1204/1036/1080 1017/1037/895 1016/1035/894 
f 1205/1038/1081 1206/1039/1082 1207/1040/1083 1208/1041/1084 
f 1208/1041/1084 1207/1040/1083 1209/1040/1085 1210/1041/1086 
f 1206/1039/1082 1059/1042/936 1058/1043/935 1207/1040/1083 
f 1207/1040/1083 1058/1043/935 1061/1043/938 1209/1040/1085 
f 1205/1038/1081 1208/1041/1084 1211/1044/1087 1212/1044/1088 
f 1212/1044/1088 1211/1044/1087 1213/1045/1089 1214/1046/1090 
f 1208/1041/1084 1210/1041/1086 1215/1047/1091 1211/1044/1087 
f 1211/1044/1087 1215/1047/1091 1216/1045/1092 1213/1045/1089 
f 1205/1038/1081 1212/1044/1088 1217/1048/1093 1218/1049/1094 
f 1218/1049/1094 1217/1048/1093 1219/1050/1095 1220/1051/1096 
f 1212/1044/1088 1214/1046/1090 1221/1052/1097 1217/1048/1093 
f 1217/1048/1093 1221/1052/1097 1222/1053/1098 1219/1050/1095 
f 1205/1038/1081 1218/1049/1094 1223/1054/1099 1206/1039/1082 
f 1206/1039/1082 1223/1054/1099 1066/1055/943 1059/1042/936 
f 1218/1049/1094 1220/1051/1096 1224/1056/1100 1223/1054/1099 
f 1223/1054/1099 1224/1056/1100 1067/1057/944 1066/1055/943 
f 1225/1058/1101 1226/1059/1102 1227/1060/1103 1228/1061/1104 
f 1228/1061/1104 1227/1060/1103 1229/1060/1105 1230/1061/1106 
f 1226/1059/1102 865/1062/746 864/1063/745 1227/1060/1103 
f 1227/1060/1103 864/1063/745 867/1063/748 1229/1060/1105 
f 1225/1058/1101 1228/1061/1104 1231/1064/1107 1232/1065/1108 
f 1232/1065/1108 1231/1064/1107 1233/1066/1109 1234/1067/1110 
f 1228/1061/1104 1230/1061/1106 1235/1068/1111 1231/1064/1107 
f 1231/1064/1107 1235/1068/1111 1236/1069/1112 1233/1066/1109 
f 1225/1058/1101 1232/1065/1108 1237/1070/1113 1238/1071/1114 
f 1238/1071/1114 1237/1070/1113 335/369/227 328/362/220 
f 1232/1065/1108 1234/1067/1110 1239/1072/1115 1237/1070/1113 
f 1237/1070/1113 1239/1072/1115 336/370/228 335/369/227 
f 1225/1058/1101 1238/1071/1114 1240/1073/1116 1226/1059/1102 
f 1226/1059/1102 1240/1073/1116 872/1074/753 865/1062/746 
f 1238/1071/1114 328/362/220 327/361/219 1240/1073/1116 
f 1240/1073/1116 327/361/219 330/364/222 872/1074/753 
f 1241/1075/1117 1242/1076/1118 1243/1077/1119 1244/1075/1120 
f 1244/1075/1120 1243/1077/1119 1245/1078/1121 1246/1079/1122 
f 1242/1076/1118 801/1080/682 800/1081/681 1243/1077/1119 
f 1243/1077/1119 800/1081/681 803/1081/684 1245/1078/1121 
f 1241/1075/1117 1244/1075/1120 1247/1082/1123 1248/1083/1124 
f 1248/1083/1124 1247/1082/1123 1249/1084/1125 1250/1085/1126 
f 1244/1075/1120 1246/1079/1122 1251/1082/1127 1247/1082/1123 
f 1247/1082/1123 1251/1082/1127 1252/1084/1128 1249/1084/1125 
f 1241/1075/1117 1248/1083/1124 1253/1086/1129 1254/1087/1130 
f 1254/1087/1130 1253/1086/1129 178/195/125 175/188/122 
f 1248/1083/1124 1250/1085/1126 1255/1088/1131 1253/1086/1129 
f 1253/1086/1129 1255/1088/1131 141/196/98 178/195/125 
f 1241/1075/1117 1254/1087/1130 1256/1089/1132 1242/1076/1118 
f 1242/1076/1118 1256/1089/1132 806/1090/687 801/1080/682 
f 1254/1087/1130 175/188/122 174/187/121 1256/1089/1132 
f 1256/1089/1132 174/187/121 71/190/50 806/1090/687 
f 1257/1091/1133 1258/1092/1134 1259/1093/1135 1260/1094/1136 
f 1260/1094/1136 1259/1093/1135 1261/1095/1137 1262/1094/1138 
f 1258/1092/1134 984/1096/863 983/1097/862 1259/1093/1135 
f 1259/1093/1135 983/1097/862 986/1098/865 1261/1095/1137 
f 1257/1091/1133 1260/1094/1136 1263/1099/1139 1264/1100/1140 
f 1264/1100/1140 1263/1099/1139 1265/1101/1141 1266/1102/1142 
f 1260/1094/1136 1262/1094/1138 1267/1099/1143 1263/1099/1139 
f 1263/1099/1139 1267/1099/1143 1268/1101/1144 1265/1101/1141 
f 1257/1091/1133 1264/1100/1140 1269/1103/1145 1270/1104/1146 
f 1270/1104/1146 1269/1103/1145 1271/1105/1147 1272/1106/216 
f 1264/1100/1140 1266/1102/1142 1273/1107/1148 1269/1103/1145 
f 1269/1103/1145 1273/1107/1148 1274/1108/1149 1271/1105/1147 
f 1257/1091/1133 1270/1104/1146 1275/1109/1150 1258/1092/1134 
f 1258/1092/1134 1275/1109/1150 991/1110/870 984/1096/863 
f 1270/1104/1146 1272/1106/216 1276/1111/1151 1275/1109/1150 
f 1275/1109/1150 1276/1111/1151 992/1112/871 991/1110/870 
f 1277/1113/1152 1278/1114/1153 1279/1115/1154 1280/1116/1155 
f 1280/1116/1155 1279/1115/1154 1281/1115/1156 1282/1116/1157 
f 1278/1114/1153 733/1117/614 732/1118/613 1279/1115/1154 
f 1279/1115/1154 732/1118/613 735/1118/616 1281/1115/1156 
f 1277/1113/1152 1280/1116/1155 1283/1119/1158 1284/1120/1159 
f 1284/1120/1159 1283/1119/1158 1285/1121/1160 1286/1122/1161 
f 1280/1116/1155 1282/1116/1157 1287/1123/1162 1283/1119/1158 
f 1283/1119/1158 1287/1123/1162 1288/1124/1163 1285/1121/1160 
f 1277/1113/1152 1284/1120/1159 1289/1125/1164 1290/1126/1165 
f 1290/1126/1165 1289/1125/1164 245/270/165 238/263/155 
f 1284/1120/1159 1286/1122/1161 1291/1127/1166 1289/1125/1164 
f 1289/1125/1164 1291/1127/1166 246/271/166 245/270/165 
f 1277/1113/1152 1290/1126/1165 1292/1128/1167 1278/1114/1153 
f 1278/1114/1153 1292/1128/1167 740/1129/621 733/1117/614 
f 1290/1126/1165 238/263/155 237/262/158 1292/1128/1167 
f 1292/1128/1167 237/262/158 240/265/160 740/1129/621 
f 1293/1130/1168 1294/1131/1169 1295/1132/1170 1296/1133/1171 
f 1296/1133/1171 1295/1132/1170 1297/1132/1172 1298/1134/1173 
f 1294/1131/1169 909/1135/790 908/1136/789 1295/1132/1170 
f 1295/1132/1170 908/1136/789 911/1137/792 1297/1132/1172 
f 1293/1130/1168 1296/1133/1171 1299/1138/1174 1300/1139/1175 
f 1300/1139/1175 1299/1138/1174 1301/1140/1176 1302/1140/1177 
f 1296/1133/1171 1298/1134/1173 1303/1138/1178 1299/1138/1174 
f 1299/1138/1174 1303/1138/1178 1304/1141/1179 1301/1140/1176 
f 1293/1130/1168 1300/1139/1175 1305/1142/1180 1306/1143/1181 
f 1306/1143/1181 1305/1142/1180 1307/1144/1182 1308/1145/120 
f 1300/1139/1175 1302/1140/1177 1309/1146/1183 1305/1142/1180 
f 1305/1142/1180 1309/1146/1183 1310/314/1184 1307/1144/1182 
f 1293/1130/1168 1306/1143/1181 1311/1147/1185 1294/1131/1169 
f 1294/1131/1169 1311/1147/1185 916/1148/797 909/1135/790 
f 1306/1143/1181 1308/1145/120 1312/1149/1186 1311/1147/1185 
f 1311/1147/1185 1312/1149/1186 917/1150/798 916/1148/797 
f 1313/1151/1187 1314/1152/1188 1315/1153/1189 1316/1154/1190 
f 1316/1154/1190 1315/1153/1189 1317/1155/1191 1318/1154/1192 
f 1314/1152/1188 934/1156/814 933/1157/813 1315/1153/1189 
f 1315/1153/1189 933/1157/813 936/956/816 1317/1155/1191 
f 1313/1151/1187 1316/1154/1190 1319/1158/1193 1320/1159/1194 
f 1320/1159/1194 1319/1158/1193 1321/1160/1195 1322/1161/1196 
f 1316/1154/1190 1318/1154/1192 1323/1158/1197 1319/1158/1193 
f 1319/1158/1193 1323/1158/1197 1324/1160/1198 1321/1160/1195 
f 1313/1151/1187 1320/1159/1194 1325/1162/1199 1326/1163/1200 
f 1326/1163/1200 1325/1162/1199 1327/1164/1201 1328/1165/1202 
f 1320/1159/1194 1322/1161/1196 1329/1166/1203 1325/1162/1199 
f 1325/1162/1199 1329/1166/1203 1330/1167/1204 1327/1164/1201 
f 1313/1151/1187 1326/1163/1200 1331/1168/1205 1314/1152/1188 
f 1314/1152/1188 1331/1168/1205 941/1169/821 934/1156/814 
f 1326/1163/1200 1328/1165/1202 1332/1170/1206 1331/1168/1205 
f 1331/1168/1205 1332/1170/1206 942/1171/822 941/1169/821 
f 1333/1172/1207 1334/1173/1208 1335/1174/1209 1336/1175/1210 
f 1336/1175/1210 1335/1174/1209 1337/1174/1211 1338/1176/1212 
f 1334/1173/1208 757/1177/638 756/1177/637 1335/1174/1209 
f 1335/1174/1209 756/1177/637 759/1178/640 1337/1174/1211 
f 1333/1172/1207 1336/1175/1210 1339/1179/1213 1340/1180/1214 
f 1340/1180/1214 1339/1179/1213 1341/1181/1215 1342/1182/1216 
f 1336/1175/1210 1338/1176/1212 1343/1179/1217 1339/1179/1213 
f 1339/1179/1213 1343/1179/1217 1344/1183/1218 1341/1181/1215 
f 1333/1172/1207 1340/1180/1214 1345/1184/1219 1346/1185/1220 
f 1346/1185/1220 1345/1184/1219 290/319/198 283/312/191 
f 1340/1180/1214 1342/1182/1216 1347/1186/1221 1345/1184/1219 
f 1345/1184/1219 1347/1186/1221 291/320/199 290/319/198 
f 1333/1172/1207 1346/1185/1220 1348/1187/1222 1334/1173/1208 
f 1334/1173/1208 1348/1187/1222 764/1188/645 757/1177/638 
f 1346/1185/1220 283/312/191 282/311/190 1348/1187/1222 
f 1348/1187/1222 282/311/190 285/314/193 764/1188/645 
f 1349/1189/1223 1350/1190/1224 1351/1191/1225 1352/1192/1226 
f 1352/1192/1226 1351/1191/1225 1353/1193/1227 1354/1192/1228 
f 1350/1190/1224 1034/1194/912 1033/1194/911 1351/1191/1225 
f 1351/1191/1225 1033/1194/911 1036/1195/914 1353/1193/1227 
f 1349/1189/1223 1352/1192/1226 1355/1196/1229 1356/1197/1230 
f 1356/1197/1230 1355/1196/1229 1357/1198/1231 1358/1199/1232 
f 1352/1192/1226 1354/1192/1228 1359/1196/1233 1355/1196/1229 
f 1355/1196/1229 1359/1196/1233 1360/1198/1234 1357/1198/1231 
f 1349/1189/1223 1356/1197/1230 1361/1200/1235 1362/1201/1236 
f 1362/1201/1236 1361/1200/1235 1363/1202/1237 1364/1203/1238 
f 1356/1197/1230 1358/1199/1232 1365/1204/1239 1361/1200/1235 
f 1361/1200/1235 1365/1204/1239 1366/15/1240 1363/1202/1237 
f 1349/1189/1223 1362/1201/1236 1367/1205/1241 1350/1190/1224 
f 1350/1190/1224 1367/1205/1241 1041/1206/919 1034/1194/912 
f 1362/1201/1236 1364/1203/1238 1368/1207/1242 1367/1205/1241 
f 1367/1205/1241 1368/1207/1242 1042/1208/920 1041/1206/919 
f 1369/1209/1236 1370/1210/1243 1371/1211/1244 1372/1212/1245 
f 1372/1212/1245 1371/1211/1244 1373/1213/1246 1374/1212/1247 
f 1370/1210/1243 841/1214/722 840/1215/721 1371/1211/1244 
f 1371/1211/1244 840/1215/721 843/1216/724 1373/1213/1246 
f 1369/1209/1236 1372/1212/1245 1375/1217/1248 1376/1218/1249 
f 1376/1218/1249 1375/1217/1248 1377/1219/1250 1378/1220/1251 
f 1372/1212/1245 1374/1212/1247 1379/1217/1252 1375/1217/1248 
f 1375/1217/1248 1379/1217/1252 1380/1221/1253 1377/1219/1250 
f 1369/1209/1236 1376/1218/1249 1381/1222/1254 1382/1223/1255 
f 1382/1223/1255 1381/1222/1254 200/220/138 193/213/130 
f 1376/1218/1249 1378/1220/1251 1383/1224/1256 1381/1222/1254 
f 1381/1222/1254 1383/1224/1256 201/221/139 200/220/138 
f 1369/1209/1236 1382/1223/1255 1384/1225/1257 1370/1210/1243 
f 1370/1210/1243 1384/1225/1257 848/1226/729 841/1214/722 
f 1382/1223/1255 193/213/130 192/212/131 1384/1225/1257 
f 1384/1225/1257 192/212/131 195/215/133 848/1226/729 
f 1385/1227/1258 1386/1228/1259 1387/1228/1260 1388/1227/1261 
f 1388/1227/1261 1387/1228/1260 1389/1229/1262 1390/1230/1263 
f 1386/1228/1259 1391/1231/1264 1392/1231/1265 1387/1228/1260 
f 1387/1228/1260 1392/1231/1265 1393/1232/1266 1389/1229/1262 
f 1385/1227/1258 1388/1227/1261 1394/1233/1267 1395/1233/1268 
f 1395/1233/1268 1394/1233/1267 1396/1234/1269 1397/1234/1270 
f 1388/1227/1261 1390/1230/1263 1398/1235/1271 1394/1233/1267 
f 1394/1233/1267 1398/1235/1271 1399/1236/1272 1396/1234/1269 
f 1385/1227/1258 1395/1233/1268 1400/1233/1273 1401/1227/1274 
f 1401/1227/1274 1400/1233/1273 734/647/615 726/644/607 
f 1395/1233/1268 1397/1234/1270 1402/1234/1275 1400/1233/1273 
f 1400/1233/1273 1402/1234/1275 735/649/616 734/647/615 
f 1385/1227/1258 1401/1227/1274 1403/1228/1276 1386/1228/1259 
f 1386/1228/1259 1403/1228/1276 1404/1231/1277 1391/1231/1264 
f 1401/1227/1274 726/644/607 725/643/606 1403/1228/1276 
f 1403/1228/1276 725/643/606 729/646/610 1404/1231/1277 
f 1405/1237/1278 1406/1238/1279 1407/1238/1280 1408/1237/1281 
f 1408/1237/1281 1407/1238/1280 1409/1239/1282 1410/1240/1283 
f 1406/1238/1279 1411/1241/1284 1412/1241/1285 1407/1238/1280 
f 1407/1238/1280 1412/1241/1285 1413/1242/1286 1409/1239/1282 
f 1405/1237/1278 1408/1237/1281 1414/1243/1287 1415/1243/1288 
f 1415/1243/1288 1414/1243/1287 1416/1244/1289 1417/1244/1290 
f 1408/1237/1281 1410/1240/1283 1418/1245/1291 1414/1243/1287 
f 1414/1243/1287 1418/1245/1291 1419/1246/1292 1416/1244/1289 
f 1405/1237/1278 1415/1243/1288 1420/1247/1293 1421/1248/1294 
f 1421/1248/1294 1420/1247/1293 758/1249/639 750/1250/631 
f 1415/1243/1288 1417/1244/1290 1422/1251/1295 1420/1247/1293 
f 1420/1247/1293 1422/1251/1295 759/1252/640 758/1249/639 
f 1405/1237/1278 1421/1248/1294 1423/1253/1296 1406/1238/1279 
f 1406/1238/1279 1423/1253/1296 1424/1254/1297 1411/1241/1284 
f 1421/1248/1294 750/1250/631 749/1255/630 1423/1253/1296 
f 1423/1253/1296 749/1255/630 753/1256/634 1424/1254/1297 
f 1425/1257/1298 1426/1258/1299 1427/1258/1300 1428/1257/1301 
f 1428/1257/1301 1427/1258/1300 1429/428/1302 1430/426/1303 
f 1426/1258/1299 1431/1259/1304 1432/1259/1305 1427/1258/1300 
f 1427/1258/1300 1432/1259/1305 1433/429/1306 1429/428/1302 
f 1425/1257/1298 1428/1257/1301 1434/1260/1307 1435/1260/1308 
f 1435/1260/1308 1434/1260/1307 1436/1261/1309 1437/1261/1310 
f 1428/1257/1301 1430/426/1303 1438/1262/1311 1434/1260/1307 
f 1434/1260/1307 1438/1262/1311 1439/427/1312 1436/1261/1309 
f 1425/1257/1298 1435/1260/1308 1440/1263/1313 1441/1264/1314 
f 1441/1264/1314 1440/1263/1313 782/1265/663 774/1266/655 
f 1435/1260/1308 1437/1261/1310 1442/1267/1315 1440/1263/1313 
f 1440/1263/1313 1442/1267/1315 783/1268/664 782/1265/663 
f 1425/1257/1298 1441/1264/1314 1443/1269/1316 1426/1258/1299 
f 1426/1258/1299 1443/1269/1316 1444/1270/1317 1431/1259/1304 
f 1441/1264/1314 774/1266/655 773/1271/654 1443/1269/1316 
f 1443/1269/1316 773/1271/654 777/1272/658 1444/1270/1317 
f 1445/1273/1318 1446/1274/1319 1447/1274/1320 1448/1273/1321 
f 1448/1273/1321 1447/1274/1320 1449/1275/1322 1450/1276/1323 
f 1446/1274/1319 1451/1277/1324 1452/1277/1325 1447/1274/1320 
f 1447/1274/1320 1452/1277/1325 1453/1278/1326 1449/1275/1322 
f 1445/1273/1318 1448/1273/1321 1454/1279/1327 1455/1279/1328 
f 1455/1279/1328 1454/1279/1327 1456/1280/1329 1457/1280/1330 
f 1448/1273/1321 1450/1276/1323 1458/1281/1331 1454/1279/1327 
f 1454/1279/1327 1458/1281/1331 1459/1282/1332 1456/1280/1329 
f 1445/1273/1318 1455/1279/1328 1460/1283/1333 1461/1284/1334 
f 1461/1284/1334 1460/1283/1333 802/1283/683 794/1284/675 
f 1455/1279/1328 1457/1280/1330 1462/1285/1335 1460/1283/1333 
f 1460/1283/1333 1462/1285/1335 803/1285/684 802/1283/683 
f 1445/1273/1318 1461/1284/1334 1463/1286/1336 1446/1274/1319 
f 1446/1274/1319 1463/1286/1336 1464/1287/1337 1451/1277/1324 
f 1461/1284/1334 794/1284/675 793/1286/674 1463/1286/1336 
f 1463/1286/1336 793/1286/674 797/1287/678 1464/1287/1337 
f 1465/1288/1338 1466/1289/1339 1467/1289/1340 1468/1288/1341 
f 1468/1288/1341 1467/1289/1340 1469/1290/1342 1470/1291/1343 
f 1466/1289/1339 1471/1292/1344 1472/1292/1345 1467/1289/1340 
f 1467/1289/1340 1472/1292/1345 1473/1293/1346 1469/1290/1342 
f 1465/1288/1338 1468/1288/1341 1474/1294/1347 1475/1294/1348 
f 1475/1294/1348 1474/1294/1347 1476/1295/1349 1477/1295/1350 
f 1468/1288/1341 1470/1291/1343 1478/1296/1351 1474/1294/1347 
f 1474/1294/1347 1478/1296/1351 1479/1297/1352 1476/1295/1349 
f 1465/1288/1338 1475/1294/1348 1480/1298/1353 1481/1299/1354 
f 1481/1299/1354 1480/1298/1353 822/1300/703 814/1301/695 
f 1475/1294/1348 1477/1295/1350 1482/1302/1355 1480/1298/1353 
f 1480/1298/1353 1482/1302/1355 823/1303/704 822/1300/703 
f 1465/1288/1338 1481/1299/1354 1483/1304/1356 1466/1289/1339 
f 1466/1289/1339 1483/1304/1356 1484/1305/1357 1471/1292/1344 
f 1481/1299/1354 814/1301/695 813/1306/694 1483/1304/1356 
f 1483/1304/1356 813/1306/694 817/1307/698 1484/1305/1357 
f 1485/1308/1358 1486/1309/1359 1487/1310/1360 1488/1311/1361 
f 1488/1311/1361 1487/1310/1360 1489/1310/1362 1490/1311/1363 
f 1486/1309/1359 1491/1312/1364 1492/1313/1365 1487/1310/1360 
f 1487/1310/1360 1492/1313/1365 1493/1313/1366 1489/1310/1362 
f 1485/1308/1358 1488/1311/1361 1494/1314/1367 1495/1315/1368 
f 1495/1315/1368 1494/1314/1367 1496/1316/1369 1497/1317/1370 
f 1488/1311/1361 1490/1311/1363 1498/1314/1371 1494/1314/1367 
f 1494/1314/1367 1498/1314/1371 1499/1316/1372 1496/1316/1369 
f 1485/1308/1358 1495/1315/1368 1500/1315/1373 1501/1308/1374 
f 1501/1308/1374 1500/1315/1373 842/1318/723 834/1319/715 
f 1495/1315/1368 1497/1317/1370 1502/1317/1375 1500/1315/1373 
f 1500/1315/1373 1502/1317/1375 843/1297/724 842/1318/723 
f 1485/1308/1358 1501/1308/1374 1503/1309/1376 1486/1309/1359 
f 1486/1309/1359 1503/1309/1376 1504/1312/1377 1491/1312/1364 
f 1501/1308/1374 834/1319/715 833/1320/714 1503/1309/1376 
f 1503/1309/1376 833/1320/714 837/1321/718 1504/1312/1377 
f 1505/1322/1378 1506/1323/1379 1507/1323/1380 1508/1322/1381 
f 1508/1322/1381 1507/1323/1380 1509/1324/1382 1510/1325/1383 
f 1506/1323/1379 1511/1326/1384 1512/1326/1385 1507/1323/1380 
f 1507/1323/1380 1512/1326/1385 1513/1327/1386 1509/1324/1382 
f 1505/1322/1378 1508/1322/1381 1514/1328/1387 1515/1328/1388 
f 1515/1328/1388 1514/1328/1387 1516/1329/1389 1517/1329/1390 
f 1508/1322/1381 1510/1325/1383 1518/1330/1391 1514/1328/1387 
f 1514/1328/1387 1518/1330/1391 1519/1331/1392 1516/1329/1389 
f 1505/1322/1378 1515/1328/1388 1520/1328/1393 1521/1322/1394 
f 1521/1322/1394 1520/1328/1393 866/756/747 858/753/739 
f 1515/1328/1388 1517/1329/1390 1522/1329/1395 1520/1328/1393 
f 1520/1328/1393 1522/1329/1395 867/758/748 866/756/747 
f 1505/1322/1378 1521/1322/1394 1523/1323/1396 1506/1323/1379 
f 1506/1323/1379 1523/1323/1396 1524/1326/1397 1511/1326/1384 
f 1521/1322/1394 858/753/739 857/752/738 1523/1323/1396 
f 1523/1323/1396 857/752/738 861/755/742 1524/1326/1397 
f 1525/1332/1398 1526/1333/1399 1527/699/1400 1528/697/1401 
f 1528/697/1401 1527/699/1400 1529/699/1402 1530/697/1403 
f 1526/1333/1399 1531/1334/1404 1532/700/1405 1527/699/1400 
f 1527/699/1400 1532/700/1405 1533/700/1406 1529/699/1402 
f 1525/1332/1398 1528/697/1401 1534/696/1407 1535/1335/1408 
f 1535/1335/1408 1534/696/1407 1536/698/1409 1537/1336/1410 
f 1528/697/1401 1530/697/1403 1538/696/1411 1534/696/1407 
f 1534/696/1407 1538/696/1411 1539/698/1412 1536/698/1409 
f 1525/1332/1398 1535/1335/1408 1540/1337/1413 1541/1338/1414 
f 1541/1338/1414 1540/1337/1413 890/1337/771 882/1338/763 
f 1535/1335/1408 1537/1336/1410 1542/1339/1415 1540/1337/1413 
f 1540/1337/1413 1542/1339/1415 891/1339/772 890/1337/771 
f 1525/1332/1398 1541/1338/1414 1543/1340/1416 1526/1333/1399 
f 1526/1333/1399 1543/1340/1416 1544/1341/1417 1531/1334/1404 
f 1541/1338/1414 882/1338/763 881/1340/762 1543/1340/1416 
f 1543/1340/1416 881/1340/762 885/1341/766 1544/1341/1417 
f 1545/1342/1418 1546/1343/1419 1547/1344/1420 1548/1345/1421 
f 1548/1345/1421 1547/1344/1420 1549/1346/1422 1550/1347/1423 
f 1546/1343/1419 1551/1348/1424 1552/1349/1425 1547/1344/1420 
f 1547/1344/1420 1552/1349/1425 1553/1350/1426 1549/1346/1422 
f 1545/1342/1418 1548/1345/1421 1554/1351/1427 1555/1352/1428 
f 1555/1352/1428 1554/1351/1427 1556/1353/1429 1557/1354/1430 
f 1548/1345/1421 1550/1347/1423 1558/1355/1431 1554/1351/1427 
f 1554/1351/1427 1558/1355/1431 1559/1356/1432 1556/1353/1429 
f 1545/1342/1418 1555/1352/1428 1560/1357/1433 1561/1358/1434 
f 1561/1358/1434 1560/1357/1433 910/1359/791 902/1360/783 
f 1555/1352/1428 1557/1354/1430 1562/1361/1435 1560/1357/1433 
f 1560/1357/1433 1562/1361/1435 911/1362/792 910/1359/791 
f 1545/1342/1418 1561/1358/1434 1563/1363/1436 1546/1343/1419 
f 1546/1343/1419 1563/1363/1436 1564/1364/1437 1551/1348/1424 
f 1561/1358/1434 902/1360/783 901/1365/782 1563/1363/1436 
f 1563/1363/1436 901/1365/782 905/1366/786 1564/1364/1437 
f 1565/805/1438 1566/804/1439 1567/1367/1440 1568/1368/1441 
f 1568/1368/1441 1567/1367/1440 1569/1367/1442 1570/1368/1443 
f 1566/804/1439 1571/808/1317 1572/1369/1444 1567/1367/1440 
f 1567/1367/1440 1572/1369/1444 1573/1369/1445 1569/1367/1442 
f 1565/805/1438 1568/1368/1441 1574/1370/1446 1575/813/1447 
f 1575/813/1447 1574/1370/1446 1576/1371/1448 1577/814/1449 
f 1568/1368/1441 1570/1368/1443 1578/1370/1450 1574/1370/1446 
f 1574/1370/1446 1578/1370/1450 1579/1371/1451 1576/1371/1448 
f 1565/805/1438 1575/813/1447 1580/813/1452 1581/805/1453 
f 1581/805/1453 1580/813/1452 935/813/815 927/805/808 
f 1575/813/1447 1577/814/1449 1582/814/1454 1580/813/1452 
f 1580/813/1452 1582/814/1454 936/814/816 935/813/815 
f 1565/805/1438 1581/805/1453 1583/804/1455 1566/804/1439 
f 1566/804/1439 1583/804/1455 1584/808/1456 1571/808/1317 
f 1581/805/1453 927/805/808 926/804/807 1583/804/1455 
f 1583/804/1455 926/804/807 930/808/810 1584/808/1456 
f 1585/1372/1457 1586/1373/1458 1587/1374/1459 1588/1375/1460 
f 1588/1375/1460 1587/1374/1459 1589/1376/1461 1590/1377/1462 
f 1586/1373/1458 1591/1378/1463 1592/1379/1464 1587/1374/1459 
f 1587/1374/1459 1592/1379/1464 1593/1380/1465 1589/1376/1461 
f 1585/1372/1457 1588/1375/1460 1594/1381/1466 1595/1382/1467 
f 1595/1382/1467 1594/1381/1466 1596/1383/1468 1597/1384/1469 
f 1588/1375/1460 1590/1377/1462 1598/1385/1470 1594/1381/1466 
f 1594/1381/1466 1598/1385/1470 1599/1386/1471 1596/1383/1468 
f 1585/1372/1457 1595/1382/1467 1600/1382/1472 1601/1372/1473 
f 1601/1372/1473 1600/1382/1472 960/1387/840 952/1388/832 
f 1595/1382/1467 1597/1384/1469 1602/1384/1474 1600/1382/1472 
f 1600/1382/1472 1602/1384/1474 961/1389/841 960/1387/840 
f 1585/1372/1457 1601/1372/1473 1603/1373/1475 1586/1373/1458 
f 1586/1373/1458 1603/1373/1475 1604/1378/1476 1591/1378/1463 
f 1601/1372/1473 952/1388/832 951/1390/831 1603/1373/1475 
f 1603/1373/1475 951/1390/831 955/1391/835 1604/1378/1476 
f 1605/1392/1477 1606/1393/1478 1607/1394/1479 1608/1395/1480 
f 1608/1395/1480 1607/1394/1479 1609/1396/1481 1610/1397/1482 
f 1606/1393/1478 1611/1398/1277 1612/1399/1483 1607/1394/1479 
f 1607/1394/1479 1612/1399/1483 1613/1400/1484 1609/1396/1481 
f 1605/1392/1477 1608/1395/1480 1614/1401/1485 1615/1402/1486 
f 1615/1402/1486 1614/1401/1485 1616/1403/1487 1617/1404/1488 
f 1608/1395/1480 1610/1397/1482 1618/1405/1489 1614/1401/1485 
f 1614/1401/1485 1618/1405/1489 1619/1406/1490 1616/1403/1487 
f 1605/1392/1477 1615/1402/1486 1620/1407/1491 1621/1408/1492 
f 1621/1408/1492 1620/1407/1491 985/1409/864 977/1410/856 
f 1615/1402/1486 1617/1404/1488 1622/1411/1493 1620/1407/1491 
f 1620/1407/1491 1622/1411/1493 986/1412/865 985/1409/864 
f 1605/1392/1477 1621/1408/1492 1623/1413/1494 1606/1393/1478 
f 1606/1393/1478 1623/1413/1494 1624/1414/1495 1611/1398/1277 
f 1621/1408/1492 977/1410/856 976/1415/855 1623/1413/1494 
f 1623/1413/1494 976/1415/855 980/1416/859 1624/1414/1495 
f 1625/1417/1496 1626/1418/1497 1627/1419/1498 1628/1420/1499 
f 1628/1420/1499 1627/1419/1498 1629/1421/1500 1630/1422/1501 
f 1626/1418/1497 1631/1423/1502 1632/1424/1503 1627/1419/1498 
f 1627/1419/1498 1632/1424/1503 1633/1425/1504 1629/1421/1500 
f 1625/1417/1496 1628/1420/1499 1634/1426/1505 1635/1427/1506 
f 1635/1427/1506 1634/1426/1505 1636/1428/1507 1637/1429/1508 
f 1628/1420/1499 1630/1422/1501 1638/1430/1509 1634/1426/1505 
f 1634/1426/1505 1638/1430/1509 1639/1431/1510 1636/1428/1507 
f 1625/1417/1496 1635/1427/1506 1640/1427/1511 1641/1417/1512 
f 1641/1417/1512 1640/1427/1511 1010/1432/888 1002/1433/880 
f 1635/1427/1506 1637/1429/1508 1642/1429/1513 1640/1427/1511 
f 1640/1427/1511 1642/1429/1513 1011/778/889 1010/1432/888 
f 1625/1417/1496 1641/1417/1512 1643/1418/1514 1626/1418/1497 
f 1626/1418/1497 1643/1418/1514 1644/1423/1515 1631/1423/1502 
f 1641/1417/1512 1002/1433/880 1001/1434/879 1643/1418/1514 
f 1643/1418/1514 1001/1434/879 1005/1435/883 1644/1423/1515 
f 1645/1436/1516 1646/1437/1517 1647/1438/1518 1648/1439/1519 
f 1648/1439/1519 1647/1438/1518 1649/1440/1520 1650/1441/1521 
f 1646/1437/1517 1651/1442/1522 1652/1443/1523 1647/1438/1518 
f 1647/1438/1518 1652/1443/1523 1653/1444/1524 1649/1440/1520 
f 1645/1436/1516 1648/1439/1519 1654/1445/1525 1655/1446/1526 
f 1655/1446/1526 1654/1445/1525 1656/1447/1527 1657/1448/1528 
f 1648/1439/1519 1650/1441/1521 1658/1449/1529 1654/1445/1525 
f 1654/1445/1525 1658/1449/1529 1659/1450/1530 1656/1447/1527 
f 1645/1436/1516 1655/1446/1526 1660/1451/1531 1661/1452/1532 
f 1661/1452/1532 1660/1451/1531 1035/1453/913 1027/1454/905 
f 1655/1446/1526 1657/1448/1528 1662/1455/1533 1660/1451/1531 
f 1660/1451/1531 1662/1455/1533 1036/1456/914 1035/1453/913 
f 1645/1436/1516 1661/1452/1532 1663/1457/1534 1646/1437/1517 
f 1646/1437/1517 1663/1457/1534 1664/1458/1535 1651/1442/1522 
f 1661/1452/1532 1027/1454/905 1026/1459/904 1663/1457/1534 
f 1663/1457/1534 1026/1459/904 1030/1460/908 1664/1458/1535 
f 1665/1461/1536 1666/1462/1537 1667/1463/1538 1668/1464/1539 
f 1668/1464/1539 1667/1463/1538 1669/1465/1540 1670/1466/1541 
f 1666/1462/1537 1671/1467/1542 1672/1468/1543 1667/1463/1538 
f 1667/1463/1538 1672/1468/1543 1673/1469/1544 1669/1465/1540 
f 1665/1461/1536 1668/1464/1539 1674/1470/1545 1675/1471/1546 
f 1675/1471/1546 1674/1470/1545 1676/1472/1547 1677/1473/1548 
f 1668/1464/1539 1670/1466/1541 1678/1474/1549 1674/1470/1545 
f 1674/1470/1545 1678/1474/1549 1679/1475/1550 1676/1472/1547 
f 1665/1461/1536 1675/1471/1546 1680/1471/1551 1681/1461/1552 
f 1681/1461/1552 1680/1471/1551 1060/1476/937 1052/1477/929 
f 1675/1471/1546 1677/1473/1548 1682/1473/1553 1680/1471/1551 
f 1680/1471/1551 1682/1473/1553 1061/1478/938 1060/1476/937 
f 1665/1461/1536 1681/1461/1552 1683/1462/1554 1666/1462/1537 
f 1666/1462/1537 1683/1462/1554 1684/1467/1555 1671/1467/1542 
f 1681/1461/1552 1052/1477/929 1051/1479/928 1683/1462/1554 
f 1683/1462/1554 1051/1479/928 1055/1412/932 1684/1467/1555 
f 1685/906/1556 1686/905/1557 1687/1480/1558 1688/1481/1559 
f 1688/1481/1559 1687/1480/1558 1689/1480/1560 1690/1481/1561 
f 1686/905/1557 1691/909/1562 1692/1482/1563 1687/1480/1558 
f 1687/1480/1558 1692/1482/1563 1693/1482/1564 1689/1480/1560 
f 1685/906/1556 1688/1481/1559 1694/1483/1565 1695/914/1566 
f 1695/914/1566 1694/1483/1565 1696/1484/1567 1697/915/1568 
f 1688/1481/1559 1690/1481/1561 1698/1483/1569 1694/1483/1565 
f 1694/1483/1565 1698/1483/1569 1699/1484/1570 1696/1484/1567 
f 1685/906/1556 1695/914/1566 1700/914/1571 1701/906/1572 
f 1701/906/1572 1700/914/1571 1085/914/961 1077/906/953 
f 1695/914/1566 1697/915/1568 1702/915/1573 1700/914/1571 
f 1700/914/1571 1702/915/1573 1086/915/962 1085/914/961 
f 1685/906/1556 1701/906/1572 1703/905/1574 1686/905/1557 
f 1686/905/1557 1703/905/1574 1704/909/1575 1691/909/1562 
f 1701/906/1572 1077/906/953 1076/905/952 1703/905/1574 
f 1703/905/1574 1076/905/952 1080/909/956 1704/909/1575 
f 1705/1485/1576 1706/1486/1577 1707/1486/1578 1708/1485/1579 
f 1708/1485/1579 1707/1486/1578 1709/1487/1580 1710/1488/1581 
f 1706/1486/1577 1597/1489/1469 1596/1489/1468 1707/1486/1578 
f 1707/1486/1578 1596/1489/1468 1599/1490/1471 1709/1487/1580 
f 1705/1485/1576 1708/1485/1579 1711/1491/1582 1712/935/1583 
f 1712/935/1583 1711/1491/1582 1713/1492/1584 1714/1492/1585 
f 1708/1485/1579 1710/1488/1581 1715/1491/1586 1711/1491/1582 
f 1711/1491/1582 1715/1491/1586 1716/1493/1587 1713/1492/1584 
f 1705/1485/1576 1712/935/1583 1717/935/1588 1718/1485/1589 
f 1718/1485/1589 1717/935/1588 1107/935/983 1102/929/978 
f 1712/935/1583 1714/1492/1585 1719/1494/1590 1717/935/1588 
f 1717/935/1588 1719/1494/1590 1108/933/984 1107/935/983 
f 1705/1485/1576 1718/1485/1589 1720/928/1591 1706/1486/1577 
f 1706/1486/1577 1720/928/1591 1602/931/1474 1597/1489/1469 
f 1718/1485/1589 1102/929/978 1101/928/977 1720/928/1591 
f 1720/928/1591 1101/928/977 961/931/841 1602/931/1474 
f 1721/1495/1592 1722/1496/1593 1723/1496/1594 1724/1497/1595 
f 1724/1497/1595 1723/1496/1594 1725/1498/1596 1726/1497/1597 
f 1722/1496/1593 1437/1499/1310 1436/1499/1309 1723/1496/1594 
f 1723/1496/1594 1436/1499/1309 1439/1500/1312 1725/1498/1596 
f 1721/1495/1592 1724/1497/1595 1727/1501/1598 1728/955/1599 
f 1728/955/1599 1727/1501/1598 1729/1502/1600 1730/956/1601 
f 1724/1497/1595 1726/1497/1597 1731/1503/1602 1727/1501/1598 
f 1727/1501/1598 1731/1503/1602 1732/1504/1603 1729/1502/1600 
f 1721/1495/1592 1728/955/1599 1733/955/1604 1734/1495/1605 
f 1734/1495/1605 1733/955/1604 1127/955/1003 1122/948/998 
f 1728/955/1599 1730/956/1601 1735/956/1606 1733/955/1604 
f 1733/955/1604 1735/956/1606 1128/956/1004 1127/955/1003 
f 1721/1495/1592 1734/1495/1605 1736/1496/1607 1722/1496/1593 
f 1722/1496/1593 1736/1496/1607 1442/1499/1315 1437/1499/1310 
f 1734/1495/1605 1122/948/998 1121/947/997 1736/1496/1607 
f 1736/1496/1607 1121/947/997 783/950/664 1442/1499/1315 
f 1737/1505/1608 1738/965/1609 1739/1506/1610 1740/1505/1611 
f 1740/1505/1611 1739/1506/1610 1741/1507/1612 1742/1508/1613 
f 1738/965/1609 1537/1509/1410 1536/1510/1409 1739/1506/1610 
f 1739/1506/1610 1536/1510/1409 1539/1511/1412 1741/1507/1612 
f 1737/1505/1608 1740/1505/1611 1743/1512/1614 1744/1512/1615 
f 1744/1512/1615 1743/1512/1614 1745/1513/1616 1746/1513/1617 
f 1740/1505/1611 1742/1508/1613 1747/1514/1618 1743/1512/1614 
f 1743/1512/1614 1747/1514/1618 1748/1515/1619 1745/1513/1616 
f 1737/1505/1608 1744/1512/1615 1749/968/1620 1750/1505/1621 
f 1750/1505/1621 1749/968/1620 1143/968/1019 1138/964/1014 
f 1744/1512/1615 1746/1513/1617 1751/931/1622 1749/968/1620 
f 1749/968/1620 1751/931/1622 1144/970/1020 1143/968/1019 
f 1737/1505/1608 1750/1505/1621 1752/965/1623 1738/965/1609 
f 1738/965/1609 1752/965/1623 1542/967/1415 1537/1509/1410 
f 1750/1505/1621 1138/964/1014 1137/965/1013 1752/965/1623 
f 1752/965/1623 1137/965/1013 891/967/772 1542/967/1415 
f 1753/1516/1624 1754/981/1625 1755/1517/1626 1756/1518/1627 
f 1756/1518/1627 1755/1517/1626 1757/1519/1628 1758/1518/1629 
f 1754/981/1625 1697/984/1568 1696/1520/1567 1755/1517/1626 
f 1755/1517/1626 1696/1520/1567 1699/1521/1570 1757/1519/1628 
f 1753/1516/1624 1756/1518/1627 1759/1522/1630 1760/1522/1631 
f 1760/1522/1631 1759/1522/1630 1761/1523/1632 1762/1523/1633 
f 1756/1518/1627 1758/1518/1629 1763/1524/1634 1759/1522/1630 
f 1759/1522/1630 1763/1524/1634 1764/1525/1635 1761/1523/1632 
f 1753/1516/1624 1760/1522/1631 1765/1522/1636 1766/1516/1637 
f 1766/1516/1637 1765/1522/1636 1159/985/1035 1154/980/1030 
f 1760/1522/1631 1762/1523/1633 1767/1523/1638 1765/1522/1636 
f 1765/1522/1636 1767/1523/1638 1160/987/1036 1159/985/1035 
f 1753/1516/1624 1766/1516/1637 1768/981/1639 1754/981/1625 
f 1754/981/1625 1768/981/1639 1702/984/1573 1697/984/1568 
f 1766/1516/1637 1154/980/1030 1153/981/1029 1768/981/1639 
f 1768/981/1639 1153/981/1029 1086/984/962 1702/984/1573 
f 1769/1526/1640 1770/1527/1641 1771/1527/1642 1772/1528/1643 
f 1772/1528/1643 1771/1527/1642 1773/1529/1644 1774/1528/1645 
f 1770/1527/1641 1477/1530/1350 1476/1530/1349 1771/1527/1642 
f 1771/1527/1642 1476/1530/1349 1479/1531/1352 1773/1529/1644 
f 1769/1526/1640 1772/1528/1643 1775/1532/1646 1776/1009/1647 
f 1776/1009/1647 1775/1532/1646 1777/1533/1648 1778/984/1649 
f 1772/1528/1643 1774/1528/1645 1779/1532/1650 1775/1532/1646 
f 1775/1532/1646 1779/1532/1650 1780/1534/1651 1777/1533/1648 
f 1769/1526/1640 1776/1009/1647 1781/1009/1652 1782/1526/1653 
f 1782/1526/1653 1781/1009/1652 1179/1009/1055 1174/1002/1050 
f 1776/1009/1647 1778/984/1649 1783/984/1654 1781/1009/1652 
f 1781/1009/1652 1783/984/1654 1180/984/1056 1179/1009/1055 
f 1769/1526/1640 1782/1526/1653 1784/1527/1655 1770/1527/1641 
f 1770/1527/1641 1784/1527/1655 1482/1530/1355 1477/1530/1350 
f 1782/1526/1653 1174/1002/1050 1173/1001/1049 1784/1527/1655 
f 1784/1527/1655 1173/1001/1049 823/1004/704 1482/1530/1355 
f 1785/1535/1656 1786/1017/1657 1787/1536/1658 1788/1535/1659 
f 1788/1535/1659 1787/1536/1658 1789/1536/1660 1790/1537/1661 
f 1786/1017/1657 1637/1021/1508 1636/1538/1507 1787/1536/1658 
f 1787/1536/1658 1636/1538/1507 1639/1538/1510 1789/1536/1660 
f 1785/1535/1656 1788/1535/1659 1791/1539/1662 1792/1539/1663 
f 1792/1539/1663 1791/1539/1662 1793/1540/1664 1794/1027/1665 
f 1788/1535/1659 1790/1537/1661 1795/1541/1666 1791/1539/1662 
f 1791/1539/1662 1795/1541/1666 1796/1542/1667 1793/1540/1664 
f 1785/1535/1656 1792/1539/1663 1797/1539/1668 1798/1018/1669 
f 1798/1018/1669 1797/1539/1668 1195/1026/1071 1190/1018/1066 
f 1792/1539/1663 1794/1027/1665 1799/1027/1670 1797/1539/1668 
f 1797/1539/1668 1799/1027/1670 1196/1027/1072 1195/1026/1071 
f 1785/1535/1656 1798/1018/1669 1800/1017/1671 1786/1017/1657 
f 1786/1017/1657 1800/1017/1671 1642/1183/1513 1637/1021/1508 
f 1798/1018/1669 1190/1018/1066 1189/1017/1065 1800/1017/1671 
f 1800/1017/1671 1189/1017/1065 1011/1021/889 1642/1183/1513 
f 1801/1543/1672 1802/1544/1673 1803/1544/1674 1804/1543/1675 
f 1804/1543/1675 1803/1544/1674 1805/1545/1676 1806/1546/1677 
f 1802/1544/1673 1677/1547/1548 1676/1548/1547 1803/1544/1674 
f 1803/1544/1674 1676/1548/1547 1679/1549/1550 1805/1545/1676 
f 1801/1543/1672 1804/1543/1675 1807/1550/1678 1808/1047/1679 
f 1808/1047/1679 1807/1550/1678 1809/1551/1680 1810/1552/1681 
f 1804/1543/1675 1806/1546/1677 1811/1553/1682 1807/1550/1678 
f 1807/1550/1678 1811/1553/1682 1812/1554/1683 1809/1551/1680 
f 1801/1543/1672 1808/1047/1679 1813/1047/1684 1814/1543/1685 
f 1814/1543/1685 1813/1047/1684 1215/1047/1091 1210/1041/1086 
f 1808/1047/1679 1810/1552/1681 1815/1045/1686 1813/1047/1684 
f 1813/1047/1684 1815/1045/1686 1216/1045/1092 1215/1047/1091 
f 1801/1543/1672 1814/1543/1685 1816/1040/1687 1802/1544/1673 
f 1802/1544/1673 1816/1040/1687 1682/1084/1553 1677/1547/1548 
f 1814/1543/1685 1210/1041/1086 1209/1040/1085 1816/1040/1687 
f 1816/1040/1687 1209/1040/1085 1061/1043/938 1682/1084/1553 
f 1817/1555/1688 1818/1556/1689 1819/1556/1690 1820/1557/1691 
f 1820/1557/1691 1819/1556/1690 1821/1558/1692 1822/1557/1693 
f 1818/1556/1689 1517/1559/1390 1516/1559/1389 1819/1556/1690 
f 1819/1556/1690 1516/1559/1389 1519/1560/1392 1821/1558/1692 
f 1817/1555/1688 1820/1557/1691 1823/1561/1694 1824/1068/1695 
f 1824/1068/1695 1823/1561/1694 1825/1562/1696 1826/1069/1697 
f 1820/1557/1691 1822/1557/1693 1827/1561/1698 1823/1561/1694 
f 1823/1561/1694 1827/1561/1698 1828/1563/1699 1825/1562/1696 
f 1817/1555/1688 1824/1068/1695 1829/1068/1700 1830/1564/1701 
f 1830/1564/1701 1829/1068/1700 1235/1068/1111 1230/1061/1106 
f 1824/1068/1695 1826/1069/1697 1831/1069/1702 1829/1068/1700 
f 1829/1068/1700 1831/1069/1702 1236/1069/1112 1235/1068/1111 
f 1817/1555/1688 1830/1564/1701 1832/1565/1703 1818/1556/1689 
f 1818/1556/1689 1832/1565/1703 1522/1566/1395 1517/1559/1390 
f 1830/1564/1701 1230/1061/1106 1229/1060/1105 1832/1565/1703 
f 1832/1565/1703 1229/1060/1105 867/1063/748 1522/1566/1395 
f 1833/1567/1704 1834/1078/1705 1835/1568/1706 1836/1567/1707 
f 1836/1567/1707 1835/1568/1706 1837/1569/1708 1838/1570/1709 
f 1834/1078/1705 1457/1571/1330 1456/1571/1329 1835/1568/1706 
f 1835/1568/1706 1456/1571/1329 1459/1572/1332 1837/1569/1708 
f 1833/1567/1704 1836/1567/1707 1839/1573/1710 1840/1573/1711 
f 1840/1573/1711 1839/1573/1710 1841/1547/1712 1842/1547/1713 
f 1836/1567/1707 1838/1570/1709 1843/1574/1714 1839/1573/1710 
f 1839/1573/1710 1843/1574/1714 1844/1575/1715 1841/1547/1712 
f 1833/1567/1704 1840/1573/1711 1845/1082/1716 1846/1567/1717 
f 1846/1567/1717 1845/1082/1716 1251/1082/1127 1246/1079/1122 
f 1840/1573/1711 1842/1547/1713 1847/1084/1718 1845/1082/1716 
f 1845/1082/1716 1847/1084/1718 1252/1084/1128 1251/1082/1127 
f 1833/1567/1704 1846/1567/1717 1848/1078/1719 1834/1078/1705 
f 1834/1078/1705 1848/1078/1719 1462/1576/1335 1457/1571/1330 
f 1846/1567/1717 1246/1079/1122 1245/1078/1121 1848/1078/1719 
f 1848/1078/1719 1245/1078/1121 803/1081/684 1462/1576/1335 
f 1849/1577/1720 1850/1095/1721 1851/1578/1722 1852/1579/1723 
f 1852/1579/1723 1851/1578/1722 1853/1578/1724 1854/1579/1725 
f 1850/1095/1721 1617/1098/1488 1616/1580/1487 1851/1578/1722 
f 1851/1578/1722 1616/1580/1487 1619/1581/1490 1853/1578/1724 
f 1849/1577/1720 1852/1579/1723 1855/1582/1726 1856/1582/1727 
f 1856/1582/1727 1855/1582/1726 1857/1583/1728 1858/1583/1729 
f 1852/1579/1723 1854/1579/1725 1859/1584/1730 1855/1582/1726 
f 1855/1582/1726 1859/1584/1730 1860/1585/1731 1857/1583/1728 
f 1849/1577/1720 1856/1582/1727 1861/1586/1732 1862/1587/1733 
f 1862/1587/1733 1861/1586/1732 1267/1099/1143 1262/1094/1138 
f 1856/1582/1727 1858/1583/1729 1863/1588/1734 1861/1586/1732 
f 1861/1586/1732 1863/1588/1734 1268/1101/1144 1267/1099/1143 
f 1849/1577/1720 1862/1587/1733 1864/1095/1735 1850/1095/1721 
f 1850/1095/1721 1864/1095/1735 1622/1098/1493 1617/1098/1488 
f 1862/1587/1733 1262/1094/1138 1261/1095/1137 1864/1095/1735 
f 1864/1095/1735 1261/1095/1137 986/1098/865 1622/1098/1493 
f 1865/1589/1736 1866/1590/1737 1867/1590/1738 1868/1591/1739 
f 1868/1591/1739 1867/1590/1738 1869/1592/1740 1870/1591/1741 
f 1866/1590/1737 1397/1593/1270 1396/1593/1269 1867/1590/1738 
f 1867/1590/1738 1396/1593/1269 1399/1594/1272 1869/1592/1740 
f 1865/1589/1736 1868/1591/1739 1871/1595/1742 1872/1123/1743 
f 1872/1123/1743 1871/1595/1742 1873/1596/1744 1874/1124/1745 
f 1868/1591/1739 1870/1591/1741 1875/1595/1746 1871/1595/1742 
f 1871/1595/1742 1875/1595/1746 1876/1597/1747 1873/1596/1744 
f 1865/1589/1736 1872/1123/1743 1877/1123/1748 1878/1589/1749 
f 1878/1589/1749 1877/1123/1748 1287/1123/1162 1282/1116/1157 
f 1872/1123/1743 1874/1124/1745 1879/1124/1750 1877/1123/1748 
f 1877/1123/1748 1879/1124/1750 1288/1124/1163 1287/1123/1162 
f 1865/1589/1736 1878/1589/1749 1880/1598/1751 1866/1590/1737 
f 1866/1590/1737 1880/1598/1751 1402/1599/1275 1397/1593/1270 
f 1878/1589/1749 1282/1116/1157 1281/1115/1156 1880/1598/1751 
f 1880/1598/1751 1281/1115/1156 735/1118/616 1402/1599/1275 
f 1881/1600/1752 1882/1132/1753 1883/1601/1754 1884/1600/1755 
f 1884/1600/1755 1883/1601/1754 1885/1601/1756 1886/1600/1757 
f 1882/1132/1753 1557/1137/1430 1556/1602/1429 1883/1601/1754 
f 1883/1601/1754 1556/1602/1429 1559/1603/1432 1885/1601/1756 
f 1881/1600/1752 1884/1600/1755 1887/1604/1758 1888/1604/1759 
f 1888/1604/1759 1887/1604/1758 1889/1605/1760 1890/1605/1761 
f 1884/1600/1755 1886/1600/1757 1891/1606/1762 1887/1604/1758 
f 1887/1604/1758 1891/1606/1762 1892/1607/1763 1889/1605/1760 
f 1881/1600/1752 1888/1604/1759 1893/1604/1764 1894/1134/1765 
f 1894/1134/1765 1893/1604/1764 1303/1138/1178 1298/1134/1173 
f 1888/1604/1759 1890/1605/1761 1895/1605/1766 1893/1604/1764 
f 1893/1604/1764 1895/1605/1766 1304/1141/1179 1303/1138/1178 
f 1881/1600/1752 1894/1134/1765 1896/1132/1767 1882/1132/1753 
f 1882/1132/1753 1896/1132/1767 1562/1137/1435 1557/1137/1430 
f 1894/1134/1765 1298/1134/1173 1297/1132/1172 1896/1132/1767 
f 1896/1132/1767 1297/1132/1172 911/1137/792 1562/1137/1435 
f 1897/1608/1768 1898/1155/1769 1899/1609/1770 1900/1610/1771 
f 1900/1610/1771 1899/1609/1770 1901/1609/1772 1902/1610/1773 
f 1898/1155/1769 1577/956/1449 1576/1611/1448 1899/1609/1770 
f 1899/1609/1770 1576/1611/1448 1579/1612/1451 1901/1609/1772 
f 1897/1608/1768 1900/1610/1771 1903/1613/1774 1904/1613/1775 
f 1904/1613/1775 1903/1613/1774 1905/1614/1776 1906/1614/1777 
f 1900/1610/1771 1902/1610/1773 1907/1615/1778 1903/1613/1774 
f 1903/1613/1774 1907/1615/1778 1908/1616/1779 1905/1614/1776 
f 1897/1608/1768 1904/1613/1775 1909/1613/1780 1910/1608/1781 
f 1910/1608/1781 1909/1613/1780 1323/1158/1197 1318/1154/1192 
f 1904/1613/1775 1906/1614/1777 1911/1614/1782 1909/1613/1780 
f 1909/1613/1780 1911/1614/1782 1324/1160/1198 1323/1158/1197 
f 1897/1608/1768 1910/1608/1781 1912/1155/1783 1898/1155/1769 
f 1898/1155/1769 1912/1155/1783 1582/956/1454 1577/956/1449 
f 1910/1608/1781 1318/1154/1192 1317/1155/1191 1912/1155/1783 
f 1912/1155/1783 1317/1155/1191 936/956/816 1582/956/1454 
f 1913/1617/1784 1914/1618/1785 1915/1619/1786 1916/1617/1787 
f 1916/1617/1787 1915/1619/1786 1917/1619/1788 1918/1617/1789 
f 1914/1618/1785 1417/1620/1290 1416/1620/1289 1915/1619/1786 
f 1915/1619/1786 1416/1620/1289 1419/1621/1292 1917/1619/1788 
f 1913/1617/1784 1916/1617/1787 1919/1622/1790 1920/1179/1791 
f 1920/1179/1791 1919/1622/1790 1921/1623/1792 1922/1183/1793 
f 1916/1617/1787 1918/1617/1789 1923/1622/1794 1919/1622/1790 
f 1919/1622/1790 1923/1622/1794 1924/1624/1795 1921/1623/1792 
f 1913/1617/1784 1920/1179/1791 1925/1179/1796 1926/1176/1797 
f 1926/1176/1797 1925/1179/1796 1343/1179/1217 1338/1176/1212 
f 1920/1179/1791 1922/1183/1793 1927/1183/1798 1925/1179/1796 
f 1925/1179/1796 1927/1183/1798 1344/1183/1218 1343/1179/1217 
f 1913/1617/1784 1926/1176/1797 1928/1618/1799 1914/1618/1785 
f 1914/1618/1785 1928/1618/1799 1422/1620/1295 1417/1620/1290 
f 1926/1176/1797 1338/1176/1212 1337/1174/1211 1928/1618/1799 
f 1928/1618/1799 1337/1174/1211 759/1178/640 1422/1620/1295 
f 1929/1625/1800 1930/1193/1801 1931/1626/1802 1932/1627/1803 
f 1932/1627/1803 1931/1626/1802 1933/1626/1804 1934/1627/1805 
f 1930/1193/1801 1657/1195/1528 1656/1628/1527 1931/1626/1802 
f 1931/1626/1802 1656/1628/1527 1659/1629/1530 1933/1626/1804 
f 1929/1625/1800 1932/1627/1803 1935/1630/1806 1936/1630/1807 
f 1936/1630/1807 1935/1630/1806 1937/1631/1808 1938/1631/1809 
f 1932/1627/1803 1934/1627/1805 1939/1632/1810 1935/1630/1806 
f 1935/1630/1806 1939/1632/1810 1940/1633/1811 1937/1631/1808 
f 1929/1625/1800 1936/1630/1807 1941/1634/1812 1942/1625/1813 
f 1942/1625/1813 1941/1634/1812 1359/1196/1233 1354/1192/1228 
f 1936/1630/1807 1938/1631/1809 1943/1635/1814 1941/1634/1812 
f 1941/1634/1812 1943/1635/1814 1360/1198/1234 1359/1196/1233 
f 1929/1625/1800 1942/1625/1813 1944/1193/1815 1930/1193/1801 
f 1930/1193/1801 1944/1193/1815 1662/1195/1533 1657/1195/1528 
f 1942/1625/1813 1354/1192/1228 1353/1193/1227 1944/1193/1815 
f 1944/1193/1815 1353/1193/1227 1036/1195/914 1662/1195/1533 
f 1945/1636/1816 1946/1637/1817 1947/1637/1818 1948/1636/1819 
f 1948/1636/1819 1947/1637/1818 1949/1638/1820 1950/1639/1821 
f 1946/1637/1817 1497/1216/1370 1496/1640/1369 1947/1637/1818 
f 1947/1637/1818 1496/1640/1369 1499/1641/1372 1949/1638/1820 
f 1945/1636/1816 1948/1636/1819 1951/1642/1822 1952/1217/1823 
f 1952/1217/1823 1951/1642/1822 1953/1643/1824 1954/1137/1825 
f 1948/1636/1819 1950/1639/1821 1955/1642/1826 1951/1642/1822 
f 1951/1642/1822 1955/1642/1826 1956/1643/1827 1953/1643/1824 
f 1945/1636/1816 1952/1217/1823 1957/1217/1828 1958/1212/1829 
f 1958/1212/1829 1957/1217/1828 1379/1217/1252 1374/1212/1247 
f 1952/1217/1823 1954/1137/1825 1959/1137/1830 1957/1217/1828 
f 1957/1217/1828 1959/1137/1830 1380/1221/1253 1379/1217/1252 
f 1945/1636/1816 1958/1212/1829 1960/1637/1831 1946/1637/1817 
f 1946/1637/1817 1960/1637/1831 1502/1216/1375 1497/1216/1370 
f 1958/1212/1829 1374/1212/1247 1373/1213/1246 1960/1637/1831 
f 1960/1637/1831 1373/1213/1246 843/1216/724 1502/1216/1375 
f 1961/1644/1832 1962/1645/1833 1963/1646/1834 1964/1647/1835 
f 1964/1647/1835 1963/1646/1834 1965/1648/1836 1966/1649/1837 
f 1962/1645/1833 1967/1650/1838 1968/1651/1839 1963/1646/1834 
f 1963/1646/1834 1968/1651/1839 1969/140/411 1965/1648/1836 
f 1961/1644/1832 1964/1647/1835 1970/1652/1840 1971/1653/1841 
f 1971/1653/1841 1970/1652/1840 1972/1654/1842 1973/1655/1843 
f 1964/1647/1835 1966/1649/1837 1974/1656/1844 1970/1652/1840 
f 1970/1652/1840 1974/1656/1844 660/1657/547 1972/1654/1842 
f 1961/1644/1832 1971/1653/1841 1975/1658/1845 1976/1659/1846 
f 1976/1659/1846 1975/1658/1845 1398/1660/1271 1390/1661/1263 
f 1971/1653/1841 1973/1655/1843 1977/1662/1847 1975/1658/1845 
f 1975/1658/1845 1977/1662/1847 1399/1663/1272 1398/1660/1271 
f 1961/1644/1832 1976/1659/1846 1978/1664/1848 1962/1645/1833 
f 1962/1645/1833 1978/1664/1848 1979/1665/1849 1967/1650/1838 
f 1976/1659/1846 1390/1661/1263 1389/1666/1262 1978/1664/1848 
f 1978/1664/1848 1389/1666/1262 1393/1667/1266 1979/1665/1849 
f 1980/1668/1850 1981/1669/1851 1982/1670/1852 1983/1671/1853 
f 1983/1671/1853 1982/1670/1852 364/1306/252 359/1301/247 
f 1981/1669/1851 1984/1672/1854 1985/1673/1855 1982/1670/1852 
f 1982/1670/1852 1985/1673/1855 365/1307/253 364/1306/252 
f 1980/1668/1850 1983/1671/1853 1986/1674/1856 1987/1675/1857 
f 1987/1675/1857 1986/1674/1856 1988/1676/1858 1989/1677/1859 
f 1983/1671/1853 359/1301/247 358/1300/246 1986/1674/1856 
f 1986/1674/1856 358/1300/246 361/1678/249 1988/1676/1858 
f 1980/1668/1850 1987/1675/1857 1990/1679/1860 1991/1680/1861 
f 1991/1680/1861 1990/1679/1860 1418/1681/1291 1410/1682/1283 
f 1987/1675/1857 1989/1677/1859 1992/1683/1862 1990/1679/1860 
f 1990/1679/1860 1992/1683/1862 1419/1684/1292 1418/1681/1291 
f 1980/1668/1850 1991/1680/1861 1993/1685/1863 1981/1669/1851 
f 1981/1669/1851 1993/1685/1863 1994/1686/1864 1984/1672/1854 
f 1991/1680/1861 1410/1682/1283 1409/1687/1282 1993/1685/1863 
f 1993/1685/1863 1409/1687/1282 1413/1688/1286 1994/1686/1864 
f 1995/1689/1865 1996/1690/1866 1997/1691/1867 1998/1692/1868 
f 1998/1692/1868 1997/1691/1867 1999/1693/1869 2000/1694/1870 
f 1996/1690/1866 2001/1695/1871 2002/1696/1872 1997/1691/1867 
f 1997/1691/1867 2002/1696/1872 2003/1697/1873 1999/1693/1869 
f 1995/1689/1865 1998/1692/1868 2004/1698/1874 2005/1699/1875 
f 2005/1699/1875 2004/1698/1874 2006/1700/1876 2007/1701/1877 
f 1998/1692/1868 2000/1694/1870 2008/1702/1878 2004/1698/1874 
f 2004/1698/1874 2008/1702/1878 565/1703/452 2006/1700/1876 
f 1995/1689/1865 2005/1699/1875 2009/1704/1879 2010/1705/1880 
f 2010/1705/1880 2009/1704/1879 1438/1706/1311 1430/1707/1303 
f 2005/1699/1875 2007/1701/1877 2011/1708/1881 2009/1704/1879 
f 2009/1704/1879 2011/1708/1881 1439/1709/1312 1438/1706/1311 
f 1995/1689/1865 2010/1705/1880 2012/1710/1882 1996/1690/1866 
f 1996/1690/1866 2012/1710/1882 2013/1711/1883 2001/1695/1871 
f 2010/1705/1880 1430/1707/1303 1429/1712/1302 2012/1710/1882 
f 2012/1710/1882 1429/1712/1302 1433/1713/1306 2013/1711/1883 
f 2014/1714/1884 2015/1715/1885 2016/1716/1886 2017/1717/1887 
f 2017/1717/1887 2016/1716/1886 389/1718/277 384/1719/272 
f 2015/1715/1885 2018/1720/1888 2019/1721/1889 2016/1716/1886 
f 2016/1716/1886 2019/1721/1889 390/1722/278 389/1718/277 
f 2014/1714/1884 2017/1717/1887 2020/1723/1890 2021/1724/1891 
f 2021/1724/1891 2020/1723/1890 2022/1725/1892 2023/1726/1893 
f 2017/1717/1887 384/1719/272 383/1727/271 2020/1723/1890 
f 2020/1723/1890 383/1727/271 386/1728/274 2022/1725/1892 
f 2014/1714/1884 2021/1724/1891 2024/1729/1894 2025/1730/1895 
f 2025/1730/1895 2024/1729/1894 1458/1731/1331 1450/1732/1323 
f 2021/1724/1891 2023/1726/1893 2026/1733/1896 2024/1729/1894 
f 2024/1729/1894 2026/1733/1896 1459/1252/1332 1458/1731/1331 
f 2014/1714/1884 2025/1730/1895 2027/1734/1897 2015/1715/1885 
f 2015/1715/1885 2027/1734/1897 2028/1735/1898 2018/1720/1888 
f 2025/1730/1895 1450/1732/1323 1449/1736/1322 2027/1734/1897 
f 2027/1734/1897 1449/1736/1322 1453/1737/1326 2028/1735/1898 
f 2029/1738/1899 2030/1739/1900 2031/1740/1901 2032/1741/1902 
f 2032/1741/1902 2031/1740/1901 2033/1742/1903 2034/1743/1904 
f 2030/1739/1900 2035/1744/1905 2036/1745/1906 2031/1740/1901 
f 2031/1740/1901 2036/1745/1906 2037/1746/1907 2033/1742/1903 
f 2029/1738/1899 2032/1741/1902 2038/1747/1908 2039/1748/1909 
f 2039/1748/1909 2038/1747/1908 2040/698/1910 2041/692/1911 
f 2032/1741/1902 2034/1743/1904 2042/1749/1912 2038/1747/1908 
f 2038/1747/1908 2042/1749/1912 595/1750/482 2040/698/1910 
f 2029/1738/1899 2039/1748/1909 2043/1751/1913 2044/1752/1914 
f 2044/1752/1914 2043/1751/1913 1478/1753/1351 1470/1754/1343 
f 2039/1748/1909 2041/692/1911 2045/1755/1915 2043/1751/1913 
f 2043/1751/1913 2045/1755/1915 1479/1756/1352 1478/1753/1351 
f 2029/1738/1899 2044/1752/1914 2046/1757/1916 2030/1739/1900 
f 2030/1739/1900 2046/1757/1916 2047/1758/1917 2035/1744/1905 
f 2044/1752/1914 1470/1754/1343 1469/1759/1342 2046/1757/1916 
f 2046/1757/1916 1469/1759/1342 1473/1760/1346 2047/1758/1917 
f 2048/1761/1918 2049/1762/1919 2050/1763/1920 2051/1764/1921 
f 2051/1764/1921 2050/1763/1920 414/1765/302 409/1766/297 
f 2049/1762/1919 2052/1767/1922 2053/1768/1923 2050/1763/1920 
f 2050/1763/1920 2053/1768/1923 415/1769/303 414/1765/302 
f 2048/1761/1918 2051/1764/1921 2054/1770/1924 2055/1771/1925 
f 2055/1771/1925 2054/1770/1924 2056/1386/1926 2057/1772/1927 
f 2051/1764/1921 409/1766/297 408/1773/296 2054/1770/1924 
f 2054/1770/1924 408/1773/296 411/1389/299 2056/1386/1926 
f 2048/1761/1918 2055/1771/1925 2058/1774/1928 2059/1775/1929 
f 2059/1775/1929 2058/1774/1928 1498/1776/1371 1490/1777/1363 
f 2055/1771/1925 2057/1772/1927 2060/1778/1930 2058/1774/1928 
f 2058/1774/1928 2060/1778/1930 1499/1779/1372 1498/1776/1371 
f 2048/1761/1918 2059/1775/1929 2061/1780/1931 2049/1762/1919 
f 2049/1762/1919 2061/1780/1931 2062/1781/1932 2052/1767/1922 
f 2059/1775/1929 1490/1777/1363 1489/1782/1362 2061/1780/1931 
f 2061/1780/1931 1489/1782/1362 1493/1783/1366 2062/1781/1932 
f 2063/1784/1933 2064/1785/1934 2065/1786/1935 2066/1787/1936 
f 2066/1787/1936 2065/1786/1935 2067/1788/1937 2068/1789/1938 
f 2064/1785/1934 2069/1790/1939 2070/1791/1940 2065/1786/1935 
f 2065/1786/1935 2070/1791/1940 2071/1792/1941 2067/1788/1937 
f 2063/1784/1933 2066/1787/1936 2072/1793/1942 2073/1794/1943 
f 2073/1794/1943 2072/1793/1942 2074/1662/1944 2075/1795/1945 
f 2066/1787/1936 2068/1789/1938 2076/1796/1946 2072/1793/1942 
f 2072/1793/1942 2076/1796/1946 630/1663/517 2074/1662/1944 
f 2063/1784/1933 2073/1794/1943 2077/1797/1947 2078/1798/1948 
f 2078/1798/1948 2077/1797/1947 1518/1799/1391 1510/1800/1383 
f 2073/1794/1943 2075/1795/1945 2079/1801/1949 2077/1797/1947 
f 2077/1797/1947 2079/1801/1949 1519/1802/1392 1518/1799/1391 
f 2063/1784/1933 2078/1798/1948 2080/1803/1950 2064/1785/1934 
f 2064/1785/1934 2080/1803/1950 2081/1804/1951 2069/1790/1939 
f 2078/1798/1948 1510/1800/1383 1509/1805/1382 2080/1803/1950 
f 2080/1803/1950 1509/1805/1382 1513/1806/1386 2081/1804/1951 
f 2082/1807/1952 2083/1808/1953 2084/1809/1954 2085/1810/1955 
f 2085/1810/1955 2084/1809/1954 439/1811/327 434/1812/322 
f 2083/1808/1953 2086/1813/1956 2087/1814/1957 2084/1809/1954 
f 2084/1809/1954 2087/1814/1957 440/1815/328 439/1811/327 
f 2082/1807/1952 2085/1810/1955 2088/1816/1958 2089/1817/1959 
f 2089/1817/1959 2088/1816/1958 2090/1683/1960 2091/1677/1961 
f 2085/1810/1955 434/1812/322 433/1818/321 2088/1816/1958 
f 2088/1816/1958 433/1818/321 436/1684/324 2090/1683/1960 
f 2082/1807/1952 2089/1817/1959 2092/1819/1962 2093/1820/1963 
f 2093/1820/1963 2092/1819/1962 1538/1821/1411 1530/1822/1403 
f 2089/1817/1959 2091/1677/1961 2094/1823/1964 2092/1819/1962 
f 2092/1819/1962 2094/1823/1964 1539/1303/1412 1538/1821/1411 
f 2082/1807/1952 2093/1820/1963 2095/1824/1965 2083/1808/1953 
f 2083/1808/1953 2095/1824/1965 2096/1825/1966 2086/1813/1956 
f 2093/1820/1963 1530/1822/1403 1529/1826/1402 2095/1824/1965 
f 2095/1824/1965 1529/1826/1402 1533/1827/1406 2096/1825/1966 
f 2097/1828/1967 2098/1829/1968 2099/1830/1969 2100/1831/1970 
f 2100/1831/1970 2099/1830/1969 2101/1832/1971 2102/1833/1972 
f 2098/1829/1968 2103/1834/1973 2104/1835/1974 2099/1830/1969 
f 2099/1830/1969 2104/1835/1974 2105/1836/1975 2101/1832/1971 
f 2097/1828/1967 2100/1831/1970 2106/1837/1976 2107/1838/1977 
f 2107/1838/1977 2106/1837/1976 2108/1839/1978 2109/1840/1979 
f 2100/1831/1970 2102/1833/1972 2110/1841/1980 2106/1837/1976 
f 2106/1837/1976 2110/1841/1980 670/1478/557 2108/1839/1978 
f 2097/1828/1967 2107/1838/1977 2111/1842/1981 2112/1843/1982 
f 2112/1843/1982 2111/1842/1981 1558/1355/1431 1550/1347/1423 
f 2107/1838/1977 2109/1840/1979 2113/1844/1983 2111/1842/1981 
f 2111/1842/1981 2113/1844/1983 1559/1356/1432 1558/1355/1431 
f 2097/1828/1967 2112/1843/1982 2114/1845/1984 2098/1829/1968 
f 2098/1829/1968 2114/1845/1984 2115/1846/1985 2103/1834/1973 
f 2112/1843/1982 1550/1347/1423 1549/1346/1422 2114/1845/1984 
f 2114/1845/1984 1549/1346/1422 1553/1350/1426 2115/1846/1985 
f 2116/1847/1986 2117/1848/1987 2118/1849/1988 2119/1850/1989 
f 2119/1850/1989 2118/1849/1988 464/1851/351 459/1852/346 
f 2117/1848/1987 2120/1853/1990 2121/1854/1991 2118/1849/1988 
f 2118/1849/1988 2121/1854/1991 465/1855/352 464/1851/351 
f 2116/1847/1986 2119/1850/1989 2122/1856/1992 2123/1857/1993 
f 2123/1857/1993 2122/1856/1992 2124/1858/1994 2125/1859/1995 
f 2119/1850/1989 459/1852/346 458/1860/345 2122/1856/1992 
f 2122/1856/1992 458/1860/345 461/1861/348 2124/1858/1994 
f 2116/1847/1986 2123/1857/1993 2126/1862/1996 2127/1863/1997 
f 2127/1863/1997 2126/1862/1996 1578/1864/1450 1570/1865/1443 
f 2123/1857/1993 2125/1859/1995 2128/1866/1998 2126/1862/1996 
f 2126/1862/1996 2128/1866/1998 1579/1867/1451 1578/1864/1450 
f 2116/1847/1986 2127/1863/1997 2129/1868/1999 2117/1848/1987 
f 2117/1848/1987 2129/1868/1999 2130/1869/2000 2120/1853/1990 
f 2127/1863/1997 1570/1865/1443 1569/1870/1442 2129/1868/1999 
f 2129/1868/1999 1569/1870/1442 1573/1871/1445 2130/1869/2000 
f 2131/1872/2001 2132/1873/2002 2133/1874/2003 2134/1875/2004 
f 2134/1875/2004 2133/1874/2003 2135/1876/2005 2136/1877/2006 
f 2132/1873/2002 2137/1878/2007 2138/1879/2008 2133/1874/2003 
f 2133/1874/2003 2138/1879/2008 2139/1880/287 2135/1876/2005 
f 2131/1872/2001 2134/1875/2004 2140/1881/2009 2141/1882/2010 
f 2141/1882/2010 2140/1881/2009 2142/1778/2011 2143/1883/2012 
f 2134/1875/2004 2136/1877/2006 2144/1884/2013 2140/1881/2009 
f 2140/1881/2009 2144/1884/2013 555/1885/442 2142/1778/2011 
f 2131/1872/2001 2141/1882/2010 2145/1886/2014 2146/1887/2015 
f 2146/1887/2015 2145/1886/2014 1598/1385/1470 1590/1377/1462 
f 2141/1882/2010 2143/1883/2012 2147/1888/2016 2145/1886/2014 
f 2145/1886/2014 2147/1888/2016 1599/1386/1471 1598/1385/1470 
f 2131/1872/2001 2146/1887/2015 2148/1889/2017 2132/1873/2002 
f 2132/1873/2002 2148/1889/2017 2149/1890/2018 2137/1878/2007 
f 2146/1887/2015 1590/1377/1462 1589/1376/1461 2148/1889/2017 
f 2148/1889/2017 1589/1376/1461 1593/1380/1465 2149/1890/2018 
f 2150/1891/2019 2151/1892/2020 2152/1893/2021 2153/1894/2022 
f 2153/1894/2022 2152/1893/2021 489/1895/376 484/1896/371 
f 2151/1892/2020 2154/1897/2023 2155/1898/2024 2152/1893/2021 
f 2152/1893/2021 2155/1898/2024 490/1899/377 489/1895/376 
f 2150/1891/2019 2153/1894/2022 2156/1900/2025 2157/1901/2026 
f 2157/1901/2026 2156/1900/2025 2158/1902/2027 2159/1903/2028 
f 2153/1894/2022 484/1896/371 483/1904/370 2156/1900/2025 
f 2156/1900/2025 483/1904/370 486/1905/373 2158/1902/2027 
f 2150/1891/2019 2157/1901/2026 2160/1906/2029 2161/1907/2030 
f 2161/1907/2030 2160/1906/2029 1618/1405/1489 1610/1397/1482 
f 2157/1901/2026 2159/1903/2028 2162/1908/2031 2160/1906/2029 
f 2160/1906/2029 2162/1908/2031 1619/1406/1490 1618/1405/1489 
f 2150/1891/2019 2161/1907/2030 2163/1909/2032 2151/1892/2020 
f 2151/1892/2020 2163/1909/2032 2164/1910/2033 2154/1897/2023 
f 2161/1907/2030 1610/1397/1482 1609/1396/1481 2163/1909/2032 
f 2163/1909/2032 1609/1396/1481 1613/1400/1484 2164/1910/2033 
f 2165/1911/2034 2166/1912/2035 2167/1913/2036 2168/1914/2037 
f 2168/1914/2037 2167/1913/2036 2169/1915/2038 2170/1916/2039 
f 2166/1912/2035 2171/1917/2040 2172/1918/2041 2167/1913/2036 
f 2167/1913/2036 2172/1918/2041 2173/1919/386 2169/1915/2038 
f 2165/1911/2034 2168/1914/2037 2174/1920/2042 2175/1921/2043 
f 2175/1921/2043 2174/1920/2042 2176/1922/2044 2177/1923/2045 
f 2168/1914/2037 2170/1916/2039 2178/1924/2046 2174/1920/2042 
f 2174/1920/2042 2178/1924/2046 605/1925/492 2176/1922/2044 
f 2165/1911/2034 2175/1921/2043 2179/1926/2047 2180/1927/2048 
f 2180/1927/2048 2179/1926/2047 1638/1430/1509 1630/1422/1501 
f 2175/1921/2043 2177/1923/2045 2181/1928/2049 2179/1926/2047 
f 2179/1926/2047 2181/1928/2049 1639/1431/1510 1638/1430/1509 
f 2165/1911/2034 2180/1927/2048 2182/1929/2050 2166/1912/2035 
f 2166/1912/2035 2182/1929/2050 2183/1930/2051 2171/1917/2040 
f 2180/1927/2048 1630/1422/1501 1629/1421/1500 2182/1929/2050 
f 2182/1929/2050 1629/1421/1500 1633/1425/1504 2183/1930/2051 
f 2184/1931/2052 2185/1932/2053 2186/1933/2054 2187/1934/2055 
f 2187/1934/2055 2186/1933/2054 514/1935/401 509/1936/396 
f 2185/1932/2053 2188/1937/2056 2189/1938/2057 2186/1933/2054 
f 2186/1933/2054 2189/1938/2057 515/1416/402 514/1935/401 
f 2184/1931/2052 2187/1934/2055 2190/1939/2058 2191/1940/2059 
f 2191/1940/2059 2190/1939/2058 2192/1941/2060 2193/1942/2061 
f 2187/1934/2055 509/1936/396 508/1943/395 2190/1939/2058 
f 2190/1939/2058 508/1943/395 511/1944/398 2192/1941/2060 
f 2184/1931/2052 2191/1940/2059 2194/1945/2062 2195/1946/2063 
f 2195/1946/2063 2194/1945/2062 1658/1449/1529 1650/1441/1521 
f 2191/1940/2059 2193/1942/2061 2196/1947/2064 2194/1945/2062 
f 2194/1945/2062 2196/1947/2064 1659/1450/1530 1658/1449/1529 
f 2184/1931/2052 2195/1946/2063 2197/1948/2065 2185/1932/2053 
f 2185/1932/2053 2197/1948/2065 2198/1949/2066 2188/1937/2056 
f 2195/1946/2063 1650/1441/1521 1649/1440/1520 2197/1948/2065 
f 2197/1948/2065 1649/1440/1520 1653/1444/1524 2198/1949/2066 
f 2199/1950/2067 2200/1951/2068 2201/1952/2069 2202/1953/2070 
f 2202/1953/2070 2201/1952/2069 2203/1954/2071 2204/1955/2072 
f 2200/1951/2068 2205/1956/2073 2206/1957/2074 2201/1952/2069 
f 2201/1952/2069 2206/1957/2074 2207/1958/2075 2203/1954/2071 
f 2199/1950/2067 2202/1953/2070 2208/1959/2076 2209/1960/2077 
f 2209/1960/2077 2208/1959/2076 2210/1353/2078 2211/1961/2079 
f 2202/1953/2070 2204/1955/2072 2212/1962/2080 2208/1959/2076 
f 2208/1959/2076 2212/1962/2080 620/1362/507 2210/1353/2078 
f 2199/1950/2067 2209/1960/2077 2213/1963/2081 2214/1964/2082 
f 2214/1964/2082 2213/1963/2081 1678/1474/1549 1670/1466/1541 
f 2209/1960/2077 2211/1961/2079 2215/1840/2083 2213/1963/2081 
f 2213/1963/2081 2215/1840/2083 1679/1475/1550 1678/1474/1549 
f 2199/1950/2067 2214/1964/2082 2216/1965/2084 2200/1951/2068 
f 2200/1951/2068 2216/1965/2084 2217/1406/2085 2205/1956/2073 
f 2214/1964/2082 1670/1466/1541 1669/1465/1540 2216/1965/2084 
f 2216/1965/2084 1669/1465/1540 1673/1469/1544 2217/1406/2085 
f 2218/1966/2086 2219/1967/2087 2220/1968/2088 2221/1969/2089 
f 2221/1969/2089 2220/1968/2088 539/1970/426 534/1971/421 
f 2219/1967/2087 2222/1972/2090 2223/1973/2091 2220/1968/2088 
f 2220/1968/2088 2223/1973/2091 540/1974/427 539/1970/426 
f 2218/1966/2086 2221/1969/2089 2224/1975/2092 2225/1976/2093 
f 2225/1976/2093 2224/1975/2092 2226/1977/2094 2227/1978/2095 
f 2221/1969/2089 534/1971/421 533/1979/420 2224/1975/2092 
f 2224/1975/2092 533/1979/420 536/1980/423 2226/1977/2094 
f 2218/1966/2086 2225/1976/2093 2228/1981/2096 2229/1982/2097 
f 2229/1982/2097 2228/1981/2096 1698/1983/1569 1690/1984/1561 
f 2225/1976/2093 2227/1978/2095 2230/1985/2098 2228/1981/2096 
f 2228/1981/2096 2230/1985/2098 1699/1861/1570 1698/1983/1569 
f 2218/1966/2086 2229/1982/2097 2231/1986/2099 2219/1967/2087 
f 2219/1967/2087 2231/1986/2099 2232/1987/2100 2222/1972/2090 
f 2229/1982/2097 1690/1984/1561 1689/1988/1560 2231/1986/2099 
f 2231/1986/2099 1689/1988/1560 1693/1989/1564 2232/1987/2100 
f 2233/491/2101 2234/497/2102 2235/497/2103 2236/491/2104 
f 2236/491/2104 2235/497/2103 554/497/441 546/491/433 
f 2234/497/2102 2143/1990/2012 2142/1991/2011 2235/497/2103 
f 2235/497/2103 2142/1991/2011 555/498/442 554/497/441 
f 2233/491/2101 2236/491/2104 2237/1992/2105 2238/1993/2106 
f 2238/1993/2106 2237/1992/2105 2239/1994/2107 2240/1995/2108 
f 2236/491/2104 546/491/433 545/490/432 2237/1992/2105 
f 2237/1992/2105 545/490/432 549/494/436 2239/1994/2107 
f 2233/491/2101 2238/1993/2106 2241/1996/2109 2242/1488/2110 
f 2242/1488/2110 2241/1996/2109 1715/1491/1586 1710/1488/1581 
f 2238/1993/2106 2240/1995/2108 2243/1997/2111 2241/1996/2109 
f 2241/1996/2109 2243/1997/2111 1716/1493/1587 1715/1491/1586 
f 2233/491/2101 2242/1488/2110 2244/1487/2112 2234/497/2102 
f 2234/497/2102 2244/1487/2112 2147/1998/2016 2143/1990/2012 
f 2242/1488/2110 1710/1488/1581 1709/1487/1580 2244/1487/2112 
f 2244/1487/2112 1709/1487/1580 1599/1490/1471 2147/1998/2016 
f 2245/1999/2113 2246/2000/2114 2247/2001/2115 2248/2002/2116 
f 2248/2002/2116 2247/2001/2115 564/2003/451 559/2002/446 
f 2246/2000/2114 2007/2004/1877 2006/2005/1876 2247/2001/2115 
f 2247/2001/2115 2006/2005/1876 565/2006/452 564/2003/451 
f 2245/1999/2113 2248/2002/2116 2249/2007/2117 2250/2008/2118 
f 2250/2008/2118 2249/2007/2117 2251/2009/2119 2252/2010/2120 
f 2248/2002/2116 559/2002/446 558/2011/445 2249/2007/2117 
f 2249/2007/2117 558/2011/445 561/2012/448 2251/2009/2119 
f 2245/1999/2113 2250/2008/2118 2253/2013/2121 2254/1497/2122 
f 2254/1497/2122 2253/2013/2121 1731/1503/1602 1726/1497/1597 
f 2250/2008/2118 2252/2010/2120 2255/2014/2123 2253/2013/2121 
f 2253/2013/2121 2255/2014/2123 1732/1504/1603 1731/1503/1602 
f 2245/1999/2113 2254/1497/2122 2256/2015/2124 2246/2000/2114 
f 2246/2000/2114 2256/2015/2124 2011/2016/1881 2007/2004/1877 
f 2254/1497/2122 1726/1497/1597 1725/1498/1596 2256/2015/2124 
f 2256/2015/2124 1725/1498/1596 1439/1500/1312 2011/2016/1881 
f 2257/1508/2125 2258/2017/2126 2259/2018/2127 2260/2019/2128 
f 2260/2019/2128 2259/2018/2127 574/2020/461 571/2019/458 
f 2258/2017/2126 2091/2021/1961 2090/2022/1960 2259/2018/2127 
f 2259/2018/2127 2090/2022/1960 436/2023/324 574/2020/461 
f 2257/1508/2125 2260/2019/2128 2261/2024/2129 2262/2025/2130 
f 2262/2025/2130 2261/2024/2129 2263/2026/2131 2264/2027/2132 
f 2260/2019/2128 571/2019/458 570/2028/457 2261/2024/2129 
f 2261/2024/2129 570/2028/457 530/2029/417 2263/2026/2131 
f 2257/1508/2125 2262/2025/2130 2265/2030/2133 2266/1508/2134 
f 2266/1508/2134 2265/2030/2133 1747/1514/1618 1742/1508/1613 
f 2262/2025/2130 2264/2027/2132 2267/2031/2135 2265/2030/2133 
f 2265/2030/2133 2267/2031/2135 1748/1515/1619 1747/1514/1618 
f 2257/1508/2125 2266/1508/2134 2268/2032/2136 2258/2017/2126 
f 2258/2017/2126 2268/2032/2136 2094/2033/1964 2091/2021/1961 
f 2266/1508/2134 1742/1508/1613 1741/1507/1612 2268/2032/2136 
f 2268/2032/2136 1741/1507/1612 1539/1511/1412 2094/2033/1964 
f 2269/2034/2137 2270/2035/2138 2271/2035/2139 2272/515/2140 
f 2272/515/2140 2271/2035/2139 580/518/467 578/515/465 
f 2270/2035/2138 2227/2036/2095 2226/2037/2094 2271/2035/2139 
f 2271/2035/2139 2226/2037/2094 536/519/423 580/518/467 
f 2269/2034/2137 2272/515/2140 2273/2038/2141 2274/2039/2142 
f 2274/2039/2142 2273/2038/2141 2275/2040/2143 2276/2041/2144 
f 2272/515/2140 578/515/465 577/514/464 2273/2038/2141 
f 2273/2038/2141 577/514/464 430/517/318 2275/2040/2143 
f 2269/2034/2137 2274/2039/2142 2277/2042/2145 2278/1518/2146 
f 2278/1518/2146 2277/2042/2145 1763/1524/1634 1758/1518/1629 
f 2274/2039/2142 2276/2041/2144 2279/2043/2147 2277/2042/2145 
f 2277/2042/2145 2279/2043/2147 1764/1525/1635 1763/1524/1634 
f 2269/2034/2137 2278/1518/2146 2280/2044/2148 2270/2035/2138 
f 2270/2035/2138 2280/2044/2148 2230/2045/2098 2227/2036/2095 
f 2278/1518/2146 1758/1518/1629 1757/1519/1628 2280/2044/2148 
f 2280/2044/2148 1757/1519/1628 1699/1521/1570 2230/2045/2098 
f 2281/2046/2149 2282/2047/2150 2283/2048/2151 2284/2046/2152 
f 2284/2046/2152 2283/2048/2151 594/2049/481 586/2046/473 
f 2282/2047/2150 2041/2050/1911 2040/2051/1910 2283/2048/2151 
f 2283/2048/2151 2040/2051/1910 595/2052/482 594/2049/481 
f 2281/2046/2149 2284/2046/2152 2285/2053/2153 2286/2054/2154 
f 2286/2054/2154 2285/2053/2153 2287/2055/2155 2288/2056/2156 
f 2284/2046/2152 586/2046/473 585/2057/472 2285/2053/2153 
f 2285/2053/2153 585/2057/472 589/2058/476 2287/2055/2155 
f 2281/2046/2149 2286/2054/2154 2289/2059/2157 2290/1528/2158 
f 2290/1528/2158 2289/2059/2157 1779/1532/1650 1774/1528/1645 
f 2286/2054/2154 2288/2056/2156 2291/2060/2159 2289/2059/2157 
f 2289/2059/2157 2291/2060/2159 1780/1534/1651 1779/1532/1650 
f 2281/2046/2149 2290/1528/2158 2292/1529/2160 2282/2047/2150 
f 2282/2047/2150 2292/1529/2160 2045/2061/1915 2041/2050/1911 
f 2290/1528/2158 1774/1528/1645 1773/1529/1644 2292/1529/2160 
f 2292/1529/2160 1773/1529/1644 1479/1531/1352 2045/2061/1915 
f 2293/2062/2161 2294/2063/2162 2295/534/2163 2296/530/2164 
f 2296/530/2164 2295/534/2163 604/534/491 599/530/486 
f 2294/2063/2162 2177/2064/2045 2176/2065/2044 2295/534/2163 
f 2295/534/2163 2176/2065/2044 605/535/492 604/534/491 
f 2293/2062/2161 2296/530/2164 2297/2066/2165 2298/2067/2166 
f 2298/2067/2166 2297/2066/2165 2299/2068/2167 2300/2069/2168 
f 2296/530/2164 599/530/486 598/531/485 2297/2066/2165 
f 2297/2066/2165 598/531/485 601/533/488 2299/2068/2167 
f 2293/2062/2161 2298/2067/2166 2301/2070/2169 2302/2062/2170 
f 2302/2062/2170 2301/2070/2169 1795/1541/1666 1790/1537/1661 
f 2298/2067/2166 2300/2069/2168 2303/2071/2171 2301/2070/2169 
f 2301/2070/2169 2303/2071/2171 1796/1542/1667 1795/1541/1666 
f 2293/2062/2161 2302/2062/2170 2304/2063/2172 2294/2063/2162 
f 2294/2063/2162 2304/2063/2172 2181/2072/2049 2177/2064/2045 
f 2302/2062/2170 1790/1537/1661 1789/1536/1660 2304/2063/2172 
f 2304/2063/2172 1789/1536/1660 1639/1538/1510 2181/2072/2049 
f 2305/1546/2173 2306/2073/2174 2307/2074/2175 2308/2075/2176 
f 2308/2075/2176 2307/2074/2175 619/2076/506 611/2075/498 
f 2306/2073/2174 2211/2077/2079 2210/2078/2078 2307/2074/2175 
f 2307/2074/2175 2210/2078/2078 620/2079/507 619/2076/506 
f 2305/1546/2173 2308/2075/2176 2309/2080/2177 2310/2081/2178 
f 2310/2081/2178 2309/2080/2177 2311/2082/2179 2312/2083/2180 
f 2308/2075/2176 611/2075/498 610/2084/497 2309/2080/2177 
f 2309/2080/2177 610/2084/497 614/2085/501 2311/2082/2179 
f 2305/1546/2173 2310/2081/2178 2313/2086/2181 2314/1546/2182 
f 2314/1546/2182 2313/2086/2181 1811/1553/1682 1806/1546/1677 
f 2310/2081/2178 2312/2083/2180 2315/2087/2183 2313/2086/2181 
f 2313/2086/2181 2315/2087/2183 1812/1554/1683 1811/1553/1682 
f 2305/1546/2173 2314/1546/2182 2316/2088/2184 2306/2073/2174 
f 2306/2073/2174 2316/2088/2184 2215/2089/2083 2211/2077/2079 
f 2314/1546/2182 1806/1546/1677 1805/1545/1676 2316/2088/2184 
f 2316/2088/2184 1805/1545/1676 1679/1549/1550 2215/2089/2083 
f 2317/2090/2185 2318/2091/2186 2319/550/2187 2320/2090/2188 
f 2320/2090/2188 2319/550/2187 629/550/516 624/536/511 
f 2318/2091/2186 2075/2092/1945 2074/2093/1944 2319/550/2187 
f 2319/550/2187 2074/2093/1944 630/551/517 629/550/516 
f 2317/2090/2185 2320/2090/2188 2321/2094/2189 2322/2095/2190 
f 2322/2095/2190 2321/2094/2189 2323/2096/2191 2324/2097/2192 
f 2320/2090/2188 624/536/511 623/543/510 2321/2094/2189 
f 2321/2094/2189 623/543/510 626/545/513 2323/2096/2191 
f 2317/2090/2185 2322/2095/2190 2325/2098/2193 2326/1557/2194 
f 2326/1557/2194 2325/2098/2193 1827/1561/1698 1822/1557/1693 
f 2322/2095/2190 2324/2097/2192 2327/2099/2195 2325/2098/2193 
f 2325/2098/2193 2327/2099/2195 1828/1563/1699 1827/1561/1698 
f 2317/2090/2185 2326/1557/2194 2328/2100/2196 2318/2091/2186 
f 2318/2091/2186 2328/2100/2196 2079/2101/1949 2075/2092/1945 
f 2326/1557/2194 1822/1557/1693 1821/1558/1692 2328/2100/2196 
f 2328/2100/2196 1821/1558/1692 1519/1560/1392 2079/2101/1949 
f 2329/555/2197 2330/2102/2198 2331/2103/2199 2332/555/2200 
f 2332/555/2200 2331/2103/2199 639/562/526 636/555/523 
f 2330/2102/2198 2023/2104/1893 2022/2105/1892 2331/2103/2199 
f 2331/2103/2199 2022/2105/1892 386/563/274 639/562/526 
f 2329/555/2197 2332/555/2200 2333/554/2201 2334/554/2202 
f 2334/554/2202 2333/554/2201 2335/2106/2203 2336/2107/2204 
f 2332/555/2200 636/555/523 635/554/522 2333/554/2201 
f 2333/554/2201 635/554/522 480/557/367 2335/2106/2203 
f 2329/555/2197 2334/554/2202 2337/1574/2205 2338/1570/2206 
f 2338/1570/2206 2337/1574/2205 1843/1574/1714 1838/1570/1709 
f 2334/554/2202 2336/2107/2204 2339/2108/2207 2337/1574/2205 
f 2337/1574/2205 2339/2108/2207 1844/1575/1715 1843/1574/1714 
f 2329/555/2197 2338/1570/2206 2340/2109/2208 2330/2102/2198 
f 2330/2102/2198 2340/2109/2208 2026/2110/1896 2023/2104/1893 
f 2338/1570/2206 1838/1570/1709 1837/1569/1708 2340/2109/2208 
f 2340/2109/2208 1837/1569/1708 1459/1572/1332 2026/2110/1896 
f 2341/2111/2209 2342/2112/2210 2343/2112/2211 2344/2111/2212 
f 2344/2111/2212 2343/2112/2211 645/2113/532 643/2114/530 
f 2342/2112/2210 2159/2115/2028 2158/2116/2027 2343/2112/2211 
f 2343/2112/2211 2158/2116/2027 486/2117/373 645/2113/532 
f 2341/2111/2209 2344/2111/2212 2345/2118/2213 2346/2119/2214 
f 2346/2119/2214 2345/2118/2213 2347/2120/2215 2348/2121/2216 
f 2344/2111/2212 643/2114/530 642/2122/529 2345/2118/2213 
f 2345/2118/2213 642/2122/529 380/2123/268 2347/2120/2215 
f 2341/2111/2209 2346/2119/2214 2349/2124/2217 2350/1579/2218 
f 2350/1579/2218 2349/2124/2217 1859/1584/1730 1854/1579/1725 
f 2346/2119/2214 2348/2121/2216 2351/2125/2219 2349/2124/2217 
f 2349/2124/2217 2351/2125/2219 1860/1585/1731 1859/1584/1730 
f 2341/2111/2209 2350/1579/2218 2352/2126/2220 2342/2112/2210 
f 2342/2112/2210 2352/2126/2220 2162/2127/2031 2159/2115/2028 
f 2350/1579/2218 1854/1579/1725 1853/1578/1724 2352/2126/2220 
f 2352/2126/2220 1853/1578/1724 1619/1581/1490 2162/2127/2031 
f 2353/2128/2221 2354/2129/2222 2355/2130/2223 2356/2128/2224 
f 2356/2128/2224 2355/2130/2223 659/2131/546 651/2132/538 
f 2354/2129/2222 1973/2133/1843 1972/2134/1842 2355/2130/2223 
f 2355/2130/2223 1972/2134/1842 660/2135/547 659/2131/546 
f 2353/2128/2221 2356/2128/2224 2357/2136/2225 2358/2136/2226 
f 2358/2136/2226 2357/2136/2225 2359/2137/2227 2360/2138/2228 
f 2356/2128/2224 651/2132/538 650/2139/537 2357/2136/2225 
f 2357/2136/2225 650/2139/537 654/2140/541 2359/2137/2227 
f 2353/2128/2221 2358/2136/2226 2361/2141/2229 2362/1591/2230 
f 2362/1591/2230 2361/2141/2229 1875/1595/1746 1870/1591/1741 
f 2358/2136/2226 2360/2138/2228 2363/2142/2231 2361/2141/2229 
f 2361/2141/2229 2363/2142/2231 1876/1597/1747 1875/1595/1746 
f 2353/2128/2221 2362/1591/2230 2364/2143/2232 2354/2129/2222 
f 2354/2129/2222 2364/2143/2232 1977/2144/1847 1973/2133/1843 
f 2362/1591/2230 1870/1591/1741 1869/1592/1740 2364/2143/2232 
f 2364/2143/2232 1869/1592/1740 1399/1594/1272 1977/2144/1847 
f 2365/578/2233 2366/2145/2234 2367/581/2235 2368/578/2236 
f 2368/578/2236 2367/581/2235 669/581/556 664/578/551 
f 2366/2145/2234 2109/2146/1979 2108/2147/1978 2367/581/2235 
f 2367/581/2235 2108/2147/1978 670/582/557 669/581/556 
f 2365/578/2233 2368/578/2236 2369/2148/2237 2370/2149/2238 
f 2370/2149/2238 2369/2148/2237 2371/2150/2239 2372/2151/2240 
f 2368/578/2236 664/578/551 663/577/550 2369/2148/2237 
f 2369/2148/2237 663/577/550 666/580/553 2371/2150/2239 
f 2365/578/2233 2370/2149/2238 2373/2152/2241 2374/2153/2242 
f 2374/2153/2242 2373/2152/2241 1891/1606/1762 1886/1600/1757 
f 2370/2149/2238 2372/2151/2240 2375/2154/2243 2373/2152/2241 
f 2373/2152/2241 2375/2154/2243 1892/1607/1763 1891/1606/1762 
f 2365/578/2233 2374/2153/2242 2376/2155/2244 2366/2145/2234 
f 2366/2145/2234 2376/2155/2244 2113/2156/1983 2109/2146/1979 
f 2374/2153/2242 1886/1600/1757 1885/1601/1756 2376/2155/2244 
f 2376/2155/2244 1885/1601/1756 1559/1603/1432 2113/2156/1983 
f 2377/2157/2245 2378/2158/2246 2379/2159/2247 2380/2157/2248 
f 2380/2157/2248 2379/2159/2247 679/2160/566 676/2157/563 
f 2378/2158/2246 2125/2161/1995 2124/2162/1994 2379/2159/2247 
f 2379/2159/2247 2124/2162/1994 461/2163/348 679/2160/566 
f 2377/2157/2245 2380/2157/2248 2381/2164/2249 2382/2165/2250 
f 2382/2165/2250 2381/2164/2249 2383/2166/2251 2384/2167/2252 
f 2380/2157/2248 676/2157/563 675/2168/562 2381/2164/2249 
f 2381/2164/2249 675/2168/562 355/2169/243 2383/2166/2251 
f 2377/2157/2245 2382/2165/2250 2385/1615/2253 2386/1610/2254 
f 2386/1610/2254 2385/1615/2253 1907/1615/1778 1902/1610/1773 
f 2382/2165/2250 2384/2167/2252 2387/2170/2255 2385/1615/2253 
f 2385/1615/2253 2387/2170/2255 1908/1616/1779 1907/1615/1778 
f 2377/2157/2245 2386/1610/2254 2388/2171/2256 2378/2158/2246 
f 2378/2158/2246 2388/2171/2256 2128/2172/1998 2125/2161/1995 
f 2386/1610/2254 1902/1610/1773 1901/1609/1772 2388/2171/2256 
f 2388/2171/2256 1901/1609/1772 1579/1612/1451 2128/2172/1998 
f 2389/593/2257 2390/2173/2258 2391/2174/2259 2392/593/2260 
f 2392/593/2260 2391/2174/2259 685/597/572 683/593/570 
f 2390/2173/2258 1989/2175/1859 1988/2176/1858 2391/2174/2259 
f 2391/2174/2259 1988/2176/1858 361/598/249 685/597/572 
f 2389/593/2257 2392/593/2260 2393/592/2261 2394/2177/2262 
f 2394/2177/2262 2393/592/2261 2395/2178/2263 2396/2179/2264 
f 2392/593/2260 683/593/570 682/592/569 2393/592/2261 
f 2393/592/2261 682/592/569 455/594/342 2395/2178/2263 
f 2389/593/2257 2394/2177/2262 2397/2180/2265 2398/2181/2266 
f 2398/2181/2266 2397/2180/2265 1923/1622/1794 1918/1617/1789 
f 2394/2177/2262 2396/2179/2264 2399/2182/2267 2397/2180/2265 
f 2397/2180/2265 2399/2182/2267 1924/1624/1795 1923/1622/1794 
f 2389/593/2257 2398/2181/2266 2400/2183/2268 2390/2173/2258 
f 2390/2173/2258 2400/2183/2268 1992/2184/1862 1989/2175/1859 
f 2398/2181/2266 1918/1617/1789 1917/1619/1788 2400/2183/2268 
f 2400/2183/2268 1917/1619/1788 1419/1621/1292 1992/2184/1862 
f 2401/2185/2269 2402/2186/2270 2403/2186/2271 2404/2185/2272 
f 2404/2185/2272 2403/2186/2271 694/2187/581 691/2188/578 
f 2402/2186/2270 2193/2189/2061 2192/2190/2060 2403/2186/2271 
f 2403/2186/2271 2192/2190/2060 511/2191/398 694/2187/581 
f 2401/2185/2269 2404/2185/2272 2405/2192/2273 2406/2193/2274 
f 2406/2193/2274 2405/2192/2273 2407/2194/2275 2408/2195/2276 
f 2404/2185/2272 691/2188/578 690/2196/577 2405/2192/2273 
f 2405/2192/2273 690/2196/577 405/2197/293 2407/2194/2275 
f 2401/2185/2269 2406/2193/2274 2409/2198/2277 2410/1627/2278 
f 2410/1627/2278 2409/2198/2277 1939/1632/1810 1934/1627/1805 
f 2406/2193/2274 2408/2195/2276 2411/2199/2279 2409/2198/2277 
f 2409/2198/2277 2411/2199/2279 1940/1633/1811 1939/1632/1810 
f 2401/2185/2269 2410/1627/2278 2412/2200/2280 2402/2186/2270 
f 2402/2186/2270 2412/2200/2280 2196/2201/2064 2193/2189/2061 
f 2410/1627/2278 1934/1627/1805 1933/1626/1804 2412/2200/2280 
f 2412/2200/2280 1933/1626/1804 1659/1629/1530 2196/2201/2064 
f 2413/2202/2281 2414/2203/2282 2415/2204/2283 2416/611/2284 
f 2416/611/2284 2415/2204/2283 700/614/587 698/611/585 
f 2414/2203/2282 2057/2205/1927 2056/2206/1926 2415/2204/2283 
f 2415/2204/2283 2056/2206/1926 411/615/299 700/614/587 
f 2413/2202/2281 2416/611/2284 2417/610/2285 2418/2207/2286 
f 2418/2207/2286 2417/610/2285 2419/2208/2287 2420/2209/2288 
f 2416/611/2284 698/611/585 697/610/584 2417/610/2285 
f 2417/610/2285 697/610/584 505/612/392 2419/2208/2287 
f 2413/2202/2281 2418/2207/2286 2421/2207/2289 2422/2202/2290 
f 2422/2202/2290 2421/2207/2289 1955/1642/1826 1950/1639/1821 
f 2418/2207/2286 2420/2209/2288 2423/2210/2291 2421/2207/2289 
f 2421/2207/2289 2423/2210/2291 1956/1643/1827 1955/1642/1826 
f 2413/2202/2281 2422/2202/2290 2424/2211/2292 2414/2203/2282 
f 2414/2203/2282 2424/2211/2292 2060/2212/1930 2057/2205/1927 
f 2422/2202/2290 1950/1639/1821 1949/1638/1820 2424/2211/2292 
f 2424/2211/2292 1949/1638/1820 1499/1641/1372 2060/2212/1930 
f 2425/2213/2293 2426/2214/2294 2427/2215/2295 2428/2216/2296 
f 2428/2216/2296 2427/2215/2295 2429/2217/2297 2430/2218/2298 
f 2426/2214/2294 2312/2219/2180 2311/2220/2179 2427/2215/2295 
f 2427/2215/2295 2311/2220/2179 614/2221/501 2429/2217/2297 
f 2425/2213/2293 2428/2216/2296 2431/2222/2299 2432/2223/2300 
f 2432/2223/2300 2431/2222/2299 2433/2224/2301 2434/2225/1956 
f 2428/2216/2296 2430/2218/2298 2435/2226/2302 2431/2222/2299 
f 2431/2222/2299 2435/2226/2302 2436/2227/2303 2433/2224/2301 
f 2425/2213/2293 2432/2223/2300 2437/2228/2304 2438/2229/2305 
f 2438/2229/2305 2437/2228/2304 2439/2230/2306 2440/2231/2307 
f 2432/2223/2300 2434/2225/1956 2441/2232/2308 2437/2228/2304 
f 2437/2228/2304 2441/2232/2308 2442/2233/2309 2439/2230/2306 
f 2425/2213/2293 2438/2229/2305 2443/2234/2310 2426/2214/2294 
f 2426/2214/2294 2443/2234/2310 2315/2235/2183 2312/2219/2180 
f 2438/2229/2305 2440/2231/2307 2444/2236/2311 2443/2234/2310 
f 2443/2234/2310 2444/2236/2311 1812/1268/1683 2315/2235/2183 
f 2445/2237/2312 2446/2238/2313 2447/2239/2314 2448/2240/2315 
f 2448/2240/2315 2447/2239/2314 2449/2241/2316 2450/2242/1975 
f 2446/2238/2313 2451/2243/2312 2452/2244/2314 2447/2239/2314 
f 2447/2239/2314 2452/2244/2314 2453/2245/1975 2449/2241/2316 
f 2445/2237/2312 2448/2240/2315 2454/2246/2314 2455/2247/2317 
f 2455/2247/2317 2454/2246/2314 2070/1791/1940 2069/1790/1939 
f 2448/2240/2315 2450/2242/1975 2456/2248/2318 2454/2246/2314 
f 2454/2246/2314 2456/2248/2318 2071/1792/1941 2070/1791/1940 
f 2445/2237/2312 2455/2247/2317 2457/2249/2319 2458/2250/2320 
f 2458/2250/2320 2457/2249/2319 2459/2251/2321 2460/2252/1386 
f 2455/2247/2317 2069/1790/1939 2081/1804/1951 2457/2249/2319 
f 2457/2249/2319 2081/1804/1951 1513/1806/1386 2459/2251/2321 
f 2445/2237/2312 2458/2250/2320 2461/2253/2320 2446/2238/2313 
f 2446/2238/2313 2461/2253/2320 2462/2254/1951 2451/2243/2312 
f 2458/2250/2320 2460/2252/1386 2463/2255/2322 2461/2253/2320 
f 2461/2253/2320 2463/2255/2322 2464/2256/2322 2462/2254/1951 
f 2465/2257/2323 2466/2258/2323 2467/2259/2324 2468/2260/1923 
f 2468/2260/1923 2467/2259/2324 2469/2261/2325 2470/2262/2325 
f 2466/2258/2323 2471/2263/2323 2472/2264/2324 2467/2259/2324 
f 2467/2259/2324 2472/2264/2324 2473/2265/2325 2469/2261/2325 
f 2465/2257/2323 2468/2260/1923 2474/2266/1923 2475/2267/1922 
f 2475/2267/1922 2474/2266/1923 2053/1768/1923 2052/1767/1922 
f 2468/2260/1923 2470/2262/2325 2476/2268/303 2474/2266/1923 
f 2474/2266/1923 2476/2268/303 415/1769/303 2053/1768/1923 
f 2465/2257/2323 2475/2267/1922 2477/2269/1932 2478/2270/2326 
f 2478/2270/2326 2477/2269/1932 2479/2271/2327 2480/2272/2327 
f 2475/2267/1922 2052/1767/1922 2062/1781/1932 2477/2269/1932 
f 2477/2269/1932 2062/1781/1932 1493/1783/1366 2479/2271/2327 
f 2465/2257/2323 2478/2270/2326 2481/2273/2326 2466/2258/2323 
f 2466/2258/2323 2481/2273/2326 2482/2274/2326 2471/2263/2323 
f 2478/2270/2326 2480/2272/2327 2483/2275/2327 2481/2273/2326 
f 2481/2273/2326 2483/2275/2327 2484/2276/2327 2482/2274/2326 
f 2485/2277/2328 2486/2278/2329 2487/2279/2330 2488/2280/2331 
f 2488/2280/2331 2487/2279/2330 404/1796/292 396/1789/284 
f 2486/2278/2329 2408/2281/2276 2407/2282/2275 2487/2279/2330 
f 2487/2279/2330 2407/2282/2275 405/1663/293 404/1796/292 
f 2485/2277/2328 2488/2280/2331 2489/2283/2332 2490/2284/2333 
f 2490/2284/2333 2489/2283/2332 2491/2285/2334 2492/2286/1905 
f 2488/2280/2331 396/1789/284 395/1788/283 2489/2283/2332 
f 2489/2283/2332 395/1788/283 399/1792/287 2491/2285/2334 
f 2485/2277/2328 2490/2284/2333 2493/2287/2335 2494/2288/2336 
f 2494/2288/2336 2493/2287/2335 2495/2289/2337 2496/2290/2338 
f 2490/2284/2333 2492/2286/1905 2497/2291/1917 2493/2287/2335 
f 2493/2287/2335 2497/2291/1917 2498/2292/2339 2495/2289/2337 
f 2485/2277/2328 2494/2288/2336 2499/2293/2340 2486/2278/2329 
f 2486/2278/2329 2499/2293/2340 2411/1708/2279 2408/2281/2276 
f 2494/2288/2336 2496/2290/2338 2500/2294/2341 2499/2293/2340 
f 2499/2293/2340 2500/2294/2341 1940/1709/1811 2411/1708/2279 
f 2501/2295/1888 2502/2296/2342 2503/2297/1889 2504/2298/1889 
f 2504/2298/1889 2503/2297/1889 2505/2299/2343 2506/2300/2343 
f 2502/2296/2342 2507/2301/2344 2508/2302/2345 2503/2297/1889 
f 2503/2297/1889 2508/2302/2345 2509/2303/2343 2505/2299/2343 
f 2501/2295/1888 2504/2298/1889 2510/2304/1889 2511/2305/1888 
f 2511/2305/1888 2510/2304/1889 2019/1721/1889 2018/1720/1888 
f 2504/2298/1889 2506/2300/2343 2512/2306/278 2510/2304/1889 
f 2510/2304/1889 2512/2306/278 390/1722/278 2019/1721/1889 
f 2501/2295/1888 2511/2305/1888 2513/2307/2346 2514/2308/2347 
f 2514/2308/2347 2513/2307/2346 2515/2309/2348 2516/2310/2349 
f 2511/2305/1888 2018/1720/1888 2028/1735/1898 2513/2307/2346 
f 2513/2307/2346 2028/1735/1898 1453/1737/1326 2515/2309/2348 
f 2501/2295/1888 2514/2308/2347 2517/2311/2350 2502/2296/2342 
f 2502/2296/2342 2517/2311/2350 2518/2312/2351 2507/2301/2344 
f 2514/2308/2347 2516/2310/2349 2519/2313/2352 2517/2311/2350 
f 2517/2311/2350 2519/2313/2352 2520/2314/2353 2518/2312/2351 
f 2521/2315/2354 2522/2316/2355 2523/2317/2356 2524/2318/2357 
f 2524/2318/2357 2523/2317/2356 379/2319/267 371/2320/259 
f 2522/2316/2355 2348/1456/2216 2347/1448/2215 2523/2317/2356 
f 2523/2317/2356 2347/1448/2215 380/1450/268 379/2319/267 
f 2521/2315/2354 2524/2318/2357 2525/2321/2358 2526/2322/2359 
f 2526/2322/2359 2525/2321/2358 2527/2323/1872 2528/2324/2360 
f 2524/2318/2357 371/2320/259 370/2325/258 2525/2321/2358 
f 2525/2321/2358 370/2325/258 374/2326/262 2527/2323/1872 
f 2521/2315/2354 2526/2322/2359 2529/2327/2361 2530/2328/2362 
f 2530/2328/2362 2529/2327/2361 2531/2329/2363 2532/2330/2364 
f 2526/2322/2359 2528/2324/2360 2533/2331/2365 2529/2327/2361 
f 2529/2327/2361 2533/2331/2365 2534/2332/1306 2531/2329/2363 
f 2521/2315/2354 2530/2328/2362 2535/2333/2366 2522/2316/2355 
f 2522/2316/2355 2535/2333/2366 2351/2334/2219 2348/1456/2216 
f 2530/2328/2362 2532/2330/2364 2536/2335/2367 2535/2333/2366 
f 2535/2333/2366 2536/2335/2367 1860/2336/1731 2351/2334/2219 
f 2537/2337/2368 2538/2338/2369 2539/2339/2370 2540/2340/2371 
f 2540/2340/2371 2539/2339/2370 2541/2341/2372 2542/2342/2373 
f 2538/2338/2369 2372/2343/2240 2371/2344/2239 2539/2339/2370 
f 2539/2339/2370 2371/2344/2239 666/2345/553 2541/2341/2372 
f 2537/2337/2368 2540/2340/2371 2543/2346/2374 2544/2347/2375 
f 2544/2347/2375 2543/2346/2374 2545/2348/1855 2546/2349/1854 
f 2540/2340/2371 2542/2342/2373 2547/2350/2376 2543/2346/2374 
f 2543/2346/2374 2547/2350/2376 2548/2351/253 2545/2348/1855 
f 2537/2337/2368 2544/2347/2375 2549/2352/2377 2550/2353/2378 
f 2550/2353/2378 2549/2352/2377 2551/2354/2379 2552/2355/2380 
f 2544/2347/2375 2546/2349/1854 2553/2356/1864 2549/2352/2377 
f 2549/2352/2377 2553/2356/1864 2554/2357/1286 2551/2354/2379 
f 2537/2337/2368 2550/2353/2378 2555/2358/2381 2538/2338/2369 
f 2538/2338/2369 2555/2358/2381 2375/2359/2243 2372/2343/2240 
f 2550/2353/2378 2552/2355/2380 2556/2360/2382 2555/2358/2381 
f 2555/2358/2381 2556/2360/2382 1892/2361/1763 2375/2359/2243 
f 2557/2362/2383 2558/2363/1838 2559/2364/2384 2560/2365/2384 
f 2560/2365/2384 2559/2364/2384 2561/2366/237 2562/2367/411 
f 2558/2363/1838 2563/2368/2385 2564/2369/2386 2559/2364/2384 
f 2559/2364/2384 2564/2369/2386 2565/2370/237 2561/2366/237 
f 2557/2362/2383 2560/2365/2384 2566/2371/1839 2567/2372/2383 
f 2567/2372/2383 2566/2371/1839 1968/1651/1839 1967/1650/1838 
f 2560/2365/2384 2562/2367/411 2568/2373/2075 2566/2371/1839 
f 2566/2371/1839 2568/2373/2075 1969/140/411 1968/1651/1839 
f 2557/2362/2383 2567/2372/2383 2569/2374/1849 2570/2375/2387 
f 2570/2375/2387 2569/2374/1849 2571/2376/2388 2572/2377/2389 
f 2567/2372/2383 1967/1650/1838 1979/1665/1849 2569/2374/1849 
f 2569/2374/1849 1979/1665/1849 1393/1667/1266 2571/2376/2388 
f 2557/2362/2383 2570/2375/2387 2573/2378/2390 2558/2363/1838 
f 2558/2363/1838 2573/2378/2390 2574/2379/2390 2563/2368/2385 
f 2570/2375/2387 2572/2377/2389 2575/2380/2389 2573/2378/2390 
f 2573/2378/2390 2575/2380/2389 2576/2381/2388 2574/2379/2390 
f 2577/2382/2391 2578/2383/2392 2579/2384/2393 2580/2385/2394 
f 2580/2385/2394 2579/2384/2393 2444/2384/2311 2440/2385/2307 
f 2578/2383/2392 1810/2386/1681 1809/2387/1680 2579/2384/2393 
f 2579/2384/2393 1809/2387/1680 1812/2387/1683 2444/2384/2311 
f 2577/2382/2391 2580/2385/2394 2581/2388/2395 2582/2389/2396 
f 2582/2389/2396 2581/2388/2395 2583/2390/2397 2584/2391/1404 
f 2580/2385/2394 2440/2385/2307 2439/2388/2306 2581/2388/2395 
f 2581/2388/2395 2439/2388/2306 2442/2390/2309 2583/2390/2397 
f 2577/2382/2391 2582/2389/2396 2585/2392/2398 2586/2393/2399 
f 2586/2393/2399 2585/2392/2398 2587/2392/2400 2588/2393/2401 
f 2582/2389/2396 2584/2391/1404 2589/2394/2402 2585/2392/2398 
f 2585/2392/2398 2589/2394/2402 2590/2394/2403 2587/2392/2400 
f 2577/2382/2391 2586/2393/2399 2591/2395/2404 2578/2383/2392 
f 2578/2383/2392 2591/2395/2404 1815/2396/1686 1810/2386/1681 
f 2586/2393/2399 2588/2393/2401 2592/2395/2405 2591/2395/2404 
f 2591/2395/2404 2592/2395/2405 1216/2396/1092 1815/2396/1686 
f 2593/2397/2406 2594/2398/2407 2595/2398/2408 2596/2397/1385 
f 2596/2397/1385 2595/2398/2408 2463/2399/2322 2460/2400/1386 
f 2594/2398/2407 2597/2401/2409 2598/2401/2408 2595/2398/2408 
f 2595/2398/2408 2598/2401/2408 2464/2402/2322 2463/2399/2322 
f 2593/2397/2406 2596/2397/1385 2599/2403/2410 2600/2403/2411 
f 2600/2403/2411 2599/2403/2410 1512/1326/1385 1511/1326/1384 
f 2596/2397/1385 2460/2400/1386 2459/2404/2321 2599/2403/2410 
f 2599/2403/2410 2459/2404/2321 1513/1327/1386 1512/1326/1385 
f 2593/2397/2406 2600/2403/2411 2601/2403/2412 2602/2397/2412 
f 2602/2397/2412 2601/2403/2412 2603/2405/742 2604/2406/2413 
f 2600/2403/2411 1511/1326/1384 1524/1326/1397 2601/2403/2412 
f 2601/2403/2412 1524/1326/1397 861/755/742 2603/2405/742 
f 2593/2397/2406 2602/2397/2412 2605/2398/2414 2594/2398/2407 
f 2594/2398/2407 2605/2398/2414 2606/2401/2415 2597/2401/2409 
f 2602/2397/2412 2604/2406/2413 2607/2407/2413 2605/2398/2414 
f 2605/2398/2414 2607/2407/2413 2608/2408/742 2606/2401/2415 
f 2609/2409/2416 2610/2410/2417 2611/2411/2418 2612/2412/2418 
f 2612/2412/2418 2611/2411/2418 2483/2411/2327 2480/2412/2327 
f 2610/2410/2417 2613/2413/2416 2614/2414/2418 2611/2411/2418 
f 2611/2411/2418 2614/2414/2418 2484/2414/2327 2483/2411/2327 
f 2609/2409/2416 2612/2412/2418 2615/2415/2418 2616/2416/2419 
f 2616/2416/2419 2615/2415/2418 1492/1313/1365 1491/1312/1364 
f 2612/2412/2418 2480/2412/2327 2479/2415/2327 2615/2415/2418 
f 2615/2415/2418 2479/2415/2327 1493/1313/1366 1492/1313/1365 
f 2609/2409/2416 2616/2416/2419 2617/2416/1377 2618/2409/1377 
f 2618/2409/1377 2617/2416/1377 2619/2417/2420 2620/2418/718 
f 2616/2416/2419 1491/1312/1364 1504/1312/1377 2617/2416/1377 
f 2617/2416/1377 1504/1312/1377 837/1321/718 2619/2417/2420 
f 2609/2409/2416 2618/2409/1377 2621/2410/1377 2610/2410/2417 
f 2610/2410/2417 2621/2410/1377 2622/2413/1377 2613/2413/2416 
f 2618/2409/1377 2620/2418/718 2623/2419/2421 2621/2410/1377 
f 2621/2410/1377 2623/2419/2421 2624/2420/718 2622/2413/1377 
f 2625/2421/2422 2626/2422/2423 2627/2422/2424 2628/2421/2425 
f 2628/2421/2425 2627/2422/2424 2500/2423/2341 2496/2424/2338 
f 2626/2422/2423 1938/672/1809 1937/672/1808 2627/2422/2424 
f 2627/2422/2424 1937/672/1808 1940/675/1811 2500/2423/2341 
f 2625/2421/2422 2628/2421/2425 2629/2425/2426 2630/2425/2427 
f 2630/2425/2427 2629/2425/2426 2631/2426/1345 2632/2426/1344 
f 2628/2421/2425 2496/2424/2338 2495/2427/2337 2629/2425/2426 
f 2629/2425/2426 2495/2427/2337 2498/2428/2339 2631/2426/1345 
f 2625/2421/2422 2630/2425/2427 2633/2429/2428 2634/2430/2429 
f 2634/2430/2429 2633/2429/2428 2635/2350/2430 2636/2342/2431 
f 2630/2425/2427 2632/2426/1344 2637/2431/1357 2633/2429/2428 
f 2633/2429/2428 2637/2431/1357 2638/2351/2432 2635/2350/2430 
f 2625/2421/2422 2634/2430/2429 2639/2432/2433 2626/2422/2423 
f 2626/2422/2423 2639/2432/2433 1943/673/1814 1938/672/1809 
f 2634/2430/2429 2636/2342/2431 2640/2341/2434 2639/2432/2433 
f 2639/2432/2433 2640/2341/2434 1360/678/1234 1943/673/1814 
f 2641/2433/2435 2642/2434/2436 2643/2434/2437 2644/2433/2438 
f 2644/2433/2438 2643/2434/2437 2519/2435/2352 2516/2436/2349 
f 2642/2434/2436 2645/2437/2439 2646/2437/2438 2643/2434/2437 
f 2643/2434/2437 2646/2437/2438 2520/2438/2353 2519/2435/2352 
f 2641/2433/2435 2644/2433/2438 2647/2439/2440 2648/2439/1324 
f 2648/2439/1324 2647/2439/2440 1452/1277/1325 1451/1277/1324 
f 2644/2433/2438 2516/2436/2349 2515/2440/2348 2647/2439/2440 
f 2647/2439/2440 2515/2440/2348 1453/1278/1326 1452/1277/1325 
f 2641/2433/2435 2648/2439/1324 2649/2441/2441 2650/2442/2442 
f 2650/2442/2442 2649/2441/2441 2651/2441/2443 2652/2442/2444 
f 2648/2439/1324 1451/1277/1324 1464/1287/1337 2649/2441/2441 
f 2649/2441/2441 1464/1287/1337 797/1287/678 2651/2441/2443 
f 2641/2433/2435 2650/2442/2442 2653/2443/2445 2642/2434/2436 
f 2642/2434/2436 2653/2443/2445 2654/2444/1337 2645/2437/2439 
f 2650/2442/2442 2652/2442/2444 2655/2443/2446 2653/2443/2445 
f 2653/2443/2445 2655/2443/2446 2656/2444/2447 2654/2444/1337 
f 2657/2445/2448 2658/2446/2449 2659/2446/2450 2660/2445/2451 
f 2660/2445/2451 2659/2446/2450 2536/2447/2367 2532/2448/2364 
f 2658/2446/2449 1858/1295/1729 1857/1295/1728 2659/2446/2450 
f 2659/2446/2450 1857/1295/1728 1860/1297/1731 2536/2447/2367 
f 2657/2445/2448 2660/2445/2451 2661/2449/2452 2662/2449/2453 
f 2662/2449/2453 2661/2449/2452 2663/2450/2454 2664/2450/2455 
f 2660/2445/2451 2532/2448/2364 2531/2451/2363 2661/2449/2452 
f 2661/2449/2452 2531/2451/2363 2534/2452/1306 2663/2450/2454 
f 2657/2445/2448 2662/2449/2453 2665/2453/2456 2666/2454/2457 
f 2666/2454/2457 2665/2453/2456 2667/2455/2458 2668/2456/2459 
f 2662/2449/2453 2664/2450/2455 2669/2457/2460 2665/2453/2456 
f 2665/2453/2456 2669/2457/2460 2670/2458/2461 2667/2455/2458 
f 2657/2445/2448 2666/2454/2457 2671/2459/2462 2658/2446/2449 
f 2658/2446/2449 2671/2459/2462 1863/1302/1734 1858/1295/1729 
f 2666/2454/2457 2668/2456/2459 2672/2460/2463 2671/2459/2462 
f 2671/2459/2462 2672/2460/2463 1268/1303/1144 1863/1302/1734 
f 2673/2461/2464 2674/2462/2465 2675/2462/2466 2676/2461/2467 
f 2676/2461/2467 2675/2462/2466 2556/2463/2382 2552/2464/2380 
f 2674/2462/2465 1890/2465/1761 1889/2465/1760 2675/2462/2466 
f 2675/2462/2466 1889/2465/1760 1892/2466/1763 2556/2463/2382 
f 2673/2461/2464 2676/2461/2467 2677/2467/2468 2678/2467/2469 
f 2678/2467/2469 2677/2467/2468 2679/2468/2470 2680/2468/2471 
f 2676/2461/2467 2552/2464/2380 2551/2469/2379 2677/2467/2468 
f 2677/2467/2468 2551/2469/2379 2554/2470/1286 2679/2468/2470 
f 2673/2461/2464 2678/2467/2469 2681/2471/2472 2682/2472/2473 
f 2682/2472/2473 2681/2471/2472 2683/1782/2474 2684/1777/2475 
f 2678/2467/2469 2680/2468/2471 2685/2473/1297 2681/2471/2472 
f 2681/2471/2472 2685/2473/1297 2686/1783/634 2683/1782/2474 
f 2673/2461/2464 2682/2472/2473 2687/2474/2476 2674/2462/2465 
f 2674/2462/2465 2687/2474/2476 1895/1885/1766 1890/2465/1761 
f 2682/2472/2473 2684/1777/2475 2688/1776/2477 2687/2474/2476 
f 2687/2474/2476 2688/1776/2477 1304/1779/1179 1895/1885/1766 
f 2689/2475/1264 2690/2476/1264 2691/2476/1265 2692/2475/1265 
f 2692/2475/1265 2691/2476/1265 2575/2477/2389 2572/2478/2389 
f 2690/2476/1264 2693/2479/2478 2694/2479/2479 2691/2476/1265 
f 2691/2476/1265 2694/2479/2479 2576/2480/2388 2575/2477/2389 
f 2689/2475/1264 2692/2475/1265 2695/2481/1265 2696/2481/2480 
f 2696/2481/2480 2695/2481/1265 1392/1231/1265 1391/1231/1264 
f 2692/2475/1265 2572/2478/2389 2571/2482/2388 2695/2481/1265 
f 2695/2481/1265 2571/2482/2388 1393/1232/1266 1392/1231/1265 
f 2689/2475/1264 2696/2481/2480 2697/2481/1277 2698/2475/1277 
f 2698/2475/1277 2697/2481/1277 2699/2483/2481 2700/2484/2481 
f 2696/2481/2480 1391/1231/1264 1404/1231/1277 2697/2481/1277 
f 2697/2481/1277 1404/1231/1277 729/646/610 2699/2483/2481 
f 2689/2475/1264 2698/2475/1277 2701/2476/1277 2690/2476/1264 
f 2690/2476/1264 2701/2476/1277 2702/2479/1277 2693/2479/2478 
f 2698/2475/1277 2700/2484/2481 2703/2485/2482 2701/2476/1277 
f 2701/2476/1277 2703/2485/2482 2704/2486/610 2702/2479/1277 
f 2705/2487/2483 2706/2488/2484 2707/2489/2485 2708/2490/2486 
f 2708/2490/2486 2707/2489/2485 2592/2489/2405 2588/2490/2401 
f 2706/2488/2484 1214/2491/1090 1213/2492/1089 2707/2489/2485 
f 2707/2489/2485 1213/2492/1089 1216/2492/1092 2592/2489/2405 
f 2705/2487/2483 2708/2490/2486 2709/2493/2487 2710/2494/2488 
f 2710/2494/2488 2709/2493/2487 2711/2495/765 2712/2496/764 
f 2708/2490/2486 2588/2490/2401 2587/2493/2400 2709/2493/2487 
f 2709/2493/2487 2587/2493/2400 2590/2495/2403 2711/2495/765 
f 2705/2487/2483 2710/2494/2488 2713/2497/2489 2714/2498/2490 
f 2714/2498/2490 2713/2497/2489 2715/2497/2491 2716/2498/2492 
f 2710/2494/2488 2712/2496/764 2717/2499/2493 2713/2497/2489 
f 2713/2497/2489 2717/2499/2493 2718/2499/150 2715/2497/2491 
f 2705/2487/2483 2714/2498/2490 2719/2500/2494 2706/2488/2484 
f 2706/2488/2484 2719/2500/2494 1221/2501/1097 1214/2491/1090 
f 2714/2498/2490 2716/2498/2492 2720/2500/2495 2719/2500/2494 
f 2719/2500/2494 2720/2500/2495 1222/2501/1098 1221/2501/1097 
f 2721/2502/740 2722/2503/740 2723/2407/2496 2724/2406/2497 
f 2724/2406/2497 2723/2407/2496 2607/2407/2413 2604/2406/2413 
f 2722/2503/740 2725/2504/2498 2726/2408/2497 2723/2407/2496 
f 2723/2407/2496 2726/2408/2497 2608/2408/742 2607/2407/2413 
f 2721/2502/740 2724/2406/2497 2727/2405/2496 2728/2505/740 
f 2728/2505/740 2727/2405/2496 860/755/741 859/754/740 
f 2724/2406/2497 2604/2406/2413 2603/2405/742 2727/2405/2496 
f 2727/2405/2496 2603/2405/742 861/755/742 860/755/741 
f 2721/2502/740 2728/2505/740 2729/2506/755 2730/2507/755 
f 2730/2507/755 2729/2506/755 2731/2508/757 2732/2509/757 
f 2728/2505/740 859/754/740 874/767/755 2729/2506/755 
f 2729/2506/755 874/767/755 876/769/757 2731/2508/757 
f 2721/2502/740 2730/2507/755 2733/2510/2499 2722/2503/740 
f 2722/2503/740 2733/2510/2499 2734/2511/2499 2725/2504/2498 
f 2730/2507/755 2732/2509/757 2735/2512/757 2733/2510/2499 
f 2733/2510/2499 2735/2512/757 2736/2513/757 2734/2511/2499 
f 2737/2514/716 2738/2515/716 2739/2516/717 2740/2517/717 
f 2740/2517/717 2739/2516/717 2623/2516/2421 2620/2517/718 
f 2738/2515/716 2741/2518/716 2742/2519/717 2739/2516/717 
f 2739/2516/717 2742/2519/717 2624/2519/718 2623/2516/2421 
f 2737/2514/716 2740/2517/717 2743/2520/2500 2744/2521/2501 
f 2744/2521/2501 2743/2520/2500 836/736/717 835/735/716 
f 2740/2517/717 2620/2517/718 2619/2520/2420 2743/2520/2500 
f 2743/2520/2500 2619/2520/2420 837/736/718 836/736/717 
f 2737/2514/716 2744/2521/2501 2745/2522/731 2746/2523/731 
f 2746/2523/731 2745/2522/731 2747/2524/733 2748/2525/733 
f 2744/2521/2501 835/735/716 850/747/731 2745/2522/731 
f 2745/2522/731 850/747/731 852/749/733 2747/2524/733 
f 2737/2514/716 2746/2523/731 2749/2526/731 2738/2515/716 
f 2738/2515/716 2749/2526/731 2750/2527/731 2741/2518/716 
f 2746/2523/731 2748/2525/733 2751/2528/733 2749/2526/731 
f 2749/2526/731 2751/2528/733 2752/2529/733 2750/2527/731 
f 2753/2530/2502 2754/2531/2503 2755/2532/2504 2756/2533/2505 
f 2756/2533/2505 2755/2532/2504 2640/2532/2434 2636/2533/2431 
f 2754/2531/2503 1358/2534/1232 1357/2535/1231 2755/2532/2504 
f 2755/2532/2504 1357/2535/1231 1360/2535/1234 2640/2532/2434 
f 2753/2530/2502 2756/2533/2505 2757/2536/2506 2758/2537/2507 
f 2758/2537/2507 2757/2536/2506 2759/2538/2508 2760/2539/696 
f 2756/2533/2505 2636/2533/2431 2635/2536/2430 2757/2536/2506 
f 2757/2536/2506 2635/2536/2430 2638/2538/2432 2759/2538/2508 
f 2753/2530/2502 2758/2537/2507 2761/2537/2509 2762/2530/2510 
f 2762/2530/2510 2761/2537/2509 2763/2540/2511 2764/2541/2512 
f 2758/2537/2507 2760/2539/696 2765/2539/709 2761/2537/2509 
f 2761/2537/2509 2765/2539/709 2766/2542/597 2763/2540/2511 
f 2753/2530/2502 2762/2530/2510 2767/2531/2513 2754/2531/2503 
f 2754/2531/2503 2767/2531/2513 1365/2534/1239 1358/2534/1232 
f 2762/2530/2510 2764/2541/2512 2768/2543/2514 2767/2531/2513 
f 2767/2531/2513 2768/2543/2514 1366/387/1240 1365/2534/1239 
f 2769/2544/2515 2770/2545/2516 2771/2546/2517 2772/2547/2518 
f 2772/2547/2518 2771/2546/2517 2655/2546/2446 2652/2547/2444 
f 2770/2545/2516 2773/2548/2519 2774/2549/2520 2771/2546/2517 
f 2771/2546/2517 2774/2549/2520 2656/2549/2447 2655/2546/2446 
f 2769/2544/2515 2772/2547/2518 2775/2550/2521 2776/2551/2515 
f 2776/2551/2515 2775/2550/2521 796/706/677 795/705/676 
f 2772/2547/2518 2652/2547/2444 2651/2550/2443 2775/2550/2521 
f 2775/2550/2521 2651/2550/2443 797/706/678 796/706/677 
f 2769/2544/2515 2776/2551/2515 2777/2552/689 2778/2553/689 
f 2778/2553/689 2777/2552/689 2779/2554/44 2780/2555/44 
f 2776/2551/2515 795/705/676 808/715/689 2777/2552/689 
f 2777/2552/689 808/715/689 65/65/44 2779/2554/44 
f 2769/2544/2515 2778/2553/689 2781/2556/2522 2770/2545/2516 
f 2770/2545/2516 2781/2556/2522 2782/2557/689 2773/2548/2519 
f 2778/2553/689 2780/2555/44 2783/2558/44 2781/2556/2522 
f 2781/2556/2522 2783/2558/44 2784/2559/44 2782/2557/689 
f 2785/2560/2523 2786/2561/2524 2787/2562/2525 2788/2563/2526 
f 2788/2563/2526 2787/2562/2525 2672/393/2463 2668/390/2459 
f 2786/2561/2524 1266/2564/1142 1265/2565/1141 2787/2562/2525 
f 2787/2562/2525 1265/2565/1141 1268/394/1144 2672/393/2463 
f 2785/2560/2523 2788/2563/2526 2789/2566/2527 2790/2567/2528 
f 2790/2567/2528 2789/2566/2527 2791/2568/2529 2792/2569/2530 
f 2788/2563/2526 2668/390/2459 2667/391/2458 2789/2566/2527 
f 2789/2566/2527 2667/391/2458 2670/392/2461 2791/2568/2529 
f 2785/2560/2523 2790/2567/2528 2793/2567/2531 2794/2560/2532 
f 2794/2560/2532 2793/2567/2531 2795/2388/2533 2796/2385/2534 
f 2790/2567/2528 2792/2569/2530 2797/2569/669 2793/2567/2531 
f 2793/2567/2531 2797/2569/669 2798/2390/179 2795/2388/2533 
f 2785/2560/2523 2794/2560/2532 2799/2561/2535 2786/2561/2524 
f 2786/2561/2524 2799/2561/2535 1273/2564/1148 1266/2564/1142 
f 2794/2560/2532 2796/2385/2534 2800/2384/2536 2799/2561/2535 
f 2799/2561/2535 2800/2384/2536 1274/2387/1149 1273/2564/1148 
f 2801/2570/2537 2802/2571/2538 2803/2572/2539 2804/2573/2540 
f 2804/2573/2540 2803/2572/2539 2688/2574/2477 2684/2575/2475 
f 2802/2571/2538 1302/1251/1177 1301/1244/1176 2803/2572/2539 
f 2803/2572/2539 1301/1244/1176 1304/1246/1179 2688/2574/2477 
f 2801/2570/2537 2804/2573/2540 2805/2576/2541 2806/2577/2542 
f 2806/2577/2542 2805/2576/2541 2807/2578/633 2808/2579/632 
f 2804/2573/2540 2684/2575/2475 2683/2580/2474 2805/2576/2541 
f 2805/2576/2541 2683/2580/2474 2686/2581/634 2807/2578/633 
f 2801/2570/2537 2806/2577/2542 2809/2577/2543 2810/2570/2544 
f 2810/2570/2544 2809/2577/2543 2811/1736/2545 2812/1732/2546 
f 2806/2577/2542 2808/2579/632 2813/2579/647 2809/2577/2543 
f 2809/2577/2543 2813/2579/647 2814/1737/649 2811/1736/2545 
f 2801/2570/2537 2810/2570/2544 2815/2571/2547 2802/2571/2538 
f 2802/2571/2538 2815/2571/2547 1309/1251/1183 1302/1251/1177 
f 2810/2570/2544 2812/1732/2546 2816/1731/2548 2815/2571/2547 
f 2815/2571/2547 2816/1731/2548 1310/1252/1184 1309/1251/1183 
f 2817/2582/2549 2818/2583/608 2819/2485/609 2820/2484/609 
f 2820/2484/609 2819/2485/609 2703/2485/2482 2700/2484/2481 
f 2818/2583/608 2821/2584/608 2822/2486/609 2819/2485/609 
f 2819/2485/609 2822/2486/609 2704/2486/610 2703/2485/2482 
f 2817/2582/2549 2820/2484/609 2823/2483/2550 2824/2585/2549 
f 2824/2585/2549 2823/2483/2550 728/646/609 727/645/608 
f 2820/2484/609 2700/2484/2481 2699/2483/2481 2823/2483/2550 
f 2823/2483/2550 2699/2483/2481 729/646/610 728/646/609 
f 2817/2582/2549 2824/2585/2549 2825/2586/623 2826/2587/623 
f 2826/2587/623 2825/2586/623 2827/2588/2551 2828/2589/2551 
f 2824/2585/2549 727/645/608 742/658/623 2825/2586/623 
f 2825/2586/623 742/658/623 744/660/625 2827/2588/2551 
f 2817/2582/2549 2826/2587/623 2829/2590/623 2818/2583/608 
f 2818/2583/608 2829/2590/623 2830/2591/623 2821/2584/608 
f 2826/2587/623 2828/2589/2551 2831/2592/625 2829/2590/623 
f 2829/2590/623 2831/2592/625 2832/2593/625 2830/2591/623 
f 2833/2594/2552 2834/2595/2553 2835/2596/2554 2836/2597/2554 
f 2836/2597/2554 2835/2596/2554 2837/2598/157 2838/2599/157 
f 2834/2595/2553 2839/2600/2553 2840/2601/2554 2835/2596/2554 
f 2835/2596/2554 2840/2601/2554 2841/2602/157 2837/2598/157 
f 2833/2594/2552 2836/2597/2554 2842/2603/2555 2843/2604/2556 
f 2843/2604/2556 2842/2603/2555 2768/2605/2514 2764/2606/2512 
f 2836/2597/2554 2838/2599/157 2844/2607/2557 2842/2603/2555 
f 2842/2603/2555 2844/2607/2557 1366/2608/1240 2768/2605/2514 
f 2833/2594/2552 2843/2604/2556 2845/2609/2558 2846/2610/2559 
f 2846/2610/2559 2845/2609/2558 2847/2611/596 2848/2612/71 
f 2843/2604/2556 2764/2606/2512 2763/2613/2511 2845/2609/2558 
f 2845/2609/2558 2763/2613/2511 2766/2614/597 2847/2611/596 
f 2833/2594/2552 2846/2610/2559 2849/2615/2560 2834/2595/2553 
f 2834/2595/2553 2849/2615/2560 2850/2616/2560 2839/2600/2553 
f 2846/2610/2559 2848/2612/71 2851/2617/72 2849/2615/2560 
f 2849/2615/2560 2851/2617/72 2852/2618/72 2850/2616/2560 
f 2853/2619/2561 2854/2620/2562 2855/2621/2563 2856/2622/2564 
f 2856/2622/2564 2855/2621/2563 2076/2621/1946 2068/2622/1938 
f 2854/2620/2562 612/1317/499 628/1316/515 2855/2621/2563 
f 2855/2621/2563 628/1316/515 630/1316/517 2076/2621/1946 
f 2853/2619/2561 2856/2622/2564 2857/2623/2565 2858/2624/2566 
f 2858/2624/2566 2857/2623/2565 2859/2625/2567 2860/2626/2568 
f 2856/2622/2564 2068/2622/1938 2067/2623/1937 2857/2623/2565 
f 2857/2623/2565 2067/2623/1937 2071/2625/1941 2859/2625/2567 
f 2853/2619/2561 2858/2624/2566 2861/2624/2569 2862/2619/2570 
f 2862/2619/2570 2861/2624/2569 2435/2451/2302 2430/2448/2298 
f 2858/2624/2566 2860/2626/2568 2863/2626/2571 2861/2624/2569 
f 2861/2624/2569 2863/2626/2571 2436/2452/2303 2435/2451/2302 
f 2853/2619/2561 2862/2619/2570 2864/2620/2572 2854/2620/2562 
f 2854/2620/2562 2864/2620/2572 613/1317/500 612/1317/499 
f 2862/2619/2570 2430/2448/2298 2429/2447/2297 2864/2620/2572 
f 2864/2620/2572 2429/2447/2297 614/1297/501 613/1317/500 
f 2865/2627/2573 2866/2628/2574 2867/2628/2575 2868/2627/2576 
f 2868/2627/2576 2867/2628/2575 2869/2629/287 2870/2630/287 
f 2866/2628/2574 2871/2631/2573 2872/2631/2576 2867/2628/2575 
f 2867/2628/2575 2872/2631/2576 2873/2632/287 2869/2629/287 
f 2865/2627/2573 2868/2627/2576 2874/2633/286 2875/2633/285 
f 2875/2633/285 2874/2633/286 398/404/286 397/404/285 
f 2868/2627/2576 2870/2630/287 2876/2634/287 2874/2633/286 
f 2874/2633/286 2876/2634/287 399/405/287 398/404/286 
f 2865/2627/2573 2875/2633/285 2877/2635/301 2878/2636/301 
f 2878/2636/301 2877/2635/301 2476/2635/303 2470/2636/2325 
f 2875/2633/285 397/404/285 413/414/301 2877/2635/301 
f 2877/2635/301 413/414/301 415/414/303 2476/2635/303 
f 2865/2627/2573 2878/2636/301 2879/2637/301 2866/2628/2574 
f 2866/2628/2574 2879/2637/301 2880/2638/2577 2871/2631/2573 
f 2878/2636/301 2470/2636/2325 2469/2637/2325 2879/2637/301 
f 2879/2637/301 2469/2637/2325 2473/2638/2325 2880/2638/2577 
f 2881/2639/2578 2882/2640/2579 2883/2640/261 2884/2639/2580 
f 2884/2639/2580 2883/2640/261 2885/2640/2581 2886/2639/2582 
f 2882/2640/2579 2887/2641/2583 2888/2641/2584 2883/2640/261 
f 2883/2640/261 2888/2641/2584 2889/2641/2582 2885/2640/2581 
f 2881/2639/2578 2884/2639/2580 2890/2642/2585 2891/2642/2586 
f 2891/2642/2586 2890/2642/2585 373/392/261 372/392/260 
f 2884/2639/2580 2886/2639/2582 2892/2642/262 2890/2642/2585 
f 2890/2642/2585 2892/2642/262 374/392/262 373/392/261 
f 2881/2639/2578 2891/2642/2586 2893/2643/2587 2894/2644/2588 
f 2894/2644/2588 2893/2643/2587 2512/2643/278 2506/2644/2343 
f 2891/2642/2586 372/392/260 388/399/276 2893/2643/2587 
f 2893/2643/2587 388/399/276 390/399/278 2512/2643/278 
f 2881/2639/2578 2894/2644/2588 2895/2645/2589 2882/2640/2579 
f 2882/2640/2579 2895/2645/2589 2896/2646/2588 2887/2641/2583 
f 2894/2644/2588 2506/2644/2343 2505/2645/2343 2895/2645/2589 
f 2895/2645/2589 2505/2645/2343 2509/2646/2343 2896/2646/2588 
f 2897/2647/2590 2898/2648/2591 2899/2648/2592 2900/2647/2593 
f 2900/2647/2593 2899/2648/2592 1974/2649/1844 1966/2650/1837 
f 2898/2648/2591 658/2651/545 657/2651/544 2899/2648/2592 
f 2899/2648/2592 657/2651/544 660/2652/547 1974/2649/1844 
f 2897/2647/2590 2900/2647/2593 2901/2653/2594 2902/2653/2595 
f 2902/2653/2595 2901/2653/2594 2903/2654/2596 2904/2654/2597 
f 2900/2647/2593 1966/2650/1837 1965/2655/1836 2901/2653/2594 
f 2901/2653/2594 1965/2655/1836 1969/2656/411 2903/2654/2596 
f 2897/2647/2590 2902/2653/2595 2905/2657/2598 2906/2658/2599 
f 2906/2658/2599 2905/2657/2598 2547/2657/2376 2542/2658/2373 
f 2902/2653/2595 2904/2654/2597 2907/2659/251 2905/2657/2598 
f 2905/2657/2598 2907/2659/251 2548/2659/253 2547/2657/2376 
f 2897/2647/2590 2906/2658/2599 2908/2660/2600 2898/2648/2591 
f 2898/2648/2591 2908/2660/2600 665/728/552 658/2651/545 
f 2906/2658/2599 2542/2658/2373 2541/2660/2372 2908/2660/2600 
f 2908/2660/2600 2541/2660/2372 666/728/553 665/728/552 
f 2909/2661/2601 2910/2662/2602 2911/2663/2603 2912/2664/2603 
f 2912/2664/2603 2911/2663/2603 2913/2665/218 2914/2666/218 
f 2910/2662/2602 2915/2667/2602 2916/2668/2603 2911/2663/2603 
f 2911/2663/2603 2916/2668/2603 2917/2669/218 2913/2665/218 
f 2909/2661/2601 2912/2664/2603 2918/2670/2604 2919/2671/2605 
f 2919/2671/2605 2918/2670/2604 2800/2672/2536 2796/2673/2534 
f 2912/2664/2603 2914/2666/218 2920/2674/2606 2918/2670/2604 
f 2918/2670/2604 2920/2674/2606 1274/636/1149 2800/2672/2536 
f 2909/2661/2601 2919/2671/2605 2921/2675/2607 2922/2676/2608 
f 2922/2676/2608 2921/2675/2607 2923/2677/178 2924/2678/172 
f 2919/2671/2605 2796/2673/2534 2795/2679/2533 2921/2675/2607 
f 2921/2675/2607 2795/2679/2533 2798/2680/179 2923/2677/178 
f 2909/2661/2601 2922/2676/2608 2925/2681/2609 2910/2662/2602 
f 2910/2662/2602 2925/2681/2609 2926/2682/2609 2915/2667/2602 
f 2922/2676/2608 2924/2678/172 2927/2683/171 2925/2681/2609 
f 2925/2681/2609 2927/2683/171 2928/2684/171 2926/2682/2609 
f 2929/2685/2610 2930/2686/2611 2931/2687/2612 2932/2688/2612 
f 2932/2688/2612 2931/2687/2612 2933/2689/128 2934/2690/128 
f 2930/2686/2611 2935/2691/2611 2936/2692/2612 2931/2687/2612 
f 2931/2687/2612 2936/2692/2612 2937/2693/128 2933/2689/128 
f 2929/2685/2610 2932/2688/2612 2938/2694/2613 2939/2695/2614 
f 2939/2695/2614 2938/2694/2613 2720/2696/2495 2716/2697/2492 
f 2932/2688/2612 2934/2690/128 2940/2698/2615 2938/2694/2613 
f 2938/2694/2613 2940/2698/2615 1222/2699/1098 2720/2696/2495 
f 2929/2685/2610 2939/2695/2614 2941/2700/2616 2942/2701/2617 
f 2942/2701/2617 2941/2700/2616 2943/2702/149 2944/2703/144 
f 2939/2695/2614 2716/2697/2492 2715/2704/2491 2941/2700/2616 
f 2941/2700/2616 2715/2704/2491 2718/2705/150 2943/2702/149 
f 2929/2685/2610 2942/2701/2617 2945/2706/2618 2930/2686/2611 
f 2930/2686/2611 2945/2706/2618 2946/2707/2618 2935/2691/2611 
f 2942/2701/2617 2944/2703/144 2947/2708/89 2945/2706/2618 
f 2945/2706/2618 2947/2708/89 2948/2709/89 2946/2707/2618 
f 2949/2710/38 2950/2711/37 2951/2712/37 2952/2713/38 
f 2952/2713/38 2951/2712/37 2953/2714/37 2954/2715/38 
f 2950/2711/37 2955/2716/37 2956/2717/37 2951/2712/37 
f 2951/2712/37 2956/2717/37 2957/2718/37 2953/2714/37 
f 2949/2710/38 2952/2713/38 2958/2719/43 2959/2720/43 
f 2959/2720/43 2958/2719/43 2783/2558/44 2780/2555/44 
f 2952/2713/38 2954/2715/38 2960/2721/43 2958/2719/43 
f 2958/2719/43 2960/2721/43 2784/2559/44 2783/2558/44 
f 2949/2710/38 2959/2720/43 2961/2722/43 2962/2723/38 
f 2962/2723/38 2961/2722/43 64/64/43 56/56/38 
f 2959/2720/43 2780/2555/44 2779/2554/44 2961/2722/43 
f 2961/2722/43 2779/2554/44 65/65/44 64/64/43 
f 2949/2710/38 2962/2723/38 2963/2724/37 2950/2711/37 
f 2950/2711/37 2963/2724/37 2964/2725/37 2955/2716/37 
f 2962/2723/38 56/56/38 55/55/37 2963/2724/37 
f 2963/2724/37 55/55/37 59/59/37 2964/2725/37 
f 2965/2726/2619 2966/2727/2620 2967/2728/2621 2968/2729/2622 
f 2968/2729/2622 2967/2728/2621 2969/2730/2623 2970/2731/2624 
f 2966/2727/2620 2324/2732/2192 2323/2733/2191 2967/2728/2621 
f 2967/2728/2621 2323/2733/2191 626/896/513 2969/2730/2623 
f 2965/2726/2619 2968/2729/2622 2971/2734/2625 2972/2735/2626 
f 2972/2735/2626 2971/2734/2625 2973/2736/2627 2974/2737/2628 
f 2968/2729/2622 2970/2731/2624 2975/2738/2629 2971/2734/2625 
f 2971/2734/2625 2975/2738/2629 2976/2739/2630 2973/2736/2627 
f 2965/2726/2619 2972/2735/2626 2977/2740/2631 2978/2741/2632 
f 2978/2741/2632 2977/2740/2631 2979/2742/2633 2980/2743/2634 
f 2972/2735/2626 2974/2737/2628 2981/2744/2635 2977/2740/2631 
f 2977/2740/2631 2981/2744/2635 2982/2745/2636 2979/2742/2633 
f 2965/2726/2619 2978/2741/2632 2983/2746/2637 2966/2727/2620 
f 2966/2727/2620 2983/2746/2637 2327/2747/2195 2324/2732/2192 
f 2978/2741/2632 2980/2743/2634 2984/2748/2638 2983/2746/2637 
f 2983/2746/2637 2984/2748/2638 1828/2749/1699 2327/2747/2195 
f 2985/2750/2639 2986/2751/2640 2987/2752/2074 2988/2753/2641 
f 2988/2753/2641 2987/2752/2074 2989/2754/2075 2990/2755/411 
f 2986/2751/2640 2991/2756/2073 2992/2757/2642 2987/2752/2074 
f 2987/2752/2074 2992/2757/2642 524/2758/411 2989/2754/2075 
f 2985/2750/2639 2988/2753/2641 2993/2759/2642 2994/2760/2073 
f 2994/2760/2073 2993/2759/2642 2206/2761/2074 2205/2762/2073 
f 2988/2753/2641 2990/2755/411 2995/2763/2075 2993/2759/2642 
f 2993/2759/2642 2995/2763/2075 2207/2764/2075 2206/2761/2074 
f 2985/2750/2639 2994/2760/2073 2996/2765/2085 2997/2766/2643 
f 2997/2766/2643 2996/2765/2085 2998/2767/2644 2999/2768/2644 
f 2994/2760/2073 2205/2762/2073 2217/2769/2085 2996/2765/2085 
f 2996/2765/2085 2217/2769/2085 1673/2770/1544 2998/2767/2644 
f 2985/2750/2639 2997/2766/2643 3000/2771/2643 2986/2751/2640 
f 2986/2751/2640 3000/2771/2643 3001/2772/2643 2991/2756/2073 
f 2997/2766/2643 2999/2768/2644 3002/2773/2644 3000/2771/2643 
f 3000/2771/2643 3002/2773/2644 3003/2774/2645 3001/2772/2643 
f 3004/2775/2056 3005/2776/2056 3006/2777/2057 3007/2778/2057 
f 3007/2778/2057 3006/2777/2057 3008/2779/402 3009/2780/402 
f 3005/2776/2056 3010/2781/2646 3011/2782/2647 3006/2777/2057 
f 3006/2777/2057 3011/2782/2647 3012/2783/2648 3008/2779/402 
f 3004/2775/2056 3007/2778/2057 3013/2784/2057 3014/2785/2056 
f 3014/2785/2056 3013/2784/2057 2189/2786/2057 2188/2787/2056 
f 3007/2778/2057 3009/2780/402 3015/2788/402 3013/2784/2057 
f 3013/2784/2057 3015/2788/402 515/2789/402 2189/2786/2057 
f 3004/2775/2056 3014/2785/2056 3016/2790/2066 3017/2791/2649 
f 3017/2791/2649 3016/2790/2066 3018/2792/1524 3019/2793/1524 
f 3014/2785/2056 2188/2787/2056 2198/2794/2066 3016/2790/2066 
f 3016/2790/2066 2198/2794/2066 1653/2795/1524 3018/2792/1524 
f 3004/2775/2056 3017/2791/2649 3020/2796/2649 3005/2776/2056 
f 3005/2776/2056 3020/2796/2649 3021/2797/2649 3010/2781/2646 
f 3017/2791/2649 3019/2793/1524 3022/2798/2650 3020/2796/2649 
f 3020/2796/2649 3022/2798/2650 3023/2799/1524 3021/2797/2649 
f 3024/2800/2651 3025/2801/2652 3026/2802/2653 3027/2803/2654 
f 3027/2803/2654 3026/2802/2653 504/2804/391 496/2805/383 
f 3025/2801/2652 2420/2806/2288 2419/2807/2287 3026/2802/2653 
f 3026/2802/2653 2419/2807/2287 505/2808/392 504/2804/391 
f 3024/2800/2651 3027/2803/2654 3028/2809/2655 3029/2810/2656 
f 3029/2810/2656 3028/2809/2655 3030/2811/2041 3031/2812/2040 
f 3027/2803/2654 496/2805/383 495/2813/382 3028/2809/2655 
f 3028/2809/2655 495/2813/382 499/2814/386 3030/2811/2041 
f 3024/2800/2651 3029/2810/2656 3032/2815/2657 3033/2816/2658 
f 3033/2816/2658 3032/2815/2657 3034/2817/2659 3035/2818/2660 
f 3029/2810/2656 3031/2812/2040 3036/2819/2661 3032/2815/2657 
f 3032/2815/2657 3036/2819/2661 3037/2820/2662 3034/2817/2659 
f 3024/2800/2651 3033/2816/2658 3038/2821/2663 3025/2801/2652 
f 3025/2801/2652 3038/2821/2663 2423/2822/2291 2420/2806/2288 
f 3033/2816/2658 3035/2818/2660 3039/2823/2664 3038/2821/2663 
f 3038/2821/2663 3039/2823/2664 1956/2824/1827 2423/2822/2291 
f 3040/2825/2665 3041/2826/2023 3042/2827/2666 3043/2828/2667 
f 3043/2828/2667 3042/2827/2666 3044/2829/377 3045/2830/2668 
f 3041/2826/2023 3046/2831/2023 3047/2832/2666 3042/2827/2666 
f 3042/2827/2666 3047/2832/2666 3048/2833/2669 3044/2829/377 
f 3040/2825/2665 3043/2828/2667 3049/2834/2024 3050/2835/2665 
f 3050/2835/2665 3049/2834/2024 2155/2836/2024 2154/2837/2023 
f 3043/2828/2667 3045/2830/2668 3051/2838/2669 3049/2834/2024 
f 3049/2834/2024 3051/2838/2669 490/728/377 2155/2836/2024 
f 3040/2825/2665 3050/2835/2665 3052/2839/2670 3053/2840/2033 
f 3053/2840/2033 3052/2839/2670 3054/2841/2671 3055/2842/2672 
f 3050/2835/2665 2154/2837/2023 2164/2843/2033 3052/2839/2670 
f 3052/2839/2670 2164/2843/2033 1613/2844/1484 3054/2841/2671 
f 3040/2825/2665 3053/2840/2033 3056/2845/2033 3041/2826/2023 
f 3041/2826/2023 3056/2845/2033 3057/2846/2033 3046/2831/2023 
f 3053/2840/2033 3055/2842/2672 3058/2847/1484 3056/2845/2033 
f 3056/2845/2033 3058/2847/1484 3059/2848/2671 3057/2846/2033 
f 3060/2849/2673 3061/2850/2674 3062/2851/2675 3063/2852/2676 
f 3063/2852/2676 3062/2851/2675 479/2853/366 471/2854/358 
f 3061/2850/2674 2336/1846/2204 2335/1350/2203 3062/2851/2675 
f 3062/2851/2675 2335/1350/2203 480/1364/367 479/2853/366 
f 3060/2849/2673 3063/2852/2676 3064/2855/2677 3065/2856/2678 
f 3065/2856/2678 3064/2855/2677 3066/2807/2679 3067/2806/2680 
f 3063/2852/2676 471/2854/358 470/2857/357 3064/2855/2677 
f 3064/2855/2677 470/2857/357 474/2808/361 3066/2807/2679 
f 3060/2849/2673 3065/2856/2678 3068/2858/2681 3069/2859/2682 
f 3069/2859/2682 3068/2858/2681 3070/2860/2683 3071/2861/2684 
f 3065/2856/2678 3067/2806/2680 3072/2822/2685 3068/2858/2681 
f 3068/2858/2681 3072/2822/2685 3073/2824/2686 3070/2860/2683 
f 3060/2849/2673 3069/2859/2682 3074/2862/2687 3061/2850/2674 
f 3061/2850/2674 3074/2862/2687 2339/1834/2207 2336/1846/2204 
f 3069/2859/2682 3071/2861/2684 3075/2863/2688 3074/2862/2687 
f 3074/2862/2687 3075/2863/2688 1844/1835/1715 2339/1834/2207 
f 3076/2864/2689 3077/2865/2690 3078/2866/2691 3079/2867/2692 
f 3079/2867/2692 3078/2866/2691 3080/2868/2693 3081/2869/2694 
f 3077/2865/2690 2360/2819/2228 2359/2870/2227 3078/2866/2691 
f 3078/2866/2691 2359/2870/2227 654/2871/541 3080/2868/2693 
f 3076/2864/2689 3079/2867/2692 3082/2872/2695 3083/2873/2696 
f 3083/2873/2696 3082/2872/2695 3084/2874/1991 3085/2875/1990 
f 3079/2867/2692 3081/2869/2694 3086/2876/2697 3082/2872/2695 
f 3082/2872/2695 3086/2876/2697 3087/2877/352 3084/2874/1991 
f 3076/2864/2689 3083/2873/2696 3088/2878/2698 3089/2879/2699 
f 3089/2879/2699 3088/2878/2698 3090/2880/2700 3091/2881/2701 
f 3083/2873/2696 3085/2875/1990 3092/2882/2000 3088/2878/2698 
f 3088/2878/2698 3092/2882/2000 3093/2739/1445 3090/2880/2700 
f 3076/2864/2689 3089/2879/2699 3094/2883/2702 3077/2865/2690 
f 3077/2865/2690 3094/2883/2702 2363/2884/2231 2360/2819/2228 
f 3089/2879/2699 3091/2881/2701 3095/2885/2703 3094/2883/2702 
f 3094/2883/2702 3095/2885/2703 1876/2886/1747 2363/2884/2231 
f 3096/2887/1973 3097/2888/1973 3098/2889/2704 3099/2890/2705 
f 3099/2890/2705 3098/2889/2704 3100/2891/312 3101/2892/2706 
f 3097/2888/1973 3102/2893/1973 3103/2894/2704 3098/2889/2704 
f 3098/2889/2704 3103/2894/2704 449/2895/312 3100/2891/312 
f 3096/2887/1973 3099/2890/2705 3104/2896/2705 3105/2897/1973 
f 3105/2897/1973 3104/2896/2705 2104/2898/1974 2103/2769/1973 
f 3099/2890/2705 3101/2892/2706 3106/2899/312 3104/2896/2705 
f 3104/2896/2705 3106/2899/312 2105/2900/1975 2104/2898/1974 
f 3096/2887/1973 3105/2897/1973 3107/2901/1985 3108/2902/2707 
f 3108/2902/2707 3107/2901/1985 3109/2903/2708 3110/2904/1426 
f 3105/2897/1973 2103/2769/1973 2115/2905/1985 3107/2901/1985 
f 3107/2901/1985 2115/2905/1985 1553/2906/1426 3109/2903/2708 
f 3096/2887/1973 3108/2902/2707 3111/2907/2707 3097/2888/1973 
f 3097/2888/1973 3111/2907/2707 3112/2908/2707 3102/2893/1973 
f 3108/2902/2707 3110/2904/1426 3113/2909/2709 3111/2907/2707 
f 3111/2907/2707 3113/2909/2709 3114/2910/2709 3112/2908/2707 
f 3115/2911/2710 3116/2912/2711 3117/2913/2712 3118/2914/2713 
f 3118/2914/2713 3117/2913/2712 2984/2913/2638 2980/2914/2634 
f 3116/2912/2711 1826/2915/1697 1825/2916/1696 3117/2913/2712 
f 3117/2913/2712 1825/2916/1696 1828/2916/1699 2984/2913/2638 
f 3115/2911/2710 3118/2914/2713 3119/2917/2714 3120/2918/2715 
f 3120/2918/2715 3119/2917/2714 3121/2919/2716 3122/2920/2717 
f 3118/2914/2713 2980/2914/2634 2979/2917/2633 3119/2917/2714 
f 3119/2917/2714 2979/2917/2633 2982/2919/2636 3121/2919/2716 
f 3115/2911/2710 3120/2918/2715 3123/2918/2718 3124/2911/2719 
f 3124/2911/2719 3123/2918/2718 3125/2918/2720 3126/2911/2721 
f 3120/2918/2715 3122/2920/2717 3127/2920/2722 3123/2918/2718 
f 3123/2918/2718 3127/2920/2722 3128/2920/2723 3125/2918/2720 
f 3115/2911/2710 3124/2911/2719 3129/2912/2724 3116/2912/2711 
f 3116/2912/2711 3129/2912/2724 1831/2915/1702 1826/2915/1697 
f 3124/2911/2719 3126/2911/2721 3130/2912/2725 3129/2912/2724 
f 3129/2912/2724 3130/2912/2725 1236/2915/1112 1831/2915/1702 
f 3131/2921/2726 3132/2922/2727 3133/2923/2728 3134/2924/2728 
f 3134/2924/2728 3133/2923/2728 3002/2773/2644 2999/2768/2644 
f 3132/2922/2727 3135/2925/2729 3136/2926/2730 3133/2923/2728 
f 3133/2923/2728 3136/2926/2730 3003/2774/2645 3002/2773/2644 
f 3131/2921/2726 3134/2924/2728 3137/2927/2731 3138/2928/2729 
f 3138/2928/2729 3137/2927/2731 1672/2929/1543 1671/2930/1542 
f 3134/2924/2728 2999/2768/2644 2998/2767/2644 3137/2927/2731 
f 3137/2927/2731 2998/2767/2644 1673/2770/1544 1672/2929/1543 
f 3131/2921/2726 3138/2928/2729 3139/2928/2732 3140/2921/2732 
f 3140/2921/2732 3139/2928/2732 3141/2931/2733 3142/2932/2734 
f 3138/2928/2729 1671/2930/1542 1684/2930/1555 3139/2928/2732 
f 3139/2928/2732 1684/2930/1555 1055/2900/932 3141/2931/2733 
f 3131/2921/2726 3140/2921/2732 3143/2922/2735 3132/2922/2727 
f 3132/2922/2727 3143/2922/2735 3144/2925/2732 3135/2925/2729 
f 3140/2921/2732 3142/2932/2734 3145/2933/2736 3143/2922/2735 
f 3143/2922/2735 3145/2933/2736 3146/2934/2734 3144/2925/2732 
f 3147/2935/1522 3148/2936/1397 3149/2937/2737 3150/2938/1523 
f 3150/2938/1523 3149/2937/2737 3022/2798/2650 3019/2793/1524 
f 3148/2936/1397 3151/2939/1397 3152/2940/2737 3149/2937/2737 
f 3149/2937/2737 3152/2940/2737 3023/2799/1524 3022/2798/2650 
f 3147/2935/1522 3150/2938/1523 3153/2941/1523 3154/2942/1522 
f 3154/2942/1522 3153/2941/1523 1652/2943/1523 1651/2944/1522 
f 3150/2938/1523 3019/2793/1524 3018/2792/1524 3153/2941/1523 
f 3153/2941/1523 3018/2792/1524 1653/2795/1524 1652/2943/1523 
f 3147/2935/1522 3154/2942/1522 3155/2945/1535 3156/2946/1535 
f 3156/2946/1535 3155/2945/1535 3157/2947/908 3158/2948/908 
f 3154/2942/1522 1651/2944/1522 1664/2949/1535 3155/2945/1535 
f 3155/2945/1535 1664/2949/1535 1030/2950/908 3157/2947/908 
f 3147/2935/1522 3156/2946/1535 3159/2951/1535 3148/2936/1397 
f 3148/2936/1397 3159/2951/1535 3160/2952/1535 3151/2939/1397 
f 3156/2946/1535 3158/2948/908 3161/2953/908 3159/2951/1535 
f 3159/2951/1535 3161/2953/908 3162/2954/908 3160/2952/1535 
f 3163/2955/2738 3164/2956/2739 3165/2957/2740 3166/2958/2741 
f 3166/2958/2741 3165/2957/2740 3039/2823/2664 3035/2818/2660 
f 3164/2956/2739 1954/2959/1825 1953/2960/1824 3165/2957/2740 
f 3165/2957/2740 1953/2960/1824 1956/2824/1827 3039/2823/2664 
f 3163/2955/2738 3166/2958/2741 3167/2961/2742 3168/2962/2743 
f 3168/2962/2743 3167/2961/2742 3169/2963/2744 3170/2964/1502 
f 3166/2958/2741 3035/2818/2660 3034/2817/2659 3167/2961/2742 
f 3167/2961/2742 3034/2817/2659 3037/2820/2662 3169/2963/2744 
f 3163/2955/2738 3168/2962/2743 3171/2962/2745 3172/2955/2746 
f 3172/2955/2746 3171/2962/2745 3173/2965/2747 3174/2966/2748 
f 3168/2962/2743 3170/2964/1502 3175/2964/1515 3171/2962/2745 
f 3171/2962/2745 3175/2964/1515 3176/2967/883 3173/2965/2747 
f 3163/2955/2738 3172/2955/2746 3177/2956/2749 3164/2956/2739 
f 3164/2956/2739 3177/2956/2749 1959/2959/1830 1954/2959/1825 
f 3172/2955/2746 3174/2966/2748 3178/2968/2750 3177/2956/2749 
f 3177/2956/2749 3178/2968/2750 1380/2969/1253 1959/2959/1830 
f 3179/2970/2751 3180/2971/2751 3181/2972/2752 3182/2973/1483 
f 3182/2973/1483 3181/2972/2752 3058/2847/1484 3055/2842/2672 
f 3180/2971/2751 3183/2974/2753 3184/2975/2754 3181/2972/2752 
f 3181/2972/2752 3184/2975/2754 3059/2848/2671 3058/2847/1484 
f 3179/2970/2751 3182/2973/1483 3185/2976/1483 3186/2977/1277 
f 3186/2977/1277 3185/2976/1483 1612/2978/1483 1611/2979/1277 
f 3182/2973/1483 3055/2842/2672 3054/2841/2671 3185/2976/1483 
f 3185/2976/1483 3054/2841/2671 1613/2844/1484 1612/2978/1483 
f 3179/2970/2751 3186/2977/1277 3187/2980/2755 3188/2981/2756 
f 3188/2981/2756 3187/2980/2755 3189/2982/2757 3190/2983/2758 
f 3186/2977/1277 1611/2979/1277 1624/2984/1495 3187/2980/2755 
f 3187/2980/2755 1624/2984/1495 980/2985/859 3189/2982/2757 
f 3179/2970/2751 3188/2981/2756 3191/2986/2759 3180/2971/2751 
f 3180/2971/2751 3191/2986/2759 3192/2987/2760 3183/2974/2753 
f 3188/2981/2756 3190/2983/2758 3193/2988/2758 3191/2986/2759 
f 3191/2986/2759 3193/2988/2758 3194/2989/2758 3192/2987/2760 
f 3195/2990/2761 3196/2991/2762 3197/2992/2763 3198/2993/2764 
f 3198/2993/2764 3197/2992/2763 3075/2863/2688 3071/2861/2684 
f 3196/2991/2762 1842/2994/1713 1841/2995/1712 3197/2992/2763 
f 3197/2992/2763 1841/2995/1712 1844/1835/1715 3075/2863/2688 
f 3195/2990/2761 3198/2993/2764 3199/2996/2765 3200/2997/2766 
f 3200/2997/2766 3199/2996/2765 3201/2960/1464 3202/2959/2767 
f 3198/2993/2764 3071/2861/2684 3070/2860/2683 3199/2996/2765 
f 3199/2996/2765 3070/2860/2683 3073/2824/2686 3201/2960/1464 
f 3195/2990/2761 3200/2997/2766 3203/2997/2768 3204/2990/2769 
f 3204/2990/2769 3203/2997/2768 3205/2998/2770 3206/2999/2771 
f 3200/2997/2766 3202/2959/2767 3207/2959/2772 3203/2997/2768 
f 3203/2997/2768 3207/2959/2772 3208/2969/2773 3205/2998/2770 
f 3195/2990/2761 3204/2990/2769 3209/2991/2774 3196/2991/2762 
f 3196/2991/2762 3209/2991/2774 1847/2994/1718 1842/2994/1713 
f 3204/2990/2769 3206/2999/2771 3210/3000/2775 3209/2991/2774 
f 3209/2991/2774 3210/3000/2775 1252/1836/1128 1847/2994/1718 
f 3211/3001/2776 3212/3002/2777 3213/3003/2778 3214/3004/2779 
f 3214/3004/2779 3213/3003/2778 3095/3003/2703 3091/3004/2701 
f 3212/3002/2777 1874/2920/1745 1873/2919/1744 3213/3003/2778 
f 3213/3003/2778 1873/2919/1744 1876/2919/1747 3095/3003/2703 
f 3211/3001/2776 3214/3004/2779 3215/3005/2780 3216/3006/2781 
f 3216/3006/2781 3215/3005/2780 3217/3007/1444 3218/3008/1317 
f 3214/3004/2779 3091/3004/2701 3090/3005/2700 3215/3005/2780 
f 3215/3005/2780 3090/3005/2700 3093/3007/1445 3217/3007/1444 
f 3211/3001/2776 3216/3006/2781 3219/3006/2782 3220/3001/2783 
f 3220/3001/2783 3219/3006/2782 3221/3006/2784 3222/3001/2785 
f 3216/3006/2781 3218/3008/1317 3223/3008/1456 3219/3006/2782 
f 3219/3006/2782 3223/3008/1456 3224/3008/2786 3221/3006/2784 
f 3211/3001/2776 3220/3001/2783 3225/3002/2787 3212/3002/2777 
f 3212/3002/2777 3225/3002/2787 1879/2920/1750 1874/2920/1745 
f 3220/3001/2783 3222/3001/2785 3226/3002/2788 3225/3002/2787 
f 3225/3002/2787 3226/3002/2788 1288/2920/1163 1879/2920/1750 
f 3227/3009/2789 3228/3010/2790 3229/3011/1425 3230/3012/2791 
f 3230/3012/2791 3229/3011/1425 3113/2909/2709 3110/2904/1426 
f 3228/3010/2790 3231/3013/2790 3232/3014/1425 3229/3011/1425 
f 3229/3011/1425 3232/3014/1425 3114/2910/2709 3113/2909/2709 
f 3227/3009/2789 3230/3012/2791 3233/3015/2791 3234/3016/2792 
f 3234/3016/2792 3233/3015/2791 1552/2761/1425 1551/3017/1424 
f 3230/3012/2791 3110/2904/1426 3109/2903/2708 3233/3015/2791 
f 3233/3015/2791 3109/2903/2708 1553/2906/1426 1552/2761/1425 
f 3227/3009/2789 3234/3016/2792 3235/3018/2793 3236/3019/1437 
f 3236/3019/1437 3235/3018/2793 3237/3020/786 3238/3021/786 
f 3234/3016/2792 1551/3017/1424 1564/3022/1437 3235/3018/2793 
f 3235/3018/2793 1564/3022/1437 905/2764/786 3237/3020/786 
f 3227/3009/2789 3236/3019/1437 3239/3023/2794 3228/3010/2790 
f 3228/3010/2790 3239/3023/2794 3240/3024/2794 3231/3013/2790 
f 3236/3019/1437 3238/3021/786 3241/3025/786 3239/3023/2794 
f 3239/3023/2794 3241/3025/786 3242/3026/786 3240/3024/2794 
f 3243/3027/2795 3244/3028/2796 3245/3029/2797 3246/3030/2798 
f 3246/3030/2798 3245/3029/2797 3130/2912/2725 3126/2911/2721 
f 3244/3028/2796 1234/3031/1110 1233/3032/1109 3245/3029/2797 
f 3245/3029/2797 1233/3032/1109 1236/2915/1112 3130/2912/2725 
f 3243/3027/2795 3246/3030/2798 3247/3033/2799 3248/3034/2800 
f 3248/3034/2800 3247/3033/2799 3249/3035/2801 3250/3036/2802 
f 3246/3030/2798 3126/2911/2721 3125/2918/2720 3247/3033/2799 
f 3247/3033/2799 3125/2918/2720 3128/2920/2723 3249/3035/2801 
f 3243/3027/2795 3248/3034/2800 3251/3037/2803 3252/3038/2804 
f 3252/3038/2804 3251/3037/2803 3253/3039/2805 3254/3040/2806 
f 3248/3034/2800 3250/3036/2802 3255/3041/970 3251/3037/2803 
f 3251/3037/2803 3255/3041/970 3256/3042/972 3253/3039/2805 
f 3243/3027/2795 3252/3038/2804 3257/3043/2807 3244/3028/2796 
f 3244/3028/2796 3257/3043/2807 1239/3044/1115 1234/3031/1110 
f 3252/3038/2804 3254/3040/2806 3258/3045/2808 3257/3043/2807 
f 3257/3043/2807 3258/3045/2808 336/3046/228 1239/3044/1115 
f 3259/3047/2809 3260/3048/2809 3261/3049/2810 3262/3050/931 
f 3262/3050/931 3261/3049/2810 3145/3049/2736 3142/3050/2734 
f 3260/3048/2809 3263/3051/930 3264/3052/931 3261/3049/2810 
f 3261/3049/2810 3264/3052/931 3146/3052/2734 3145/3049/2736 
f 3259/3047/2809 3262/3050/931 3265/3053/2811 3266/3054/930 
f 3266/3054/930 3265/3053/2811 1054/1246/931 1053/3055/930 
f 3262/3050/931 3142/3050/2734 3141/3053/2733 3265/3053/2811 
f 3265/3053/2811 3141/3053/2733 1055/1246/932 1054/1246/931 
f 3259/3047/2809 3266/3054/930 3267/3054/946 3268/3047/946 
f 3268/3047/946 3267/3054/946 3269/3056/117 3270/3057/117 
f 3266/3054/930 1053/3055/930 1069/3055/946 3267/3054/946 
f 3267/3054/946 1069/3055/946 1071/3058/117 3269/3056/117 
f 3259/3047/2809 3268/3047/946 3271/3048/946 3260/3048/2809 
f 3260/3048/2809 3271/3048/946 3272/3051/946 3263/3051/930 
f 3268/3047/946 3270/3057/117 3273/3059/117 3271/3048/946 
f 3271/3048/946 3273/3059/117 165/3060/117 3272/3051/946 
f 3274/3061/2812 3275/3062/2812 3276/3062/2813 3277/3061/2813 
f 3277/3061/2813 3276/3062/2813 3161/3063/908 3158/3064/908 
f 3275/3062/2812 3278/3065/2812 3279/3065/2813 3276/3062/2813 
f 3276/3062/2813 3279/3065/2813 3162/3066/908 3161/3063/908 
f 3274/3061/2812 3277/3061/2813 3280/3067/2814 3281/3067/906 
f 3281/3067/906 3280/3067/2814 1029/3068/907 1028/3068/906 
f 3277/3061/2813 3158/3064/908 3157/3069/908 3280/3067/2814 
f 3280/3067/2814 3157/3069/908 1030/3070/908 1029/3068/907 
f 3274/3061/2812 3281/3067/906 3282/3071/922 3283/3072/922 
f 3283/3072/922 3282/3071/922 3284/3071/215 3285/3072/215 
f 3281/3067/906 1028/3068/906 1044/3073/922 3282/3071/922 
f 3282/3071/922 1044/3073/922 1046/3073/215 3284/3071/215 
f 3274/3061/2812 3283/3072/922 3286/3074/922 3275/3062/2812 
f 3275/3062/2812 3286/3074/922 3287/3075/922 3278/3065/2812 
f 3283/3072/922 3285/3072/215 3288/3074/215 3286/3074/922 
f 3286/3074/922 3288/3074/215 315/3075/215 3287/3075/922 
f 3289/3076/2815 3290/3077/2816 3291/3077/2817 3292/3076/2818 
f 3292/3076/2818 3291/3077/2817 3178/3078/2750 3174/3079/2748 
f 3290/3077/2816 1378/3080/1251 1377/3080/1250 3291/3077/2817 
f 3291/3077/2817 1377/3080/1250 1380/3081/1253 3178/3078/2750 
f 3289/3076/2815 3292/3076/2818 3293/3082/2819 3294/3082/2820 
f 3294/3082/2820 3293/3082/2819 3295/3083/882 3296/3083/881 
f 3292/3076/2818 3174/3079/2748 3173/3084/2747 3293/3082/2819 
f 3293/3082/2819 3173/3084/2747 3176/3085/883 3295/3083/882 
f 3289/3076/2815 3294/3082/2820 3297/3086/2821 3298/3087/2822 
f 3298/3087/2822 3297/3086/2821 3299/3088/2823 3300/3089/2824 
f 3294/3082/2820 3296/3083/881 3301/3090/897 3297/3086/2821 
f 3297/3086/2821 3301/3090/897 3302/3091/899 3299/3088/2823 
f 3289/3076/2815 3298/3087/2822 3303/3092/2825 3290/3077/2816 
f 3290/3077/2816 3303/3092/2825 1383/3093/1256 1378/3080/1251 
f 3298/3087/2822 3300/3089/2824 3304/3094/2826 3303/3092/2825 
f 3303/3092/2825 3304/3094/2826 201/148/139 1383/3093/1256 
f 3305/3095/2827 3306/3096/2827 3307/3097/2828 3308/3098/2829 
f 3308/3098/2829 3307/3097/2828 3193/3097/2758 3190/3098/2758 
f 3306/3096/2827 3309/3099/2827 3310/3100/2830 3307/3097/2828 
f 3307/3097/2828 3310/3100/2830 3194/3100/2758 3193/3097/2758 
f 3305/3095/2827 3308/3098/2829 3311/3101/2831 3312/3102/857 
f 3312/3102/857 3311/3101/2831 979/3073/858 978/3068/857 
f 3308/3098/2829 3190/3098/2758 3189/3101/2757 3311/3101/2831 
f 3311/3101/2831 3189/3101/2757 980/3073/859 979/3073/858 
f 3305/3095/2827 3312/3102/857 3313/3102/873 3314/3095/873 
f 3314/3095/873 3313/3102/873 3315/3103/83 3316/3104/83 
f 3312/3102/857 978/3068/857 994/3068/873 3313/3102/873 
f 3313/3102/873 994/3068/873 996/3070/83 3315/3103/83 
f 3305/3095/2827 3314/3095/873 3317/3096/2832 3306/3096/2827 
f 3306/3096/2827 3317/3096/2832 3318/3099/873 3309/3099/2827 
f 3314/3095/873 3316/3104/83 3319/3105/83 3317/3096/2832 
f 3317/3096/2832 3319/3105/83 120/3106/83 3318/3099/873 
f 3320/3107/2833 3321/3108/2834 3322/3108/2835 3323/3107/2836 
f 3323/3107/2836 3322/3108/2835 3210/3109/2775 3206/3110/2771 
f 3321/3108/2834 1250/3111/1126 1249/3111/1125 3322/3108/2835 
f 3322/3108/2835 1249/3111/1125 1252/3112/1128 3210/3109/2775 
f 3320/3107/2833 3323/3107/2836 3324/3113/2837 3325/3113/2838 
f 3325/3113/2838 3324/3113/2837 3326/3080/2839 3327/3080/2840 
f 3323/3107/2836 3206/3110/2771 3205/3114/2770 3324/3113/2837 
f 3324/3113/2837 3205/3114/2770 3208/3081/2773 3326/3080/2839 
f 3320/3107/2833 3325/3113/2838 3328/3115/2841 3329/3116/2842 
f 3329/3116/2842 3328/3115/2841 144/149/101 139/144/96 
f 3325/3113/2838 3327/3080/2840 3330/3117/849 3328/3115/2841 
f 3328/3115/2841 3330/3117/849 145/150/102 144/149/101 
f 3320/3107/2833 3329/3116/2842 3331/3118/2843 3321/3108/2834 
f 3321/3108/2834 3331/3118/2843 1255/3119/1131 1250/3111/1126 
f 3329/3116/2842 139/144/96 138/143/95 3331/3118/2843 
f 3331/3118/2843 138/143/95 141/146/98 1255/3119/1131 
f 3332/3120/2844 3333/3121/2845 3334/3122/2846 3335/3123/2847 
f 3335/3123/2847 3334/3122/2846 3226/3002/2788 3222/3001/2785 
f 3333/3121/2845 1286/3036/1161 1285/3035/1160 3334/3122/2846 
f 3334/3122/2846 1285/3035/1160 1288/2920/1163 3226/3002/2788 
f 3332/3120/2844 3335/3123/2847 3336/3124/2848 3337/3125/2849 
f 3337/3125/2849 3336/3124/2848 3338/3126/2786 3339/3127/809 
f 3335/3123/2847 3222/3001/2785 3221/3006/2784 3336/3124/2848 
f 3336/3124/2848 3221/3006/2784 3224/3008/2786 3338/3126/2786 
f 3332/3120/2844 3337/3125/2849 3340/3128/2850 3341/3129/2851 
f 3341/3129/2851 3340/3128/2850 3342/3130/2852 3343/3131/2853 
f 3337/3125/2849 3339/3127/809 3344/3132/824 3340/3128/2850 
f 3340/3128/2850 3344/3132/824 3345/3133/826 3342/3130/2852 
f 3332/3120/2844 3341/3129/2851 3346/3134/2854 3333/3121/2845 
f 3333/3121/2845 3346/3134/2854 1291/3041/1166 1286/3036/1161 
f 3341/3129/2851 3343/3131/2853 3347/3135/2855 3346/3134/2854 
f 3346/3134/2854 3347/3135/2855 246/3136/166 1291/3041/1166 
f 3348/3137/784 3349/3138/784 3350/3138/2856 3351/3137/785 
f 3351/3137/785 3350/3138/2856 3241/3139/786 3238/3140/786 
f 3349/3138/784 3352/3141/784 3353/3141/2856 3350/3138/2856 
f 3350/3138/2856 3353/3141/2856 3242/435/786 3241/3139/786 
f 3348/3137/784 3351/3137/785 3354/3142/2857 3355/3142/784 
f 3355/3142/784 3354/3142/2857 904/3143/785 903/3143/784 
f 3351/3137/785 3238/3140/786 3237/3144/786 3354/3142/2857 
f 3354/3142/2857 3237/3144/786 905/3145/786 904/3143/785 
f 3348/3137/784 3355/3142/784 3356/3146/800 3357/3147/800 
f 3357/3147/800 3356/3146/800 3358/3146/802 3359/3147/802 
f 3355/3142/784 903/3143/784 919/3148/800 3356/3146/800 
f 3356/3146/800 919/3148/800 921/3148/802 3358/3146/802 
f 3348/3137/784 3357/3147/800 3360/3149/800 3349/3138/784 
f 3349/3138/784 3360/3149/800 3361/3150/800 3352/3141/784 
f 3357/3147/800 3359/3147/802 3362/3149/802 3360/3149/800 
f 3360/3149/800 3362/3149/802 3363/3150/802 3361/3150/800 
f 3364/3151/2858 3365/3152/2859 3366/3152/2860 3367/3151/2861 
f 3367/3151/2861 3366/3152/2860 2212/3153/2080 2204/3154/2072 
f 3365/3152/2859 618/3155/505 617/3155/504 3366/3152/2860 
f 3366/3152/2860 617/3155/504 620/3156/507 2212/3153/2080 
f 3364/3151/2858 3367/3151/2861 3368/3157/2862 3369/3157/2863 
f 3369/3157/2863 3368/3157/2862 3370/449/2864 3371/449/2865 
f 3367/3151/2861 2204/3154/2072 2203/3158/2071 3368/3157/2862 
f 3368/3157/2862 2203/3158/2071 2207/450/2075 3370/449/2864 
f 3364/3151/2858 3369/3157/2863 3372/3157/2866 3373/3151/2867 
f 3373/3151/2867 3372/3157/2866 2975/3159/2629 2970/3160/2624 
f 3369/3157/2863 3371/449/2865 3374/449/2868 3372/3157/2866 
f 3372/3157/2866 3374/449/2868 2976/459/2630 2975/3159/2629 
f 3364/3151/2858 3373/3151/2867 3375/3152/2869 3365/3152/2859 
f 3365/3152/2859 3375/3152/2869 625/3155/512 618/3155/505 
f 3373/3151/2867 2970/3160/2624 2969/3161/2623 3375/3152/2869 
f 3375/3152/2869 2969/3161/2623 626/3162/513 625/3155/512 
f 3376/3163/384 3377/3164/384 3378/3165/385 3379/3166/385 
f 3379/3166/385 3378/3165/385 3380/3165/386 3381/3166/386 
f 3377/3164/384 3382/3167/384 3383/3168/385 3378/3165/385 
f 3378/3165/385 3383/3168/385 2173/3168/386 3380/3165/386 
f 3376/3163/384 3379/3166/385 3384/3169/385 3385/3170/384 
f 3385/3170/384 3384/3169/385 498/3171/385 497/3172/384 
f 3379/3166/385 3381/3166/386 3386/3169/386 3384/3169/385 
f 3384/3169/385 3386/3169/386 499/3171/386 498/3171/385 
f 3376/3163/384 3385/3170/384 3387/3170/2870 3388/3163/400 
f 3388/3163/400 3387/3170/2870 3015/3170/402 3009/3163/402 
f 3385/3170/384 497/3172/384 513/3172/400 3387/3170/2870 
f 3387/3170/2870 513/3172/400 515/3172/402 3015/3170/402 
f 3376/3163/384 3388/3163/400 3389/3164/2587 3377/3164/384 
f 3377/3164/384 3389/3164/2587 3390/3167/400 3382/3167/384 
f 3388/3163/400 3009/3163/402 3008/3164/402 3389/3164/2587 
f 3389/3164/2587 3008/3164/402 3012/3167/2648 3390/3167/400 
f 3391/3173/2871 3392/3174/2872 3393/3175/360 3394/3176/2873 
f 3394/3176/2873 3393/3175/360 3395/3175/2874 3396/3176/287 
f 3392/3174/2872 3397/3177/2872 3398/3178/2875 3393/3175/360 
f 3393/3175/360 3398/3178/2875 2139/3178/287 3395/3175/2874 
f 3391/3173/2871 3394/3176/2873 3399/3179/2876 3400/3180/2877 
f 3400/3180/2877 3399/3179/2876 473/1316/360 472/3181/359 
f 3394/3176/2873 3396/3176/287 3401/3179/2874 3399/3179/2876 
f 3399/3179/2876 3401/3179/2874 474/1316/361 473/1316/360 
f 3391/3173/2871 3400/3180/2877 3402/3180/2878 3403/3173/2878 
f 3403/3173/2878 3402/3180/2878 3051/3182/2669 3045/3183/2668 
f 3400/3180/2877 472/3181/359 488/3181/375 3402/3180/2878 
f 3402/3180/2878 488/3181/375 490/3184/377 3051/3182/2669 
f 3391/3173/2871 3403/3173/2878 3404/3174/375 3392/3174/2872 
f 3392/3174/2872 3404/3174/375 3405/3177/2879 3397/3177/2872 
f 3403/3173/2878 3045/3183/2668 3044/3185/377 3404/3174/375 
f 3404/3174/375 3044/3185/377 3048/3186/2669 3405/3177/2879 
f 3406/3187/2880 3407/3188/2881 3408/3188/2882 3409/3187/2883 
f 3409/3187/2883 3408/3188/2882 2110/3189/1980 2102/3190/1972 
f 3407/3188/2881 652/881/539 668/881/555 3408/3188/2882 
f 3408/3188/2882 668/881/555 670/888/557 2110/3189/1980 
f 3406/3187/2880 3409/3187/2883 3410/3191/2884 3411/3191/2885 
f 3411/3191/2885 3410/3191/2884 3412/3155/2886 3413/3155/2887 
f 3409/3187/2883 2102/3190/1972 2101/3192/1971 3410/3191/2884 
f 3410/3191/2884 2101/3192/1971 2105/3156/1975 3412/3155/2886 
f 3406/3187/2880 3411/3191/2885 3414/3191/2888 3415/3187/2889 
f 3415/3187/2889 3414/3191/2888 3086/3193/2697 3081/3194/2694 
f 3411/3191/2885 3413/3155/2887 3416/3155/350 3414/3191/2888 
f 3414/3191/2888 3416/3155/350 3087/3162/352 3086/3193/2697 
f 3406/3187/2880 3415/3187/2889 3417/3188/2890 3407/3188/2881 
f 3407/3188/2881 3417/3188/2890 653/881/540 652/881/539 
f 3415/3187/2889 3081/3194/2694 3080/3195/2693 3417/3188/2890 
f 3417/3188/2890 3080/3195/2693 654/882/541 653/881/540 
f 3418/3196/2891 3419/3197/2892 3420/3198/2893 3421/3199/2894 
f 3421/3199/2894 3420/3198/2893 3422/3200/2893 3423/3201/2894 
f 3419/3197/2892 3424/3202/164 3425/3203/164 3420/3198/2893 
f 3420/3198/2893 3425/3203/164 3426/3204/164 3422/3200/2893 
f 3418/3196/2891 3421/3199/2894 3427/3205/2895 3428/3206/2896 
f 3428/3206/2896 3427/3205/2895 3429/3207/171 3430/3208/172 
f 3421/3199/2894 3423/3201/2894 3431/3209/2895 3427/3205/2895 
f 3427/3205/2895 3431/3209/2895 3432/3210/171 3429/3207/171 
f 3418/3196/2891 3428/3206/2896 3433/3211/2897 3434/3212/2898 
f 3434/3212/2898 3433/3211/2897 1045/3213/923 1040/3214/918 
f 3428/3206/2896 3430/3208/172 3435/3215/213 3433/3211/2897 
f 3433/3211/2897 3435/3215/213 1046/3216/215 1045/3213/923 
f 3418/3196/2891 3434/3212/2898 3436/3217/2899 3419/3197/2892 
f 3419/3197/2892 3436/3217/2899 3437/3218/2900 3424/3202/164 
f 3434/3212/2898 1040/3214/918 1039/3219/917 3436/3217/2899 
f 3436/3217/2899 1039/3219/917 1042/3220/920 3437/3218/2900 
f 3438/3221/2901 3439/3222/2902 3440/3223/2903 3441/3224/2904 
f 3441/3224/2904 3440/3223/2903 3442/3225/2905 3443/3226/2904 
f 3439/3222/2902 3444/3227/137 3445/3228/137 3440/3223/2903 
f 3440/3223/2903 3445/3228/137 3446/3229/137 3442/3225/2905 
f 3438/3221/2901 3441/3224/2904 3447/3230/2906 3448/3231/2907 
f 3448/3231/2907 3447/3230/2906 3449/3232/37 3450/3233/107 
f 3441/3224/2904 3443/3226/2904 3451/3234/2906 3447/3230/2906 
f 3447/3230/2906 3451/3234/2906 3452/3235/37 3449/3232/37 
f 3438/3221/2901 3448/3231/2907 3453/3236/2908 3454/3237/2909 
f 3454/3237/2909 3453/3236/2908 1070/3238/947 1065/3239/942 
f 3448/3231/2907 3450/3233/107 3455/3240/115 3453/3236/2908 
f 3453/3236/2908 3455/3240/115 1071/3241/117 1070/3238/947 
f 3438/3221/2901 3454/3237/2909 3456/3242/2910 3439/3222/2902 
f 3439/3222/2902 3456/3242/2910 3457/3243/2911 3444/3227/137 
f 3454/3237/2909 1065/3239/942 1064/3244/941 3456/3242/2910 
f 3456/3242/2910 1064/3244/941 1067/3245/944 3457/3243/2911 
f 3458/3246/88 3459/3247/88 3460/3248/89 3461/3249/89 
f 3461/3249/89 3460/3248/89 3462/3250/89 3463/3251/89 
f 3459/3247/88 3464/3252/88 3465/3253/89 3460/3248/89 
f 3460/3248/89 3465/3253/89 3466/3254/89 3462/3250/89 
f 3458/3246/88 3461/3249/89 3467/3255/89 3468/3256/88 
f 3468/3256/88 3467/3255/89 128/3257/89 127/3258/88 
f 3461/3249/89 3463/3251/89 3469/3259/89 3467/3255/89 
f 3467/3255/89 3469/3259/89 129/3260/89 128/3257/89 
f 3458/3246/88 3468/3256/88 3470/3261/100 3471/3262/100 
f 3471/3262/100 3470/3261/100 3472/3263/102 3473/3264/102 
f 3468/3256/88 127/3258/88 143/3265/100 3470/3261/100 
f 3470/3261/100 143/3265/100 145/3266/102 3472/3263/102 
f 3458/3246/88 3471/3262/100 3474/3267/100 3459/3247/88 
f 3459/3247/88 3474/3267/100 3475/3268/2912 3464/3252/88 
f 3471/3262/100 3473/3264/102 3476/3269/102 3474/3267/100 
f 3474/3267/100 3476/3269/102 971/844/102 3475/3268/2912 
f 3477/3270/2913 3478/3271/2914 3479/3272/2915 3480/3273/2916 
f 3480/3273/2916 3479/3272/2915 3481/3274/2915 3482/3275/2917 
f 3478/3271/2914 3483/3276/226 3484/3277/226 3479/3272/2915 
f 3479/3272/2915 3484/3277/226 3485/3278/226 3481/3274/2915 
f 3477/3270/2913 3480/3273/2916 3486/3279/2918 3487/3280/2919 
f 3487/3280/2919 3486/3279/2918 3488/3281/72 3489/3282/71 
f 3480/3273/2916 3482/3275/2917 3490/3283/2918 3486/3279/2918 
f 3486/3279/2918 3490/3283/2918 3491/3284/72 3488/3281/72 
f 3477/3270/2913 3487/3280/2919 3492/3285/2920 3493/3286/2921 
f 3493/3286/2921 3492/3285/2920 995/3287/874 990/3288/869 
f 3487/3280/2919 3489/3282/71 3494/3289/81 3492/3285/2920 
f 3492/3285/2920 3494/3289/81 996/3220/83 995/3287/874 
f 3477/3270/2913 3493/3286/2921 3495/3290/2922 3478/3271/2914 
f 3478/3271/2914 3495/3290/2922 3496/3291/2923 3483/3276/226 
f 3493/3286/2921 990/3288/869 989/3292/868 3495/3290/2922 
f 3495/3290/2922 989/3292/868 992/3241/871 3496/3291/2923 
f 3497/3293/2924 3498/3294/2925 3499/3295/2926 3500/3296/2927 
f 3500/3296/2927 3499/3295/2926 3501/3297/186 3502/3298/186 
f 3498/3294/2925 3503/3299/2925 3504/3300/2926 3499/3295/2926 
f 3499/3295/2926 3504/3300/2926 3505/3301/186 3501/3297/186 
f 3497/3293/2924 3500/3296/2927 3506/3302/2928 3507/3303/2929 
f 3507/3303/2929 3506/3302/2928 3508/3304/2930 3509/3305/2931 
f 3500/3296/2927 3502/3298/186 3510/3306/2932 3506/3302/2928 
f 3506/3302/2928 3510/3306/2932 1114/3307/990 3508/3304/2930 
f 3497/3293/2924 3507/3303/2929 3511/3308/2933 3512/3309/2934 
f 3512/3309/2934 3511/3308/2933 3513/3310/43 3514/3311/38 
f 3507/3303/2929 3509/3305/2931 3515/3312/2935 3511/3308/2933 
f 3511/3308/2933 3515/3312/2935 3516/3313/44 3513/3310/43 
f 3497/3293/2924 3512/3309/2934 3517/3314/2936 3498/3294/2925 
f 3498/3294/2925 3517/3314/2936 3518/3315/2936 3503/3299/2925 
f 3512/3309/2934 3514/3311/38 3519/3316/37 3517/3314/2936 
f 3517/3314/2936 3519/3316/37 3520/3317/37 3518/3315/2936 
f 3521/686/2937 3522/3318/2938 3523/3318/2939 3524/686/2940 
f 3524/686/2940 3523/3318/2939 2008/3318/1878 2000/686/1870 
f 3522/3318/2938 547/695/434 563/695/450 3523/3318/2939 
f 3523/3318/2939 563/695/450 565/695/452 2008/3318/1878 
f 3521/686/2937 3524/686/2940 3525/3319/2941 3526/3319/2942 
f 3526/3319/2942 3525/3319/2941 3527/689/2584 3528/689/2943 
f 3524/686/2940 2000/686/1870 1999/3319/1869 3525/3319/2941 
f 3525/3319/2941 1999/3319/1869 2003/689/1873 3527/689/2584 
f 3521/686/2937 3526/3319/2942 3529/3320/2944 3530/3321/2945 
f 3530/3321/2945 3529/3320/2944 3531/3320/2946 3532/3321/2947 
f 3526/3319/2942 3528/689/2943 3533/3322/2948 3529/3320/2944 
f 3529/3320/2944 3533/3322/2948 3534/3322/2949 3531/3320/2946 
f 3521/686/2937 3530/3321/2945 3535/3323/2950 3522/3318/2938 
f 3522/3318/2938 3535/3323/2950 548/3324/435 547/695/434 
f 3530/3321/2945 3532/3321/2947 3536/3323/2951 3535/3323/2950 
f 3535/3323/2950 3536/3323/2951 549/3324/436 548/3324/435 
f 3537/3325/2952 3538/3326/2953 3539/3326/2954 3540/3325/2955 
f 3540/3325/2955 3539/3326/2954 2042/3327/1912 2034/3328/1904 
f 3538/3326/2953 593/3329/480 592/3329/479 3539/3326/2954 
f 3539/3326/2954 592/3329/479 595/3330/482 2042/3327/1912 
f 3537/3325/2952 3540/3325/2955 3541/3331/2956 3542/3331/2957 
f 3542/3331/2957 3541/3331/2956 3543/3332/2958 3544/3332/2959 
f 3540/3325/2955 2034/3328/1904 2033/3333/1903 3541/3331/2956 
f 3541/3331/2956 2033/3333/1903 2037/3334/1907 3543/3332/2958 
f 3537/3325/2952 3542/3331/2957 3545/3335/2960 3546/3336/2961 
f 3546/3336/2961 3545/3335/2960 3547/3335/2962 3548/3336/2963 
f 3542/3331/2957 3544/3332/2959 3549/3337/301 3545/3335/2960 
f 3545/3335/2960 3549/3337/301 3550/3337/2325 3547/3335/2962 
f 3537/3325/2952 3546/3336/2961 3551/3338/2964 3538/3326/2953 
f 3538/3326/2953 3551/3338/2964 600/3058/487 593/3329/480 
f 3546/3336/2961 3548/3336/2963 3552/3338/2965 3551/3338/2964 
f 3551/3338/2964 3552/3338/2965 601/3058/488 600/3058/487 
f 3553/3339/2966 3554/3340/2967 3555/3341/2968 3556/3342/2969 
f 3556/3342/2969 3555/3341/2968 3557/3341/2970 3558/3342/2971 
f 3554/3340/2967 1322/759/1196 1321/758/1195 3555/3341/2968 
f 3555/3341/2968 1321/758/1195 1324/758/1198 3557/3341/2970 
f 3553/3339/2966 3556/3342/2969 3559/3343/2972 3560/3344/2973 
f 3560/3344/2973 3559/3343/2972 3561/3345/2550 3562/3346/2549 
f 3556/3342/2969 3558/3342/2971 3563/3343/2974 3559/3343/2972 
f 3559/3343/2972 3563/3343/2974 3564/3345/610 3561/3345/2550 
f 3553/3339/2966 3560/3344/2973 3565/3347/2975 3566/3348/2976 
f 3566/3348/2976 3565/3347/2975 3567/3349/2977 3568/3350/2978 
f 3560/3344/2973 3562/3346/2549 3569/3351/2979 3565/3347/2975 
f 3565/3347/2975 3569/3351/2979 3570/3352/625 3567/3349/2977 
f 3553/3339/2966 3566/3348/2976 3571/3353/2980 3554/3340/2967 
f 3554/3340/2967 3571/3353/2980 1329/3354/1203 1322/759/1196 
f 3566/3348/2976 3568/3350/2978 3572/3355/2981 3571/3353/2980 
f 3571/3353/2980 3572/3355/2981 1330/3356/1204 1329/3354/1203 
f 3573/3357/2982 3574/3358/2983 3575/3359/2984 3576/3360/2985 
f 3576/3360/2985 3575/3359/2984 3577/3359/2986 3578/3360/2987 
f 3574/3358/2983 1106/3361/982 1105/3362/981 3575/3359/2984 
f 3575/3359/2984 1105/3362/981 1108/3362/984 3577/3359/2986 
f 3573/3357/2982 3576/3360/2985 3579/3363/2988 3580/3364/2989 
f 3580/3364/2989 3579/3363/2988 3581/3365/2517 3582/3366/2515 
f 3576/3360/2985 3578/3360/2987 3583/3363/2990 3579/3363/2988 
f 3579/3363/2988 3583/3363/2990 3584/3365/2991 3581/3365/2517 
f 3573/3357/2982 3580/3364/2989 3585/3367/2992 3586/3368/2993 
f 3586/3368/2993 3585/3367/2992 3515/3312/2935 3509/3305/2931 
f 3580/3364/2989 3582/3366/2515 3587/3369/689 3585/3367/2992 
f 3585/3367/2992 3587/3369/689 3516/3313/44 3515/3312/2935 
f 3573/3357/2982 3586/3368/2993 3588/3370/2994 3574/3358/2983 
f 3574/3358/2983 3588/3370/2994 1113/3371/989 1106/3361/982 
f 3586/3368/2993 3509/3305/2931 3508/3304/2930 3588/3370/2994 
f 3588/3370/2994 3508/3304/2930 1114/3307/990 1113/3371/989 
f 3589/3372/2995 3590/3373/2996 3591/3374/2997 3592/3375/2998 
f 3592/3375/2998 3591/3374/2997 3593/3374/2999 3594/3375/3000 
f 3590/3373/2996 1194/710/1070 1193/709/1069 3591/3374/2997 
f 3591/3374/2997 1193/709/1069 1196/709/1072 3593/3374/2999 
f 3589/3372/2995 3592/3375/2998 3595/3376/3001 3596/3377/3002 
f 3596/3377/3002 3595/3376/3001 3597/3378/717 3598/3379/716 
f 3592/3375/2998 3594/3375/3000 3599/3376/3003 3595/3376/3001 
f 3595/3376/3001 3599/3376/3003 3600/3378/718 3597/3378/717 
f 3589/3372/2995 3596/3377/3002 3601/3380/3004 3602/3381/3005 
f 3602/3381/3005 3601/3380/3004 3603/3382/3006 3604/3383/3007 
f 3596/3377/3002 3598/3379/716 3605/3384/731 3601/3380/3004 
f 3601/3380/3004 3605/3384/731 3606/3385/733 3603/3382/3006 
f 3589/3372/2995 3602/3381/3005 3607/3386/3008 3590/3373/2996 
f 3590/3373/2996 3607/3386/3008 1201/3387/1077 1194/710/1070 
f 3602/3381/3005 3604/3383/3007 3608/3388/3009 3607/3386/3008 
f 3607/3386/3008 3608/3388/3009 1202/68/1078 1201/3387/1077 
f 3609/3389/3010 3610/3390/3011 3611/3391/3012 3612/3392/3013 
f 3612/3392/3013 3611/3391/3012 3613/3391/3014 3614/3392/3015 
f 3610/3390/3011 1158/3393/1034 1157/3394/1033 3611/3391/3012 
f 3611/3391/3012 1157/3394/1033 1160/3394/1036 3613/3391/3014 
f 3609/3389/3010 3612/3392/3013 3615/3395/3016 3616/3396/3017 
f 3616/3396/3017 3615/3395/3016 3617/3397/3018 3618/3398/3019 
f 3612/3392/3013 3614/3392/3015 3619/3395/3020 3615/3395/3016 
f 3615/3395/3016 3619/3395/3020 3620/3397/3021 3617/3397/3018 
f 3609/3389/3010 3616/3396/3017 3621/3399/3022 3622/3400/3023 
f 3622/3400/3023 3621/3399/3022 3623/3401/3024 3624/3402/3025 
f 3616/3396/3017 3618/3398/3019 3625/3403/755 3621/3399/3022 
f 3621/3399/3022 3625/3403/755 3626/3404/757 3623/3401/3024 
f 3609/3389/3010 3622/3400/3023 3627/3405/3026 3610/3390/3011 
f 3610/3390/3011 3627/3405/3026 1165/3406/1041 1158/3393/1034 
f 3622/3400/3023 3624/3402/3025 3628/3407/3027 3627/3405/3026 
f 3627/3405/3026 3628/3407/3027 1166/3408/1042 1165/3406/1041 
f 3629/3409/3028 3630/3410/3029 3631/3410/3030 3632/3409/3031 
f 3632/3409/3031 3631/3410/3030 3633/3411/3032 3634/3412/3033 
f 3630/3410/3029 1906/1329/1777 1905/1329/1776 3631/3410/3030 
f 3631/3410/3030 1905/1329/1776 1908/1331/1779 3633/3411/3032 
f 3629/3409/3028 3632/3409/3031 3635/3413/3034 3636/3413/3035 
f 3636/3413/3035 3635/3413/3034 3637/3414/2479 3638/3414/3036 
f 3632/3409/3031 3634/3412/3033 3639/3415/3037 3635/3413/3034 
f 3635/3413/3034 3639/3415/3037 3640/3416/3038 3637/3414/2479 
f 3629/3409/3028 3636/3413/3035 3641/3413/3039 3642/3409/3040 
f 3642/3409/3040 3641/3413/3039 3563/3343/2974 3558/3342/2971 
f 3636/3413/3035 3638/3414/3036 3643/3414/1277 3641/3413/3039 
f 3641/3413/3039 3643/3414/1277 3564/3345/610 3563/3343/2974 
f 3629/3409/3028 3642/3409/3040 3644/3410/3041 3630/3410/3029 
f 3630/3410/3029 3644/3410/3041 1911/1329/1782 1906/1329/1777 
f 3642/3409/3040 3558/3342/2971 3557/3341/2970 3644/3410/3041 
f 3644/3410/3041 3557/3341/2970 1324/758/1198 1911/1329/1782 
f 3645/3417/3042 3646/3418/3043 3647/3418/3044 3648/3417/3045 
f 3648/3417/3045 3647/3418/3044 3649/3419/3046 3650/3420/3047 
f 3646/3418/3043 1714/3421/1585 1713/3421/1584 3647/3418/3044 
f 3647/3418/3044 1713/3421/1584 1716/3171/1587 3649/3419/3046 
f 3645/3417/3042 3648/3417/3045 3651/3422/3048 3652/3422/3049 
f 3652/3422/3049 3651/3422/3048 3653/3423/3050 3654/3423/3051 
f 3648/3417/3045 3650/3420/3047 3655/3424/3052 3651/3422/3048 
f 3651/3422/3048 3655/3424/3052 3656/3425/3053 3653/3423/3050 
f 3645/3417/3042 3652/3422/3049 3657/3426/3054 3658/3427/3055 
f 3658/3427/3055 3657/3426/3054 3583/3426/2990 3578/3427/2987 
f 3652/3422/3049 3654/3423/3051 3659/3428/1542 3657/3426/3054 
f 3657/3426/3054 3659/3428/1542 3584/3428/2991 3583/3426/2990 
f 3645/3417/3042 3658/3427/3055 3660/3429/3056 3646/3418/3043 
f 3646/3418/3043 3660/3429/3056 1719/2950/1590 1714/3421/1585 
f 3658/3427/3055 3578/3427/2987 3577/3429/2986 3660/3429/3056 
f 3660/3429/3056 3577/3429/2986 1108/2950/984 1719/2950/1590 
f 3661/3430/3057 3662/3431/3058 3663/3432/3059 3664/3433/3060 
f 3664/3433/3060 3663/3432/3059 3665/3432/3061 3666/3433/3062 
f 3662/3431/3058 1794/3434/1665 1793/412/1664 3663/3432/3059 
f 3663/3432/3059 1793/412/1664 1796/412/1667 3665/3432/3061 
f 3661/3430/3057 3664/3433/3060 3667/3435/3063 3668/3436/3064 
f 3668/3436/3064 3667/3435/3063 3669/3437/2418 3670/3438/3065 
f 3664/3433/3060 3666/3433/3062 3671/3435/3066 3667/3435/3063 
f 3667/3435/3063 3671/3435/3066 3672/3437/3067 3669/3437/2418 
f 3661/3430/3057 3668/3436/3064 3673/3436/3068 3674/3430/3069 
f 3674/3430/3069 3673/3436/3068 3599/3439/3003 3594/3440/3000 
f 3668/3436/3064 3670/3438/3065 3675/3438/1377 3673/3436/3068 
f 3673/3436/3068 3675/3438/1377 3600/3441/718 3599/3439/3003 
f 3661/3430/3057 3674/3430/3069 3676/3431/3070 3662/3431/3058 
f 3662/3431/3058 3676/3431/3070 1799/3434/1670 1794/3434/1665 
f 3674/3430/3069 3594/3440/3000 3593/3442/2999 3676/3431/3070 
f 3676/3431/3070 3593/3442/2999 1196/675/1072 1799/3434/1670 
f 3677/3443/3071 3678/3444/3072 3679/3444/3073 3680/3443/3074 
f 3680/3443/3074 3679/3444/3073 3681/3445/3075 3682/3446/3076 
f 3678/3444/3072 1762/3447/1633 1761/3447/1632 3679/3444/3073 
f 3679/3444/3073 1761/3447/1632 1764/3448/1635 3681/3445/3075 
f 3677/3443/3071 3680/3443/3074 3683/3449/3077 3684/3449/3078 
f 3684/3449/3078 3683/3449/3077 3685/3450/3079 3686/3450/3080 
f 3680/3443/3074 3682/3446/3076 3687/3451/3081 3683/3449/3077 
f 3683/3449/3077 3687/3451/3081 3688/3452/3082 3685/3450/3079 
f 3677/3443/3071 3684/3449/3078 3689/3449/3083 3690/3443/3084 
f 3690/3443/3084 3689/3449/3083 3619/3395/3020 3614/3392/3015 
f 3684/3449/3078 3686/3450/3080 3691/3450/3085 3689/3449/3083 
f 3689/3449/3083 3691/3450/3085 3620/3397/3021 3619/3395/3020 
f 3677/3443/3071 3690/3443/3084 3692/3444/3086 3678/3444/3072 
f 3678/3444/3072 3692/3444/3086 1767/3447/1638 1762/3447/1633 
f 3690/3443/3084 3614/3392/3015 3613/3391/3014 3692/3444/3086 
f 3692/3444/3086 3613/3391/3014 1160/3394/1036 1767/3447/1638 
f 3693/3453/3087 3694/3454/3088 3695/3455/3089 3696/3456/3090 
f 3696/3456/3090 3695/3455/3089 354/3457/242 346/3458/234 
f 3694/3454/3088 2384/3459/2252 2383/1941/2251 3695/3455/3089 
f 3695/3455/3089 2383/1941/2251 355/1944/243 354/3457/242 
f 3693/3453/3087 3696/3456/3090 3697/3460/3091 3698/3461/3092 
f 3698/3461/3092 3697/3460/3091 3699/3462/2386 3700/3463/2385 
f 3696/3456/3090 346/3458/234 345/3464/233 3697/3460/3091 
f 3697/3460/3091 345/3464/233 349/3465/237 3699/3462/2386 
f 3693/3453/3087 3698/3461/3092 3701/3466/3093 3702/3467/3094 
f 3702/3467/3094 3701/3466/3093 3639/3468/3037 3634/3469/3033 
f 3698/3461/3092 3700/3463/2385 3703/3470/2390 3701/3466/3093 
f 3701/3466/3093 3703/3470/2390 3640/3471/3038 3639/3468/3037 
f 3693/3453/3087 3702/3467/3094 3704/3472/3095 3694/3454/3088 
f 3694/3454/3088 3704/3472/3095 2387/1947/2255 2384/3459/2252 
f 3702/3467/3094 3634/3469/3033 3633/3473/3032 3704/3472/3095 
f 3704/3472/3095 3633/3473/3032 1908/1450/1779 2387/1947/2255 
f 3705/3474/3096 3706/3475/3097 3707/3476/3098 3708/3477/3099 
f 3708/3477/3099 3707/3476/3098 3536/3478/2951 3532/3479/2947 
f 3706/3475/3097 2240/3480/2108 2239/2359/2107 3707/3476/3098 
f 3707/3476/3098 2239/2359/2107 549/2361/436 3536/3478/2951 
f 3705/3474/3096 3708/3477/3099 3709/3481/3100 3710/3482/3101 
f 3710/3482/3101 3709/3481/3100 3711/3483/3102 3712/3484/2342 
f 3708/3477/3099 3532/3479/2947 3531/3485/2946 3709/3481/3100 
f 3709/3481/3100 3531/3485/2946 3534/3486/2949 3711/3483/3102 
f 3705/3474/3096 3710/3482/3101 3713/3487/3103 3714/3488/3104 
f 3714/3488/3104 3713/3487/3103 3655/679/3052 3650/677/3047 
f 3710/3482/3101 3712/3484/2342 3715/3489/2351 3713/3487/3103 
f 3713/3487/3103 3715/3489/2351 3656/680/3053 3655/679/3052 
f 3705/3474/3096 3714/3488/3104 3716/3490/3105 3706/3475/3097 
f 3706/3475/3097 3716/3490/3105 2243/3491/2111 2240/3480/2108 
f 3714/3488/3104 3650/677/3047 3649/676/3046 3716/3490/3105 
f 3716/3490/3105 3649/676/3046 1716/678/1587 2243/3491/2111 
f 3717/3492/3106 3718/3493/3107 3719/3494/3108 3720/3495/3109 
f 3720/3495/3109 3719/3494/3108 3552/3496/2965 3548/3497/2963 
f 3718/3493/3107 2300/1726/2168 2299/1725/2167 3719/3494/3108 
f 3719/3494/3108 2299/1725/2167 601/1728/488 3552/3496/2965 
f 3717/3492/3106 3720/3495/3109 3721/3498/3110 3722/3499/3111 
f 3722/3499/3111 3721/3498/3110 3723/3500/2324 3724/3501/2323 
f 3720/3495/3109 3548/3497/2963 3547/3502/2962 3721/3498/3110 
f 3721/3498/3110 3547/3502/2962 3550/3503/2325 3723/3500/2324 
f 3717/3492/3106 3722/3499/3111 3725/3504/3112 3726/3505/3113 
f 3726/3505/3113 3725/3504/3112 3671/1255/3066 3666/1250/3062 
f 3722/3499/3111 3724/3501/2323 3727/3506/2326 3725/3504/3112 
f 3725/3504/3112 3727/3506/2326 3672/1256/3067 3671/1255/3066 
f 3717/3492/3106 3726/3505/3113 3728/3507/3114 3718/3493/3107 
f 3718/3493/3107 3728/3507/3114 2303/1733/2171 2300/1726/2168 
f 3726/3505/3113 3666/1250/3062 3665/1249/3061 3728/3507/3114 
f 3728/3507/3114 3665/1249/3061 1796/1252/1667 2303/1733/2171 
f 3729/3508/3115 3730/3509/3116 3731/3510/3117 3732/3511/3118 
f 3732/3511/3118 3731/3510/3117 429/1749/317 421/1743/309 
f 3730/3509/3116 2276/3512/2144 2275/3513/2143 3731/3510/3117 
f 3731/3510/3117 2275/3513/2143 430/1750/318 429/1749/317 
f 3729/3508/3115 3732/3511/3118 3733/3514/3119 3734/3515/3120 
f 3734/3515/3120 3733/3514/3119 3735/3516/2314 3736/3517/2313 
f 3732/3511/3118 421/1743/309 420/1742/308 3733/3514/3119 
f 3733/3514/3119 420/1742/308 424/1746/312 3735/3516/2314 
f 3729/3508/3115 3734/3515/3120 3737/3518/3121 3738/3519/3122 
f 3738/3519/3122 3737/3518/3121 3687/3520/3081 3682/3521/3076 
f 3734/3515/3120 3736/3517/2313 3739/3522/1951 3737/3518/3121 
f 3737/3518/3121 3739/3522/1951 3688/3523/3082 3687/3520/3081 
f 3729/3508/3115 3738/3519/3122 3740/3524/3123 3730/3509/3116 
f 3730/3509/3116 3740/3524/3123 2279/3525/2147 2276/3512/2144 
f 3738/3519/3122 3682/3521/3076 3681/3526/3075 3740/3524/3123 
f 3740/3524/3123 3681/3526/3075 1764/3527/1635 2279/3525/2147 
f 3741/3528/3124 3742/3529/3125 3743/3530/1957 3744/3531/1957 
f 3744/3531/1957 3743/3530/1957 3745/3532/3126 3746/3533/328 
f 3742/3529/3125 3747/3534/3127 3748/3535/3128 3743/3530/1957 
f 3743/3530/1957 3748/3535/3128 3749/3536/3129 3745/3532/3126 
f 3741/3528/3124 3744/3531/1957 3750/3537/3130 3751/3538/3124 
f 3751/3538/3124 3750/3537/3130 2087/1814/1957 2086/1813/1956 
f 3744/3531/1957 3746/3533/328 3752/3539/3129 3750/3537/3130 
f 3750/3537/3130 3752/3539/3129 440/1815/328 2087/1814/1957 
f 3741/3528/3124 3751/3538/3124 3753/3540/3131 3754/3541/3132 
f 3754/3541/3132 3753/3540/3131 3755/3542/3133 3756/3543/3134 
f 3751/3538/3124 2086/1813/1956 2096/1825/1966 3753/3540/3131 
f 3753/3540/3131 2096/1825/1966 1533/1827/1406 3755/3542/3133 
f 3741/3528/3124 3754/3541/3132 3757/3544/3131 3742/3529/3125 
f 3742/3529/3125 3757/3544/3131 3758/3545/3131 3747/3534/3127 
f 3754/3541/3132 3756/3543/3134 3759/3546/2309 3757/3544/3131 
f 3757/3544/3131 3759/3546/2309 3760/3547/3135 3758/3545/3131 
f 3761/3548/1905 3762/3549/1905 3763/3550/2334 3764/3551/1906 
f 3764/3551/1906 3763/3550/2334 3765/3552/287 3766/3553/1907 
f 3762/3549/1905 3767/3554/1905 3768/3555/2334 3763/3550/2334 
f 3763/3550/2334 3768/3555/2334 2873/2245/287 3765/3552/287 
f 3761/3548/1905 3764/3551/1906 3769/3556/1906 3770/3557/1905 
f 3770/3557/1905 3769/3556/1906 2036/1745/1906 2035/1744/1905 
f 3764/3551/1906 3766/3553/1907 3771/3558/3136 3769/3556/1906 
f 3769/3556/1906 3771/3558/3136 2037/1746/1907 2036/1745/1906 
f 3761/3548/1905 3770/3557/1905 3772/3559/3137 3773/3560/3138 
f 3773/3560/3138 3772/3559/3137 3774/3561/3139 3775/3562/1346 
f 3770/3557/1905 2035/1744/1905 2047/1758/1917 3772/3559/3137 
f 3772/3559/3137 2047/1758/1917 1473/1760/1346 3774/3561/3139 
f 3761/3548/1905 3773/3560/3138 3776/3563/3137 3762/3549/1905 
f 3762/3549/1905 3776/3563/3137 3777/3564/1917 3767/3554/1905 
f 3773/3560/3138 3775/3562/1346 3778/3565/1346 3776/3563/3137 
f 3776/3563/3137 3778/3565/1346 3779/3566/1346 3777/3564/1917 
f 3780/3567/3140 3781/3568/3141 3782/3569/3142 3783/3570/3143 
f 3783/3570/3143 3782/3569/3142 3784/3571/3144 3785/3572/2582 
f 3781/3568/3141 3786/3573/1871 3787/3574/3145 3782/3569/3142 
f 3782/3569/3142 3787/3574/3145 2889/3575/2582 3784/3571/3144 
f 3780/3567/3140 3783/3570/3143 3788/3576/1872 3789/3577/3140 
f 3789/3577/3140 3788/3576/1872 2002/1696/1872 2001/1695/1871 
f 3783/3570/3143 3785/3572/2582 3790/3578/1873 3788/3576/1872 
f 3788/3576/1872 3790/3578/1873 2003/1697/1873 2002/1696/1872 
f 3780/3567/3140 3789/3577/3140 3791/3579/3146 3792/3580/2365 
f 3792/3580/2365 3791/3579/3146 3793/3581/3147 3794/3582/3147 
f 3789/3577/3140 2001/1695/1871 2013/1711/1883 3791/3579/3146 
f 3791/3579/3146 2013/1711/1883 1433/1713/1306 3793/3581/3147 
f 3780/3567/3140 3792/3580/2365 3795/3583/3148 3781/3568/3141 
f 3781/3568/3141 3795/3583/3148 3796/3584/2365 3786/3573/1871 
f 3792/3580/2365 3794/3582/3147 3797/3585/3147 3795/3583/3148 
f 3795/3583/3148 3797/3585/3147 3798/3586/3149 3796/3584/2365 
f 3799/3587/1854 3800/3588/1854 3801/3589/1855 3802/3590/1855 
f 3802/3590/1855 3801/3589/1855 3803/3591/3150 3804/3592/3150 
f 3800/3588/1854 3805/3593/1854 3806/3594/1855 3801/3589/1855 
f 3801/3589/1855 3806/3594/1855 3807/3595/3150 3803/3591/3150 
f 3799/3587/1854 3802/3590/1855 3808/3596/1855 3809/3597/1854 
f 3809/3597/1854 3808/3596/1855 1985/1673/1855 1984/1672/1854 
f 3802/3590/1855 3804/3592/3150 3810/3598/3150 3808/3596/1855 
f 3808/3596/1855 3810/3598/3150 365/1307/253 1985/1673/1855 
f 3799/3587/1854 3809/3597/1854 3811/3599/1864 3812/3600/1864 
f 3812/3600/1864 3811/3599/1864 3813/3601/3151 3814/3602/3151 
f 3809/3597/1854 1984/1672/1854 1994/1686/1864 3811/3599/1864 
f 3811/3599/1864 1994/1686/1864 1413/1688/1286 3813/3601/3151 
f 3799/3587/1854 3812/3600/1864 3815/3603/3152 3800/3588/1854 
f 3800/3588/1854 3815/3603/3152 3816/3604/1864 3805/3593/1854 
f 3812/3600/1864 3814/3602/3151 3817/3605/3151 3815/3603/3152 
f 3815/3603/3152 3817/3605/3151 3818/3606/3151 3816/3604/1864 
f 3819/3607/3153 3820/3608/3154 3821/3609/3155 3822/3610/3155 
f 3822/3610/3155 3821/3609/3155 3759/3609/2309 3756/3610/3134 
f 3820/3608/3154 3823/3611/3156 3824/3612/3157 3821/3609/3155 
f 3821/3609/3155 3824/3612/3157 3760/3612/3135 3759/3609/2309 
f 3819/3607/3153 3822/3610/3155 3825/3613/3158 3826/3614/3159 
f 3826/3614/3159 3825/3613/3158 1532/700/1405 1531/1334/1404 
f 3822/3610/3155 3756/3610/3134 3755/3613/3133 3825/3613/3158 
f 3825/3613/3158 3755/3613/3133 1533/700/1406 1532/700/1405 
f 3819/3607/3153 3826/3614/3159 3827/3615/3160 3828/3616/3161 
f 3828/3616/3161 3827/3615/3160 3829/3615/766 3830/3616/3162 
f 3826/3614/3159 1531/1334/1404 1544/1341/1417 3827/3615/3160 
f 3827/3615/3160 1544/1341/1417 885/1341/766 3829/3615/766 
f 3819/3607/3153 3828/3616/3161 3831/3617/3161 3820/3608/3154 
f 3820/3608/3154 3831/3617/3161 3832/3618/3161 3823/3611/3156 
f 3828/3616/3161 3830/3616/3162 3833/3617/3163 3831/3617/3161 
f 3831/3617/3161 3833/3617/3163 3834/3618/3164 3832/3618/3161 
f 3835/3619/1344 3836/3620/1344 3837/3620/3165 3838/3619/3165 
f 3838/3619/3165 3837/3620/3165 3778/3621/1346 3775/3622/1346 
f 3836/3620/1344 3839/3623/1344 3840/3623/1345 3837/3620/3165 
f 3837/3620/3165 3840/3623/1345 3779/3624/1346 3778/3621/1346 
f 3835/3619/1344 3838/3619/3165 3841/3625/3165 3842/3625/1344 
f 3842/3625/1344 3841/3625/3165 1472/1292/1345 1471/1292/1344 
f 3838/3619/3165 3775/3622/1346 3774/3626/3139 3841/3625/3165 
f 3841/3625/3165 3774/3626/3139 1473/1293/1346 1472/1292/1345 
f 3835/3619/1344 3842/3625/1344 3843/3627/1357 3844/3628/1357 
f 3844/3628/1357 3843/3627/1357 3845/3598/3166 3846/3592/698 
f 3842/3625/1344 1471/1292/1344 1484/1305/1357 3843/3627/1357 
f 3843/3627/1357 1484/1305/1357 817/1307/698 3845/3598/3166 
f 3835/3619/1344 3844/3628/1357 3847/3629/1357 3836/3620/1344 
f 3836/3620/1344 3847/3629/1357 3848/3630/1357 3839/3623/1344 
f 3844/3628/1357 3846/3592/698 3849/3591/3167 3847/3629/1357 
f 3847/3629/1357 3849/3591/3167 3850/3595/2432 3848/3630/1357 
f 3851/3631/3168 3852/3632/3169 3853/3632/3170 3854/3631/3171 
f 3854/3631/3171 3853/3632/3170 3797/3633/3147 3794/3634/3147 
f 3852/3632/3169 3855/3635/3172 3856/3635/2454 3853/3632/3170 
f 3853/3632/3170 3856/3635/2454 3798/3636/3149 3797/3633/3147 
f 3851/3631/3168 3854/3631/3171 3857/3637/3173 3858/3637/3174 
f 3858/3637/3174 3857/3637/3173 1432/1259/1305 1431/1259/1304 
f 3854/3631/3171 3794/3634/3147 3793/3638/3147 3857/3637/3173 
f 3857/3637/3173 3793/3638/3147 1433/429/1306 1432/1259/1305 
f 3851/3631/3168 3858/3637/3174 3859/3639/3175 3860/3640/3176 
f 3860/3640/3176 3859/3639/3175 3861/3641/3177 3862/3642/3178 
f 3858/3637/3174 1431/1259/1304 1444/1270/1317 3859/3639/3175 
f 3859/3639/3175 1444/1270/1317 777/1272/658 3861/3641/3177 
f 3851/3631/3168 3860/3640/3176 3863/3643/3179 3852/3632/3169 
f 3852/3632/3169 3863/3643/3179 3864/3644/3180 3855/3635/3172 
f 3860/3640/3176 3862/3642/3178 3865/3645/3181 3863/3643/3179 
f 3863/3643/3179 3865/3645/3181 3866/3646/3182 3864/3644/3180 
f 3867/3647/2471 3868/3648/3183 3869/3648/2470 3870/3647/2470 
f 3870/3647/2470 3869/3648/2470 3817/3649/3151 3814/3650/3151 
f 3868/3648/3183 3871/3651/1284 3872/3651/1285 3869/3648/2470 
f 3869/3648/2470 3872/3651/1285 3818/3652/3151 3817/3649/3151 
f 3867/3647/2471 3870/3647/2470 3873/3653/1285 3874/3653/3184 
f 3874/3653/3184 3873/3653/1285 1412/1241/1285 1411/1241/1284 
f 3870/3647/2470 3814/3650/3151 3813/3654/3151 3873/3653/1285 
f 3873/3653/1285 3813/3654/3151 1413/1242/1286 1412/1241/1285 
f 3867/3647/2471 3874/3653/3184 3875/3655/1297 3876/3656/3185 
f 3876/3656/3185 3875/3655/1297 3877/3657/634 3878/3658/3186 
f 3874/3653/3184 1411/1241/1284 1424/1254/1297 3875/3655/1297 
f 3875/3655/1297 1424/1254/1297 753/1256/634 3877/3657/634 
f 3867/3647/2471 3876/3656/3185 3879/3659/3185 3868/3648/3183 
f 3868/3648/3183 3879/3659/3185 3880/3660/3187 3871/3651/1284 
f 3876/3656/3185 3878/3658/3186 3881/3661/3188 3879/3659/3185 
f 3879/3659/3185 3881/3661/3188 3882/2276/3189 3880/3660/3187 
f 3883/3662/764 3884/3663/764 3885/3664/3190 3886/3665/3191 
f 3886/3665/3191 3885/3664/3190 3833/3664/3163 3830/3665/3162 
f 3884/3663/764 3887/3666/3192 3888/3667/3193 3885/3664/3190 
f 3885/3664/3190 3888/3667/3193 3834/3667/3164 3833/3664/3163 
f 3883/3662/764 3886/3665/3191 3889/3668/3194 3890/3669/3192 
f 3890/3669/3192 3889/3668/3194 884/775/765 883/774/764 
f 3886/3665/3191 3830/3665/3162 3829/3668/766 3889/3668/3194 
f 3889/3668/3194 3829/3668/766 885/775/766 884/775/765 
f 3883/3662/764 3890/3669/3192 3891/3670/2493 3892/3671/2493 
f 3892/3671/2493 3891/3670/2493 3893/3670/150 3894/3671/150 
f 3890/3669/3192 883/774/764 896/784/777 3891/3670/2493 
f 3891/3670/2493 896/784/777 220/784/150 3893/3670/150 
f 3883/3662/764 3892/3671/2493 3895/3672/2493 3884/3663/764 
f 3884/3663/764 3895/3672/2493 3896/3673/2493 3887/3666/3192 
f 3892/3671/2493 3894/3671/150 3897/3672/150 3895/3672/2493 
f 3895/3672/2493 3897/3672/150 3898/3673/150 3896/3673/2493 
f 3899/3674/3195 3900/3675/696 3901/3676/697 3902/3677/3196 
f 3902/3677/3196 3901/3676/697 3849/3676/3167 3846/3677/698 
f 3900/3675/696 3903/3678/696 3904/3679/3196 3901/3676/697 
f 3901/3676/697 3904/3679/3196 3850/3679/2432 3849/3676/3167 
f 3899/3674/3195 3902/3677/3196 3905/3680/3196 3906/3681/3195 
f 3906/3681/3195 3905/3680/3196 816/721/697 815/720/696 
f 3902/3677/3196 3846/3677/698 3845/3680/3166 3905/3680/3196 
f 3905/3680/3196 3845/3680/3166 817/721/698 816/721/697 
f 3899/3674/3195 3906/3681/3195 3907/3681/709 3908/3674/709 
f 3908/3674/709 3907/3681/709 3909/3682/3197 3910/3683/3197 
f 3906/3681/3195 815/720/696 828/720/709 3907/3681/709 
f 3907/3681/709 828/720/709 715/730/597 3909/3682/3197 
f 3899/3674/3195 3908/3674/709 3911/3675/709 3900/3675/696 
f 3900/3675/696 3911/3675/709 3912/3678/709 3903/3678/696 
f 3908/3674/709 3910/3683/3197 3913/3684/597 3911/3675/709 
f 3911/3675/709 3913/3684/597 3914/3685/597 3912/3678/709 
f 3915/3686/3198 3916/3687/3198 3917/3688/657 3918/3689/2461 
f 3918/3689/2461 3917/3688/657 3865/3690/3181 3862/3691/3178 
f 3916/3687/3198 3919/3692/3199 3920/3693/3200 3917/3688/657 
f 3917/3688/657 3920/3693/3200 3866/2641/3182 3865/3690/3181 
f 3915/3686/3198 3918/3689/2461 3921/3694/3201 3922/3695/656 
f 3922/3695/656 3921/3694/3201 776/688/657 775/687/656 
f 3918/3689/2461 3862/3691/3178 3861/3696/3177 3921/3694/3201 
f 3921/3694/3201 3861/3696/3177 777/689/658 776/688/657 
f 3915/3686/3198 3922/3695/656 3923/3695/669 3924/3686/669 
f 3924/3686/669 3923/3695/669 3925/3613/179 3926/3610/179 
f 3922/3695/656 775/687/656 788/687/669 3923/3695/669 
f 3923/3695/669 788/687/669 265/700/179 3925/3613/179 
f 3915/3686/3198 3924/3686/669 3927/3687/669 3916/3687/3198 
f 3916/3687/3198 3927/3687/669 3928/3692/669 3919/3692/3199 
f 3924/3686/669 3926/3610/179 3929/3609/179 3927/3687/669 
f 3927/3687/669 3929/3609/179 3930/3612/179 3928/3692/669 
f 3931/3697/632 3932/3698/632 3933/3699/3202 3934/3700/3203 
f 3934/3700/3203 3933/3699/3202 3881/3701/3188 3878/3702/3186 
f 3932/3698/632 3935/3703/3204 3936/3704/3202 3933/3699/3202 
f 3933/3699/3202 3936/3704/3202 3882/3705/3189 3881/3701/3188 
f 3931/3697/632 3934/3700/3203 3937/3706/3205 3938/3707/632 
f 3938/3707/632 3937/3706/3205 752/668/633 751/667/632 
f 3934/3700/3203 3878/3702/3186 3877/3708/634 3937/3706/3205 
f 3937/3706/3205 3877/3708/634 753/669/634 752/668/633 
f 3931/3697/632 3938/3707/632 3939/3707/647 3940/3697/647 
f 3940/3697/647 3939/3707/647 3941/3709/649 3942/3710/649 
f 3938/3707/632 751/667/632 766/667/647 3939/3707/647 
f 3939/3707/647 766/667/647 768/680/649 3941/3709/649 
f 3931/3697/632 3940/3697/647 3943/3698/647 3932/3698/632 
f 3932/3698/632 3943/3698/647 3944/3703/647 3935/3703/3204 
f 3940/3697/647 3942/3710/649 3945/3711/649 3943/3698/647 
f 3943/3698/647 3945/3711/649 3946/2314/649 3944/3703/647 
f 3947/3712/71 3948/3713/72 3949/3714/72 3950/3715/71 
f 3950/3715/71 3949/3714/72 3951/3716/72 3952/3717/71 
f 3948/3713/72 3953/3718/72 3954/3719/72 3949/3714/72 
f 3949/3714/72 3954/3719/72 3955/3720/72 3951/3716/72 
f 3947/3712/71 3950/3715/71 3956/3721/596 3957/3722/3206 
f 3957/3722/3206 3956/3721/596 3913/3723/597 3910/3724/3197 
f 3950/3715/71 3952/3717/71 3958/3725/596 3956/3721/596 
f 3956/3721/596 3958/3725/596 3914/3726/597 3913/3723/597 
f 3947/3712/71 3957/3722/3206 3959/3727/3206 3960/3728/71 
f 3960/3728/71 3959/3727/3206 714/629/596 706/621/71 
f 3957/3722/3206 3910/3724/3197 3909/3729/3197 3959/3727/3206 
f 3959/3727/3206 3909/3729/3197 715/630/597 714/629/596 
f 3947/3712/71 3960/3728/71 3961/3730/72 3948/3713/72 
f 3948/3713/72 3961/3730/72 3962/3731/72 3953/3718/72 
f 3960/3728/71 706/621/71 705/620/72 3961/3730/72 
f 3961/3730/72 705/620/72 709/624/72 3962/3731/72 
f 3963/3732/3207 3964/3733/3208 3965/3734/2886 3966/3735/3209 
f 3966/3735/3209 3965/3734/2886 3967/3734/312 3968/3735/3210 
f 3964/3733/3208 3969/3736/3211 3970/3737/336 3965/3734/2886 
f 3965/3734/2886 3970/3737/336 2453/3737/1975 3967/3734/312 
f 3963/3732/3207 3966/3735/3209 3971/3738/3212 3972/3739/3213 
f 3972/3739/3213 3971/3738/3212 423/420/311 422/419/310 
f 3966/3735/3209 3968/3735/3210 3973/3738/1975 3971/3738/3212 
f 3971/3738/3212 3973/3738/1975 424/420/312 423/420/311 
f 3963/3732/3207 3972/3739/3213 3974/3739/3214 3975/3732/3214 
f 3975/3732/3214 3974/3739/3214 3752/3638/3129 3746/3634/328 
f 3972/3739/3213 422/419/310 438/419/326 3974/3739/3214 
f 3974/3739/3214 438/419/326 440/429/328 3752/3638/3129 
f 3963/3732/3207 3975/3732/3214 3976/3733/3215 3964/3733/3208 
f 3964/3733/3208 3976/3733/3215 3977/3736/3216 3969/3736/3211 
f 3975/3732/3214 3746/3634/328 3745/3740/3126 3976/3733/3215 
f 3976/3733/3215 3745/3740/3126 3749/3636/3129 3977/3736/3216 
f 3978/3741/3217 3979/3742/3218 3980/3742/236 3981/3741/2596 
f 3981/3741/2596 3980/3742/236 3982/3743/411 3983/3744/411 
f 3979/3742/3218 3984/3745/235 3985/3745/236 3980/3742/236 
f 3980/3742/236 3985/3745/236 2565/3746/237 3982/3743/411 
f 3978/3741/3217 3981/3741/2596 3986/3747/2596 3987/3747/3219 
f 3987/3747/3219 3986/3747/2596 348/379/236 347/379/235 
f 3981/3741/2596 3983/3744/411 3988/3748/237 3986/3747/2596 
f 3986/3747/2596 3988/3748/237 349/380/237 348/379/236 
f 3978/3741/3217 3987/3747/3219 3989/3749/251 3990/3750/251 
f 3990/3750/251 3989/3749/251 3810/3749/3150 3804/3750/3150 
f 3987/3747/3219 347/379/235 363/389/251 3989/3749/251 
f 3989/3749/251 363/389/251 365/389/253 3810/3749/3150 
f 3978/3741/3217 3990/3750/251 3991/3751/251 3979/3742/3218 
f 3979/3742/3218 3991/3751/251 3992/3752/251 3984/3745/235 
f 3990/3750/251 3804/3750/3150 3803/3751/3150 3991/3751/251 
f 3991/3751/251 3803/3751/3150 3807/3752/3150 3992/3752/251 
f 3993/3753/172 3994/3754/171 3995/3755/171 3996/3756/172 
f 3996/3756/172 3995/3755/171 3997/3757/171 3998/3758/172 
f 3994/3754/171 3999/3759/171 4000/3760/171 3995/3755/171 
f 3995/3755/171 4000/3760/171 4001/3761/171 3997/3757/171 
f 3993/3753/172 3996/3756/172 4002/3762/178 4003/3763/178 
f 4003/3763/178 4002/3762/178 3929/3764/179 3926/3765/179 
f 3996/3756/172 3998/3758/172 4004/3766/178 4002/3762/178 
f 4002/3762/178 4004/3766/178 3930/3767/179 3929/3764/179 
f 3993/3753/172 4003/3763/178 4005/3768/178 4006/3769/172 
f 4006/3769/172 4005/3768/178 264/289/178 256/281/172 
f 4003/3763/178 3926/3765/179 3925/3770/179 4005/3768/178 
f 4005/3768/178 3925/3770/179 265/290/179 264/289/178 
f 3993/3753/172 4006/3769/172 4007/3771/171 3994/3754/171 
f 3994/3754/171 4007/3771/171 4008/3772/171 3999/3759/171 
f 4006/3769/172 256/281/172 255/280/171 4007/3771/171 
f 4007/3771/171 255/280/171 259/284/171 4008/3772/171 
f 4009/3773/144 4010/3774/89 4011/3775/89 4012/3776/144 
f 4012/3776/144 4011/3775/89 4013/3777/89 4014/3778/144 
f 4010/3774/89 4015/3779/89 4016/3780/89 4011/3775/89 
f 4011/3775/89 4016/3780/89 4017/3781/89 4013/3777/89 
f 4009/3773/144 4012/3776/144 4018/3782/149 4019/3783/149 
f 4019/3783/149 4018/3782/149 3897/3784/150 3894/3785/150 
f 4012/3776/144 4014/3778/144 4020/3786/149 4018/3782/149 
f 4018/3782/149 4020/3786/149 3898/3787/150 3897/3784/150 
f 4009/3773/144 4019/3783/149 4021/3788/149 4022/3789/144 
f 4022/3789/144 4021/3788/149 219/239/149 211/231/144 
f 4019/3783/149 3894/3785/150 3893/3790/150 4021/3788/149 
f 4021/3788/149 3893/3790/150 220/240/150 219/239/149 
f 4009/3773/144 4022/3789/144 4023/3791/89 4010/3774/89 
f 4010/3774/89 4023/3791/89 4024/3792/89 4015/3779/89 
f 4022/3789/144 211/231/144 210/230/89 4023/3791/89 
f 4023/3791/89 210/230/89 214/234/89 4024/3792/89 
f 4025/3793/3220 4026/3794/3221 4027/3795/3222 4028/3796/3223 
f 4028/3796/3223 4027/3795/3222 4029/3797/3222 4030/3798/3223 
f 4026/3794/3221 4031/3799/3224 4032/3800/200 4027/3795/3222 
f 4027/3795/3222 4032/3800/200 4033/3801/200 4029/3797/3222 
f 4025/3793/3220 4028/3796/3223 4034/3802/3225 4035/3803/3226 
f 4035/3803/3226 4034/3802/3225 3465/3253/89 3464/3252/88 
f 4028/3796/3223 4030/3798/3223 4036/3804/3225 4034/3802/3225 
f 4034/3802/3225 4036/3804/3225 3466/3254/89 3465/3253/89 
f 4025/3793/3220 4035/3803/3226 4037/3805/3227 4038/3806/3228 
f 4038/3806/3228 4037/3805/3227 970/843/850 965/838/845 
f 4035/3803/3226 3464/3252/88 3475/3268/2912 4037/3805/3227 
f 4037/3805/3227 3475/3268/2912 971/844/102 970/843/850 
f 4025/3793/3220 4038/3806/3228 4039/3807/3229 4026/3794/3221 
f 4026/3794/3221 4039/3807/3229 4040/3808/3230 4031/3799/3224 
f 4038/3806/3228 965/838/845 964/837/844 4039/3807/3229 
f 4039/3807/3229 964/837/844 967/840/847 4040/3808/3230 
f 4041/3809/3231 4042/3810/3232 4043/3811/3233 4044/3812/3234 
f 4044/3812/3234 4043/3811/3233 2144/3811/2013 2136/3812/2006 
f 4042/3810/3232 553/3813/440 552/3814/439 4043/3811/3233 
f 4043/3811/3233 552/3814/439 555/3814/442 2144/3811/2013 
f 4041/3809/3231 4044/3812/3234 4045/3815/3235 4046/3816/3236 
f 4046/3816/3236 4045/3815/3235 3398/3178/2875 3397/3177/2872 
f 4044/3812/3234 2136/3812/2006 2135/3815/2005 4045/3815/3235 
f 4045/3815/3235 2135/3815/2005 2139/3178/287 3398/3178/2875 
f 4041/3809/3231 4046/3816/3236 4047/3816/3237 4048/3809/3238 
f 4048/3809/3238 4047/3816/3237 4049/3817/3239 4050/3818/3240 
f 4046/3816/3236 3397/3177/2872 3405/3177/2879 4047/3816/3237 
f 4047/3816/3237 3405/3177/2879 3048/3186/2669 4049/3817/3239 
f 4041/3809/3231 4048/3809/3238 4051/3810/3241 4042/3810/3232 
f 4042/3810/3232 4051/3810/3241 560/3813/447 553/3813/440 
f 4048/3809/3238 4050/3818/3240 4052/3819/3242 4051/3810/3241 
f 4051/3810/3241 4052/3819/3242 561/3820/448 560/3813/447 
f 4053/3821/3243 4054/3822/3244 4055/3823/3245 4056/3824/3246 
f 4056/3824/3246 4055/3823/3245 2178/3823/2046 2170/3824/2039 
f 4054/3822/3244 587/3825/474 603/3826/490 4055/3823/3245 
f 4055/3823/3245 603/3826/490 605/3826/492 2178/3823/2046 
f 4053/3821/3243 4056/3824/3246 4057/3827/3247 4058/3828/3248 
f 4058/3828/3248 4057/3827/3247 3383/3168/385 3382/3167/384 
f 4056/3824/3246 2170/3824/2039 2169/3827/2038 4057/3827/3247 
f 4057/3827/3247 2169/3827/2038 2173/3168/386 3383/3168/385 
f 4053/3821/3243 4058/3828/3248 4059/3828/3249 4060/3821/3250 
f 4060/3821/3250 4059/3828/3249 4061/3828/3251 4062/3821/3252 
f 4058/3828/3248 3382/3167/384 3390/3167/400 4059/3828/3249 
f 4059/3828/3249 3390/3167/400 3012/3167/2648 4061/3828/3251 
f 4053/3821/3243 4060/3821/3250 4063/3822/3253 4054/3822/3244 
f 4054/3822/3244 4063/3822/3253 588/3825/475 587/3825/474 
f 4060/3821/3250 4062/3821/3252 4064/3822/3254 4063/3822/3253 
f 4063/3822/3253 4064/3822/3254 589/3825/476 588/3825/475 
f 4065/3829/3255 4066/3830/3256 4067/3830/3257 4068/3829/3258 
f 4068/3829/3258 4067/3830/3257 4069/438/3259 4070/3831/3260 
f 4066/3830/3256 1342/3832/1216 1341/3832/1215 4067/3830/3257 
f 4067/3830/3257 1341/3832/1215 1344/439/1218 4069/438/3259 
f 4065/3829/3255 4068/3829/3258 4071/3833/3261 4072/3833/3262 
f 4072/3833/3262 4071/3833/3261 3353/3141/2856 3352/3141/784 
f 4068/3829/3258 4070/3831/3260 4073/432/3263 4071/3833/3261 
f 4071/3833/3261 4073/432/3263 3242/435/786 3353/3141/2856 
f 4065/3829/3255 4072/3833/3262 4074/3834/3264 4075/3835/3265 
f 4075/3835/3265 4074/3834/3264 4076/3834/3266 4077/3835/3267 
f 4072/3833/3262 3352/3141/784 3361/3150/800 4074/3834/3264 
f 4074/3834/3264 3361/3150/800 3363/3150/802 4076/3834/3266 
f 4065/3829/3255 4075/3835/3265 4078/2470/3268 4066/3830/3256 
f 4066/3830/3256 4078/2470/3268 1347/2466/1221 1342/3832/1216 
f 4075/3835/3265 4077/3835/3267 4079/2470/3269 4078/2470/3268 
f 4078/2470/3268 4079/2470/3269 291/2466/199 1347/2466/1221 
f 4080/3836/3270 4081/3837/3271 4082/480/3272 4083/475/3273 
f 4083/475/3273 4082/480/3272 4084/480/3274 4085/475/3275 
f 4081/3837/3271 1126/3838/1002 1125/481/1001 4082/480/3272 
f 4082/480/3272 1125/481/1001 1128/481/1004 4084/480/3274 
f 4080/3836/3270 4083/475/3273 4086/474/3276 4087/3839/3277 
f 4087/3839/3277 4086/474/3276 3310/3100/2830 3309/3099/2827 
f 4083/475/3273 4085/475/3275 4088/474/3278 4086/474/3276 
f 4086/474/3276 4088/474/3278 3194/3100/2758 3310/3100/2830 
f 4080/3836/3270 4087/3839/3277 4089/3839/3279 4090/3836/3280 
f 4090/3836/3280 4089/3839/3279 119/3840/82 116/3841/79 
f 4087/3839/3277 3309/3099/2827 3318/3099/873 4089/3839/3279 
f 4089/3839/3279 3318/3099/873 120/3106/83 119/3840/82 
f 4080/3836/3270 4090/3836/3280 4091/3837/3281 4081/3837/3271 
f 4081/3837/3271 4091/3837/3281 1131/3838/1007 1126/3838/1002 
f 4090/3836/3280 116/3841/79 115/3842/78 4091/3837/3281 
f 4091/3837/3281 115/3842/78 96/782/65 1131/3838/1007 
f 4092/3843/3282 4093/3844/3283 4094/3844/3284 4095/3843/3285 
f 4095/3843/3285 4094/3844/3284 4096/3845/3286 4097/3846/3287 
f 4093/3844/3283 1178/3832/1054 1177/3832/1053 4094/3844/3284 
f 4094/3844/3284 1177/3832/1053 1180/2466/1056 4096/3845/3286 
f 4092/3843/3282 4095/3843/3285 4098/3847/3288 4099/3847/3289 
f 4099/3847/3289 4098/3847/3288 3279/3065/2813 3278/3065/2812 
f 4095/3843/3285 4097/3846/3287 4100/3848/3290 4098/3847/3288 
f 4098/3847/3288 4100/3848/3290 3162/3066/908 3279/3065/2813 
f 4092/3843/3282 4099/3847/3289 4101/3849/3291 4102/3850/3292 
f 4102/3850/3292 4101/3849/3291 314/3849/214 311/3850/211 
f 4099/3847/3289 3278/3065/2812 3287/3075/922 4101/3849/3291 
f 4101/3849/3291 3287/3075/922 315/3075/215 314/3849/214 
f 4092/3843/3282 4102/3850/3292 4103/3851/3293 4093/3844/3283 
f 4093/3844/3283 4103/3851/3293 1183/439/1059 1178/3832/1054 
f 4102/3850/3292 311/3850/211 310/3851/210 4103/3851/3293 
f 4103/3851/3293 310/3851/210 21/439/15 1183/439/1059 
f 4104/3852/3294 4105/3853/3295 4106/3854/3296 4107/3855/3297 
f 4107/3855/3297 4106/3854/3296 4108/3854/3298 4109/3855/3299 
f 4105/3853/3295 1142/3856/1018 1141/3857/1017 4106/3854/3296 
f 4106/3854/3296 1141/3857/1017 1144/3857/1020 4108/3854/3298 
f 4104/3852/3294 4107/3855/3297 4110/3858/3300 4111/3859/3301 
f 4111/3859/3301 4110/3858/3300 3264/3052/931 3263/3051/930 
f 4107/3855/3297 4109/3855/3299 4112/3858/3302 4110/3858/3300 
f 4110/3858/3300 4112/3858/3302 3146/3052/2734 3264/3052/931 
f 4104/3852/3294 4111/3859/3301 4113/3859/3303 4114/3852/3304 
f 4114/3852/3304 4113/3859/3303 164/3860/116 161/3861/113 
f 4111/3859/3301 3263/3051/930 3272/3051/946 4113/3859/3303 
f 4113/3859/3303 3272/3051/946 165/3060/117 164/3860/116 
f 4104/3852/3294 4114/3852/3304 4115/3853/3305 4105/3853/3295 
f 4105/3853/3295 4115/3853/3305 1147/3856/1023 1142/3856/1018 
f 4114/3852/3304 161/3861/113 160/3862/112 4115/3853/3305 
f 4115/3853/3305 160/3862/112 46/3863/31 1147/3856/1023 
f 4116/3864/3306 4117/3865/3307 4118/3866/3308 4119/3867/3309 
f 4119/3867/3309 4118/3866/3308 4120/3868/3310 4121/3869/3311 
f 4117/3865/3307 1922/1429/1793 1921/1428/1792 4118/3866/3308 
f 4118/3866/3308 1921/1428/1792 1924/3870/1795 4120/3868/3310 
f 4116/3864/3306 4119/3867/3309 4122/3871/3312 4123/3872/3313 
f 4123/3872/3313 4122/3871/3312 3232/3014/1425 3231/3013/2790 
f 4119/3867/3309 4121/3869/3311 4124/3873/3314 4122/3871/3312 
f 4122/3871/3312 4124/3873/3314 3114/2910/2709 3232/3014/1425 
f 4116/3864/3306 4123/3872/3313 4125/3874/3315 4126/3875/3316 
f 4126/3875/3316 4125/3874/3315 4073/3876/3263 4070/3877/3260 
f 4123/3872/3313 3231/3013/2790 3240/3024/2794 4125/3874/3315 
f 4125/3874/3315 3240/3024/2794 3242/3026/786 4073/3876/3263 
f 4116/3864/3306 4126/3875/3316 4127/3878/3317 4117/3865/3307 
f 4117/3865/3307 4127/3878/3317 1927/778/1798 1922/1429/1793 
f 4126/3875/3316 4070/3877/3260 4069/3879/3259 4127/3878/3317 
f 4127/3878/3317 4069/3879/3259 1344/3880/1218 1927/778/1798 
f 4128/3881/3318 4129/3882/3319 4130/3883/3320 4131/3884/3321 
f 4131/3884/3321 4130/3883/3320 4132/3885/3322 4133/3886/3323 
f 4129/3882/3319 1730/3887/1601 1729/3888/1600 4130/3883/3320 
f 4130/3883/3320 1729/3888/1600 1732/3889/1603 4132/3885/3322 
f 4128/3881/3318 4131/3884/3321 4134/3890/3324 4135/3891/3325 
f 4135/3891/3325 4134/3890/3324 3184/2975/2754 3183/2974/2753 
f 4131/3884/3321 4133/3886/3323 4136/3892/3326 4134/3890/3324 
f 4134/3890/3324 4136/3892/3326 3059/2848/2671 3184/2975/2754 
f 4128/3881/3318 4135/3891/3325 4137/3893/3327 4138/3894/3328 
f 4138/3894/3328 4137/3893/3327 4088/3895/3278 4085/3896/3275 
f 4135/3891/3325 3183/2974/2753 3192/2987/2760 4137/3893/3327 
f 4137/3893/3327 3192/2987/2760 3194/2989/2758 4088/3895/3278 
f 4128/3881/3318 4138/3894/3328 4139/3897/3329 4129/3882/3319 
f 4129/3882/3319 4139/3897/3329 1735/3898/1606 1730/3887/1601 
f 4138/3894/3328 4085/3896/3275 4084/3899/3274 4139/3897/3329 
f 4139/3897/3329 4084/3899/3274 1128/3900/1004 1735/3898/1606 
f 4140/3901/3330 4141/3902/3331 4142/3903/3332 4143/3904/3333 
f 4143/3904/3333 4142/3903/3332 4144/3905/3334 4145/3906/3335 
f 4141/3902/3331 1778/3907/1649 1777/3908/1648 4142/3903/3332 
f 4142/3903/3332 1777/3908/1648 1780/3909/1651 4144/3905/3334 
f 4140/3901/3330 4143/3904/3333 4146/3910/3336 4147/3911/3337 
f 4147/3911/3337 4146/3910/3336 3152/2940/2737 3151/2939/1397 
f 4143/3904/3333 4145/3906/3335 4148/3912/3338 4146/3910/3336 
f 4146/3910/3336 4148/3912/3338 3023/2799/1524 3152/2940/2737 
f 4140/3901/3330 4147/3911/3337 4149/3913/3339 4150/3914/3340 
f 4150/3914/3340 4149/3913/3339 4100/3915/3290 4097/3916/3287 
f 4147/3911/3337 3151/2939/1397 3160/2952/1535 4149/3913/3339 
f 4149/3913/3339 3160/2952/1535 3162/2954/908 4100/3915/3290 
f 4140/3901/3330 4150/3914/3340 4151/3917/3341 4141/3902/3331 
f 4141/3902/3331 4151/3917/3341 1783/3918/1654 1778/3907/1649 
f 4150/3914/3340 4097/3916/3287 4096/3919/3286 4151/3917/3341 
f 4151/3917/3341 4096/3919/3286 1180/3920/1056 1783/3918/1654 
f 4152/3921/3342 4153/3922/3343 4154/3923/3344 4155/3924/3345 
f 4155/3924/3345 4154/3923/3344 4156/3925/3346 4157/3926/3347 
f 4153/3922/3343 1746/2984/1617 1745/2979/1616 4154/3923/3344 
f 4154/3923/3344 1745/2979/1616 1748/3927/1619 4156/3925/3346 
f 4152/3921/3342 4155/3924/3345 4158/3928/3348 4159/3929/3349 
f 4159/3929/3349 4158/3928/3348 3136/2926/2730 3135/2925/2729 
f 4155/3924/3345 4157/3926/3347 4160/3930/3350 4158/3928/3348 
f 4158/3928/3348 4160/3930/3350 3003/2774/2645 3136/2926/2730 
f 4152/3921/3342 4159/3929/3349 4161/3929/3351 4162/3921/3352 
f 4162/3921/3352 4161/3929/3351 4112/3931/3302 4109/3932/3299 
f 4159/3929/3349 3135/2925/2729 3144/2925/2732 4161/3929/3351 
f 4161/3929/3351 3144/2925/2732 3146/2934/2734 4112/3931/3302 
f 4152/3921/3342 4162/3921/3352 4163/3922/3353 4153/3922/3343 
f 4153/3922/3343 4163/3922/3353 1751/2984/1622 1746/2984/1617 
f 4162/3921/3352 4109/3932/3299 4108/3933/3298 4163/3922/3353 
f 4163/3922/3353 4108/3933/3298 1144/2985/1020 1751/2984/1622 
f 4164/3934/3354 4165/3935/3355 4166/3936/3356 4167/3937/3357 
f 4167/3937/3357 4166/3936/3356 454/3938/341 446/3939/334 
f 4165/3935/3355 2396/3940/2264 2395/3941/2263 4166/3936/3356 
f 4166/3936/3356 2395/3941/2263 455/3942/342 454/3938/341 
f 4164/3934/3354 4167/3937/3357 4168/3943/3358 4169/3944/3359 
f 4169/3944/3359 4168/3943/3358 3103/2894/2704 3102/2893/1973 
f 4167/3937/3357 446/3939/334 445/3945/333 4168/3943/3358 
f 4168/3943/3358 445/3945/333 449/2895/312 3103/2894/2704 
f 4164/3934/3354 4169/3944/3359 4170/3946/3360 4171/3947/3361 
f 4171/3947/3361 4170/3946/3360 4124/3873/3314 4121/3869/3311 
f 4169/3944/3359 3102/2893/1973 3112/2908/2707 4170/3946/3360 
f 4170/3946/3360 3112/2908/2707 3114/2910/2709 4124/3873/3314 
f 4164/3934/3354 4171/3947/3361 4172/3948/3362 4165/3935/3355 
f 4165/3935/3355 4172/3948/3362 2399/3949/2267 2396/3940/2264 
f 4171/3947/3361 4121/3869/3311 4120/3868/3310 4172/3948/3362 
f 4172/3948/3362 4120/3868/3310 1924/3870/1795 2399/3949/2267 
f 4173/3950/3363 4174/3951/3364 4175/3952/3365 4176/3953/3366 
f 4176/3953/3366 4175/3952/3365 4052/3954/3242 4050/3955/3240 
f 4174/3951/3364 2252/3956/2120 2251/3908/2119 4175/3952/3365 
f 4175/3952/3365 2251/3908/2119 561/3920/448 4052/3954/3242 
f 4173/3950/3363 4176/3953/3366 4177/3957/3367 4178/3958/3368 
f 4178/3958/3368 4177/3957/3367 3047/2832/2666 3046/2831/2023 
f 4176/3953/3366 4050/3955/3240 4049/3959/3239 4177/3957/3367 
f 4177/3957/3367 4049/3959/3239 3048/2833/2669 3047/2832/2666 
f 4173/3950/3363 4178/3958/3368 4179/3960/3369 4180/3961/3370 
f 4180/3961/3370 4179/3960/3369 4136/3892/3326 4133/3886/3323 
f 4178/3958/3368 3046/2831/2023 3057/2846/2033 4179/3960/3369 
f 4179/3960/3369 3057/2846/2033 3059/2848/2671 4136/3892/3326 
f 4173/3950/3363 4180/3961/3370 4181/3962/3371 4174/3951/3364 
f 4174/3951/3364 4181/3962/3371 2255/3963/2123 2252/3956/2120 
f 4180/3961/3370 4133/3886/3323 4132/3885/3322 4181/3962/3371 
f 4181/3962/3371 4132/3885/3322 1732/3889/1603 2255/3963/2123 
f 4182/3964/3372 4183/3965/3373 4184/3966/3374 4185/3967/3375 
f 4185/3967/3375 4184/3966/3374 4064/3968/3254 4062/3969/3252 
f 4183/3965/3373 2288/3970/2156 2287/3971/2155 4184/3966/3374 
f 4184/3966/3374 2287/3971/2155 589/3972/476 4064/3968/3254 
f 4182/3964/3372 4185/3967/3375 4186/3973/3376 4187/3974/3377 
f 4187/3974/3377 4186/3973/3376 3011/2782/2647 3010/2781/2646 
f 4185/3967/3375 4062/3969/3252 4061/3975/3251 4186/3973/3376 
f 4186/3973/3376 4061/3975/3251 3012/2783/2648 3011/2782/2647 
f 4182/3964/3372 4187/3974/3377 4188/3976/3378 4189/3977/3379 
f 4189/3977/3379 4188/3976/3378 4148/3912/3338 4145/3906/3335 
f 4187/3974/3377 3010/2781/2646 3021/2797/2649 4188/3976/3378 
f 4188/3976/3378 3021/2797/2649 3023/2799/1524 4148/3912/3338 
f 4182/3964/3372 4189/3977/3379 4190/3978/3380 4183/3965/3373 
f 4183/3965/3373 4190/3978/3380 2291/3979/2159 2288/3970/2156 
f 4189/3977/3379 4145/3906/3335 4144/3905/3334 4190/3978/3380 
f 4190/3978/3380 4144/3905/3334 1780/3909/1651 2291/3979/2159 
f 4191/3980/3381 4192/3981/3382 4193/3982/3383 4194/3983/3384 
f 4194/3983/3384 4193/3982/3383 529/3984/416 521/3985/408 
f 4192/3981/3382 2264/3986/2132 2263/3987/2131 4193/3982/3383 
f 4193/3982/3383 2263/3987/2131 530/724/417 529/3984/416 
f 4191/3980/3381 4194/3983/3384 4195/3988/3385 4196/3989/3386 
f 4196/3989/3386 4195/3988/3385 2992/2757/2642 2991/2756/2073 
f 4194/3983/3384 521/3985/408 520/3990/407 4195/3988/3385 
f 4195/3988/3385 520/3990/407 524/2758/411 2992/2757/2642 
f 4191/3980/3381 4196/3989/3386 4197/3991/3387 4198/3992/3388 
f 4198/3992/3388 4197/3991/3387 4160/3930/3350 4157/3926/3347 
f 4196/3989/3386 2991/2756/2073 3001/2772/2643 4197/3991/3387 
f 4197/3991/3387 3001/2772/2643 3003/2774/2645 4160/3930/3350 
f 4191/3980/3381 4198/3992/3388 4199/3993/3389 4192/3981/3382 
f 4192/3981/3382 4199/3993/3389 2267/2844/2135 2264/3986/2132 
f 4198/3992/3388 4157/3926/3347 4156/3925/3346 4199/3993/3389 
f 4199/3993/3389 4156/3925/3346 1748/3927/1619 2267/2844/2135 
f 4200/3994/2090 4201/3995/2090 4202/3996/2091 4203/3997/2091 
f 4203/3997/2091 4202/3996/2091 4204/3998/427 4205/3999/3390 
f 4201/3995/2090 2974/2219/2628 2973/2235/2627 4202/3996/2091 
f 4202/3996/2091 2973/2235/2627 2976/1268/2630 4204/3998/427 
f 4200/3994/2090 4203/3997/2091 4206/4000/3391 4207/4001/2090 
f 4207/4001/2090 4206/4000/3391 2223/1973/2091 2222/1972/2090 
f 4203/3997/2091 4205/3999/3390 4208/4002/3390 4206/4000/3391 
f 4206/4000/3391 4208/4002/3390 540/1974/427 2223/1973/2091 
f 4200/3994/2090 4207/4001/2090 4209/4003/2635 4210/4004/2635 
f 4210/4004/2635 4209/4003/2635 4211/4005/1564 4212/4006/3392 
f 4207/4001/2090 2222/1972/2090 2232/1987/2100 4209/4003/2635 
f 4209/4003/2635 2232/1987/2100 1693/1989/1564 4211/4005/1564 
f 4200/3994/2090 4210/4004/2635 4213/4007/2635 4201/3995/2090 
f 4201/3995/2090 4213/4007/2635 2981/2220/2635 2974/2219/2628 
f 4210/4004/2635 4212/4006/3392 4214/4008/3393 4213/4007/2635 
f 4213/4007/2635 4214/4008/3393 2982/2221/2636 2981/2220/2635 
f 4215/4009/3394 4216/4010/3395 4217/4011/3396 4218/4012/2041 
f 4218/4012/2041 4217/4011/3396 3386/4013/386 3381/4014/386 
f 4216/4010/3395 3031/4015/2040 3030/4016/2041 4217/4011/3396 
f 4217/4011/3396 3030/4016/2041 499/4017/386 3386/4013/386 
f 4215/4009/3394 4218/4012/2041 4219/4018/3397 4220/4019/3395 
f 4220/4019/3395 4219/4018/3397 2172/1918/2041 2171/1917/2040 
f 4218/4012/2041 3381/4014/386 3380/4020/386 4219/4018/3397 
f 4219/4018/3397 3380/4020/386 2173/1919/386 2172/1918/2041 
f 4215/4009/3394 4220/4019/3395 4221/4021/2661 4222/4022/3398 
f 4222/4022/3398 4221/4021/2661 4223/4023/1504 4224/4024/3399 
f 4220/4019/3395 2171/1917/2040 2183/1930/2051 4221/4021/2661 
f 4221/4021/2661 2183/1930/2051 1633/1425/1504 4223/4023/1504 
f 4215/4009/3394 4222/4022/3398 4225/4025/3398 4216/4010/3395 
f 4216/4010/3395 4225/4025/3398 3036/4026/2661 3031/4015/2040 
f 4222/4022/3398 4224/4024/3399 4226/4027/1504 4225/4025/3398 
f 4225/4025/3398 4226/4027/1504 3037/4028/2662 3036/4026/2661 
f 4227/4029/2007 4228/4030/2680 4229/4031/2679 4230/4032/3400 
f 4230/4032/3400 4229/4031/2679 3401/4033/2874 3396/4034/287 
f 4228/4030/2680 3067/4026/2680 3066/4028/2679 4229/4031/2679 
f 4229/4031/2679 3066/4028/2679 474/4035/361 3401/4033/2874 
f 4227/4029/2007 4230/4032/3400 4231/4036/2008 4232/4037/3401 
f 4232/4037/3401 4231/4036/2008 2138/1879/2008 2137/1878/2007 
f 4230/4032/3400 3396/4034/287 3395/4038/2874 4231/4036/2008 
f 4231/4036/2008 3395/4038/2874 2139/1880/287 2138/1879/2008 
f 4227/4029/2007 4232/4037/3401 4233/4039/2685 4234/4040/2018 
f 4234/4040/2018 4233/4039/2685 4235/4041/3402 4236/4042/3403 
f 4232/4037/3401 2137/1878/2007 2149/1890/2018 4233/4039/2685 
f 4233/4039/2685 2149/1890/2018 1593/1380/1465 4235/4041/3402 
f 4227/4029/2007 4234/4040/2018 4237/4043/2018 4228/4030/2680 
f 4228/4030/2680 4237/4043/2018 3072/4015/2685 3067/4026/2680 
f 4234/4040/2018 4236/4042/3403 4238/4044/3402 4237/4043/2018 
f 4237/4043/2018 4238/4044/3402 3073/4016/2686 3072/4015/2685 
f 4239/4045/3404 4240/4046/3405 4241/4047/1991 4242/4048/1991 
f 4242/4048/1991 4241/4047/1991 4243/4049/352 4244/4050/352 
f 4240/4046/3405 3085/3512/1990 3084/3525/1991 4241/4047/1991 
f 4241/4047/1991 3084/3525/1991 3087/3527/352 4243/4049/352 
f 4239/4045/3404 4242/4048/1991 4245/4051/1991 4246/4052/3405 
f 4246/4052/3405 4245/4051/1991 2121/1854/1991 2120/1853/1990 
f 4242/4048/1991 4244/4050/352 4247/4053/352 4245/4051/1991 
f 4245/4051/1991 4247/4053/352 465/1855/352 2121/1854/1991 
f 4239/4045/3404 4246/4052/3405 4248/4054/2000 4249/4055/2000 
f 4249/4055/2000 4248/4054/2000 4250/4056/3406 4251/4057/3406 
f 4246/4052/3405 2120/1853/1990 2130/1869/2000 4248/4054/2000 
f 4248/4054/2000 2130/1869/2000 1573/1871/1445 4250/4056/3406 
f 4239/4045/3404 4249/4055/2000 4252/4058/2000 4240/4046/3405 
f 4240/4046/3405 4252/4058/2000 3092/3513/2000 3085/3512/1990 
f 4249/4055/2000 4251/4057/3406 4253/4059/1445 4252/4058/2000 
f 4252/4058/2000 4253/4059/1445 3093/1339/1445 3092/3513/2000 
f 4254/4060/1357 4255/4061/3407 4256/4062/3408 4257/4063/3408 
f 4257/4063/3408 4256/4062/3408 4214/4062/3393 4212/4063/3392 
f 4255/4061/3407 3122/4064/2717 3121/4065/2716 4256/4062/3408 
f 4256/4062/3408 3121/4065/2716 2982/4065/2636 4214/4062/3393 
f 4254/4060/1357 4257/4063/3408 4258/4066/2716 4259/4067/2717 
f 4259/4067/2717 4258/4066/2716 1692/1482/1563 1691/909/1562 
f 4257/4063/3408 4212/4063/3392 4211/4066/1564 4258/4066/2716 
f 4258/4066/2716 4211/4066/1564 1693/1482/1564 1692/1482/1563 
f 4254/4060/1357 4259/4067/2717 4260/4067/3409 4261/4060/970 
f 4261/4060/970 4260/4067/3409 4262/4067/3410 4263/4060/2723 
f 4259/4067/2717 1691/909/1562 1704/909/1575 4260/4067/3409 
f 4260/4067/3409 1704/909/1575 1080/909/956 4262/4067/3410 
f 4254/4060/1357 4261/4060/970 4264/4061/3409 4255/4061/3407 
f 4255/4061/3407 4264/4061/3409 3127/4064/2722 3122/4064/2717 
f 4261/4060/970 4263/4060/2723 4265/4061/3411 4264/4061/3409 
f 4264/4061/3409 4265/4061/3411 3128/4064/2723 3127/4064/2722 
f 4266/4068/3412 4267/4069/3413 4268/4070/3414 4269/4071/3414 
f 4269/4071/3414 4268/4070/3414 4226/4027/1504 4224/4024/3399 
f 4267/4069/3413 3170/4072/1502 3169/4073/2744 4268/4070/3414 
f 4268/4070/3414 3169/4073/2744 3037/4028/2662 4226/4027/1504 
f 4266/4068/3412 4269/4071/3414 4270/4074/1503 4271/4075/3415 
f 4271/4075/3415 4270/4074/1503 1632/1424/1503 1631/1423/1502 
f 4269/4071/3414 4224/4024/3399 4223/4023/1504 4270/4074/1503 
f 4270/4074/1503 4223/4023/1504 1633/1425/1504 1632/1424/1503 
f 4266/4068/3412 4271/4075/3415 4272/4075/3416 4273/4068/1515 
f 4273/4068/1515 4272/4075/3416 4274/4076/883 4275/4077/883 
f 4271/4075/3415 1631/1423/1502 1644/1423/1515 4272/4075/3416 
f 4272/4075/3416 1644/1423/1515 1005/1435/883 4274/4076/883 
f 4266/4068/3412 4273/4068/1515 4276/4069/3417 4267/4069/3413 
f 4267/4069/3413 4276/4069/3417 3175/4072/1515 3170/4072/1502 
f 4273/4068/1515 4275/4077/883 4277/4078/883 4276/4069/3417 
f 4276/4069/3417 4277/4078/883 3176/4035/883 3175/4072/1515 
f 4278/4079/3418 4279/4080/1463 4280/4081/3419 4281/4082/3420 
f 4281/4082/3420 4280/4081/3419 4238/4044/3402 4236/4042/3403 
f 4279/4080/1463 3202/4083/2767 3201/4084/1464 4280/4081/3419 
f 4280/4081/3419 3201/4084/1464 3073/4016/2686 4238/4044/3402 
f 4278/4079/3418 4281/4082/3420 4282/4085/1464 4283/4086/3418 
f 4283/4086/3418 4282/4085/1464 1592/1379/1464 1591/1378/1463 
f 4281/4082/3420 4236/4042/3403 4235/4041/3402 4282/4085/1464 
f 4282/4085/1464 4235/4041/3402 1593/1380/1465 1592/1379/1464 
f 4278/4079/3418 4283/4086/3418 4284/4086/3421 4285/4079/3422 
f 4285/4079/3422 4284/4086/3421 4286/4087/3423 4287/4088/3424 
f 4283/4086/3418 1591/1378/1463 1604/1378/1476 4284/4086/3421 
f 4284/4086/3421 1604/1378/1476 955/1391/835 4286/4087/3423 
f 4278/4079/3418 4285/4079/3422 4288/4080/2772 4279/4080/1463 
f 4279/4080/1463 4288/4080/2772 3207/4083/2772 3202/4083/2767 
f 4285/4079/3422 4287/4088/3424 4289/4089/3425 4288/4080/2772 
f 4288/4080/2772 4289/4089/3425 3208/4017/2773 3207/4083/2772 
f 4290/4090/1317 4291/4091/3426 4292/4092/3427 4293/4093/3427 
f 4293/4093/3427 4292/4092/3427 4253/4092/1445 4251/4093/3406 
f 4291/4091/3426 3218/4094/1317 3217/4095/1444 4292/4092/3427 
f 4292/4092/3427 3217/4095/1444 3093/4095/1445 4253/4092/1445 
f 4290/4090/1317 4293/4093/3427 4294/4096/1444 4295/4097/1317 
f 4295/4097/1317 4294/4096/1444 1572/1369/1444 1571/808/1317 
f 4293/4093/3427 4251/4093/3406 4250/4096/3406 4294/4096/1444 
f 4294/4096/1444 4250/4096/3406 1573/1369/1445 1572/1369/1444 
f 4290/4090/1317 4295/4097/1317 4296/4097/1456 4297/4090/1456 
f 4297/4090/1456 4296/4097/1456 4298/4097/810 4299/4090/810 
f 4295/4097/1317 1571/808/1317 1584/808/1456 4296/4097/1456 
f 4296/4097/1456 1584/808/1456 930/808/810 4298/4097/810 
f 4290/4090/1317 4297/4090/1456 4300/4091/1456 4291/4091/3426 
f 4291/4091/3426 4300/4091/1456 3223/4094/1456 3218/4094/1317 
f 4297/4090/1456 4299/4090/810 4301/4091/2786 4300/4091/1456 
f 4300/4091/1456 4301/4091/2786 3224/4098/2786 3223/4094/1456 
f 4302/4099/2802 4303/4100/2802 4304/4101/3428 4305/4102/3428 
f 4305/4102/3428 4304/4101/3428 4265/4061/3411 4263/4060/2723 
f 4303/4100/2802 3250/4103/2802 3249/4104/2801 4304/4101/3428 
f 4304/4101/3428 3249/4104/2801 3128/4064/2723 4265/4061/3411 
f 4302/4099/2802 4305/4102/3428 4306/4105/3429 4307/4106/954 
f 4307/4106/954 4306/4105/3429 1079/908/955 1078/907/954 
f 4305/4102/3428 4263/4060/2723 4262/4067/3410 4306/4105/3429 
f 4306/4105/3429 4262/4067/3410 1080/909/956 1079/908/955 
f 4302/4099/2802 4307/4106/954 4308/4107/3409 4309/4108/970 
f 4309/4108/970 4308/4107/3409 4310/4109/972 4311/4110/972 
f 4307/4106/954 1078/907/954 1094/923/970 4308/4107/3409 
f 4308/4107/3409 1094/923/970 1096/925/972 4310/4109/972 
f 4302/4099/2802 4309/4108/970 4312/4111/970 4303/4100/2802 
f 4303/4100/2802 4312/4111/970 3255/4112/970 3250/4103/2802 
f 4309/4108/970 4311/4110/972 4313/4113/972 4312/4111/970 
f 4312/4111/970 4313/4113/972 3256/4114/972 3255/4112/970 
f 4314/4115/881 4315/4116/881 4316/4116/882 4317/4115/882 
f 4317/4115/882 4316/4116/882 4277/4117/883 4275/4118/883 
f 4315/4116/881 3296/832/881 3295/832/882 4316/4116/882 
f 4316/4116/882 3295/832/882 3176/834/883 4277/4117/883 
f 4314/4115/881 4317/4115/882 4318/4119/3430 4319/4119/881 
f 4319/4119/881 4318/4119/3430 1004/861/882 1003/861/881 
f 4317/4115/882 4275/4118/883 4274/4120/883 4318/4119/3430 
f 4318/4119/3430 4274/4120/883 1005/862/883 1004/861/882 
f 4314/4115/881 4319/4119/881 4320/4121/897 4321/4122/897 
f 4321/4122/897 4320/4121/897 4322/4123/899 4323/4124/899 
f 4319/4119/881 1003/861/881 1019/874/897 4320/4121/897 
f 4320/4121/897 1019/874/897 1021/876/899 4322/4123/899 
f 4314/4115/881 4321/4122/897 4324/4125/897 4315/4116/881 
f 4315/4116/881 4324/4125/897 3301/4126/897 3296/832/881 
f 4321/4122/897 4323/4124/899 4325/4127/899 4324/4125/897 
f 4324/4125/897 4325/4127/899 3302/3808/899 3301/4126/897 
f 4326/4128/833 4327/4129/2840 4328/4129/3431 4329/4128/3432 
f 4329/4128/3432 4328/4129/3431 4289/4130/3425 4287/4131/3424 
f 4327/4129/2840 3327/4132/2840 3326/4132/2839 4328/4129/3431 
f 4328/4129/3431 3326/4132/2839 3208/4133/2773 4289/4130/3425 
f 4326/4128/833 4329/4128/3432 4330/4134/2839 4331/4134/833 
f 4331/4134/833 4330/4134/2839 954/829/834 953/829/833 
f 4329/4128/3432 4287/4131/3424 4286/4135/3423 4330/4134/2839 
f 4330/4134/2839 4286/4135/3423 955/830/835 954/829/834 
f 4326/4128/833 4331/4134/833 4332/4136/3433 4333/4137/849 
f 4333/4137/849 4332/4136/3433 3476/3269/102 3473/3264/102 
f 4331/4134/833 953/829/833 969/842/849 4332/4136/3433 
f 4332/4136/3433 969/842/849 971/844/102 3476/3269/102 
f 4326/4128/833 4333/4137/849 4334/4138/849 4327/4129/2840 
f 4327/4129/2840 4334/4138/849 3330/4139/849 3327/4132/2840 
f 4333/4137/849 3473/3264/102 3472/3263/102 4334/4138/849 
f 4334/4138/849 3472/3263/102 145/3266/102 3330/4139/849 
f 4335/4140/809 4336/4141/809 4337/4142/2786 4338/4143/810 
f 4338/4143/810 4337/4142/2786 4301/4091/2786 4299/4090/810 
f 4336/4141/809 3339/4144/809 3338/4145/2786 4337/4142/2786 
f 4337/4142/2786 3338/4145/2786 3224/4098/2786 4301/4091/2786 
f 4335/4140/809 4338/4143/810 4339/4146/810 4340/4147/809 
f 4340/4147/809 4339/4146/810 929/807/810 928/806/809 
f 4338/4143/810 4299/4090/810 4298/4097/810 4339/4146/810 
f 4339/4146/810 4298/4097/810 930/808/810 929/807/810 
f 4335/4140/809 4340/4147/809 4341/4148/824 4342/4149/824 
f 4342/4149/824 4341/4148/824 4343/4150/826 4344/4151/826 
f 4340/4147/809 928/806/809 944/822/824 4341/4148/824 
f 4341/4148/824 944/822/824 946/824/826 4343/4150/826 
f 4335/4140/809 4342/4149/824 4345/4152/824 4336/4141/809 
f 4336/4141/809 4345/4152/824 3344/4153/824 3339/4144/809 
f 4342/4149/824 4344/4151/826 4346/4154/826 4345/4152/824 
f 4345/4152/824 4346/4154/826 3345/4155/826 3344/4153/824 
f 4347/4156/3434 4348/4157/2865 4349/4157/3435 4350/4156/410 
f 4350/4156/410 4349/4157/3435 2995/3101/2075 2990/4158/411 
f 4348/4157/2865 3371/4159/2865 3370/4159/2864 4349/4157/3435 
f 4349/4157/3435 3370/4159/2864 2207/3073/2075 2995/3101/2075 
f 4347/4156/3434 4350/4156/410 4351/4160/3435 4352/4160/3436 
f 4352/4160/3436 4351/4160/3435 523/476/410 522/476/409 
f 4350/4156/410 2990/4158/411 2989/3097/2075 4351/4160/3435 
f 4351/4160/3435 2989/3097/2075 524/477/411 523/476/410 
f 4347/4156/3434 4352/4160/3436 4353/4161/425 4354/4162/3437 
f 4354/4162/3437 4353/4161/425 4208/4161/3390 4205/4162/3390 
f 4352/4160/3436 522/476/409 538/486/425 4353/4161/425 
f 4353/4161/425 538/486/425 540/486/427 4208/4161/3390 
f 4347/4156/3434 4354/4162/3437 4355/4163/3437 4348/4157/2865 
f 4348/4157/2865 4355/4163/3437 3374/4164/2868 3371/4159/2865 
f 4354/4162/3437 4205/4162/3390 4204/4163/427 4355/4163/3437 
f 4355/4163/3437 4204/4163/427 2976/4164/2630 3374/4164/2868 
f 4356/4165/3211 4357/4166/2887 4358/4166/3209 4359/4165/2886 
f 4359/4165/2886 4358/4166/3209 3106/4167/312 3101/3140/2706 
f 4357/4166/2887 3413/4168/2887 3412/4168/2886 4358/4166/3209 
f 4358/4166/3209 3412/4168/2886 2105/3145/1975 3106/4167/312 
f 4356/4165/3211 4359/4165/2886 4360/4169/2886 4361/4169/3438 
f 4361/4169/3438 4360/4169/2886 448/434/336 447/434/335 
f 4359/4165/2886 3101/3140/2706 3100/4170/312 4360/4169/2886 
f 4360/4169/2886 3100/4170/312 449/435/312 448/434/336 
f 4356/4165/3211 4361/4169/3438 4362/4169/3439 4363/4165/3440 
f 4363/4165/3440 4362/4169/3439 4247/4171/352 4244/4172/352 
f 4361/4169/3438 447/434/335 463/434/350 4362/4169/3439 
f 4362/4169/3439 463/434/350 465/444/352 4247/4171/352 
f 4356/4165/3211 4363/4165/3440 4364/4166/3440 4357/4166/2887 
f 4357/4166/2887 4364/4166/3440 3416/4168/350 3413/4168/2887 
f 4363/4165/3440 4244/4172/352 4243/4173/352 4364/4166/3440 
f 4364/4166/3440 4243/4173/352 3087/4174/352 3416/4168/350 
f 4365/4175/172 4366/4176/172 4367/4177/171 4368/4178/171 
f 4368/4178/171 4367/4177/171 4369/4179/171 4370/4180/171 
f 4366/4176/172 3430/4181/172 3429/4182/171 4367/4177/171 
f 4367/4177/171 3429/4182/171 3432/4183/171 4369/4179/171 
f 4365/4175/172 4368/4178/171 4371/4184/171 4372/4185/172 
f 4372/4185/172 4371/4184/171 303/332/171 302/331/172 
f 4368/4178/171 4370/4180/171 4373/4186/171 4371/4184/171 
f 4371/4184/171 4373/4186/171 304/333/171 303/332/171 
f 4365/4175/172 4372/4185/172 4374/4187/213 4375/4188/213 
f 4375/4188/213 4374/4187/213 3288/4189/215 3285/4190/215 
f 4372/4185/172 302/331/172 313/347/213 4374/4187/213 
f 4374/4187/213 313/347/213 315/349/215 3288/4189/215 
f 4365/4175/172 4375/4188/213 4376/4191/213 4366/4176/172 
f 4366/4176/172 4376/4191/213 3435/4192/213 3430/4181/172 
f 4375/4188/213 3285/4190/215 3284/4193/215 4376/4191/213 
f 4376/4191/213 3284/4193/215 1046/4194/215 3435/4192/213 
f 4377/4195/107 4378/4196/107 4379/4197/37 4380/4198/37 
f 4380/4198/37 4379/4197/37 4381/4199/37 4382/4200/37 
f 4378/4196/107 3450/4201/107 3449/4202/37 4379/4197/37 
f 4379/4197/37 3449/4202/37 3452/4203/37 4381/4199/37 
f 4377/4195/107 4380/4198/37 4383/4204/37 4384/4205/107 
f 4384/4205/107 4383/4204/37 153/158/37 152/157/107 
f 4380/4198/37 4382/4200/37 4385/4206/37 4383/4204/37 
f 4383/4204/37 4385/4206/37 154/159/37 153/158/37 
f 4377/4195/107 4384/4205/107 4386/4207/115 4387/4208/115 
f 4387/4208/115 4386/4207/115 3273/4209/117 3270/4210/117 
f 4384/4205/107 152/157/107 163/173/115 4386/4207/115 
f 4386/4207/115 163/173/115 165/175/117 3273/4209/117 
f 4377/4195/107 4387/4208/115 4388/4211/115 4378/4196/107 
f 4378/4196/107 4388/4211/115 3455/4212/115 3450/4201/107 
f 4387/4208/115 3270/4210/117 3269/4213/117 4388/4211/115 
f 4388/4211/115 3269/4213/117 1071/4214/117 3455/4212/115 
f 4389/4215/71 4390/4216/71 4391/4217/72 4392/4218/72 
f 4392/4218/72 4391/4217/72 4393/4219/72 4394/4220/72 
f 4390/4216/71 3489/4221/71 3488/4222/72 4391/4217/72 
f 4391/4217/72 3488/4222/72 3491/4223/72 4393/4219/72 
f 4389/4215/71 4392/4218/72 4395/4224/72 4396/4225/71 
f 4396/4225/71 4395/4224/72 108/108/72 107/107/71 
f 4392/4218/72 4394/4220/72 4397/4226/72 4395/4224/72 
f 4395/4224/72 4397/4226/72 109/109/72 108/108/72 
f 4389/4215/71 4396/4225/71 4398/4227/81 4399/4228/81 
f 4399/4228/81 4398/4227/81 3319/4229/83 3316/4230/83 
f 4396/4225/71 107/107/71 118/123/81 4398/4227/81 
f 4398/4227/81 118/123/81 120/125/83 3319/4229/83 
f 4389/4215/71 4399/4228/81 4400/4231/81 4390/4216/71 
f 4390/4216/71 4400/4231/81 3494/4232/81 3489/4221/71 
f 4399/4228/81 3316/4230/83 3315/4233/83 4400/4231/81 
f 4400/4231/81 3315/4233/83 996/4095/83 3494/4232/81 
f 4401/4234/144 4402/4235/89 4403/4236/89 4404/4237/144 
f 4404/4237/144 4403/4236/89 2947/2708/89 2944/2703/144 
f 4402/4235/89 4405/4238/89 4406/4239/89 4403/4236/89 
f 4403/4236/89 4406/4239/89 2948/2709/89 2947/2708/89 
f 4401/4234/144 4404/4237/144 4407/4240/149 4408/4241/149 
f 4408/4241/149 4407/4240/149 4409/4242/150 4410/4243/150 
f 4404/4237/144 2944/2703/144 2943/2702/149 4407/4240/149 
f 4407/4240/149 2943/2702/149 2718/2705/150 4409/4242/150 
f 4401/4234/144 4408/4241/149 4411/4244/149 4412/4245/144 
f 4412/4245/144 4411/4244/149 4020/3786/149 4014/3778/144 
f 4408/4241/149 4410/4243/150 4413/4246/150 4411/4244/149 
f 4411/4244/149 4413/4246/150 3898/3787/150 4020/3786/149 
f 4401/4234/144 4412/4245/144 4414/4247/89 4402/4235/89 
f 4402/4235/89 4414/4247/89 4415/4248/89 4405/4238/89 
f 4412/4245/144 4014/3778/144 4013/3777/89 4414/4247/89 
f 4414/4247/89 4013/3777/89 4017/3781/89 4415/4248/89 
f 4416/4249/172 4417/4250/171 4418/4251/171 4419/4252/172 
f 4419/4252/172 4418/4251/171 2927/2683/171 2924/2678/172 
f 4417/4250/171 4420/4253/171 4421/4254/171 4418/4251/171 
f 4418/4251/171 4421/4254/171 2928/2684/171 2927/2683/171 
f 4416/4249/172 4419/4252/172 4422/4255/178 4423/4256/178 
f 4423/4256/178 4422/4255/178 4424/4257/179 4425/4258/179 
f 4419/4252/172 2924/2678/172 2923/2677/178 4422/4255/178 
f 4422/4255/178 2923/2677/178 2798/2680/179 4424/4257/179 
f 4416/4249/172 4423/4256/178 4426/4259/178 4427/4260/172 
f 4427/4260/172 4426/4259/178 4004/3766/178 3998/3758/172 
f 4423/4256/178 4425/4258/179 4428/4261/179 4426/4259/178 
f 4426/4259/178 4428/4261/179 3930/3767/179 4004/3766/178 
f 4416/4249/172 4427/4260/172 4429/4262/171 4417/4250/171 
f 4417/4250/171 4429/4262/171 4430/4263/171 4420/4253/171 
f 4427/4260/172 3998/3758/172 3997/3757/171 4429/4262/171 
f 4429/4262/171 3997/3757/171 4001/3761/171 4430/4263/171 
f 4431/4264/3441 4432/4265/3442 4433/4265/3443 4434/4264/3444 
f 4434/4264/3444 4433/4265/3443 2568/4266/2075 2562/4267/411 
f 4432/4265/3442 2904/2654/2597 2903/2654/2596 4433/4265/3443 
f 4433/4265/3443 2903/2654/2596 1969/2656/411 2568/4266/2075 
f 4431/4264/3441 4434/4264/3444 4435/4268/3445 4436/4268/2597 
f 4436/4268/2597 4435/4268/3445 3985/3745/236 3984/3745/235 
f 4434/4264/3444 2562/4267/411 2561/4269/237 4435/4268/3445 
f 4435/4268/3445 2561/4269/237 2565/3746/237 3985/3745/236 
f 4431/4264/3441 4436/4268/2597 4437/4270/251 4438/4271/3446 
f 4438/4271/3446 4437/4270/251 4439/4270/3150 4440/4271/253 
f 4436/4268/2597 3984/3745/235 3992/3752/251 4437/4270/251 
f 4437/4270/251 3992/3752/251 3807/3752/3150 4439/4270/3150 
f 4431/4264/3441 4438/4271/3446 4441/4272/251 4432/4265/3442 
f 4432/4265/3442 4441/4272/251 2907/2659/251 2904/2654/2597 
f 4438/4271/3446 4440/4271/253 4442/4272/253 4441/4272/251 
f 4441/4272/251 4442/4272/253 2548/2659/253 2907/2659/251 
f 4443/4273/3447 4444/4274/3207 4445/4275/3448 4446/4276/336 
f 4446/4276/336 4445/4275/3448 2456/4275/2318 2450/4276/1975 
f 4444/4274/3207 2860/2626/2568 2859/2625/2567 4445/4275/3448 
f 4445/4275/3448 2859/2625/2567 2071/2625/1941 2456/4275/2318 
f 4443/4273/3447 4446/4276/336 4447/4277/3212 4448/4278/3208 
f 4448/4278/3208 4447/4277/3212 3970/3737/336 3969/3736/3211 
f 4446/4276/336 2450/4276/1975 2449/4277/2316 4447/4277/3212 
f 4447/4277/3212 2449/4277/2316 2453/3737/1975 3970/3737/336 
f 4443/4273/3447 4448/4278/3208 4449/4278/3449 4450/4273/2571 
f 4450/4273/2571 4449/4278/3449 4451/4279/3129 4452/4280/328 
f 4448/4278/3208 3969/3736/3211 3977/3736/3216 4449/4278/3449 
f 4449/4278/3449 3977/3736/3216 3749/3636/3129 4451/4279/3129 
f 4443/4273/3447 4450/4273/2571 4453/4274/3215 4444/4274/3207 
f 4444/4274/3207 4453/4274/3215 2863/2626/2571 2860/2626/2568 
f 4450/4273/2571 4452/4280/328 4454/4281/328 4453/4274/3215 
f 4453/4274/3215 4454/4281/328 2436/2452/2303 2863/2626/2571 
f 4455/4282/71 4456/4283/72 4457/4284/72 4458/4285/71 
f 4458/4285/71 4457/4284/72 2851/2617/72 2848/2612/71 
f 4456/4283/72 4459/4286/72 4460/4287/72 4457/4284/72 
f 4457/4284/72 4460/4287/72 2852/2618/72 2851/2617/72 
f 4455/4282/71 4458/4285/71 4461/4288/596 4462/4289/3206 
f 4462/4289/3206 4461/4288/596 4463/4290/597 4464/4291/3197 
f 4458/4285/71 2848/2612/71 2847/2611/596 4461/4288/596 
f 4461/4288/596 2847/2611/596 2766/2614/597 4463/4290/597 
f 4455/4282/71 4462/4289/3206 4465/4292/3206 4466/4293/71 
f 4466/4293/71 4465/4292/3206 3958/3725/596 3952/3717/71 
f 4462/4289/3206 4464/4291/3197 4467/4294/3197 4465/4292/3206 
f 4465/4292/3206 4467/4294/3197 3914/3726/597 3958/3725/596 
f 4455/4282/71 4466/4293/71 4468/4295/72 4456/4283/72 
f 4456/4283/72 4468/4295/72 4469/4296/72 4459/4286/72 
f 4466/4293/71 3952/3717/71 3951/3716/72 4468/4295/72 
f 4468/4295/72 3951/3716/72 3955/3720/72 4469/4296/72 
f 4470/4297/632 4471/4298/3450 4472/4299/3451 4473/4300/3203 
f 4473/4300/3203 4472/4299/3451 4474/4301/634 4475/4302/3186 
f 4471/4298/3450 2808/2579/632 2807/2578/633 4472/4299/3451 
f 4472/4299/3451 2807/2578/633 2686/2581/634 4474/4301/634 
f 4470/4297/632 4473/4300/3203 4476/4303/3202 4477/4304/3204 
f 4477/4304/3204 4476/4303/3202 3936/3704/3202 3935/3703/3204 
f 4473/4300/3203 4475/4302/3186 4478/4305/3188 4476/4303/3202 
f 4476/4303/3202 4478/4305/3188 3882/3705/3189 3936/3704/3202 
f 4470/4297/632 4477/4304/3204 4479/4304/647 4480/4297/647 
f 4480/4297/647 4479/4304/647 4481/2313/649 4482/2310/649 
f 4477/4304/3204 3935/3703/3204 3944/3703/647 4479/4304/647 
f 4479/4304/647 3944/3703/647 3946/2314/649 4481/2313/649 
f 4470/4297/632 4480/4297/647 4483/4298/647 4471/4298/3450 
f 4471/4298/3450 4483/4298/647 2813/2579/647 2808/2579/632 
f 4480/4297/647 4482/2310/649 4484/2309/649 4483/4298/647 
f 4483/4298/647 4484/2309/649 2814/1737/649 2813/2579/647 
f 4485/4306/3199 4486/4307/3198 4487/4308/3452 4488/4309/3453 
f 4488/4309/3453 4487/4308/3452 4489/2642/3454 4490/2639/3455 
f 4486/4307/3198 2792/2569/2530 2791/2568/2529 4487/4308/3452 
f 4487/4308/3452 2791/2568/2529 2670/392/2461 4489/2642/3454 
f 4485/4306/3199 4488/4309/3453 4491/4310/3453 4492/4311/3198 
f 4492/4311/3198 4491/4310/3453 3920/3693/3200 3919/3692/3199 
f 4488/4309/3453 4490/2639/3455 4493/2640/3456 4491/4310/3453 
f 4491/4310/3453 4493/2640/3456 3866/2641/3182 3920/3693/3200 
f 4485/4306/3199 4492/4311/3198 4494/4311/669 4495/4306/669 
f 4495/4306/669 4494/4311/669 4428/4312/179 4425/4313/179 
f 4492/4311/3198 3919/3692/3199 3928/3692/669 4494/4311/669 
f 4494/4311/669 3928/3692/669 3930/3612/179 4428/4312/179 
f 4485/4306/3199 4495/4306/669 4496/4307/669 4486/4307/3198 
f 4486/4307/3198 4496/4307/669 2797/2569/669 2792/2569/2530 
f 4495/4306/669 4425/4313/179 4424/4314/179 4496/4307/669 
f 4496/4307/669 4424/4314/179 2798/2390/179 2797/2569/669 
f 4497/4315/3195 4498/4316/696 4499/4317/3196 4500/4318/2508 
f 4500/4318/2508 4499/4317/3196 4501/4317/3167 4502/4318/2432 
f 4498/4316/696 2760/2539/696 2759/2538/2508 4499/4317/3196 
f 4499/4317/3196 2759/2538/2508 2638/2538/2432 4501/4317/3167 
f 4497/4315/3195 4500/4318/2508 4503/4319/2508 4504/4320/3195 
f 4504/4320/3195 4503/4319/2508 3904/3679/3196 3903/3678/696 
f 4500/4318/2508 4502/4318/2432 4505/4319/3166 4503/4319/2508 
f 4503/4319/2508 4505/4319/3166 3850/3679/2432 3904/3679/3196 
f 4497/4315/3195 4504/4320/3195 4506/4320/709 4507/4315/709 
f 4507/4315/709 4506/4320/709 4467/4321/3197 4464/4322/3197 
f 4504/4320/3195 3903/3678/696 3912/3678/709 4506/4320/709 
f 4506/4320/709 3912/3678/709 3914/3685/597 4467/4321/3197 
f 4497/4315/3195 4507/4315/709 4508/4316/709 4498/4316/696 
f 4498/4316/696 4508/4316/709 2765/2539/709 2760/2539/696 
f 4507/4315/709 4464/4322/3197 4463/4323/597 4508/4316/709 
f 4508/4316/709 4463/4323/597 2766/2542/597 2765/2539/709 
f 4509/4324/764 4510/4325/764 4511/4326/3457 4512/4327/3457 
f 4512/4327/3457 4511/4326/3457 4513/4326/3458 4514/4327/3459 
f 4510/4325/764 2712/2496/764 2711/2495/765 4511/4326/3457 
f 4511/4326/3457 2711/2495/765 2590/2495/2403 4513/4326/3458 
f 4509/4324/764 4512/4327/3457 4515/4328/3194 4516/4329/3192 
f 4516/4329/3192 4515/4328/3194 3888/3667/3193 3887/3666/3192 
f 4512/4327/3457 4514/4327/3459 4517/4328/3162 4515/4328/3194 
f 4515/4328/3194 4517/4328/3162 3834/3667/3164 3888/3667/3193 
f 4509/4324/764 4516/4329/3192 4518/4330/777 4519/4331/777 
f 4519/4331/777 4518/4330/777 4413/4330/150 4410/4331/150 
f 4516/4329/3192 3887/3666/3192 3896/3673/2493 4518/4330/777 
f 4518/4330/777 3896/3673/2493 3898/3673/150 4413/4330/150 
f 4509/4324/764 4519/4331/777 4520/4332/2493 4510/4325/764 
f 4510/4325/764 4520/4332/2493 2717/2499/2493 2712/2496/764 
f 4519/4331/777 4410/4331/150 4409/4332/150 4520/4332/2493 
f 4520/4332/2493 4409/4332/150 2718/2499/150 2717/2499/2493 
f 4521/4333/3460 4522/4334/3461 4523/4334/3462 4524/4333/3463 
f 4524/4333/3463 4523/4334/3462 4525/4335/3464 4526/4336/3465 
f 4522/4334/3461 2680/2468/2471 2679/2468/2470 4523/4334/3462 
f 4523/4334/3462 2679/2468/2470 2554/2470/1286 4525/4335/3464 
f 4521/4333/3460 4524/4333/3463 4527/4337/1285 4528/4337/1284 
f 4528/4337/1284 4527/4337/1285 3872/3651/1285 3871/3651/1284 
f 4524/4333/3463 4526/4336/3465 4529/4338/1286 4527/4337/1285 
f 4527/4337/1285 4529/4338/1286 3818/3652/3151 3872/3651/1285 
f 4521/4333/3460 4528/4337/1284 4530/4339/3187 4531/4340/3187 
f 4531/4340/3187 4530/4339/3187 4478/2275/3188 4475/2272/3186 
f 4528/4337/1284 3871/3651/1284 3880/3660/3187 4530/4339/3187 
f 4530/4339/3187 3880/3660/3187 3882/2276/3189 4478/2275/3188 
f 4521/4333/3460 4531/4340/3187 4532/4341/3187 4522/4334/3461 
f 4522/4334/3461 4532/4341/3187 2685/2473/1297 2680/2468/2471 
f 4531/4340/3187 4475/2272/3186 4474/2271/634 4532/4341/3187 
f 4532/4341/3187 4474/2271/634 2686/1783/634 2685/2473/1297 
f 4533/4342/3172 4534/4343/3172 4535/4343/3466 4536/4342/3466 
f 4536/4342/3466 4535/4343/3466 4537/4281/1306 4538/4344/3467 
f 4534/4343/3172 2664/2450/2455 2663/2450/2454 4535/4343/3466 
f 4535/4343/3466 2663/2450/2454 2534/2452/1306 4537/4281/1306 
f 4533/4342/3172 4536/4342/3466 4539/4345/3173 4540/4345/2455 
f 4540/4345/2455 4539/4345/3173 3856/3635/2454 3855/3635/3172 
f 4536/4342/3466 4538/4344/3467 4541/4279/3468 4539/4345/3173 
f 4539/4345/3173 4541/4279/3468 3798/3636/3149 3856/3635/2454 
f 4533/4342/3172 4540/4345/2455 4542/4346/3469 4543/4347/1317 
f 4543/4347/1317 4542/4346/3469 4493/4348/3456 4490/4349/3455 
f 4540/4345/2455 3855/3635/3172 3864/3644/3180 4542/4346/3469 
f 4542/4346/3469 3864/3644/3180 3866/3646/3182 4493/4348/3456 
f 4533/4342/3172 4543/4347/1317 4544/4350/3469 4534/4343/3172 
f 4534/4343/3172 4544/4350/3469 2669/2457/2460 2664/2450/2455 
f 4543/4347/1317 4490/4349/3455 4489/4351/3454 4544/4350/3469 
f 4544/4350/3469 4489/4351/3454 2670/2458/2461 2669/2457/2460 
f 4545/4352/1344 4546/4353/1344 4547/4353/1345 4548/4352/3165 
f 4548/4352/3165 4547/4353/1345 4549/4354/3470 4550/4355/3471 
f 4546/4353/1344 2632/2426/1344 2631/2426/1345 4547/4353/1345 
f 4547/4353/1345 2631/2426/1345 2498/2428/2339 4549/4354/3470 
f 4545/4352/1344 4548/4352/3165 4551/4356/3472 4552/4356/1344 
f 4552/4356/1344 4551/4356/3472 3840/3623/1345 3839/3623/1344 
f 4548/4352/3165 4550/4355/3471 4553/4357/1346 4551/4356/3472 
f 4551/4356/3472 4553/4357/1346 3779/3624/1346 3840/3623/1345 
f 4545/4352/1344 4552/4356/1344 4554/4358/1357 4555/4359/1357 
f 4555/4359/1357 4554/4358/1357 4505/4360/3166 4502/4361/2432 
f 4552/4356/1344 3839/3623/1344 3848/3630/1357 4554/4358/1357 
f 4554/4358/1357 3848/3630/1357 3850/3595/2432 4505/4360/3166 
f 4545/4352/1344 4555/4359/1357 4556/4362/1357 4546/4353/1344 
f 4546/4353/1344 4556/4362/1357 2637/2431/1357 2632/2426/1344 
f 4555/4359/1357 4502/4361/2432 4501/4363/3167 4556/4362/1357 
f 4556/4362/1357 4501/4363/3167 2638/2351/2432 2637/2431/1357 
f 4557/4364/3473 4558/4365/3474 4559/4314/2397 4560/4313/3475 
f 4560/4313/3475 4559/4314/2397 4561/4314/3476 4562/4313/3135 
f 4558/4365/3474 2584/2391/1404 2583/2390/2397 4559/4314/2397 
f 4559/4314/2397 2583/2390/2397 2442/2390/2309 4561/4314/3476 
f 4557/4364/3473 4560/4313/3475 4563/4312/3477 4564/4366/3478 
f 4564/4366/3478 4563/4312/3477 3824/3612/3157 3823/3611/3156 
f 4560/4313/3475 4562/4313/3135 4565/4312/3479 4563/4312/3477 
f 4563/4312/3477 4565/4312/3479 3760/3612/3135 3824/3612/3157 
f 4557/4364/3473 4564/4366/3478 4566/4367/3480 4567/4368/3161 
f 4567/4368/3161 4566/4367/3480 4517/4369/3162 4514/4368/3459 
f 4564/4366/3478 3823/3611/3156 3832/3618/3161 4566/4367/3480 
f 4566/4367/3480 3832/3618/3161 3834/3618/3164 4517/4369/3162 
f 4557/4364/3473 4567/4368/3161 4568/4370/3480 4558/4365/3474 
f 4558/4365/3474 4568/4370/3480 2589/2394/2402 2584/2391/1404 
f 4567/4368/3161 4514/4368/3459 4513/4370/3458 4568/4370/3480 
f 4568/4370/3480 4513/4370/3458 2590/2394/2403 2589/2394/2402 
f 4569/4371/1854 4570/4372/1854 4571/4373/1855 4572/4374/1855 
f 4572/4374/1855 4571/4373/1855 4442/4363/253 4440/4361/253 
f 4570/4372/1854 2546/2349/1854 2545/2348/1855 4571/4373/1855 
f 4571/4373/1855 2545/2348/1855 2548/2351/253 4442/4363/253 
f 4569/4371/1854 4572/4374/1855 4573/4375/3481 4574/4376/1854 
f 4574/4376/1854 4573/4375/3481 3806/3594/1855 3805/3593/1854 
f 4572/4374/1855 4440/4361/253 4439/4360/3150 4573/4375/3481 
f 4573/4375/3481 4439/4360/3150 3807/3595/3150 3806/3594/1855 
f 4569/4371/1854 4574/4376/1854 4575/4377/1864 4576/4378/3152 
f 4576/4378/3152 4575/4377/1864 4529/4379/1286 4526/4380/3465 
f 4574/4376/1854 3805/3593/1854 3816/3604/1864 4575/4377/1864 
f 4575/4377/1864 3816/3604/1864 3818/3606/3151 4529/4379/1286 
f 4569/4371/1854 4576/4378/3152 4577/4381/3152 4570/4372/1854 
f 4570/4372/1854 4577/4381/3152 2553/2356/1864 2546/2349/1854 
f 4576/4378/3152 4526/4380/3465 4525/4382/3464 4577/4381/3152 
f 4577/4381/3152 4525/4382/3464 2554/2357/1286 2553/2356/1864 
f 4578/4383/2360 4579/4384/3482 4580/4385/1872 4581/4386/3142 
f 4581/4386/3142 4580/4385/1872 2892/4387/262 2886/4388/2582 
f 4579/4384/3482 2528/2324/2360 2527/2323/1872 4580/4385/1872 
f 4580/4385/1872 2527/2323/1872 374/2326/262 2892/4387/262 
f 4578/4383/2360 4581/4386/3142 4582/4389/3142 4583/4390/1871 
f 4583/4390/1871 4582/4389/3142 3787/3574/3145 3786/3573/1871 
f 4581/4386/3142 2886/4388/2582 2885/4391/2581 4582/4389/3142 
f 4582/4389/3142 2885/4391/2581 2889/3575/2582 3787/3574/3145 
f 4578/4383/2360 4583/4390/1871 4584/4392/2365 4585/4393/3483 
f 4585/4393/3483 4584/4392/2365 4541/4394/3468 4538/4395/3467 
f 4583/4390/1871 3786/3573/1871 3796/3584/2365 4584/4392/2365 
f 4584/4392/2365 3796/3584/2365 3798/3586/3149 4541/4394/3468 
f 4578/4383/2360 4585/4393/3483 4586/4396/3148 4579/4384/3482 
f 4579/4384/3482 4586/4396/3148 2533/2331/2365 2528/2324/2360 
f 4585/4393/3483 4538/4395/3467 4537/4397/1306 4586/4396/3148 
f 4586/4396/3148 4537/4397/1306 2534/2332/1306 2533/2331/2365 
f 4587/4398/1905 4588/4399/1905 4589/4400/2334 4590/4401/2334 
f 4590/4401/2334 4589/4400/2334 2876/2248/287 2870/2242/287 
f 4588/4399/1905 2492/2286/1905 2491/2285/2334 4589/4400/2334 
f 4589/4400/2334 2491/2285/2334 399/1792/287 2876/2248/287 
f 4587/4398/1905 4590/4401/2334 4591/4402/2334 4592/4403/1905 
f 4592/4403/1905 4591/4402/2334 3768/3555/2334 3767/3554/1905 
f 4590/4401/2334 2870/2242/287 2869/2241/287 4591/4402/2334 
f 4591/4402/2334 2869/2241/287 2873/2245/287 3768/3555/2334 
f 4587/4398/1905 4592/4403/1905 4593/4404/3484 4594/4405/3138 
f 4594/4405/3138 4593/4404/3484 4553/4406/1346 4550/4407/3471 
f 4592/4403/1905 3767/3554/1905 3777/3564/1917 4593/4404/3484 
f 4593/4404/3484 3777/3564/1917 3779/3566/1346 4553/4406/1346 
f 4587/4398/1905 4594/4405/3138 4595/4408/3484 4588/4399/1905 
f 4588/4399/1905 4595/4408/3484 2497/2291/1917 2492/2286/1905 
f 4594/4405/3138 4550/4407/3471 4549/4409/3470 4595/4408/3484 
f 4595/4408/3484 4549/4409/3470 2498/2292/2339 2497/2291/1917 
f 4596/4410/3485 4597/4411/3125 4598/4412/3128 4599/4413/2301 
f 4599/4413/2301 4598/4412/3128 4454/4414/328 4452/4415/328 
f 4597/4411/3125 2434/2225/1956 2433/2224/2301 4598/4412/3128 
f 4598/4412/3128 2433/2224/2301 2436/2227/2303 4454/4414/328 
f 4596/4410/3485 4599/4413/2301 4600/4416/2301 4601/4417/3127 
f 4601/4417/3127 4600/4416/2301 3748/3535/3128 3747/3534/3127 
f 4599/4413/2301 4452/4415/328 4451/4418/3129 4600/4416/2301 
f 4600/4416/2301 4451/4418/3129 3749/3536/3129 3748/3535/3128 
f 4596/4410/3485 4601/4417/3127 4602/4419/3486 4603/4420/1966 
f 4603/4420/1966 4602/4419/3486 4565/4421/3479 4562/4422/3135 
f 4601/4417/3127 3747/3534/3127 3758/3545/3131 4602/4419/3486 
f 4602/4419/3486 3758/3545/3131 3760/3547/3135 4565/4421/3479 
f 4596/4410/3485 4603/4420/1966 4604/4423/1966 4597/4411/3125 
f 4597/4411/3125 4604/4423/1966 2441/2232/2308 2434/2225/1956 
f 4603/4420/1966 4562/4422/3135 4561/4424/3476 4604/4423/1966 
f 4604/4423/1966 4561/4424/3476 2442/2233/2309 2441/2232/2308 
f 4605/4425/38 4606/4426/37 4607/4427/37 4608/4428/38 
f 4608/4428/38 4607/4427/37 3519/3316/37 3514/3311/38 
f 4606/4426/37 4609/4429/37 4610/4430/37 4607/4427/37 
f 4607/4427/37 4610/4430/37 3520/3317/37 3519/3316/37 
f 4605/4425/38 4608/4428/38 4611/4431/43 4612/4432/43 
f 4612/4432/43 4611/4431/43 4613/4433/3487 4614/4434/44 
f 4608/4428/38 3514/3311/38 3513/3310/43 4611/4431/43 
f 4611/4431/43 3513/3310/43 3516/3313/44 4613/4433/3487 
f 4605/4425/38 4612/4432/43 4615/4435/43 4616/4436/38 
f 4616/4436/38 4615/4435/43 2960/2721/43 2954/2715/38 
f 4612/4432/43 4614/4434/44 4617/4437/44 4615/4435/43 
f 4615/4435/43 4617/4437/44 2784/2559/44 2960/2721/43 
f 4605/4425/38 4616/4436/38 4618/4438/37 4606/4426/37 
f 4606/4426/37 4618/4438/37 4619/4439/37 4609/4429/37 
f 4616/4436/38 2954/2715/38 2953/2714/37 4618/4438/37 
f 4618/4438/37 2953/2714/37 2957/2718/37 4619/4439/37 
f 4620/3691/3488 4621/4440/3489 4622/4440/3490 4623/3691/3491 
f 4623/3691/3491 4622/4440/3490 3790/4440/1873 3785/3691/2582 
f 4621/4440/3489 3528/689/2943 3527/689/2584 4622/4440/3490 
f 4622/4440/3490 3527/689/2584 2003/689/1873 3790/4440/1873 
f 4620/3691/3488 4623/3691/3491 4624/3690/2585 4625/3690/3489 
f 4625/3690/3489 4624/3690/2585 2888/2641/2584 2887/2641/2583 
f 4623/3691/3491 3785/3691/2582 3784/3690/3144 4624/3690/2585 
f 4624/3690/2585 3784/3690/3144 2889/2641/2582 2888/2641/2584 
f 4620/3691/3488 4625/3690/3489 4626/4441/3492 4627/4442/3492 
f 4627/4442/3492 4626/4441/3492 4628/4441/2343 4629/4442/3493 
f 4625/3690/3489 2887/2641/2583 2896/2646/2588 4626/4441/3492 
f 4626/4441/3492 2896/2646/2588 2509/2646/2343 4628/4441/2343 
f 4620/3691/3488 4627/4442/3492 4630/4443/276 4621/4440/3489 
f 4621/4440/3489 4630/4443/276 3533/3322/2948 3528/689/2943 
f 4627/4442/3492 4629/4442/3493 4631/4443/3493 4630/4443/276 
f 4630/4443/276 4631/4443/3493 3534/3322/2949 3533/3322/2948 
f 4632/4444/2573 4633/4445/2959 4634/4445/3494 4635/4444/2575 
f 4635/4444/2575 4634/4445/3494 3771/4446/3136 3766/4447/1907 
f 4633/4445/2959 3544/3332/2959 3543/3332/2958 4634/4445/3494 
f 4634/4445/3494 3543/3332/2958 2037/3334/1907 3771/4446/3136 
f 4632/4444/2573 4635/4444/2575 4636/4448/286 4637/4448/285 
f 4637/4448/285 4636/4448/286 2872/2631/2576 2871/2631/2573 
f 4635/4444/2575 3766/4447/1907 3765/4449/287 4636/4448/286 
f 4636/4448/286 3765/4449/287 2873/2632/287 2872/2631/2576 
f 4632/4444/2573 4637/4448/285 4638/4450/301 4639/4451/301 
f 4639/4451/301 4638/4450/301 4640/4450/303 4641/4451/2325 
f 4637/4448/285 2871/2631/2573 2880/2638/2577 4638/4450/301 
f 4638/4450/301 2880/2638/2577 2473/2638/2325 4640/4450/303 
f 4632/4444/2573 4639/4451/301 4642/4452/301 4633/4445/2959 
f 4633/4445/2959 4642/4452/301 3549/3337/301 3544/3332/2959 
f 4639/4451/301 4641/4451/2325 4643/4452/2325 4642/4452/301 
f 4642/4452/301 4643/4452/2325 3550/3337/2325 3549/3337/301 
f 4644/4453/2549 4645/4454/608 4646/4455/609 4647/4456/2550 
f 4647/4456/2550 4646/4455/609 4648/4455/2482 4649/4456/610 
f 4645/4454/608 3562/3346/2549 3561/3345/2550 4646/4455/609 
f 4646/4455/609 3561/3345/2550 3564/3345/610 4648/4455/2482 
f 4644/4453/2549 4647/4456/2550 4650/4457/3495 4651/4458/2549 
f 4651/4458/2549 4650/4457/3495 2822/2486/609 2821/2584/608 
f 4647/4456/2550 4649/4456/610 4652/4457/2481 4650/4457/3495 
f 4650/4457/3495 4652/4457/2481 2704/2486/610 2822/2486/609 
f 4644/4453/2549 4651/4458/2549 4653/4459/623 4654/4460/623 
f 4654/4460/623 4653/4459/623 4655/4461/2551 4656/4462/2551 
f 4651/4458/2549 2821/2584/608 2830/2591/623 4653/4459/623 
f 4653/4459/623 2830/2591/623 2832/2593/625 4655/4461/2551 
f 4644/4453/2549 4654/4460/623 4657/4463/2979 4645/4454/608 
f 4645/4454/608 4657/4463/2979 3569/3351/2979 3562/3346/2549 
f 4654/4460/623 4656/4462/2551 4658/4464/625 4657/4463/2979 
f 4657/4463/2979 4658/4464/625 3570/3352/625 3569/3351/2979 
f 4659/4465/2515 4660/4466/2516 4661/4467/2518 4662/4468/2520 
f 4662/4468/2520 4661/4467/2518 4663/4467/3496 4664/4468/3496 
f 4660/4466/2516 3582/3366/2515 3581/3365/2517 4661/4467/2518 
f 4661/4467/2518 3581/3365/2517 3584/3365/2991 4663/4467/3496 
f 4659/4465/2515 4662/4468/2520 4665/4469/2518 4666/4470/2519 
f 4666/4470/2519 4665/4469/2518 2774/2549/2520 2773/2548/2519 
f 4662/4468/2520 4664/4468/3496 4667/4469/2447 4665/4469/2518 
f 4665/4469/2518 4667/4469/2447 2656/2549/2447 2774/2549/2520 
f 4659/4465/2515 4666/4470/2519 4668/4471/2522 4669/4472/2522 
f 4669/4472/2522 4668/4471/2522 4617/4437/44 4614/4434/44 
f 4666/4470/2519 2773/2548/2519 2782/2557/689 4668/4471/2522 
f 4668/4471/2522 2782/2557/689 2784/2559/44 4617/4437/44 
f 4659/4465/2515 4669/4472/2522 4670/4473/689 4660/4466/2516 
f 4660/4466/2516 4670/4473/689 3587/3369/689 3582/3366/2515 
f 4669/4472/2522 4614/4434/44 4613/4433/3487 4670/4473/689 
f 4670/4473/689 4613/4433/3487 3516/3313/44 3587/3369/689 
f 4671/4474/716 4672/4475/716 4673/4476/717 4674/4477/717 
f 4674/4477/717 4673/4476/717 4675/4476/2421 4676/4477/718 
f 4672/4475/716 3598/3379/716 3597/3378/717 4673/4476/717 
f 4673/4476/717 3597/3378/717 3600/3378/718 4675/4476/2421 
f 4671/4474/716 4674/4477/717 4677/4478/2500 4678/4479/2501 
f 4678/4479/2501 4677/4478/2500 2742/2519/717 2741/2518/716 
f 4674/4477/717 4676/4477/718 4679/4478/2420 4677/4478/2500 
f 4677/4478/2500 4679/4478/2420 2624/2519/718 2742/2519/717 
f 4671/4474/716 4678/4479/2501 4680/4480/731 4681/4481/731 
f 4681/4481/731 4680/4480/731 4682/4482/733 4683/4483/733 
f 4678/4479/2501 2741/2518/716 2750/2527/731 4680/4480/731 
f 4680/4480/731 2750/2527/731 2752/2529/733 4682/4482/733 
f 4671/4474/716 4681/4481/731 4684/4484/731 4672/4475/716 
f 4672/4475/716 4684/4484/731 3605/3384/731 3598/3379/716 
f 4681/4481/731 4683/4483/733 4685/4485/733 4684/4484/731 
f 4684/4484/731 4685/4485/733 3606/3385/733 3605/3384/731 
f 4686/4486/740 4687/4487/2498 4688/4488/3497 4689/4489/741 
f 4689/4489/741 4688/4488/3497 4690/4488/3498 4691/4489/3499 
f 4687/4487/2498 3618/3398/3019 3617/3397/3018 4688/4488/3497 
f 4688/4488/3497 3617/3397/3018 3620/3397/3021 4690/4488/3498 
f 4686/4486/740 4689/4489/741 4692/4490/2497 4693/4491/740 
f 4693/4491/740 4692/4490/2497 2726/2408/2497 2725/2504/2498 
f 4689/4489/741 4691/4489/3499 4694/4490/2413 4692/4490/2497 
f 4692/4490/2497 4694/4490/2413 2608/2408/742 2726/2408/2497 
f 4686/4486/740 4693/4491/740 4695/4492/2499 4696/4493/755 
f 4696/4493/755 4695/4492/2499 4697/4494/757 4698/4495/757 
f 4693/4491/740 2725/2504/2498 2734/2511/2499 4695/4492/2499 
f 4695/4492/2499 2734/2511/2499 2736/2513/757 4697/4494/757 
f 4686/4486/740 4696/4493/755 4699/4496/755 4687/4487/2498 
f 4687/4487/2498 4699/4496/755 3625/3403/755 3618/3398/3019 
f 4696/4493/755 4698/4495/757 4700/4497/757 4699/4496/755 
f 4699/4496/755 4700/4497/757 3626/3404/757 3625/3403/755 
f 4701/4498/2478 4702/4499/1264 4703/4499/1265 4704/4498/2479 
f 4704/4498/2479 4703/4499/1265 4705/4500/1266 4706/4501/2388 
f 4702/4499/1264 3638/3414/3036 3637/3414/2479 4703/4499/1265 
f 4703/4499/1265 3637/3414/2479 3640/3416/3038 4705/4500/1266 
f 4701/4498/2478 4704/4498/2479 4707/4502/2479 4708/4502/3500 
f 4708/4502/3500 4707/4502/2479 2694/2479/2479 2693/2479/2478 
f 4704/4498/2479 4706/4501/2388 4709/4503/3501 4707/4502/2479 
f 4707/4502/2479 4709/4503/3501 2576/2480/2388 2694/2479/2479 
f 4701/4498/2478 4708/4502/3500 4710/4502/1277 4711/4498/1277 
f 4711/4498/1277 4710/4502/1277 4652/4457/2481 4649/4456/610 
f 4708/4502/3500 2693/2479/2478 2702/2479/1277 4710/4502/1277 
f 4710/4502/1277 2702/2479/1277 2704/2486/610 4652/4457/2481 
f 4701/4498/2478 4711/4498/1277 4712/4499/1277 4702/4499/1264 
f 4702/4499/1264 4712/4499/1277 3643/3414/1277 3638/3414/3036 
f 4711/4498/1277 4649/4456/610 4648/4455/2482 4712/4499/1277 
f 4712/4499/1277 4648/4455/2482 3564/3345/610 3643/3414/1277 
f 4713/4504/3502 4714/4505/3503 4715/4505/3504 4716/4504/3505 
f 4716/4504/3505 4715/4505/3504 4717/4506/2353 4718/4507/3506 
f 4714/4505/3503 3654/3423/3051 3653/3423/3050 4715/4505/3504 
f 4715/4505/3504 3653/3423/3050 3656/3425/3053 4717/4506/2353 
f 4713/4504/3502 4716/4504/3505 4719/4508/3507 4720/4508/3508 
f 4720/4508/3508 4719/4508/3507 2646/2437/2438 2645/2437/2439 
f 4716/4504/3505 4718/4507/3506 4721/4509/3509 4719/4508/3507 
f 4719/4508/3507 4721/4509/3509 2520/2438/2353 2646/2437/2438 
f 4713/4504/3502 4720/4508/3508 4722/4510/2441 4723/4511/1337 
f 4723/4511/1337 4722/4510/2441 4667/4510/2447 4664/4511/3496 
f 4720/4508/3508 2645/2437/2439 2654/2444/1337 4722/4510/2441 
f 4722/4510/2441 2654/2444/1337 2656/2444/2447 4667/4510/2447 
f 4713/4504/3502 4723/4511/1337 4724/4512/1542 4714/4505/3503 
f 4714/4505/3503 4724/4512/1542 3659/3428/1542 3654/3423/3051 
f 4723/4511/1337 4664/4511/3496 4663/4512/3496 4724/4512/1542 
f 4724/4512/1542 4663/4512/3496 3584/3428/2991 3659/3428/1542 
f 4725/4513/3510 4726/4514/3511 4727/4515/3512 4728/4516/3512 
f 4728/4516/3512 4727/4515/3512 4729/4515/3513 4730/4516/3514 
f 4726/4514/3511 3670/3438/3065 3669/3437/2418 4727/4515/3512 
f 4727/4515/3512 3669/3437/2418 3672/3437/3067 4729/4515/3513 
f 4725/4513/3510 4728/4516/3512 4731/4517/2418 4732/4518/3515 
f 4732/4518/3515 4731/4517/2418 2614/2414/2418 2613/2413/2416 
f 4728/4516/3512 4730/4516/3514 4733/4517/1366 4731/4517/2418 
f 4731/4517/2418 4733/4517/1366 2484/2414/2327 2614/2414/2418 
f 4725/4513/3510 4732/4518/3515 4734/4518/1377 4735/4513/1377 
f 4735/4513/1377 4734/4518/1377 4679/4519/2420 4676/4520/718 
f 4732/4518/3515 2613/2413/2416 2622/2413/1377 4734/4518/1377 
f 4734/4518/1377 2622/2413/1377 2624/2420/718 4679/4519/2420 
f 4725/4513/3510 4735/4513/1377 4736/4514/1377 4726/4514/3511 
f 4726/4514/3511 4736/4514/1377 3675/3438/1377 3670/3438/3065 
f 4735/4513/1377 4676/4520/718 4675/4521/2421 4736/4514/1377 
f 4736/4514/1377 4675/4521/2421 3600/3441/718 3675/3438/1377 
f 4737/4522/2406 4738/4523/2406 4739/4523/3079 4740/4522/3516 
f 4740/4522/3516 4739/4523/3079 4741/4524/1386 4742/4525/3517 
f 4738/4523/2406 3686/3450/3080 3685/3450/3079 4739/4523/3079 
f 4739/4523/3079 3685/3450/3079 3688/3452/3082 4741/4524/1386 
f 4737/4522/2406 4740/4522/3516 4743/4526/3518 4744/4526/2407 
f 4744/4526/2407 4743/4526/3518 2598/2401/2408 2597/2401/2409 
f 4740/4522/3516 4742/4525/3517 4745/4527/3517 4743/4526/3518 
f 4743/4526/3518 4745/4527/3517 2464/2402/2322 2598/2401/2408 
f 4737/4522/2406 4744/4526/2407 4746/4526/3519 4747/4522/2412 
f 4747/4522/2412 4746/4526/3519 4694/4490/2413 4691/4489/3499 
f 4744/4526/2407 2597/2401/2409 2606/2401/2415 4746/4526/3519 
f 4746/4526/3519 2606/2401/2415 2608/2408/742 4694/4490/2413 
f 4737/4522/2406 4747/4522/2412 4748/4523/2412 4738/4523/2406 
f 4738/4523/2406 4748/4523/2412 3691/3450/3085 3686/3450/3080 
f 4747/4522/2412 4691/4489/3499 4690/4488/3498 4748/4523/2412 
f 4748/4523/2412 4690/4488/3498 3620/3397/3021 3691/3450/3085 
f 4749/4528/2385 4750/4529/2385 4751/4530/2384 4752/4531/2386 
f 4752/4531/2386 4751/4530/2384 3988/4532/237 3983/4533/411 
f 4750/4529/2385 3700/3463/2385 3699/3462/2386 4751/4530/2384 
f 4751/4530/2384 3699/3462/2386 349/3465/237 3988/4532/237 
f 4749/4528/2385 4752/4531/2386 4753/4534/2386 4754/4535/2385 
f 4754/4535/2385 4753/4534/2386 2564/2369/2386 2563/2368/2385 
f 4752/4531/2386 3983/4533/411 3982/4536/411 4753/4534/2386 
f 4753/4534/2386 3982/4536/411 2565/2370/237 2564/2369/2386 
f 4749/4528/2385 4754/4535/2385 4755/4537/3520 4756/4538/3520 
f 4756/4538/3520 4755/4537/3520 4709/4539/3501 4706/4540/2388 
f 4754/4535/2385 2563/2368/2385 2574/2379/2390 4755/4537/3520 
f 4755/4537/3520 2574/2379/2390 2576/2381/2388 4709/4539/3501 
f 4749/4528/2385 4756/4538/3520 4757/4541/2390 4750/4529/2385 
f 4750/4529/2385 4757/4541/2390 3703/3470/2390 3700/3463/2385 
f 4756/4538/3520 4706/4540/2388 4705/4542/1266 4757/4541/2390 
f 4757/4541/2390 4705/4542/1266 3640/3471/3038 3703/3470/2390 
f 4758/4543/1888 4759/4544/2342 4760/4545/3521 4761/4546/3521 
f 4761/4546/3521 4760/4545/3521 4631/4547/3493 4629/4548/3493 
f 4759/4544/2342 3712/3484/2342 3711/3483/3102 4760/4545/3521 
f 4760/4545/3521 3711/3483/3102 3534/3486/2949 4631/4547/3493 
f 4758/4543/1888 4761/4546/3521 4762/4549/3521 4763/4550/3522 
f 4763/4550/3522 4762/4549/3521 2508/2302/2345 2507/2301/2344 
f 4761/4546/3521 4629/4548/3493 4628/4551/2343 4762/4549/3521 
f 4762/4549/3521 4628/4551/2343 2509/2303/2343 2508/2302/2345 
f 4758/4543/1888 4763/4550/3522 4764/4552/2350 4765/4553/2351 
f 4765/4553/2351 4764/4552/2350 4721/3711/3509 4718/3710/3506 
f 4763/4550/3522 2507/2301/2344 2518/2312/2351 4764/4552/2350 
f 4764/4552/2350 2518/2312/2351 2520/2314/2353 4721/3711/3509 
f 4758/4543/1888 4765/4553/2351 4766/4554/2351 4759/4544/2342 
f 4759/4544/2342 4766/4554/2351 3715/3489/2351 3712/3484/2342 
f 4765/4553/2351 4718/3710/3506 4717/3709/2353 4766/4554/2351 
f 4766/4554/2351 4717/3709/2353 3656/680/3053 3715/3489/2351 
f 4767/4555/2323 4768/4556/2323 4769/4557/2324 4770/4558/1923 
f 4770/4558/1923 4769/4557/2324 4643/4559/2325 4641/4560/2325 
f 4768/4556/2323 3724/3501/2323 3723/3500/2324 4769/4557/2324 
f 4769/4557/2324 3723/3500/2324 3550/3503/2325 4643/4559/2325 
f 4767/4555/2323 4770/4558/1923 4771/4561/1923 4772/4562/1922 
f 4772/4562/1922 4771/4561/1923 2472/2264/2324 2471/2263/2323 
f 4770/4558/1923 4641/4560/2325 4640/4563/303 4771/4561/1923 
f 4771/4561/1923 4640/4563/303 2473/2265/2325 2472/2264/2324 
f 4767/4555/2323 4772/4562/1922 4773/4564/1932 4774/4565/2326 
f 4774/4565/2326 4773/4564/1932 4733/3661/1366 4730/3658/3514 
f 4772/4562/1922 2471/2263/2323 2482/2274/2326 4773/4564/1932 
f 4773/4564/1932 2482/2274/2326 2484/2276/2327 4733/3661/1366 
f 4767/4555/2323 4774/4565/2326 4775/4566/2326 4768/4556/2323 
f 4768/4556/2323 4775/4566/2326 3727/3506/2326 3724/3501/2323 
f 4774/4565/2326 4730/3658/3514 4729/3657/3513 4775/4566/2326 
f 4775/4566/2326 4729/3657/3513 3672/1256/3067 3727/3506/2326 
f 4776/4567/2312 4777/4568/2313 4778/4569/2314 4779/4570/2314 
f 4779/4570/2314 4778/4569/2314 3973/3558/1975 3968/3553/3210 
f 4777/4568/2313 3736/3517/2313 3735/3516/2314 4778/4569/2314 
f 4778/4569/2314 3735/3516/2314 424/1746/312 3973/3558/1975 
f 4776/4567/2312 4779/4570/2314 4780/4571/1940 4781/4572/2312 
f 4781/4572/2312 4780/4571/1940 2452/2244/2314 2451/2243/2312 
f 4779/4570/2314 3968/3553/3210 3967/3552/312 4780/4571/1940 
f 4780/4571/1940 3967/3552/312 2453/2245/1975 2452/2244/2314 
f 4776/4567/2312 4781/4572/2312 4782/4573/1951 4783/4574/1951 
f 4783/4574/1951 4782/4573/1951 4745/4575/3517 4742/4576/3517 
f 4781/4572/2312 2451/2243/2312 2462/2254/1951 4782/4573/1951 
f 4782/4573/1951 2462/2254/1951 2464/2256/2322 4745/4575/3517 
f 4776/4567/2312 4783/4574/1951 4784/4577/3523 4777/4568/2313 
f 4777/4568/2313 4784/4577/3523 3739/3522/1951 3736/3517/2313 
f 4783/4574/1951 4742/4576/3517 4741/4578/1386 4784/4577/3523 
f 4784/4577/3523 4741/4578/1386 3688/3523/3082 3739/3522/1951 
f 4785/4579/37 4786/4580/37 4787/4581/37 4788/4582/37 
f 4788/4582/37 4787/4581/37 4789/4583/37 4790/4584/37 
f 4786/4580/37 4791/4585/37 4792/4586/37 4787/4581/37 
f 4787/4581/37 4792/4586/37 4793/4587/37 4789/4583/37 
f 4785/4579/37 4788/4582/37 4794/4588/37 4795/4589/37 
f 4795/4589/37 4794/4588/37 4610/4430/37 4609/4429/37 
f 4788/4582/37 4790/4584/37 4796/4590/37 4794/4588/37 
f 4794/4588/37 4796/4590/37 3520/3317/37 4610/4430/37 
f 4785/4579/37 4795/4589/37 4797/4591/37 4798/4592/37 
f 4798/4592/37 4797/4591/37 4799/4593/37 4800/4594/37 
f 4795/4589/37 4609/4429/37 4619/4439/37 4797/4591/37 
f 4797/4591/37 4619/4439/37 2957/2718/37 4799/4593/37 
f 4785/4579/37 4798/4592/37 4801/4595/37 4786/4580/37 
f 4786/4580/37 4801/4595/37 4802/4596/37 4791/4585/37 
f 4798/4592/37 4800/4594/37 4803/4597/37 4801/4595/37 
f 4801/4595/37 4803/4597/37 4804/4598/37 4802/4596/37 
f 4805/4599/3223 4806/4600/3222 4807/4601/3222 4808/4602/3223 
f 4808/4602/3223 4807/4601/3222 4809/4603/3222 4810/4604/3223 
f 4806/4600/3222 4811/4605/200 4812/4606/200 4807/4601/3222 
f 4807/4601/3222 4812/4606/200 295/4607/200 4809/4603/3222 
f 4805/4599/3223 4808/4602/3223 4813/4608/3225 4814/4609/3225 
f 4814/4609/3225 4813/4608/3225 4815/4610/89 4816/4611/89 
f 4808/4602/3223 4810/4604/3223 4817/4612/3225 4813/4608/3225 
f 4813/4608/3225 4817/4612/3225 4818/4613/89 4815/4610/89 
f 4805/4599/3223 4814/4609/3225 4819/4614/3225 4820/4615/3223 
f 4820/4615/3223 4819/4614/3225 4036/3804/3225 4030/3798/3223 
f 4814/4609/3225 4816/4611/89 4821/4616/89 4819/4614/3225 
f 4819/4614/3225 4821/4616/89 3466/3254/89 4036/3804/3225 
f 4805/4599/3223 4820/4615/3223 4822/4617/3222 4806/4600/3222 
f 4806/4600/3222 4822/4617/3222 4823/4618/200 4811/4605/200 
f 4820/4615/3223 4030/3798/3223 4029/3797/3222 4822/4617/3222 
f 4822/4617/3222 4029/3797/3222 4033/3801/200 4823/4618/200 
f 4824/4619/2925 4825/4620/2925 4826/4621/2926 4827/4622/2926 
f 4827/4622/2926 4826/4621/2926 4828/4623/186 4829/4624/186 
f 4825/4620/2925 4830/4625/2925 4831/4626/2926 4826/4621/2926 
f 4826/4621/2926 4831/4626/2926 279/4627/186 4828/4623/186 
f 4824/4619/2925 4827/4622/2926 4832/4628/2926 4833/4629/2925 
f 4833/4629/2925 4832/4628/2926 3504/3300/2926 3503/3299/2925 
f 4827/4622/2926 4829/4624/186 4834/4630/186 4832/4628/2926 
f 4832/4628/2926 4834/4630/186 3505/3301/186 3504/3300/2926 
f 4824/4619/2925 4833/4629/2925 4835/4631/2936 4836/4632/2936 
f 4836/4632/2936 4835/4631/2936 4796/4590/37 4790/4584/37 
f 4833/4629/2925 3503/3299/2925 3518/3315/2936 4835/4631/2936 
f 4835/4631/2936 3518/3315/2936 3520/3317/37 4796/4590/37 
f 4824/4619/2925 4836/4632/2936 4837/4633/2936 4825/4620/2925 
f 4825/4620/2925 4837/4633/2936 4838/4634/2936 4830/4625/2925 
f 4836/4632/2936 4790/4584/37 4789/4583/37 4837/4633/2936 
f 4837/4633/2936 4789/4583/37 4793/4587/37 4838/4634/2936 
f 4839/4635/89 4840/4636/89 4841/4637/89 4842/4638/89 
f 4842/4638/89 4841/4637/89 4843/4639/89 4844/4640/89 
f 4840/4636/89 4816/4611/89 4815/4610/89 4841/4637/89 
f 4841/4637/89 4815/4610/89 4818/4613/89 4843/4639/89 
f 4839/4635/89 4842/4638/89 4845/4641/89 4846/4642/89 
f 4846/4642/89 4845/4641/89 4847/4643/89 4848/4644/89 
f 4842/4638/89 4844/4640/89 4849/4645/89 4845/4641/89 
f 4845/4641/89 4849/4645/89 4850/4646/89 4847/4643/89 
f 4839/4635/89 4846/4642/89 4851/4647/89 4852/4648/89 
f 4852/4648/89 4851/4647/89 3469/3259/89 3463/3251/89 
f 4846/4642/89 4848/4644/89 4853/4649/89 4851/4647/89 
f 4851/4647/89 4853/4649/89 129/3260/89 3469/3259/89 
f 4839/4635/89 4852/4648/89 4854/4650/89 4840/4636/89 
f 4840/4636/89 4854/4650/89 4821/4616/89 4816/4611/89 
f 4852/4648/89 3463/3251/89 3462/3250/89 4854/4650/89 
f 4854/4650/89 3462/3250/89 3466/3254/89 4821/4616/89 
f 4855/4651/37 4856/4652/37 4857/4653/37 4858/4654/37 
f 4858/4654/37 4857/4653/37 4803/4597/37 4800/4594/37 
f 4856/4652/37 4859/4655/37 4860/4656/37 4857/4653/37 
f 4857/4653/37 4860/4656/37 4804/4598/37 4803/4597/37 
f 4855/4651/37 4858/4654/37 4861/4657/37 4862/4658/37 
f 4862/4658/37 4861/4657/37 2956/2717/37 2955/2716/37 
f 4858/4654/37 4800/4594/37 4799/4593/37 4861/4657/37 
f 4861/4657/37 4799/4593/37 2957/2718/37 2956/2717/37 
f 4855/4651/37 4862/4658/37 4863/4659/37 4864/4660/37 
f 4864/4660/37 4863/4659/37 4865/4661/37 4866/4662/37 
f 4862/4658/37 2955/2716/37 2964/2725/37 4863/4659/37 
f 4863/4659/37 2964/2725/37 59/59/37 4865/4661/37 
f 4855/4651/37 4864/4660/37 4867/4663/37 4856/4652/37 
f 4856/4652/37 4867/4663/37 4868/4664/37 4859/4655/37 
f 4864/4660/37 4866/4662/37 4869/4665/37 4867/4663/37 
f 4867/4663/37 4869/4665/37 4870/4666/37 4868/4664/37 
f 4871/4667/184 4872/4668/3524 4873/4669/3525 4874/4670/185 
f 4874/4670/185 4873/4669/3525 3510/189/2932 3502/181/186 
f 4872/4668/3524 1112/939/988 1111/938/987 4873/4669/3525 
f 4873/4669/3525 1111/938/987 1114/190/990 3510/189/2932 
f 4871/4667/184 4874/4670/185 4875/4671/185 4876/4672/184 
f 4876/4672/184 4875/4671/185 4877/4673/185 4878/4674/184 
f 4874/4670/185 3502/181/186 3501/180/186 4875/4671/185 
f 4875/4671/185 3501/180/186 3505/184/186 4877/4673/185 
f 4871/4667/184 4876/4672/184 4879/4675/195 4880/4676/195 
f 4880/4676/195 4879/4675/195 4032/4677/200 4031/4678/3224 
f 4876/4672/184 4878/4674/184 4881/4679/195 4879/4675/195 
f 4879/4675/195 4881/4679/195 4033/4680/200 4032/4677/200 
f 4871/4667/184 4880/4676/195 4882/4681/3526 4872/4668/3524 
f 4872/4668/3524 4882/4681/3526 1116/943/992 1112/939/988 
f 4880/4676/195 4031/4678/3224 4040/4682/3230 4882/4681/3526 
f 4882/4681/3526 4040/4682/3230 967/944/847 1116/943/992 
f 4883/4683/118 4884/4684/118 4885/4685/119 4886/4686/119 
f 4886/4686/119 4885/4685/119 4887/4687/48 4888/4688/48 
f 4884/4684/118 4889/4689/118 4890/4690/119 4885/4685/119 
f 4885/4685/119 4890/4690/119 4891/308/48 4887/4687/48 
f 4883/4683/118 4886/4686/119 4892/4691/119 4893/4692/118 
f 4893/4692/118 4892/4691/119 171/183/119 170/182/118 
f 4886/4686/119 4888/4688/48 4894/4693/48 4892/4691/119 
f 4892/4691/119 4894/4693/48 75/184/48 171/183/119 
f 4883/4683/118 4893/4692/118 4895/4694/124 4896/4695/124 
f 4896/4695/124 4895/4694/124 4897/4696/92 4898/4697/92 
f 4893/4692/118 170/182/118 180/198/124 4895/4694/124 
f 4895/4694/124 180/198/124 135/200/92 4897/4696/92 
f 4883/4683/118 4896/4695/124 4899/4698/124 4884/4684/118 
f 4884/4684/118 4899/4698/124 4900/4699/124 4889/4689/118 
f 4896/4695/124 4898/4697/92 4901/4700/92 4899/4698/124 
f 4899/4698/124 4901/4700/92 4902/4701/92 4900/4699/124 
f 4903/4702/87 4904/4703/86 4905/4704/86 4906/4705/87 
f 4906/4705/87 4905/4704/86 4907/4706/86 4908/4707/87 
f 4904/4703/86 4848/4708/89 4847/4709/89 4905/4704/86 
f 4905/4704/86 4847/4709/89 4850/4710/89 4907/4706/86 
f 4903/4702/87 4906/4705/87 4909/4711/3527 4910/4712/3527 
f 4910/4712/3527 4909/4711/3527 4901/4713/92 4898/4714/92 
f 4906/4705/87 4908/4707/87 4911/4715/3527 4909/4711/3527 
f 4909/4711/3527 4911/4715/3527 4902/4716/92 4901/4713/92 
f 4903/4702/87 4910/4712/3527 4912/4717/3527 4913/4718/87 
f 4913/4718/87 4912/4717/3527 134/139/90 126/131/87 
f 4910/4712/3527 4898/4714/92 4897/4719/92 4912/4717/3527 
f 4912/4717/3527 4897/4719/92 135/140/92 134/139/90 
f 4903/4702/87 4913/4718/87 4914/4720/86 4904/4703/86 
f 4904/4703/86 4914/4720/86 4853/4721/89 4848/4708/89 
f 4913/4718/87 126/131/87 125/130/86 4914/4720/86 
f 4914/4720/86 125/130/86 129/134/89 4853/4721/89 
f 4915/4722/34 4916/4723/3528 4917/4724/35 4918/4725/35 
f 4918/4725/35 4917/4724/35 4869/4665/37 4866/4662/37 
f 4916/4723/3528 4919/4726/34 4920/4727/35 4917/4724/35 
f 4917/4724/35 4920/4727/35 4870/4666/37 4869/4665/37 
f 4915/4722/34 4918/4725/35 4921/4728/35 4922/4729/34 
f 4922/4729/34 4921/4728/35 58/58/35 57/57/34 
f 4918/4725/35 4866/4662/37 4865/4661/37 4921/4728/35 
f 4921/4728/35 4865/4661/37 59/59/37 58/58/35 
f 4915/4722/34 4922/4729/34 4923/4730/46 4924/4731/46 
f 4924/4731/46 4923/4730/46 4894/4732/48 4888/4733/48 
f 4922/4729/34 57/57/34 73/73/46 4923/4730/46 
f 4923/4730/46 73/73/46 75/75/48 4894/4732/48 
f 4915/4722/34 4924/4731/46 4925/4734/46 4916/4723/3528 
f 4916/4723/3528 4925/4734/46 4926/4735/46 4919/4726/34 
f 4924/4731/46 4888/4733/48 4887/4736/48 4925/4734/46 
f 4925/4734/46 4887/4736/48 4891/4737/48 4926/4735/46 
f 4927/4738/171 4928/4739/171 4929/4740/171 4930/4741/171 
f 4930/4741/171 4929/4740/171 4931/4742/171 4932/4743/171 
f 4928/4739/171 4933/4744/171 4934/4745/171 4929/4740/171 
f 4929/4740/171 4934/4745/171 4935/4746/171 4931/4742/171 
f 4927/4738/171 4930/4741/171 4936/4747/171 4937/4748/171 
f 4937/4748/171 4936/4747/171 4421/4254/171 4420/4253/171 
f 4930/4741/171 4932/4743/171 4938/4749/171 4936/4747/171 
f 4936/4747/171 4938/4749/171 2928/2684/171 4421/4254/171 
f 4927/4738/171 4937/4748/171 4939/4750/171 4940/4751/171 
f 4940/4751/171 4939/4750/171 4941/4752/171 4942/4753/171 
f 4937/4748/171 4420/4253/171 4430/4263/171 4939/4750/171 
f 4939/4750/171 4430/4263/171 4001/3761/171 4941/4752/171 
f 4927/4738/171 4940/4751/171 4943/4754/171 4928/4739/171 
f 4928/4739/171 4943/4754/171 4944/4755/171 4933/4744/171 
f 4940/4751/171 4942/4753/171 4945/4756/171 4943/4754/171 
f 4943/4754/171 4945/4756/171 4946/4757/171 4944/4755/171 
f 4947/4758/72 4948/4759/72 4949/4760/72 4950/4761/72 
f 4950/4761/72 4949/4760/72 4951/4762/72 4952/4763/72 
f 4948/4759/72 4953/4764/72 4954/4765/72 4949/4760/72 
f 4949/4760/72 4954/4765/72 4955/4766/72 4951/4762/72 
f 4947/4758/72 4950/4761/72 4956/4767/72 4957/4768/72 
f 4957/4768/72 4956/4767/72 4958/4769/72 4959/4770/72 
f 4950/4761/72 4952/4763/72 4960/4771/72 4956/4767/72 
f 4956/4767/72 4960/4771/72 4961/4772/72 4958/4769/72 
f 4947/4758/72 4957/4768/72 4962/4773/72 4963/4774/72 
f 4963/4774/72 4962/4773/72 4397/4226/72 4394/4220/72 
f 4957/4768/72 4959/4770/72 4964/4775/72 4962/4773/72 
f 4962/4773/72 4964/4775/72 109/109/72 4397/4226/72 
f 4947/4758/72 4963/4774/72 4965/4776/72 4948/4759/72 
f 4948/4759/72 4965/4776/72 4966/4777/72 4953/4764/72 
f 4963/4774/72 4394/4220/72 4393/4219/72 4965/4776/72 
f 4965/4776/72 4393/4219/72 3491/4223/72 4966/4777/72 
f 4967/4778/171 4968/4779/171 4969/4780/171 4970/4781/171 
f 4970/4781/171 4969/4780/171 4945/4756/171 4942/4753/171 
f 4968/4779/171 4971/4782/171 4972/4783/171 4969/4780/171 
f 4969/4780/171 4972/4783/171 4946/4757/171 4945/4756/171 
f 4967/4778/171 4970/4781/171 4973/4784/171 4974/4785/171 
f 4974/4785/171 4973/4784/171 4000/3760/171 3999/3759/171 
f 4970/4781/171 4942/4753/171 4941/4752/171 4973/4784/171 
f 4973/4784/171 4941/4752/171 4001/3761/171 4000/3760/171 
f 4967/4778/171 4974/4785/171 4975/4786/171 4976/4787/171 
f 4976/4787/171 4975/4786/171 4977/4788/171 4978/4789/171 
f 4974/4785/171 3999/3759/171 4008/3772/171 4975/4786/171 
f 4975/4786/171 4008/3772/171 259/284/171 4977/4788/171 
f 4967/4778/171 4976/4787/171 4979/4790/171 4968/4779/171 
f 4968/4779/171 4979/4790/171 4980/4791/171 4971/4782/171 
f 4976/4787/171 4978/4789/171 4981/4792/171 4979/4790/171 
f 4979/4790/171 4981/4792/171 4982/4793/171 4980/4791/171 
f 4983/4794/2917 4984/4795/2915 4985/4796/2915 4986/4797/2917 
f 4986/4797/2917 4985/4796/2915 4987/4798/2915 4988/4799/2917 
f 4984/4795/2915 4989/4800/226 4990/4801/226 4985/4796/2915 
f 4985/4796/2915 4990/4801/226 340/4802/226 4987/4798/2915 
f 4983/4794/2917 4986/4797/2917 4991/4803/2918 4992/4804/2918 
f 4992/4804/2918 4991/4803/2918 4954/4805/72 4953/4806/72 
f 4986/4797/2917 4988/4799/2917 4993/4807/2918 4991/4803/2918 
f 4991/4803/2918 4993/4807/2918 4955/4808/72 4954/4805/72 
f 4983/4794/2917 4992/4804/2918 4994/4809/2918 4995/4810/2917 
f 4995/4810/2917 4994/4809/2918 3490/3283/2918 3482/3275/2917 
f 4992/4804/2918 4953/4806/72 4966/4811/72 4994/4809/2918 
f 4994/4809/2918 4966/4811/72 3491/3284/72 3490/3283/2918 
f 4983/4794/2917 4995/4810/2917 4996/4812/2915 4984/4795/2915 
f 4984/4795/2915 4996/4812/2915 4997/4813/226 4989/4800/226 
f 4995/4810/2917 3482/3275/2917 3481/3274/2915 4996/4812/2915 
f 4996/4812/2915 3481/3274/2915 3485/3278/226 4997/4813/226 
f 4998/4814/2602 4999/4815/2602 5000/4816/2603 5001/4817/2603 
f 5001/4817/2603 5000/4816/2603 5002/4818/218 5003/4819/218 
f 4999/4815/2602 5004/4820/2602 5005/4821/2603 5000/4816/2603 
f 5000/4816/2603 5005/4821/2603 324/4822/218 5002/4818/218 
f 4998/4814/2602 5001/4817/2603 5006/4823/2603 5007/4824/2602 
f 5007/4824/2602 5006/4823/2603 2916/2668/2603 2915/2667/2602 
f 5001/4817/2603 5003/4819/218 5008/4825/218 5006/4823/2603 
f 5006/4823/2603 5008/4825/218 2917/2669/218 2916/2668/2603 
f 4998/4814/2602 5007/4824/2602 5009/4826/2609 5010/4827/2609 
f 5010/4827/2609 5009/4826/2609 4938/4749/171 4932/4743/171 
f 5007/4824/2602 2915/2667/2602 2926/2682/2609 5009/4826/2609 
f 5009/4826/2609 2926/2682/2609 2928/2684/171 4938/4749/171 
f 4998/4814/2602 5010/4827/2609 5011/4828/2609 4999/4815/2602 
f 4999/4815/2602 5011/4828/2609 5012/4829/2609 5004/4820/2602 
f 5010/4827/2609 4932/4743/171 4931/4742/171 5011/4828/2609 
f 5011/4828/2609 4931/4742/171 4935/4746/171 5012/4829/2609 
f 5013/4830/216 5014/4831/216 5015/4832/217 5016/4833/217 
f 5016/4833/217 5015/4832/217 2920/4834/2606 2914/4835/218 
f 5014/4831/216 1272/1106/216 1271/1105/1147 5015/4832/217 
f 5015/4832/217 1271/1105/1147 1274/1108/1149 2920/4834/2606 
f 5013/4830/216 5016/4833/217 5017/4836/217 5018/4837/216 
f 5018/4837/216 5017/4836/217 5019/4838/217 5020/4839/216 
f 5016/4833/217 2914/4835/218 2913/4840/218 5017/4836/217 
f 5017/4836/217 2913/4840/218 2917/4841/218 5019/4838/217 
f 5013/4830/216 5018/4837/216 5021/4842/224 5022/4843/224 
f 5022/4843/224 5021/4842/224 3484/4844/226 3483/4845/226 
f 5018/4837/216 5020/4839/216 5023/4846/224 5021/4842/224 
f 5021/4842/224 5023/4846/224 3485/4847/226 3484/4844/226 
f 5013/4830/216 5022/4843/224 5024/4848/3529 5014/4831/216 
f 5014/4831/216 5024/4848/3529 1276/1111/1151 1272/1106/216 
f 5022/4843/224 3483/4845/226 3496/4849/2923 5024/4848/3529 
f 5024/4848/3529 3496/4849/2923 992/1112/871 1276/1111/1151 
f 5025/4850/168 5026/4851/168 5027/4852/173 5028/4853/173 
f 5028/4853/173 5027/4852/173 4981/4792/171 4978/4789/171 
f 5026/4851/168 5029/4854/168 5030/4855/173 5027/4852/173 
f 5027/4852/173 5030/4855/173 4982/4793/171 4981/4792/171 
f 5025/4850/168 5028/4853/173 5031/4856/173 5032/4857/168 
f 5032/4857/168 5031/4856/173 258/283/173 257/282/168 
f 5028/4853/173 4978/4789/171 4977/4788/171 5031/4856/173 
f 5031/4856/173 4977/4788/171 259/284/171 258/283/173 
f 5025/4850/168 5032/4857/168 5033/4858/183 5034/4859/183 
f 5034/4859/183 5033/4858/183 5035/4860/53 5036/4861/53 
f 5032/4857/168 257/282/168 270/297/183 5033/4858/183 
f 5033/4858/183 270/297/183 84/299/53 5035/4860/53 
f 5025/4850/168 5034/4859/183 5037/4862/183 5026/4851/168 
f 5026/4851/168 5037/4862/183 5038/4863/183 5029/4854/168 
f 5034/4859/183 5036/4861/53 5039/4864/53 5037/4862/183 
f 5037/4862/183 5039/4864/53 5040/4865/53 5038/4863/183 
f 5041/4866/69 5042/4867/70 5043/4868/70 5044/4869/69 
f 5044/4869/69 5043/4868/70 5045/4870/70 5046/4871/69 
f 5042/4867/70 4959/4770/72 4958/4769/72 5043/4868/70 
f 5043/4868/70 4958/4769/72 4961/4772/72 5045/4870/70 
f 5041/4866/69 5044/4869/69 5047/4872/75 5048/4873/75 
f 5048/4873/75 5047/4872/75 5049/4874/63 5050/4875/63 
f 5044/4869/69 5046/4871/69 5051/4876/75 5047/4872/75 
f 5047/4872/75 5051/4876/75 5052/4877/63 5049/4874/63 
f 5041/4866/69 5048/4873/75 5053/4878/75 5054/4879/69 
f 5054/4879/69 5053/4878/75 112/114/75 106/106/69 
f 5048/4873/75 5050/4875/63 5055/4880/63 5053/4878/75 
f 5053/4878/75 5055/4880/63 100/115/63 112/114/75 
f 5041/4866/69 5054/4879/69 5056/4881/70 5042/4867/70 
f 5042/4867/70 5056/4881/70 4964/4775/72 4959/4770/72 
f 5054/4879/69 106/106/69 105/105/70 5056/4881/70 
f 5056/4881/70 105/105/70 109/109/72 4964/4775/72 
f 5057/4882/51 5058/4883/51 5059/4884/52 5060/4885/52 
f 5060/4885/52 5059/4884/52 5039/4886/53 5036/4887/53 
f 5058/4883/51 5061/4888/51 5062/4889/52 5059/4884/52 
f 5059/4884/52 5062/4889/52 5040/4890/53 5039/4886/53 
f 5057/4882/51 5060/4885/52 5063/4891/52 5064/4892/51 
f 5064/4892/51 5063/4891/52 83/83/52 82/82/51 
f 5060/4885/52 5036/4887/53 5035/4893/53 5063/4891/52 
f 5063/4891/52 5035/4893/53 84/84/53 83/83/52 
f 5057/4882/51 5064/4892/51 5065/4894/61 5066/4895/61 
f 5066/4895/61 5065/4894/61 5055/4896/63 5050/4897/63 
f 5064/4892/51 82/82/51 98/98/61 5065/4894/61 
f 5065/4894/61 98/98/61 100/100/63 5055/4896/63 
f 5057/4882/51 5066/4895/61 5067/4898/61 5058/4883/51 
f 5058/4883/51 5067/4898/61 5068/4899/61 5061/4888/51 
f 5066/4895/61 5050/4897/63 5049/4900/63 5067/4898/61 
f 5067/4898/61 5049/4900/63 5052/4901/63 5068/4899/61 
f 5069/4902/3530 5070/4903/3531 5071/4904/3532 5072/4905/3533 
f 5072/4905/3533 5071/4904/3532 5073/4906/3534 5074/4907/107 
f 5070/4903/3531 2812/4908/2546 2811/4909/2545 5071/4904/3532 
f 5071/4904/3532 2811/4909/2545 2814/4910/649 5073/4906/3534 
f 5069/4902/3530 5072/4905/3533 5075/4911/35 5076/4912/34 
f 5076/4912/34 5075/4911/35 4920/4727/35 4919/4726/34 
f 5072/4905/3533 5074/4907/107 5077/4913/37 5075/4911/35 
f 5075/4911/35 5077/4913/37 4870/4666/37 4920/4727/35 
f 5069/4902/3530 5076/4912/34 5078/4914/46 5079/4915/46 
f 5079/4915/46 5078/4914/46 5080/4916/48 5081/4917/48 
f 5076/4912/34 4919/4726/34 4926/4735/46 5078/4914/46 
f 5078/4914/46 4926/4735/46 4891/4737/48 5080/4916/48 
f 5069/4902/3530 5079/4915/46 5082/4918/3535 5070/4903/3531 
f 5070/4903/3531 5082/4918/3535 2816/4919/2548 2812/4908/2546 
f 5079/4915/46 5081/4917/48 5083/4920/3536 5082/4918/3535 
f 5082/4918/3535 5083/4920/3536 1310/246/1184 2816/4919/2548 
f 5084/4921/3537 5085/4922/3538 5086/4923/3539 5087/4924/3540 
f 5087/4924/3540 5086/4923/3539 920/4925/801 915/4926/796 
f 5085/4922/3538 5088/4927/144 5089/4928/3541 5086/4923/3539 
f 5086/4923/3539 5089/4928/3541 921/3245/802 920/4925/801 
f 5084/4921/3537 5087/4924/3540 5090/4929/3542 5091/4930/90 
f 5091/4930/90 5090/4929/3542 5092/4931/3543 5093/4932/92 
f 5087/4924/3540 915/4926/796 914/4933/795 5090/4929/3542 
f 5090/4929/3542 914/4933/795 917/2789/798 5092/4931/3543 
f 5084/4921/3537 5091/4930/90 5094/4934/3527 5095/4935/87 
f 5095/4935/87 5094/4934/3527 4911/4715/3527 4908/4707/87 
f 5091/4930/90 5093/4932/92 5096/4936/92 5094/4934/3527 
f 5094/4934/3527 5096/4936/92 4902/4716/92 4911/4715/3527 
f 5084/4921/3537 5095/4935/87 5097/4937/86 5085/4922/3538 
f 5085/4922/3538 5097/4937/86 5098/4938/89 5088/4927/144 
f 5095/4935/87 4908/4707/87 4907/4706/86 5097/4937/86 
f 5097/4937/86 4907/4706/86 4850/4710/89 5098/4938/89 
f 5099/4939/118 5100/4940/120 5101/4941/3544 5102/4942/119 
f 5102/4942/119 5101/4941/3544 5083/313/3536 5081/305/48 
f 5100/4940/120 1308/1145/120 1307/1144/1182 5101/4941/3544 
f 5101/4941/3544 1307/1144/1182 1310/314/1184 5083/313/3536 
f 5099/4939/118 5102/4942/119 5103/4943/119 5104/4944/118 
f 5104/4944/118 5103/4943/119 4890/4690/119 4889/4689/118 
f 5102/4942/119 5081/305/48 5080/304/48 5103/4943/119 
f 5103/4943/119 5080/304/48 4891/308/48 4890/4690/119 
f 5099/4939/118 5104/4944/118 5105/4945/124 5106/4946/124 
f 5106/4946/124 5105/4945/124 5096/4947/92 5093/4948/92 
f 5104/4944/118 4889/4689/118 4900/4699/124 5105/4945/124 
f 5105/4945/124 4900/4699/124 4902/4701/92 5096/4947/92 
f 5099/4939/118 5106/4946/124 5107/4949/3545 5100/4940/120 
f 5100/4940/120 5107/4949/3545 1312/1149/1186 1308/1145/120 
f 5106/4946/124 5093/4948/92 5092/4950/3543 5107/4949/3545 
f 5107/4949/3545 5092/4950/3543 917/1150/798 1312/1149/1186 
f 5108/4951/107 5109/4952/3534 5110/4953/3534 5111/4954/107 
f 5111/4954/107 5110/4953/3534 5112/4955/3534 5113/4956/107 
f 5109/4952/3534 4482/4957/649 4481/4958/649 5110/4953/3534 
f 5110/4953/3534 4481/4958/649 3946/4959/649 5112/4955/3534 
f 5108/4951/107 5111/4954/107 5114/4960/37 5115/4961/37 
f 5115/4961/37 5114/4960/37 4860/4656/37 4859/4655/37 
f 5111/4954/107 5113/4956/107 5116/4962/37 5114/4960/37 
f 5114/4960/37 5116/4962/37 4804/4598/37 4860/4656/37 
f 5108/4951/107 5115/4961/37 5117/4963/37 5118/4964/107 
f 5118/4964/107 5117/4963/37 5077/4913/37 5074/4907/107 
f 5115/4961/37 4859/4655/37 4868/4664/37 5117/4963/37 
f 5117/4963/37 4868/4664/37 4870/4666/37 5077/4913/37 
f 5108/4951/107 5118/4964/107 5119/4965/3534 5109/4952/3534 
f 5109/4952/3534 5119/4965/3534 4484/4966/649 4482/4957/649 
f 5118/4964/107 5074/4907/107 5073/4906/3534 5119/4965/3534 
f 5119/4965/3534 5073/4906/3534 2814/4910/649 4484/4966/649 
f 5120/4967/144 5121/4968/144 5122/4969/3541 5123/4970/3541 
f 5123/4970/3541 5122/4969/3541 3362/4971/802 3359/4972/802 
f 5121/4968/144 5124/4973/144 5125/4974/3541 5122/4969/3541 
f 5122/4969/3541 5125/4974/3541 3363/4975/802 3362/4971/802 
f 5120/4967/144 5123/4970/3541 5126/4976/3541 5127/4977/144 
f 5127/4977/144 5126/4976/3541 5089/3215/3541 5088/4978/144 
f 5123/4970/3541 3359/4972/802 3358/4979/802 5126/4976/3541 
f 5126/4976/3541 3358/4979/802 921/3216/802 5089/3215/3541 
f 5120/4967/144 5127/4977/144 5128/4980/89 5129/4981/89 
f 5129/4981/89 5128/4980/89 4849/4645/89 4844/4640/89 
f 5127/4977/144 5088/4978/144 5098/4982/89 5128/4980/89 
f 5128/4980/89 5098/4982/89 4850/4646/89 4849/4645/89 
f 5120/4967/144 5129/4981/89 5130/4983/89 5121/4968/144 
f 5121/4968/144 5130/4983/89 5131/4984/89 5124/4973/144 
f 5129/4981/89 4844/4640/89 4843/4639/89 5130/4983/89 
f 5130/4983/89 4843/4639/89 4818/4613/89 5131/4984/89 
f 5132/4985/3546 5133/4986/3547 5134/4987/3548 5135/4988/3549 
f 5135/4988/3549 5134/4987/3548 284/4989/192 276/4990/187 
f 5133/4986/3547 763/4991/644 762/4992/643 5134/4987/3548 
f 5134/4987/3548 762/4992/643 285/4993/193 284/4989/192 
f 5132/4985/3546 5135/4988/3549 5136/4994/2926 5137/4995/2925 
f 5137/4995/2925 5136/4994/2926 4831/4626/2926 4830/4625/2925 
f 5135/4988/3549 276/4990/187 275/4996/186 5136/4994/2926 
f 5136/4994/2926 275/4996/186 279/4627/186 4831/4626/2926 
f 5132/4985/3546 5137/4995/2925 5138/4997/2936 5139/4998/3550 
f 5139/4998/3550 5138/4997/2936 5140/4999/37 5141/5000/107 
f 5137/4995/2925 4830/4625/2925 4838/4634/2936 5138/4997/2936 
f 5138/4997/2936 4838/4634/2936 4793/4587/37 5140/4999/37 
f 5132/4985/3546 5139/4998/3550 5142/5001/3551 5133/4986/3547 
f 5133/4986/3547 5142/5001/3551 767/5002/648 763/4991/644 
f 5139/4998/3550 5141/5000/107 5143/5003/3534 5142/5001/3551 
f 5142/5001/3551 5143/5003/3534 768/5004/649 767/5002/648 
f 5144/5005/3552 5145/5006/3553 5146/5007/3554 5147/5008/3555 
f 5147/5008/3555 5146/5007/3554 4079/5009/3269 4077/5010/3267 
f 5145/5006/3553 289/5011/197 288/5012/196 5146/5007/3554 
f 5146/5007/3554 288/5012/196 291/4214/199 4079/5009/3269 
f 5144/5005/3552 5147/5008/3555 5148/5013/3556 5149/5014/3557 
f 5149/5014/3557 5148/5013/3556 5125/4974/3541 5124/4973/144 
f 5147/5008/3555 4077/5010/3267 4076/5015/3266 5148/5013/3556 
f 5148/5013/3556 4076/5015/3266 3363/4975/802 5125/4974/3541 
f 5144/5005/3552 5149/5014/3557 5150/5016/3225 5151/5017/3223 
f 5151/5017/3223 5150/5016/3225 4817/4612/3225 4810/4604/3223 
f 5149/5014/3557 5124/4973/144 5131/4984/89 5150/5016/3225 
f 5150/5016/3225 5131/4984/89 4818/4613/89 4817/4612/3225 
f 5144/5005/3552 5151/5017/3223 5152/5018/3222 5145/5006/3553 
f 5145/5006/3553 5152/5018/3222 294/5019/200 289/5011/197 
f 5151/5017/3223 4810/4604/3223 4809/4603/3222 5152/5018/3222 
f 5152/5018/3222 4809/4603/3222 295/4607/200 294/5019/200 
f 5153/5020/107 5154/5021/3534 5155/5022/3534 5156/5023/107 
f 5156/5023/107 5155/5022/3534 5143/5003/3534 5141/5000/107 
f 5154/5021/3534 3942/5024/649 3941/5025/649 5155/5022/3534 
f 5155/5022/3534 3941/5025/649 768/5004/649 5143/5003/3534 
f 5153/5020/107 5156/5023/107 5157/5026/37 5158/5027/37 
f 5158/5027/37 5157/5026/37 4792/4586/37 4791/4585/37 
f 5156/5023/107 5141/5000/107 5140/4999/37 5157/5026/37 
f 5157/5026/37 5140/4999/37 4793/4587/37 4792/4586/37 
f 5153/5020/107 5158/5027/37 5159/5028/37 5160/5029/107 
f 5160/5029/107 5159/5028/37 5116/4962/37 5113/4956/107 
f 5158/5027/37 4791/4585/37 4802/4596/37 5159/5028/37 
f 5159/5028/37 4802/4596/37 4804/4598/37 5116/4962/37 
f 5153/5020/107 5160/5029/107 5161/5030/3534 5154/5021/3534 
f 5154/5021/3534 5161/5030/3534 3945/5031/649 3942/5024/649 
f 5160/5029/107 5113/4956/107 5112/4955/3534 5161/5030/3534 
f 5161/5030/3534 5112/4955/3534 3946/4959/649 3945/5031/649 
f 5162/5032/184 5163/5033/184 5164/5034/185 5165/5035/185 
f 5165/5035/185 5164/5034/185 4834/4693/186 4829/4688/186 
f 5163/5033/184 4878/4674/184 4877/4673/185 5164/5034/185 
f 5164/5034/185 4877/4673/185 3505/184/186 4834/4693/186 
f 5162/5032/184 5165/5035/185 5166/5036/185 5167/5037/184 
f 5167/5037/184 5166/5036/185 278/307/185 277/306/184 
f 5165/5035/185 4829/4688/186 4828/4687/186 5166/5036/185 
f 5166/5036/185 4828/4687/186 279/308/186 278/307/185 
f 5162/5032/184 5167/5037/184 5168/5038/195 5169/5039/195 
f 5169/5039/195 5168/5038/195 4812/5040/200 4811/5041/200 
f 5167/5037/184 277/306/184 293/322/195 5168/5038/195 
f 5168/5038/195 293/322/195 295/324/200 4812/5040/200 
f 5162/5032/184 5169/5039/195 5170/5042/195 5163/5033/184 
f 5163/5033/184 5170/5042/195 4881/4679/195 4878/4674/184 
f 5169/5039/195 4811/5041/200 4823/5043/200 5170/5042/195 
f 5170/5042/195 4823/5043/200 4033/4680/200 4881/4679/195 
f 5171/5044/3558 5172/5045/3559 5173/5046/3559 5174/5047/3558 
f 5174/5047/3558 5173/5046/3559 5175/5048/3559 5176/5049/3558 
f 5172/5045/3559 2828/2589/2551 2827/2588/2551 5173/5046/3559 
f 5173/5046/3559 2827/2588/2551 744/660/625 5175/5048/3559 
f 5171/5044/3558 5174/5047/3558 5177/5050/72 5178/5051/72 
f 5178/5051/72 5177/5050/72 5179/5052/72 5180/5053/72 
f 5174/5047/3558 5176/5049/3558 5181/5054/72 5177/5050/72 
f 5177/5050/72 5181/5054/72 5182/5055/72 5179/5052/72 
f 5171/5044/3558 5178/5051/72 5183/5056/72 5184/5057/3558 
f 5184/5057/3558 5183/5056/72 5185/5058/72 5186/5059/3558 
f 5178/5051/72 5180/5053/72 5187/5060/72 5183/5056/72 
f 5183/5056/72 5187/5060/72 5188/5061/72 5185/5058/72 
f 5171/5044/3558 5184/5057/3558 5189/5062/3559 5172/5045/3559 
f 5172/5045/3559 5189/5062/3559 2831/2592/625 2828/2589/2551 
f 5184/5057/3558 5186/5059/3558 5190/5063/3559 5189/5062/3559 
f 5189/5062/3559 5190/5063/3559 2832/2593/625 2831/2592/625 
f 5191/5064/3560 5192/5065/3560 5193/5066/3561 5194/5067/3561 
f 5194/5067/3561 5193/5066/3561 4346/4154/826 4344/4151/826 
f 5192/5065/3560 5195/5068/3560 5196/5069/3561 5193/5066/3561 
f 5193/5066/3561 5196/5069/3561 3345/4155/826 4346/4154/826 
f 5191/5064/3560 5194/5067/3561 5197/5070/3561 5198/5071/3560 
f 5198/5071/3560 5197/5070/3561 5199/5072/3561 5200/5073/3560 
f 5194/5067/3561 4344/4151/826 4343/4150/826 5197/5070/3561 
f 5197/5070/3561 4343/4150/826 946/824/826 5199/5072/3561 
f 5191/5064/3560 5198/5071/3560 5201/5074/171 5202/5075/171 
f 5202/5075/171 5201/5074/171 5203/5076/171 5204/5077/171 
f 5198/5071/3560 5200/5073/3560 5205/5078/171 5201/5074/171 
f 5201/5074/171 5205/5078/171 5206/5079/171 5203/5076/171 
f 5191/5064/3560 5202/5075/171 5207/5080/171 5192/5065/3560 
f 5192/5065/3560 5207/5080/171 5208/5081/171 5195/5068/3560 
f 5202/5075/171 5204/5077/171 5209/5082/171 5207/5080/171 
f 5207/5080/171 5209/5082/171 5210/5083/171 5208/5081/171 
f 5211/5084/3558 5212/5085/3559 5213/5086/3559 5214/5087/3558 
f 5214/5087/3558 5213/5086/3559 5190/5063/3559 5186/5059/3558 
f 5212/5085/3559 4656/4462/2551 4655/4461/2551 5213/5086/3559 
f 5213/5086/3559 4655/4461/2551 2832/2593/625 5190/5063/3559 
f 5211/5084/3558 5214/5087/3558 5215/5088/72 5216/5089/72 
f 5216/5089/72 5215/5088/72 5217/5090/72 5218/5091/72 
f 5214/5087/3558 5186/5059/3558 5185/5058/72 5215/5088/72 
f 5215/5088/72 5185/5058/72 5188/5061/72 5217/5090/72 
f 5211/5084/3558 5216/5089/72 5219/5092/72 5220/5093/3558 
f 5220/5093/3558 5219/5092/72 5221/5094/72 5222/5095/3558 
f 5216/5089/72 5218/5091/72 5223/5096/72 5219/5092/72 
f 5219/5092/72 5223/5096/72 5224/5097/72 5221/5094/72 
f 5211/5084/3558 5220/5093/3558 5225/5098/3559 5212/5085/3559 
f 5212/5085/3559 5225/5098/3559 4658/4464/625 4656/4462/2551 
f 5220/5093/3558 5222/5095/3558 5226/5099/3559 5225/5098/3559 
f 5225/5098/3559 5226/5099/3559 3570/3352/625 4658/4464/625 
f 5227/5100/3562 5228/5101/3563 5229/5102/3564 5230/5103/3565 
f 5230/5103/3565 5229/5102/3564 3347/3135/2855 3343/3131/2853 
f 5228/5101/3563 244/5104/164 243/5105/163 5229/5102/3564 
f 5229/5102/3564 243/5105/163 246/3136/166 3347/3135/2855 
f 5227/5100/3562 5230/5103/3565 5231/5106/3566 5232/5107/3567 
f 5232/5107/3567 5231/5106/3566 5196/5108/3561 5195/5109/3560 
f 5230/5103/3565 3343/3131/2853 3342/3130/2852 5231/5106/3566 
f 5231/5106/3566 3342/3130/2852 3345/3133/826 5196/5108/3561 
f 5227/5100/3562 5232/5107/3567 5233/5110/2895 5234/5111/2894 
f 5234/5111/2894 5233/5110/2895 5235/5112/2895 5236/5113/2894 
f 5232/5107/3567 5195/5109/3560 5208/5114/171 5233/5110/2895 
f 5233/5110/2895 5208/5114/171 5210/5115/171 5235/5112/2895 
f 5227/5100/3562 5234/5111/2894 5237/5116/2893 5228/5101/3563 
f 5228/5101/3563 5237/5116/2893 249/5117/164 244/5104/164 
f 5234/5111/2894 5236/5113/2894 5238/5118/2893 5237/5116/2893 
f 5237/5116/2893 5238/5118/2893 250/5119/164 249/5117/164 
f 5239/5120/3568 5240/5121/3569 5241/5122/3570 5242/5123/2554 
f 5242/5123/2554 5241/5122/3570 239/5124/159 231/5125/157 
f 5240/5121/3569 739/654/620 738/653/619 5241/5122/3570 
f 5241/5122/3570 738/653/619 240/656/160 239/5124/159 
f 5239/5120/3568 5242/5123/2554 5243/5126/2554 5244/5127/2553 
f 5244/5127/2553 5243/5126/2554 5245/5128/2554 5246/5129/2553 
f 5242/5123/2554 231/5125/157 230/5130/157 5243/5126/2554 
f 5243/5126/2554 230/5130/157 234/5131/157 5245/5128/2554 
f 5239/5120/3568 5244/5127/2553 5247/5132/2560 5248/5133/3571 
f 5248/5133/3571 5247/5132/2560 5181/5054/72 5176/5049/3558 
f 5244/5127/2553 5246/5129/2553 5249/5134/2560 5247/5132/2560 
f 5247/5132/2560 5249/5134/2560 5182/5055/72 5181/5054/72 
f 5239/5120/3568 5248/5133/3571 5250/5135/3572 5240/5121/3569 
f 5240/5121/3569 5250/5135/3572 743/659/624 739/654/620 
f 5248/5133/3571 5176/5049/3558 5175/5048/3559 5250/5135/3572 
f 5250/5135/3572 5175/5048/3559 744/660/625 743/659/624 
f 5251/5136/3573 5252/5137/3574 5253/5138/3575 5254/5139/3576 
f 5254/5139/3576 5253/5138/3575 5226/5099/3559 5222/5095/3558 
f 5252/5137/3574 3568/3350/2978 3567/3349/2977 5253/5138/3575 
f 5253/5138/3575 3567/3349/2977 3570/3352/625 5226/5099/3559 
f 5251/5136/3573 5254/5139/3576 5255/5140/590 5256/5141/589 
f 5256/5141/589 5255/5140/590 5257/5142/590 5258/5143/589 
f 5254/5139/3576 5222/5095/3558 5221/5094/72 5255/5140/590 
f 5255/5140/590 5221/5094/72 5224/5097/72 5257/5142/590 
f 5251/5136/3573 5256/5141/589 5259/5144/601 5260/5145/3577 
f 5260/5145/3577 5259/5144/601 5261/5146/3 5262/5147/3 
f 5256/5141/589 5258/5143/589 5263/5148/601 5259/5144/601 
f 5259/5144/601 5263/5148/601 5264/5149/3 5261/5146/3 
f 5251/5136/3573 5260/5145/3577 5265/5150/3578 5252/5137/3574 
f 5252/5137/3574 5265/5150/3578 3572/3355/2981 3568/3350/2978 
f 5260/5145/3577 5262/5147/3 5266/5151/3579 5265/5150/3578 
f 5265/5150/3578 5266/5151/3579 1330/3356/1204 3572/3355/2981 
f 5267/5152/3580 5268/5153/3581 5269/5154/3582 5270/5155/3583 
f 5270/5155/3583 5269/5154/3582 945/823/825 940/818/820 
f 5268/5153/3581 5200/5073/3560 5199/5072/3561 5269/5154/3582 
f 5269/5154/3582 5199/5072/3561 946/824/826 945/823/825 
f 5267/5152/3580 5270/5155/3583 5271/5156/3584 5272/5157/3585 
f 5272/5157/3585 5271/5156/3584 5273/5158/3586 5274/5159/16 
f 5270/5155/3583 940/818/820 939/817/819 5271/5156/3584 
f 5271/5156/3584 939/817/819 942/820/822 5273/5158/3586 
f 5267/5152/3580 5272/5157/3585 5275/5160/205 5276/5161/204 
f 5276/5161/204 5275/5160/205 5277/5162/207 5278/5163/204 
f 5272/5157/3585 5274/5159/16 5279/5164/16 5275/5160/205 
f 5275/5160/205 5279/5164/16 5280/5165/16 5277/5162/207 
f 5267/5152/3580 5276/5161/204 5281/5166/203 5268/5153/3581 
f 5268/5153/3581 5281/5166/203 5205/5078/171 5200/5073/3560 
f 5276/5161/204 5278/5163/204 5282/5167/203 5281/5166/203 
f 5281/5166/203 5282/5167/203 5206/5079/171 5205/5078/171 
f 5283/5168/155 5284/5169/155 5285/5170/156 5286/5171/156 
f 5286/5171/156 5285/5170/156 5287/5172/157 5288/5173/157 
f 5284/5169/155 5289/5174/155 5290/5175/156 5285/5170/156 
f 5285/5170/156 5290/5175/156 2841/9/157 5287/5172/157 
f 5283/5168/155 5286/5171/156 5291/5176/156 5292/5177/155 
f 5292/5177/155 5291/5176/156 233/258/156 232/257/155 
f 5286/5171/156 5288/5173/157 5293/5178/157 5291/5176/156 
f 5291/5176/156 5293/5178/157 234/259/157 233/258/156 
f 5283/5168/155 5292/5177/155 5294/5179/162 5295/5180/162 
f 5295/5180/162 5294/5179/162 5296/5181/164 5297/5182/164 
f 5292/5177/155 232/257/155 248/273/162 5294/5179/162 
f 5294/5179/162 248/273/162 250/275/164 5296/5181/164 
f 5283/5168/155 5295/5180/162 5298/5183/162 5284/5169/155 
f 5284/5169/155 5298/5183/162 5299/5184/162 5289/5174/155 
f 5295/5180/162 5297/5182/164 5300/5185/164 5298/5183/162 
f 5298/5183/162 5300/5185/164 3426/5186/164 5299/5184/162 
f 5301/5187/1 5302/5188/3587 5303/5189/3588 5304/5190/2 
f 5304/5190/2 5303/5189/3588 5266/264/3579 5262/256/3 
f 5302/5188/3587 1328/1165/1202 1327/1164/1201 5303/5189/3588 
f 5303/5189/3588 1327/1164/1201 1330/1167/1204 5266/264/3579 
f 5301/5187/1 5304/5190/2 5305/5191/2 5306/5192/1 
f 5306/5192/1 5305/5191/2 5307/5193/2 5308/5194/1 
f 5304/5190/2 5262/256/3 5261/255/3 5305/5191/2 
f 5305/5191/2 5261/255/3 5264/259/3 5307/5193/2 
f 5301/5187/1 5306/5192/1 5309/5195/11 5310/5196/11 
f 5310/5196/11 5309/5195/11 5279/5197/16 5274/5198/16 
f 5306/5192/1 5308/5194/1 5311/5199/11 5309/5195/11 
f 5309/5195/11 5311/5199/11 5280/5200/16 5279/5197/16 
f 5301/5187/1 5310/5196/11 5312/5201/3589 5302/5188/3587 
f 5302/5188/3587 5312/5201/3589 1332/1170/1206 1328/1165/1202 
f 5310/5196/11 5274/5198/16 5273/5202/3586 5312/5201/3589 
f 5312/5201/3589 5273/5202/3586 942/1171/822 1332/1170/1206 
f 5313/5203/155 5314/5204/155 5315/5205/156 5316/5206/156 
f 5316/5206/156 5315/5205/156 2844/14/2557 2838/6/157 
f 5314/5204/155 1364/1203/1238 1363/1202/1237 5315/5205/156 
f 5315/5205/156 1363/1202/1237 1366/15/1240 2844/14/2557 
f 5313/5203/155 5316/5206/156 5317/5207/156 5318/5208/155 
f 5318/5208/155 5317/5207/156 5290/5175/156 5289/5174/155 
f 5316/5206/156 2838/6/157 2837/5/157 5317/5207/156 
f 5317/5207/156 2837/5/157 2841/9/157 5290/5175/156 
f 5313/5203/155 5318/5208/155 5319/5209/162 5320/5210/162 
f 5320/5210/162 5319/5209/162 3425/5211/164 3424/5212/164 
f 5318/5208/155 5289/5174/155 5299/5184/162 5319/5209/162 
f 5319/5209/162 5299/5184/162 3426/5186/164 3425/5211/164 
f 5313/5203/155 5320/5210/162 5321/5213/3590 5314/5204/155 
f 5314/5204/155 5321/5213/3590 1368/1207/1242 1364/1203/1238 
f 5320/5210/162 3424/5212/164 3437/5214/2900 5321/5213/3590 
f 5321/5213/3590 3437/5214/2900 1042/1208/920 1368/1207/1242 
f 5322/5215/72 5323/5216/72 5324/5217/72 5325/5218/72 
f 5325/5218/72 5324/5217/72 5326/5219/72 5327/5220/72 
f 5323/5216/72 5180/5053/72 5179/5052/72 5324/5217/72 
f 5324/5217/72 5179/5052/72 5182/5055/72 5326/5219/72 
f 5322/5215/72 5325/5218/72 5328/5221/72 5329/5222/72 
f 5329/5222/72 5328/5221/72 4460/4287/72 4459/4286/72 
f 5325/5218/72 5327/5220/72 5330/5223/72 5328/5221/72 
f 5328/5221/72 5330/5223/72 2852/2618/72 4460/4287/72 
f 5322/5215/72 5329/5222/72 5331/5224/72 5332/5225/72 
f 5332/5225/72 5331/5224/72 5333/5226/72 5334/5227/72 
f 5329/5222/72 4459/4286/72 4469/4296/72 5331/5224/72 
f 5331/5224/72 4469/4296/72 3955/3720/72 5333/5226/72 
f 5322/5215/72 5332/5225/72 5335/5228/72 5323/5216/72 
f 5323/5216/72 5335/5228/72 5187/5060/72 5180/5053/72 
f 5332/5225/72 5334/5227/72 5336/5229/72 5335/5228/72 
f 5335/5228/72 5336/5229/72 5188/5061/72 5187/5060/72 
f 5337/5230/171 5338/5231/171 5339/5232/171 5340/5233/171 
f 5340/5233/171 5339/5232/171 5209/5082/171 5204/5077/171 
f 5338/5231/171 5341/5234/171 5342/5235/171 5339/5232/171 
f 5339/5232/171 5342/5235/171 5210/5083/171 5209/5082/171 
f 5337/5230/171 5340/5233/171 5343/5236/171 5344/5237/171 
f 5344/5237/171 5343/5236/171 5345/5238/171 5346/5239/171 
f 5340/5233/171 5204/5077/171 5203/5076/171 5343/5236/171 
f 5343/5236/171 5203/5076/171 5206/5079/171 5345/5238/171 
f 5337/5230/171 5344/5237/171 5347/5240/171 5348/5241/171 
f 5348/5241/171 5347/5240/171 4373/4186/171 4370/4180/171 
f 5344/5237/171 5346/5239/171 5349/5242/171 5347/5240/171 
f 5347/5240/171 5349/5242/171 304/333/171 4373/4186/171 
f 5337/5230/171 5348/5241/171 5350/5243/171 5338/5231/171 
f 5338/5231/171 5350/5243/171 5351/5244/171 5341/5234/171 
f 5348/5241/171 4370/4180/171 4369/4179/171 5350/5243/171 
f 5350/5243/171 4369/4179/171 3432/4183/171 5351/5244/171 
f 5352/5245/72 5353/5246/72 5354/5247/72 5355/5248/72 
f 5355/5248/72 5354/5247/72 5336/5229/72 5334/5227/72 
f 5353/5246/72 5218/5091/72 5217/5090/72 5354/5247/72 
f 5354/5247/72 5217/5090/72 5188/5061/72 5336/5229/72 
f 5352/5245/72 5355/5248/72 5356/5249/72 5357/5250/72 
f 5357/5250/72 5356/5249/72 3954/3719/72 3953/3718/72 
f 5355/5248/72 5334/5227/72 5333/5226/72 5356/5249/72 
f 5356/5249/72 5333/5226/72 3955/3720/72 3954/3719/72 
f 5352/5245/72 5357/5250/72 5358/5251/72 5359/5252/72 
f 5359/5252/72 5358/5251/72 5360/5253/72 5361/5254/72 
f 5357/5250/72 3953/3718/72 3962/3731/72 5358/5251/72 
f 5358/5251/72 3962/3731/72 709/624/72 5360/5253/72 
f 5352/5245/72 5359/5252/72 5362/5255/72 5353/5246/72 
f 5353/5246/72 5362/5255/72 5223/5096/72 5218/5091/72 
f 5359/5252/72 5361/5254/72 5363/5256/72 5362/5255/72 
f 5362/5255/72 5363/5256/72 5224/5097/72 5223/5096/72 
f 5364/5257/2894 5365/5258/2893 5366/5259/2893 5367/5260/2894 
f 5367/5260/2894 5366/5259/2893 5238/5118/2893 5236/5113/2894 
f 5365/5258/2893 5297/5261/164 5296/5262/164 5366/5259/2893 
f 5366/5259/2893 5296/5262/164 250/5119/164 5238/5118/2893 
f 5364/5257/2894 5367/5260/2894 5368/5263/2895 5369/5264/2895 
f 5369/5264/2895 5368/5263/2895 5342/5265/171 5341/5266/171 
f 5367/5260/2894 5236/5113/2894 5235/5112/2895 5368/5263/2895 
f 5368/5263/2895 5235/5112/2895 5210/5115/171 5342/5265/171 
f 5364/5257/2894 5369/5264/2895 5370/5267/2895 5371/5268/2894 
f 5371/5268/2894 5370/5267/2895 3431/3209/2895 3423/3201/2894 
f 5369/5264/2895 5341/5266/171 5351/5269/171 5370/5267/2895 
f 5370/5267/2895 5351/5269/171 3432/3210/171 3431/3209/2895 
f 5364/5257/2894 5371/5268/2894 5372/5270/2893 5365/5258/2893 
f 5365/5258/2893 5372/5270/2893 5300/5271/164 5297/5261/164 
f 5371/5268/2894 3423/3201/2894 3422/3200/2893 5372/5270/2893 
f 5372/5270/2893 3422/3200/2893 3426/3204/164 5300/5271/164 
f 5373/5272/2553 5374/5273/2553 5375/5274/2554 5376/5275/2554 
f 5376/5275/2554 5375/5274/2554 5293/5276/157 5288/5277/157 
f 5374/5273/2553 5246/5129/2553 5245/5128/2554 5375/5274/2554 
f 5375/5274/2554 5245/5128/2554 234/5131/157 5293/5276/157 
f 5373/5272/2553 5376/5275/2554 5377/5278/2554 5378/5279/2553 
f 5378/5279/2553 5377/5278/2554 2840/2601/2554 2839/2600/2553 
f 5376/5275/2554 5288/5277/157 5287/5280/157 5377/5278/2554 
f 5377/5278/2554 5287/5280/157 2841/2602/157 2840/2601/2554 
f 5373/5272/2553 5378/5279/2553 5379/5281/2560 5380/5282/2560 
f 5380/5282/2560 5379/5281/2560 5330/5223/72 5327/5220/72 
f 5378/5279/2553 2839/2600/2553 2850/2616/2560 5379/5281/2560 
f 5379/5281/2560 2850/2616/2560 2852/2618/72 5330/5223/72 
f 5373/5272/2553 5380/5282/2560 5381/5283/2560 5374/5273/2553 
f 5374/5273/2553 5381/5283/2560 5249/5134/2560 5246/5129/2553 
f 5380/5282/2560 5327/5220/72 5326/5219/72 5381/5283/2560 
f 5381/5283/2560 5326/5219/72 5182/5055/72 5249/5134/2560 
f 5382/5284/589 5383/5285/589 5384/5286/590 5385/5287/590 
f 5385/5287/590 5384/5286/590 5363/5256/72 5361/5254/72 
f 5383/5285/589 5258/5143/589 5257/5142/590 5384/5286/590 
f 5384/5286/590 5257/5142/590 5224/5097/72 5363/5256/72 
f 5382/5284/589 5385/5287/590 5386/5288/590 5387/5289/589 
f 5387/5289/589 5386/5288/590 708/623/590 707/622/589 
f 5385/5287/590 5361/5254/72 5360/5253/72 5386/5288/590 
f 5386/5288/590 5360/5253/72 709/624/72 708/623/590 
f 5382/5284/589 5387/5289/589 5388/5290/601 5389/5291/601 
f 5389/5291/601 5388/5290/601 5390/5292/3 5391/5293/3 
f 5387/5289/589 707/622/589 720/638/601 5388/5290/601 
f 5388/5290/601 720/638/601 9/640/3 5390/5292/3 
f 5382/5284/589 5389/5291/601 5392/5294/601 5383/5285/589 
f 5383/5285/589 5392/5294/601 5263/5148/601 5258/5143/589 
f 5389/5291/601 5391/5293/3 5393/5295/3 5392/5294/601 
f 5392/5294/601 5393/5295/3 5264/5149/3 5263/5148/601 
f 5394/5296/204 5395/5297/203 5396/5298/203 5397/5299/204 
f 5397/5299/204 5396/5298/203 5282/5167/203 5278/5163/204 
f 5395/5297/203 5346/5239/171 5345/5238/171 5396/5298/203 
f 5396/5298/203 5345/5238/171 5206/5079/171 5282/5167/203 
f 5394/5296/204 5397/5299/204 5398/5300/207 5399/5301/207 
f 5399/5301/207 5398/5300/207 5400/5302/16 5401/5303/16 
f 5397/5299/204 5278/5163/204 5277/5162/207 5398/5300/207 
f 5398/5300/207 5277/5162/207 5280/5165/16 5400/5302/16 
f 5394/5296/204 5399/5301/207 5402/5304/207 5403/5305/204 
f 5403/5305/204 5402/5304/207 307/338/207 301/330/204 
f 5399/5301/207 5401/5303/16 5404/5306/16 5402/5304/207 
f 5402/5304/207 5404/5306/16 25/339/16 307/338/207 
f 5394/5296/204 5403/5305/204 5405/5307/203 5395/5297/203 
f 5395/5297/203 5405/5307/203 5349/5242/171 5346/5239/171 
f 5403/5305/204 301/330/204 300/329/203 5405/5307/203 
f 5405/5307/203 300/329/203 304/333/171 5349/5242/171 
f 5406/5308/1 5407/5309/1 5408/5310/2 5409/5311/2 
f 5409/5311/2 5408/5310/2 5393/5178/3 5391/5173/3 
f 5407/5309/1 5308/5194/1 5307/5193/2 5408/5310/2 
f 5408/5310/2 5307/5193/2 5264/259/3 5393/5178/3 
f 5406/5308/1 5409/5311/2 5410/5312/2 5411/5313/1 
f 5411/5313/1 5410/5312/2 8/8/2 7/7/1 
f 5409/5311/2 5391/5173/3 5390/5172/3 5410/5312/2 
f 5410/5312/2 5390/5172/3 9/9/3 8/8/2 
f 5406/5308/1 5411/5313/1 5412/5314/11 5413/5315/11 
f 5413/5315/11 5412/5314/11 5404/5316/16 5401/5317/16 
f 5411/5313/1 7/7/1 23/23/11 5412/5314/11 
f 5412/5314/11 23/23/11 25/25/16 5404/5316/16 
f 5406/5308/1 5413/5315/11 5414/5318/11 5407/5309/1 
f 5407/5309/1 5414/5318/11 5311/5199/11 5308/5194/1 
f 5413/5315/11 5401/5317/16 5400/5319/16 5414/5318/11 
f 5414/5318/11 5400/5319/16 5280/5200/16 5311/5199/11 
f 5415/5320/88 5416/5321/3591 5417/5322/3591 5418/5323/88 
f 5418/5323/88 5417/5322/3591 5419/5324/3591 5420/5325/88 
f 5416/5321/3591 2748/2525/733 2747/2524/733 5417/5322/3591 
f 5417/5322/3591 2747/2524/733 852/749/733 5419/5324/3591 
f 5415/5320/88 5418/5323/88 5421/5326/89 5422/5327/89 
f 5422/5327/89 5421/5326/89 5423/5328/89 5424/5329/89 
f 5418/5323/88 5420/5325/88 5425/5330/89 5421/5326/89 
f 5421/5326/89 5425/5330/89 5426/5331/89 5423/5328/89 
f 5415/5320/88 5422/5327/89 5427/5332/89 5428/5333/88 
f 5428/5333/88 5427/5332/89 5429/5334/89 5430/5335/88 
f 5422/5327/89 5424/5329/89 5431/5336/89 5427/5332/89 
f 5427/5332/89 5431/5336/89 5432/5337/89 5429/5334/89 
f 5415/5320/88 5428/5333/88 5433/5338/3591 5416/5321/3591 
f 5416/5321/3591 5433/5338/3591 2751/2528/733 2748/2525/733 
f 5428/5333/88 5430/5335/88 5434/5339/3591 5433/5338/3591 
f 5433/5338/3591 5434/5339/3591 2752/2529/733 2751/2528/733 
f 5435/5340/38 5436/5341/38 5437/5342/3592 5438/5343/3592 
f 5438/5343/3592 5437/5342/3592 4325/4127/899 4323/4124/899 
f 5436/5341/38 5439/5344/38 5440/5345/3592 5437/5342/3592 
f 5437/5342/3592 5440/5345/3592 3302/3808/899 4325/4127/899 
f 5435/5340/38 5438/5343/3592 5441/5346/3592 5442/5347/38 
f 5442/5347/38 5441/5346/3592 5443/5348/3592 5444/5349/38 
f 5438/5343/3592 4323/4124/899 4322/4123/899 5441/5346/3592 
f 5441/5346/3592 4322/4123/899 1021/876/899 5443/5348/3592 
f 5435/5340/38 5442/5347/38 5445/5350/37 5446/5351/37 
f 5446/5351/37 5445/5350/37 5447/5352/37 5448/5353/37 
f 5442/5347/38 5444/5349/38 5449/5354/37 5445/5350/37 
f 5445/5350/37 5449/5354/37 5450/5355/37 5447/5352/37 
f 5435/5340/38 5446/5351/37 5451/5356/37 5436/5341/38 
f 5436/5341/38 5451/5356/37 5452/5357/37 5439/5344/38 
f 5446/5351/37 5448/5353/37 5453/5358/37 5451/5356/37 
f 5451/5356/37 5453/5358/37 5454/5359/37 5452/5357/37 
f 5455/5360/88 5456/5361/3591 5457/5362/3591 5458/5363/88 
f 5458/5363/88 5457/5362/3591 5434/5339/3591 5430/5335/88 
f 5456/5361/3591 4683/4483/733 4682/4482/733 5457/5362/3591 
f 5457/5362/3591 4682/4482/733 2752/2529/733 5434/5339/3591 
f 5455/5360/88 5458/5363/88 5459/5364/89 5460/5365/89 
f 5460/5365/89 5459/5364/89 5461/5366/89 5462/5367/89 
f 5458/5363/88 5430/5335/88 5429/5334/89 5459/5364/89 
f 5459/5364/89 5429/5334/89 5432/5337/89 5461/5366/89 
f 5455/5360/88 5460/5365/89 5463/5368/89 5464/5369/88 
f 5464/5369/88 5463/5368/89 5465/5370/89 5466/5371/88 
f 5460/5365/89 5462/5367/89 5467/5372/89 5463/5368/89 
f 5463/5368/89 5467/5372/89 5468/5373/89 5465/5370/89 
f 5455/5360/88 5464/5369/88 5469/5374/3591 5456/5361/3591 
f 5456/5361/3591 5469/5374/3591 4685/4485/733 4683/4483/733 
f 5464/5369/88 5466/5371/88 5470/5375/3591 5469/5374/3591 
f 5469/5374/3591 5470/5375/3591 3606/3385/733 4685/4485/733 
f 5471/5376/3593 5472/5377/2903 5473/5378/3594 5474/5379/3595 
f 5474/5379/3595 5473/5378/3594 3304/3094/2826 3300/3089/2824 
f 5472/5377/2903 199/5380/137 198/5381/136 5473/5378/3594 
f 5473/5378/3594 198/5381/136 201/148/139 3304/3094/2826 
f 5471/5376/3593 5474/5379/3595 5475/5382/3596 5476/5383/3597 
f 5476/5383/3597 5475/5382/3596 5440/5384/3592 5439/5385/38 
f 5474/5379/3595 3300/3089/2824 3299/3088/2823 5475/5382/3596 
f 5475/5382/3596 3299/3088/2823 3302/3091/899 5440/5384/3592 
f 5471/5376/3593 5476/5383/3597 5477/5386/2906 5478/5387/2904 
f 5478/5387/2904 5477/5386/2906 5479/5388/2906 5480/5389/2904 
f 5476/5383/3597 5439/5385/38 5452/5390/37 5477/5386/2906 
f 5477/5386/2906 5452/5390/37 5454/5391/37 5479/5388/2906 
f 5471/5376/3593 5478/5387/2904 5481/5392/2903 5472/5377/2903 
f 5472/5377/2903 5481/5392/2903 204/5393/137 199/5380/137 
f 5478/5387/2904 5480/5389/2904 5482/5394/2903 5481/5392/2903 
f 5481/5392/2903 5482/5394/2903 205/5395/137 204/5393/137 
f 5483/5396/3598 5484/5397/3599 5485/5398/3600 5486/5399/2612 
f 5486/5399/2612 5485/5398/3600 194/5400/132 186/5401/128 
f 5484/5397/3599 847/743/728 846/742/727 5485/5398/3600 
f 5485/5398/3600 846/742/727 195/745/133 194/5400/132 
f 5483/5396/3598 5486/5399/2612 5487/5402/2612 5488/5403/3601 
f 5488/5403/3601 5487/5402/2612 5489/5404/2612 5490/5405/2611 
f 5486/5399/2612 186/5401/128 185/5406/128 5487/5402/2612 
f 5487/5402/2612 185/5406/128 189/5407/128 5489/5404/2612 
f 5483/5396/3598 5488/5403/3601 5491/5408/2618 5492/5409/3602 
f 5492/5409/3602 5491/5408/2618 5425/5330/89 5420/5325/88 
f 5488/5403/3601 5490/5405/2611 5493/5410/2618 5491/5408/2618 
f 5491/5408/2618 5493/5410/2618 5426/5331/89 5425/5330/89 
f 5483/5396/3598 5492/5409/3602 5494/5411/3603 5484/5397/3599 
f 5484/5397/3599 5494/5411/3603 851/748/732 847/743/728 
f 5492/5409/3602 5420/5325/88 5419/5324/3591 5494/5411/3603 
f 5494/5411/3603 5419/5324/3591 852/749/733 851/748/732 
f 5495/5412/3604 5496/5413/3605 5497/5414/3606 5498/5415/3607 
f 5498/5415/3607 5497/5414/3606 5470/5375/3591 5466/5371/88 
f 5496/5413/3605 3604/3383/3007 3603/3382/3006 5497/5414/3606 
f 5497/5414/3606 3603/3382/3006 3606/3385/733 5470/5375/3591 
f 5495/5412/3604 5498/5415/3607 5499/5416/142 5500/5417/141 
f 5500/5417/141 5499/5416/142 5501/5418/142 5502/5419/141 
f 5498/5415/3607 5466/5371/88 5465/5370/89 5499/5416/142 
f 5499/5416/142 5465/5370/89 5468/5373/89 5501/5418/142 
f 5495/5412/3604 5500/5417/141 5503/5420/154 5504/5421/3608 
f 5504/5421/3608 5503/5420/154 5505/5422/19 5506/5423/3609 
f 5500/5417/141 5502/5419/141 5507/5424/154 5503/5420/154 
f 5503/5420/154 5507/5424/154 5508/5425/19 5505/5422/19 
f 5495/5412/3604 5504/5421/3608 5509/5426/3610 5496/5413/3605 
f 5496/5413/3605 5509/5426/3610 3608/3388/3009 3604/3383/3007 
f 5504/5421/3608 5506/5423/3609 5510/5427/3611 5509/5426/3610 
f 5509/5426/3610 5510/5427/3611 1202/68/1078 3608/3388/3009 
f 5511/5428/126 5512/5429/126 5513/5430/127 5514/5431/127 
f 5514/5431/127 5513/5430/127 5515/5432/128 5516/5433/128 
f 5512/5429/126 5517/5434/126 5518/5435/127 5513/5430/127 
f 5513/5430/127 5518/5435/127 2937/5436/128 5515/5432/128 
f 5511/5428/126 5514/5431/127 5519/5437/127 5520/5438/126 
f 5520/5438/126 5519/5437/127 188/208/127 187/207/126 
f 5514/5431/127 5516/5433/128 5521/5439/128 5519/5437/127 
f 5519/5437/127 5521/5439/128 189/209/128 188/208/127 
f 5511/5428/126 5520/5438/126 5522/5440/135 5523/5441/135 
f 5523/5441/135 5522/5440/135 5524/5442/137 5525/5443/137 
f 5520/5438/126 187/207/126 203/223/135 5522/5440/135 
f 5522/5440/135 203/223/135 205/225/137 5524/5442/137 
f 5511/5428/126 5523/5441/135 5526/5444/135 5512/5429/126 
f 5512/5429/126 5526/5444/135 5527/5445/135 5517/5434/126 
f 5523/5441/135 5525/5443/137 5528/5446/137 5526/5444/135 
f 5526/5444/135 5528/5446/137 3446/5447/137 5527/5445/135 
f 5529/5448/3612 5530/5449/3613 5531/5450/3614 5532/5451/3615 
f 5532/5451/3615 5531/5450/3614 1020/875/898 1015/870/893 
f 5530/5449/3613 5444/5349/38 5443/5348/3592 5531/5450/3614 
f 5531/5450/3614 5443/5348/3592 1021/876/899 1020/875/898 
f 5529/5448/3612 5532/5451/3615 5533/5452/3616 5534/5453/3617 
f 5534/5453/3617 5533/5452/3616 5535/5454/3618 5536/5455/3619 
f 5532/5451/3615 1015/870/893 1014/869/892 5533/5452/3616 
f 5533/5452/3616 1014/869/892 1017/872/895 5535/5454/3618 
f 5529/5448/3612 5534/5453/3617 5537/5456/108 5538/5457/106 
f 5538/5457/106 5537/5456/108 5539/5458/108 5540/5459/106 
f 5534/5453/3617 5536/5455/3619 5541/5460/32 5537/5456/108 
f 5537/5456/108 5541/5460/32 5542/5461/32 5539/5458/108 
f 5529/5448/3612 5538/5457/106 5543/5462/105 5530/5449/3613 
f 5530/5449/3613 5543/5462/105 5449/5354/37 5444/5349/38 
f 5538/5457/106 5540/5459/106 5544/5463/105 5543/5462/105 
f 5543/5462/105 5544/5463/105 5450/5355/37 5449/5354/37 
f 5545/5464/17 5546/5465/3620 5547/5466/3621 5548/5467/18 
f 5548/5467/18 5547/5466/3621 5510/5468/3611 5506/5469/3609 
f 5546/5465/3620 1200/1031/1076 1199/1030/1075 5547/5466/3621 
f 5547/5466/3621 1199/1030/1075 1202/1033/1078 5510/5468/3611 
f 5545/5464/17 5548/5467/18 5549/5470/18 5550/5471/17 
f 5550/5471/17 5549/5470/18 5551/5472/18 5552/5473/17 
f 5548/5467/18 5506/5469/3609 5505/5474/19 5549/5470/18 
f 5549/5470/18 5505/5474/19 5508/5475/19 5551/5472/18 
f 5545/5464/17 5550/5471/17 5553/5476/27 5554/5477/27 
f 5554/5477/27 5553/5476/27 5541/5478/32 5536/5479/3619 
f 5550/5471/17 5552/5473/17 5555/5480/27 5553/5476/27 
f 5553/5476/27 5555/5480/27 5542/5481/32 5541/5478/32 
f 5545/5464/17 5554/5477/27 5556/5482/3622 5546/5465/3620 
f 5546/5465/3620 5556/5482/3622 1204/1036/1080 1200/1031/1076 
f 5554/5477/27 5536/5479/3619 5535/5483/3618 5556/5482/3622 
f 5556/5482/3622 5535/5483/3618 1017/1037/895 1204/1036/1080 
f 5557/5484/126 5558/5485/130 5559/5486/127 5560/5487/127 
f 5560/5487/127 5559/5486/127 2940/5488/2615 2934/5489/128 
f 5558/5485/130 1220/1051/1096 1219/1050/1095 5559/5486/127 
f 5559/5486/127 1219/1050/1095 1222/1053/1098 2940/5488/2615 
f 5557/5484/126 5560/5487/127 5561/5490/127 5562/5491/126 
f 5562/5491/126 5561/5490/127 5518/5435/127 5517/5434/126 
f 5560/5487/127 2934/5489/128 2933/5492/128 5561/5490/127 
f 5561/5490/127 2933/5492/128 2937/5436/128 5518/5435/127 
f 5557/5484/126 5562/5491/126 5563/5493/135 5564/5494/135 
f 5564/5494/135 5563/5493/135 3445/5495/137 3444/5496/137 
f 5562/5491/126 5517/5434/126 5527/5445/135 5563/5493/135 
f 5563/5493/135 5527/5445/135 3446/5447/137 3445/5495/137 
f 5557/5484/126 5564/5494/135 5565/5497/3623 5558/5485/130 
f 5558/5485/130 5565/5497/3623 1224/1056/1100 1220/1051/1096 
f 5564/5494/135 3444/5496/137 3457/5498/2911 5565/5497/3623 
f 5565/5497/3623 3457/5498/2911 1067/1057/944 1224/1056/1100 
f 5566/5499/89 5567/5500/89 5568/5501/89 5569/5502/89 
f 5569/5502/89 5568/5501/89 5570/5503/89 5571/5504/89 
f 5567/5500/89 5424/5329/89 5423/5328/89 5568/5501/89 
f 5568/5501/89 5423/5328/89 5426/5331/89 5570/5503/89 
f 5566/5499/89 5569/5502/89 5572/5505/89 5573/5506/89 
f 5573/5506/89 5572/5505/89 4406/4239/89 4405/4238/89 
f 5569/5502/89 5571/5504/89 5574/5507/89 5572/5505/89 
f 5572/5505/89 5574/5507/89 2948/2709/89 4406/4239/89 
f 5566/5499/89 5573/5506/89 5575/5508/89 5576/5509/89 
f 5576/5509/89 5575/5508/89 5577/5510/89 5578/5511/89 
f 5573/5506/89 4405/4238/89 4415/4248/89 5575/5508/89 
f 5575/5508/89 4415/4248/89 4017/3781/89 5577/5510/89 
f 5566/5499/89 5576/5509/89 5579/5512/89 5567/5500/89 
f 5567/5500/89 5579/5512/89 5431/5336/89 5424/5329/89 
f 5576/5509/89 5578/5511/89 5580/5513/89 5579/5512/89 
f 5579/5512/89 5580/5513/89 5432/5337/89 5431/5336/89 
f 5581/5514/37 5582/5515/37 5583/5516/37 5584/5517/37 
f 5584/5517/37 5583/5516/37 5453/5358/37 5448/5353/37 
f 5582/5515/37 5585/5518/37 5586/5519/37 5583/5516/37 
f 5583/5516/37 5586/5519/37 5454/5359/37 5453/5358/37 
f 5581/5514/37 5584/5517/37 5587/5520/37 5588/5521/37 
f 5588/5521/37 5587/5520/37 5589/5522/37 5590/5523/37 
f 5584/5517/37 5448/5353/37 5447/5352/37 5587/5520/37 
f 5587/5520/37 5447/5352/37 5450/5355/37 5589/5522/37 
f 5581/5514/37 5588/5521/37 5591/5524/37 5592/5525/37 
f 5592/5525/37 5591/5524/37 4385/4206/37 4382/4200/37 
f 5588/5521/37 5590/5523/37 5593/5526/37 5591/5524/37 
f 5591/5524/37 5593/5526/37 154/159/37 4385/4206/37 
f 5581/5514/37 5592/5525/37 5594/5527/37 5582/5515/37 
f 5582/5515/37 5594/5527/37 5595/5528/37 5585/5518/37 
f 5592/5525/37 4382/4200/37 4381/4199/37 5594/5527/37 
f 5594/5527/37 4381/4199/37 3452/4203/37 5595/5528/37 
f 5596/5529/89 5597/5530/89 5598/5531/89 5599/5532/89 
f 5599/5532/89 5598/5531/89 5580/5513/89 5578/5511/89 
f 5597/5530/89 5462/5367/89 5461/5366/89 5598/5531/89 
f 5598/5531/89 5461/5366/89 5432/5337/89 5580/5513/89 
f 5596/5529/89 5599/5532/89 5600/5533/89 5601/5534/89 
f 5601/5534/89 5600/5533/89 4016/3780/89 4015/3779/89 
f 5599/5532/89 5578/5511/89 5577/5510/89 5600/5533/89 
f 5600/5533/89 5577/5510/89 4017/3781/89 4016/3780/89 
f 5596/5529/89 5601/5534/89 5602/5535/89 5603/5536/89 
f 5603/5536/89 5602/5535/89 5604/5537/89 5605/5538/89 
f 5601/5534/89 4015/3779/89 4024/3792/89 5602/5535/89 
f 5602/5535/89 4024/3792/89 214/234/89 5604/5537/89 
f 5596/5529/89 5603/5536/89 5606/5539/89 5597/5530/89 
f 5597/5530/89 5606/5539/89 5467/5372/89 5462/5367/89 
f 5603/5536/89 5605/5538/89 5607/5540/89 5606/5539/89 
f 5606/5539/89 5607/5540/89 5468/5373/89 5467/5372/89 
f 5608/5541/2904 5609/5542/2903 5610/5543/2903 5611/5544/2904 
f 5611/5544/2904 5610/5543/2903 5482/5394/2903 5480/5389/2904 
f 5609/5542/2903 5525/5545/137 5524/5546/137 5610/5543/2903 
f 5610/5543/2903 5524/5546/137 205/5395/137 5482/5394/2903 
f 5608/5541/2904 5611/5544/2904 5612/5547/2906 5613/5548/2906 
f 5613/5548/2906 5612/5547/2906 5586/5549/37 5585/5550/37 
f 5611/5544/2904 5480/5389/2904 5479/5388/2906 5612/5547/2906 
f 5612/5547/2906 5479/5388/2906 5454/5391/37 5586/5549/37 
f 5608/5541/2904 5613/5548/2906 5614/5551/2906 5615/5552/2904 
f 5615/5552/2904 5614/5551/2906 3451/3234/2906 3443/3226/2904 
f 5613/5548/2906 5585/5550/37 5595/5553/37 5614/5551/2906 
f 5614/5551/2906 5595/5553/37 3452/3235/37 3451/3234/2906 
f 5608/5541/2904 5615/5552/2904 5616/5554/2903 5609/5542/2903 
f 5609/5542/2903 5616/5554/2903 5528/5555/137 5525/5545/137 
f 5615/5552/2904 3443/3226/2904 3442/3225/2905 5616/5554/2903 
f 5616/5554/2903 3442/3225/2905 3446/3229/137 5528/5555/137 
f 5617/5556/2611 5618/5557/2611 5619/5558/2612 5620/5559/2612 
f 5620/5559/2612 5619/5558/2612 5521/5560/128 5516/5561/128 
f 5618/5557/2611 5490/5405/2611 5489/5404/2612 5619/5558/2612 
f 5619/5558/2612 5489/5404/2612 189/5407/128 5521/5560/128 
f 5617/5556/2611 5620/5559/2612 5621/5562/2612 5622/5563/2611 
f 5622/5563/2611 5621/5562/2612 2936/2692/2612 2935/2691/2611 
f 5620/5559/2612 5516/5561/128 5515/5564/128 5621/5562/2612 
f 5621/5562/2612 5515/5564/128 2937/2693/128 2936/2692/2612 
f 5617/5556/2611 5622/5563/2611 5623/5565/2618 5624/5566/2618 
f 5624/5566/2618 5623/5565/2618 5574/5507/89 5571/5504/89 
f 5622/5563/2611 2935/2691/2611 2946/2707/2618 5623/5565/2618 
f 5623/5565/2618 2946/2707/2618 2948/2709/89 5574/5507/89 
f 5617/5556/2611 5624/5566/2618 5625/5567/2618 5618/5557/2611 
f 5618/5557/2611 5625/5567/2618 5493/5410/2618 5490/5405/2611 
f 5624/5566/2618 5571/5504/89 5570/5503/89 5625/5567/2618 
f 5625/5567/2618 5570/5503/89 5426/5331/89 5493/5410/2618 
f 5626/5568/141 5627/5569/141 5628/5570/142 5629/5571/142 
f 5629/5571/142 5628/5570/142 5607/5540/89 5605/5538/89 
f 5627/5569/141 5502/5419/141 5501/5418/142 5628/5570/142 
f 5628/5570/142 5501/5418/142 5468/5373/89 5607/5540/89 
f 5626/5568/141 5629/5571/142 5630/5572/142 5631/5573/141 
f 5631/5573/141 5630/5572/142 213/233/142 212/232/141 
f 5629/5571/142 5605/5538/89 5604/5537/89 5630/5572/142 
f 5630/5572/142 5604/5537/89 214/234/89 213/233/142 
f 5626/5568/141 5631/5573/141 5632/5574/154 5633/5575/154 
f 5633/5575/154 5632/5574/154 5634/5576/19 5635/5577/19 
f 5631/5573/141 212/232/141 225/248/154 5632/5574/154 
f 5632/5574/154 225/248/154 34/250/19 5634/5576/19 
f 5626/5568/141 5633/5575/154 5636/5578/154 5627/5569/141 
f 5627/5569/141 5636/5578/154 5507/5424/154 5502/5419/141 
f 5633/5575/154 5635/5577/19 5637/5579/19 5636/5578/154 
f 5636/5578/154 5637/5579/19 5508/5425/19 5507/5424/154 
f 5638/5580/106 5639/5581/105 5640/5582/105 5641/5583/106 
f 5641/5583/106 5640/5582/105 5544/5463/105 5540/5459/106 
f 5639/5581/105 5590/5523/37 5589/5522/37 5640/5582/105 
f 5640/5582/105 5589/5522/37 5450/5355/37 5544/5463/105 
f 5638/5580/106 5641/5583/106 5642/5584/108 5643/5585/108 
f 5643/5585/108 5642/5584/108 5644/5586/32 5645/5587/32 
f 5641/5583/106 5540/5459/106 5539/5458/108 5642/5584/108 
f 5642/5584/108 5539/5458/108 5542/5461/32 5644/5586/32 
f 5638/5580/106 5643/5585/108 5646/5588/108 5647/5589/106 
f 5647/5589/106 5646/5588/108 157/164/108 151/156/106 
f 5643/5585/108 5645/5587/32 5648/5590/32 5646/5588/108 
f 5646/5588/108 5648/5590/32 50/165/32 157/164/108 
f 5638/5580/106 5647/5589/106 5649/5591/105 5639/5581/105 
f 5639/5581/105 5649/5591/105 5593/5526/37 5590/5523/37 
f 5647/5589/106 151/156/106 150/155/105 5649/5591/105 
f 5649/5591/105 150/155/105 154/159/37 5593/5526/37 
f 5650/5592/17 5651/5593/17 5652/5594/18 5653/5595/18 
f 5653/5595/18 5652/5594/18 5637/5596/19 5635/5597/19 
f 5651/5593/17 5552/5473/17 5551/5472/18 5652/5594/18 
f 5652/5594/18 5551/5472/18 5508/5475/19 5637/5596/19 
f 5650/5592/17 5653/5595/18 5654/5598/18 5655/5599/17 
f 5655/5599/17 5654/5598/18 33/33/18 32/32/17 
f 5653/5595/18 5635/5597/19 5634/5600/19 5654/5598/18 
f 5654/5598/18 5634/5600/19 34/34/19 33/33/18 
f 5650/5592/17 5655/5599/17 5656/5601/27 5657/5602/27 
f 5657/5602/27 5656/5601/27 5648/5603/32 5645/5604/32 
f 5655/5599/17 32/32/17 48/48/27 5656/5601/27 
f 5656/5601/27 48/48/27 50/50/32 5648/5603/32 
f 5650/5592/17 5657/5602/27 5658/5605/27 5651/5593/17 
f 5651/5593/17 5658/5605/27 5555/5480/27 5552/5473/17 
f 5657/5602/27 5645/5604/32 5644/5606/32 5658/5605/27 
f 5658/5605/27 5644/5606/32 5542/5481/32 5555/5480/27 
f 5659/5607/51 5660/5608/3624 5661/5609/3625 5662/5610/52 
f 5662/5610/52 5661/5609/3625 5663/5611/3626 5664/5612/53 
f 5660/5608/3624 1164/992/1040 1163/991/1039 5661/5609/3625 
f 5661/5609/3625 1163/991/1039 1166/994/1042 5663/5611/3626 
f 5659/5607/51 5662/5610/52 5665/5613/52 5666/5614/51 
f 5666/5614/51 5665/5613/52 5062/4889/52 5061/4888/51 
f 5662/5610/52 5664/5612/53 5667/5615/53 5665/5613/52 
f 5665/5613/52 5667/5615/53 5040/4890/53 5062/4889/52 
f 5659/5607/51 5666/5614/51 5668/5616/61 5669/5617/61 
f 5669/5617/61 5668/5616/61 5670/5618/63 5671/5619/3627 
f 5666/5614/51 5061/4888/51 5068/4899/61 5668/5616/61 
f 5668/5616/61 5068/4899/61 5052/4901/63 5670/5618/63 
f 5659/5607/51 5669/5617/61 5672/5620/3628 5660/5608/3624 
f 5660/5608/3624 5672/5620/3628 1168/997/1044 1164/992/1040 
f 5669/5617/61 5671/5619/3627 5673/5621/3629 5672/5620/3628 
f 5672/5620/3628 5673/5621/3629 1092/998/968 1168/997/1044 
f 5674/5622/3630 5675/5623/3631 5676/5624/3632 5677/5625/3633 
f 5677/5625/3633 5676/5624/3632 1095/924/971 1090/919/966 
f 5675/5623/3631 5678/5626/3558 5679/5627/3634 5676/5624/3632 
f 5676/5624/3632 5679/5627/3634 1096/925/972 1095/924/971 
f 5674/5622/3630 5677/5625/3633 5680/5628/3635 5681/5629/3636 
f 5681/5629/3636 5680/5628/3635 5673/5630/3629 5671/5631/3627 
f 5677/5625/3633 1090/919/966 1089/918/965 5680/5628/3635 
f 5680/5628/3635 1089/918/965 1092/921/968 5673/5630/3629 
f 5674/5622/3630 5681/5629/3636 5682/5632/73 5683/5633/69 
f 5683/5633/69 5682/5632/73 5051/4876/75 5046/4871/69 
f 5681/5629/3636 5671/5631/3627 5670/5634/63 5682/5632/73 
f 5682/5632/73 5670/5634/63 5052/4877/63 5051/4876/75 
f 5674/5622/3630 5683/5633/69 5684/5635/68 5675/5623/3631 
f 5675/5623/3631 5684/5635/68 5685/5636/72 5678/5626/3558 
f 5683/5633/69 5046/4871/69 5045/4870/70 5684/5635/68 
f 5684/5635/68 5045/4870/70 4961/4772/72 5685/5636/72 
f 5686/5637/3637 5687/5638/3638 5688/5639/3639 5689/5640/3640 
f 5689/5640/3640 5688/5639/3639 5690/5641/3641 5691/5642/3560 
f 5687/5638/3638 3624/3402/3025 3623/3401/3024 5688/5639/3639 
f 5688/5639/3639 3623/3401/3024 3626/3404/757 5690/5641/3641 
f 5686/5637/3637 5689/5640/3640 5692/5643/169 5693/5644/168 
f 5693/5644/168 5692/5643/169 5030/4855/173 5029/4854/168 
f 5689/5640/3640 5691/5642/3560 5694/5645/171 5692/5643/169 
f 5692/5643/169 5694/5645/171 4982/4793/171 5030/4855/173 
f 5686/5637/3637 5693/5644/168 5695/5646/183 5696/5647/3642 
f 5696/5647/3642 5695/5646/183 5667/5648/53 5664/5649/53 
f 5693/5644/168 5029/4854/168 5038/4863/183 5695/5646/183 
f 5695/5646/183 5038/4863/183 5040/4865/53 5667/5648/53 
f 5686/5637/3637 5696/5647/3642 5697/5650/3643 5687/5638/3638 
f 5687/5638/3638 5697/5650/3643 3628/3407/3027 3624/3402/3025 
f 5696/5647/3642 5664/5649/53 5663/5651/3626 5697/5650/3643 
f 5697/5650/3643 5663/5651/3626 1166/3408/1042 3628/3407/3027 
f 5698/5652/3644 5699/5653/3645 5700/5654/3646 5701/5655/2603 
f 5701/5655/2603 5700/5654/3646 329/5656/221 321/5657/218 
f 5699/5653/3645 871/763/752 870/762/751 5700/5654/3646 
f 5700/5654/3646 870/762/751 330/765/222 329/5656/221 
f 5698/5652/3644 5701/5655/2603 5702/5658/2603 5703/5659/2602 
f 5703/5659/2602 5702/5658/2603 5005/4821/2603 5004/4820/2602 
f 5701/5655/2603 321/5657/218 320/5660/218 5702/5658/2603 
f 5702/5658/2603 320/5660/218 324/4822/218 5005/4821/2603 
f 5698/5652/3644 5703/5659/2602 5704/5661/2609 5705/5662/3647 
f 5705/5662/3647 5704/5661/2609 5706/5663/171 5707/5664/3560 
f 5703/5659/2602 5004/4820/2602 5012/4829/2609 5704/5661/2609 
f 5704/5661/2609 5012/4829/2609 4935/4746/171 5706/5663/171 
f 5698/5652/3644 5705/5662/3647 5708/5665/3648 5699/5653/3645 
f 5699/5653/3645 5708/5665/3648 875/768/756 871/763/752 
f 5705/5662/3647 5707/5664/3560 5709/5666/3641 5708/5665/3648 
f 5708/5665/3648 5709/5666/3641 876/769/757 875/768/756 
f 5710/5667/3649 5711/5668/3650 5712/5669/3651 5713/5670/3652 
f 5713/5670/3652 5712/5669/3651 3258/3045/2808 3254/3040/2806 
f 5711/5668/3650 334/5671/226 333/5672/225 5712/5669/3651 
f 5712/5669/3651 333/5672/225 336/3046/228 3258/3045/2808 
f 5710/5667/3649 5713/5670/3652 5714/5673/3653 5715/5674/3654 
f 5715/5674/3654 5714/5673/3653 5716/5675/3634 5717/5676/3558 
f 5713/5670/3652 3254/3040/2806 3253/3039/2805 5714/5673/3653 
f 5714/5673/3653 3253/3039/2805 3256/3042/972 5716/5675/3634 
f 5710/5667/3649 5715/5674/3654 5718/5677/2918 5719/5678/2916 
f 5719/5678/2916 5718/5677/2918 4993/4807/2918 4988/4799/2917 
f 5715/5674/3654 5717/5676/3558 5720/5679/72 5718/5677/2918 
f 5718/5677/2918 5720/5679/72 4955/4808/72 4993/4807/2918 
f 5710/5667/3649 5719/5678/2916 5721/5680/2915 5711/5668/3650 
f 5711/5668/3650 5721/5680/2915 339/5681/226 334/5671/226 
f 5719/5678/2916 4988/4799/2917 4987/4798/2915 5721/5680/2915 
f 5721/5680/2915 4987/4798/2915 340/4802/226 339/5681/226 
f 5722/5682/3560 5723/5683/3641 5724/5684/3641 5725/5685/3560 
f 5725/5685/3560 5724/5684/3641 5726/5686/3641 5727/5687/3560 
f 5723/5683/3641 4698/4495/757 4697/4494/757 5724/5684/3641 
f 5724/5684/3641 4697/4494/757 2736/2513/757 5726/5686/3641 
f 5722/5682/3560 5725/5685/3560 5728/5688/171 5729/5689/171 
f 5729/5689/171 5728/5688/171 4972/4783/171 4971/4782/171 
f 5725/5685/3560 5727/5687/3560 5730/5690/171 5728/5688/171 
f 5728/5688/171 5730/5690/171 4946/4757/171 4972/4783/171 
f 5722/5682/3560 5729/5689/171 5731/5691/171 5732/5692/3560 
f 5732/5692/3560 5731/5691/171 5694/5645/171 5691/5642/3560 
f 5729/5689/171 4971/4782/171 4980/4791/171 5731/5691/171 
f 5731/5691/171 4980/4791/171 4982/4793/171 5694/5645/171 
f 5722/5682/3560 5732/5692/3560 5733/5693/3641 5723/5683/3641 
f 5723/5683/3641 5733/5693/3641 4700/4497/757 4698/4495/757 
f 5732/5692/3560 5691/5642/3560 5690/5641/3641 5733/5693/3641 
f 5733/5693/3641 5690/5641/3641 3626/3404/757 4700/4497/757 
f 5734/5694/3558 5735/5695/3558 5736/5696/3634 5737/5697/3634 
f 5737/5697/3634 5736/5696/3634 4313/4113/972 4311/4110/972 
f 5735/5695/3558 5717/5698/3558 5716/5699/3634 5736/5696/3634 
f 5736/5696/3634 5716/5699/3634 3256/4114/972 4313/4113/972 
f 5734/5694/3558 5737/5697/3634 5738/5700/3634 5739/5701/3558 
f 5739/5701/3558 5738/5700/3634 5679/5627/3634 5678/5626/3558 
f 5737/5697/3634 4311/4110/972 4310/4109/972 5738/5700/3634 
f 5738/5700/3634 4310/4109/972 1096/925/972 5679/5627/3634 
f 5734/5694/3558 5739/5701/3558 5740/5702/72 5741/5703/72 
f 5741/5703/72 5740/5702/72 4960/4771/72 4952/4763/72 
f 5739/5701/3558 5678/5626/3558 5685/5636/72 5740/5702/72 
f 5740/5702/72 5685/5636/72 4961/4772/72 4960/4771/72 
f 5734/5694/3558 5741/5703/72 5742/5704/72 5735/5695/3558 
f 5735/5695/3558 5742/5704/72 5720/5705/72 5717/5698/3558 
f 5741/5703/72 4952/4763/72 4951/4762/72 5742/5704/72 
f 5742/5704/72 4951/4762/72 4955/4766/72 5720/5705/72 
f 5743/5706/3560 5744/5707/3641 5745/5708/3641 5746/5709/3560 
f 5746/5709/3560 5745/5708/3641 5709/5666/3641 5707/5664/3560 
f 5744/5707/3641 2732/2509/757 2731/2508/757 5745/5708/3641 
f 5745/5708/3641 2731/2508/757 876/769/757 5709/5666/3641 
f 5743/5706/3560 5746/5709/3560 5747/5710/171 5748/5711/171 
f 5748/5711/171 5747/5710/171 4934/4745/171 4933/4744/171 
f 5746/5709/3560 5707/5664/3560 5706/5663/171 5747/5710/171 
f 5747/5710/171 5706/5663/171 4935/4746/171 4934/4745/171 
f 5743/5706/3560 5748/5711/171 5749/5712/171 5750/5713/3560 
f 5750/5713/3560 5749/5712/171 5730/5690/171 5727/5687/3560 
f 5748/5711/171 4933/4744/171 4944/4755/171 5749/5712/171 
f 5749/5712/171 4944/4755/171 4946/4757/171 5730/5690/171 
f 5743/5706/3560 5750/5713/3560 5751/5714/3641 5744/5707/3641 
f 5744/5707/3641 5751/5714/3641 2735/2512/757 2732/2509/757 
f 5750/5713/3560 5727/5687/3560 5726/5686/3641 5751/5714/3641 
f 5751/5714/3641 5726/5686/3641 2736/2513/757 2735/2512/757 
f 5752/5715/216 5753/5716/216 5754/5717/217 5755/5718/217 
f 5755/5718/217 5754/5717/217 5008/5719/218 5003/5720/218 
f 5753/5716/216 5020/4839/216 5019/4838/217 5754/5717/217 
f 5754/5717/217 5019/4838/217 2917/4841/218 5008/5719/218 
f 5752/5715/216 5755/5718/217 5756/5721/217 5757/5722/216 
f 5757/5722/216 5756/5721/217 323/357/217 322/356/216 
f 5755/5718/217 5003/5720/218 5002/5723/218 5756/5721/217 
f 5756/5721/217 5002/5723/218 324/358/218 323/357/217 
f 5752/5715/216 5757/5722/216 5758/5724/224 5759/5725/224 
f 5759/5725/224 5758/5724/224 4990/5726/226 4989/5727/226 
f 5757/5722/216 322/356/216 338/372/224 5758/5724/224 
f 5758/5724/224 338/372/224 340/374/226 4990/5726/226 
f 5752/5715/216 5759/5725/224 5760/5728/224 5753/5716/216 
f 5753/5716/216 5760/5728/224 5023/4846/224 5020/4839/216 
f 5759/5725/224 4989/5727/226 4997/5729/226 5760/5728/224 
f 5760/5728/224 4997/5729/226 3485/4847/226 5023/4846/224 
# 5760 polygons

#
# object GreatDane_Canvas
#

v  -248.7565 398.5879 -6.1499
v  -248.7565 9.3796 -6.1499
v  234.3646 9.3796 -6.1499
v  234.3646 398.5879 -6.1499
v  -248.7565 398.5879 -4.4694
v  -248.7565 9.3796 -4.4693
v  234.3646 9.3796 -4.4693
v  234.3646 398.5879 -4.4694
# 8 vertices

vn 0.0000 0.0000 1.0000
vn -1.0000 0.0000 -0.0000
vn 1.0000 0.0000 -0.0000
vn 0.0000 1.0000 -0.0000
vn 0.0000 -1.0000 -0.0000
# 5 vertex normals

vt 0.0350 0.9832 0.0000
vt 0.0417 0.9222 0.0000
vt 0.1121 0.9225 0.0000
vt 0.1054 0.9835 0.0000
vt 0.0015 0.8913 0.0000
vt 0.0018 0.1139 0.0000
vt 0.9985 0.1143 0.0000
vt 0.9982 0.8917 0.0000
vt 0.1135 0.9209 0.0000
vt 0.1067 0.9848 0.0000
vt 0.0336 0.9848 0.0000
vt 0.0405 0.9209 0.0000
# 12 texture coords

g GreatDane_Canvas
usemtl wire_204204204
s off
f 5761/5730/3655 5762/5731/3655 5763/5732/3655 5764/5733/3655 
f 5765/5734/3655 5766/5735/3655 5767/5736/3655 5768/5737/3655 
f 5764/5733/3656 5763/5732/3656 5767/5738/3656 5768/5739/3656 
f 5762/5731/3657 5761/5730/3657 5765/5740/3657 5766/5741/3657 
f 5763/5732/3658 5762/5731/3658 5766/5741/3658 5767/5738/3658 
f 5761/5730/3659 5764/5733/3659 5768/5739/3659 5765/5740/3659 
# 6 polygons

