# Blender 4.4.0
# www.blender.org
mtllib TV Stand.mtl
o TV02
v 0.072057 1.078287 0.627112
v 0.072057 1.764922 0.627112
v 0.072057 1.764921 -0.625729
v 0.072057 1.078287 -0.625729
v 0.072057 1.106897 -0.596067
v 0.072057 1.106897 0.597450
v 0.072057 1.736312 -0.596067
v 0.072057 1.736312 0.597450
v 0.058159 1.106897 -0.596067
v 0.058159 1.106897 0.597450
v 0.058159 1.736312 -0.596067
v 0.058159 1.736312 0.597450
v 0.041757 1.088996 0.616403
v 0.052465 1.078287 0.627112
v 0.042572 1.084898 0.620501
v 0.044893 1.081424 0.623975
v 0.048367 1.079102 0.626297
v 0.041757 1.754213 0.616403
v 0.052465 1.764922 0.627112
v 0.042572 1.758311 0.620501
v 0.044893 1.761785 0.623975
v 0.048367 1.764106 0.626297
v 0.041757 1.754213 -0.615020
v 0.052465 1.764921 -0.625729
v 0.042572 1.758311 -0.619118
v 0.044893 1.761785 -0.622592
v 0.048367 1.764106 -0.624913
v 0.041757 1.088996 -0.615020
v 0.052465 1.078287 -0.625729
v 0.042572 1.084898 -0.619118
v 0.044893 1.081424 -0.622592
v 0.048367 1.079102 -0.624913
vn -1.0000 -0.0000 -0.0000
vn -0.0000 -0.0000 -1.0000
vn -0.0000 -0.0000 1.0000
vn 1.0000 -0.0000 -0.0000
vn -0.0000 1.0000 -0.0000
vn -0.0000 -1.0000 -0.0000
vn -0.9903 0.0985 0.0985
vn -0.9903 -0.0985 0.0985
vn -0.9362 -0.2484 0.2484
vn -0.9362 0.2484 0.2484
vn -0.7689 -0.4521 0.4521
vn -0.7689 0.4521 0.4521
vn -0.4514 -0.6310 0.6310
vn -0.4514 0.6310 0.6310
vn -0.2708 -0.6807 0.6807
vn -0.2708 0.6807 0.6807
vn -0.9903 0.0985 -0.0985
vn -0.9362 0.2484 -0.2484
vn -0.7689 0.4521 -0.4521
vn -0.4514 0.6310 -0.6310
vn -0.2708 0.6807 -0.6807
vn -0.9903 -0.0985 -0.0985
vn -0.9362 -0.2484 -0.2484
vn -0.7689 -0.4521 -0.4521
vn -0.4514 -0.6310 -0.6310
vn -0.2708 -0.6807 -0.6807
vt 0.737147 0.725215
vt 0.737147 0.582772
vt 0.814636 0.582772
vt 0.814636 0.725215
vt 0.822349 0.581533
vt 0.824453 0.581533
vt 0.824453 0.661517
vt 0.822349 0.661517
vt 0.818071 0.581533
vt 0.820175 0.581533
vt 0.820175 0.661517
vt 0.818071 0.661517
vt 0.010602 0.035944
vt 0.981875 0.035944
vt 0.981874 0.952945
vt 0.010602 0.952945
vt 0.826735 0.581976
vt 0.828838 0.581976
vt 0.828838 0.726896
vt 0.826735 0.726896
vt 0.017496 0.582156
vt 0.723723 0.582156
vt 0.707003 0.599266
vt 0.034216 0.599266
vt 0.723723 0.992792
vt 0.707003 0.975682
vt 0.017496 0.992792
vt 0.034216 0.975682
vt 0.690506 0.610761
vt 0.048108 0.612403
vt 0.690506 0.964187
vt 0.048108 0.962545
vt 0.736669 0.582298
vt 0.815113 0.582298
vt 0.736265 0.581533
vt 0.815518 0.581533
vt 0.816921 0.661152
vt 0.816921 0.581899
vt 0.817631 0.581628
vt 0.817631 0.661422
vt 0.815113 0.725689
vt 0.815883 0.581896
vt 0.815883 0.726091
vt 0.825585 0.726533
vt 0.825585 0.582339
vt 0.826294 0.582070
vt 0.826294 0.726802
vt 0.736669 0.725689
vt 0.815518 0.726454
vt 0.736265 0.726454
vt 0.821200 0.661152
vt 0.821200 0.581899
vt 0.821909 0.581628
vt 0.821909 0.661422
vt 0.735899 0.726091
vt 0.735899 0.581896
vt 0.829890 0.726533
vt 0.829890 0.582339
vt 0.830600 0.582070
vt 0.830600 0.726802
vt 0.831040 0.581976
vt 0.831040 0.726896
vt 0.833143 0.581976
vt 0.833143 0.726896
s 1
usemtl aiStandardSurface1.003
f 28/1/1 13/2/1 18/3/1 23/4/1
f 24/5/2 3/6/2 4/7/2 29/8/2
f 14/9/3 1/10/3 2/11/3 19/12/3
f 19/17/5 2/18/5 3/19/5 24/20/5
f 1/21/4 4/22/4 5/23/4 6/24/4
f 4/22/4 3/25/4 7/26/4 5/23/4
f 3/25/4 2/27/4 8/28/4 7/26/4
f 2/27/4 1/21/4 6/24/4 8/28/4
f 6/24/5 5/23/5 9/29/5 10/30/5
f 5/23/3 7/26/3 11/31/3 9/29/3
f 7/26/6 8/28/6 12/32/6 11/31/6
f 8/28/2 6/24/2 10/30/2 12/32/2
f 18/3/7 13/2/8 15/33/9 20/34/10
f 20/34/10 15/33/9 16/35/11 21/36/12
f 21/37/12 16/38/11 17/39/13 22/40/14
f 22/40/14 17/39/13 14/9/15 19/12/16
f 23/4/17 18/3/7 20/34/10 25/41/18
f 25/41/18 20/34/10 21/42/12 26/43/19
f 26/44/19 21/45/12 22/46/14 27/47/20
f 27/47/20 22/46/14 19/17/16 24/20/21
f 28/1/22 23/4/17 25/41/18 30/48/23
f 30/48/23 25/41/18 26/49/19 31/50/24
f 31/51/24 26/52/19 27/53/20 32/54/25
f 32/54/25 27/53/20 24/5/21 29/8/26
f 13/2/8 28/1/22 30/48/23 15/33/9
f 15/33/9 30/48/23 31/55/24 16/56/11
f 16/57/11 31/58/24 32/59/25 17/60/13
f 17/60/13 32/59/25 29/61/26 14/62/15
f 29/61/6 4/63/6 1/64/6 14/62/6
usemtl Monitor_Screen01
f 10/13/4 9/14/4 11/15/4 12/16/4
o Cylinder04
v -0.000019 0.055580 -0.244014
v 0.005831 0.055580 -0.243437
v 0.011456 0.055580 -0.241731
v 0.016640 0.055580 -0.238960
v 0.021184 0.055580 -0.235231
v 0.024913 0.055580 -0.230687
v 0.027684 0.055580 -0.225503
v 0.029390 0.055580 -0.219878
v 0.029966 0.055580 -0.214028
v 0.029390 0.055580 -0.208179
v 0.027684 0.055580 -0.202554
v 0.024913 0.055580 -0.197370
v 0.021184 0.055580 -0.192826
v 0.016640 0.055580 -0.189097
v 0.011456 0.055580 -0.186326
v 0.005831 0.055580 -0.184620
v -0.000019 0.055580 -0.184043
v -0.005869 0.055580 -0.184620
v -0.011494 0.055580 -0.186326
v -0.016678 0.055580 -0.189097
v -0.021221 0.055580 -0.192826
v -0.024950 0.055580 -0.197370
v -0.027721 0.055580 -0.202554
v -0.029428 0.055580 -0.208179
v -0.030004 0.055580 -0.214028
v -0.029428 0.055580 -0.219878
v -0.027721 0.055580 -0.225503
v -0.024950 0.055580 -0.230687
v -0.021221 0.055580 -0.235231
v -0.016678 0.055580 -0.238960
v -0.011494 0.055580 -0.241731
v -0.005869 0.055580 -0.243437
v -0.000019 0.945539 -0.224469
v -0.000019 0.926089 -0.244014
v -0.000019 0.944876 -0.229528
v -0.000019 0.942933 -0.234242
v -0.000019 0.939842 -0.238289
v -0.000019 0.935814 -0.241395
v -0.000019 0.931123 -0.243348
v 0.002018 0.945539 -0.224269
v 0.005831 0.926089 -0.243437
v 0.003005 0.944876 -0.229230
v 0.003925 0.942933 -0.233853
v 0.004714 0.939842 -0.237823
v 0.005320 0.935814 -0.240869
v 0.005701 0.931123 -0.242784
v 0.003977 0.945539 -0.223675
v 0.011456 0.926089 -0.241731
v 0.005913 0.944876 -0.228348
v 0.007716 0.942933 -0.232703
v 0.009265 0.939842 -0.236443
v 0.010454 0.935814 -0.239312
v 0.011201 0.931123 -0.241116
v 0.005782 0.945539 -0.222710
v 0.016640 0.926089 -0.238960
v 0.008592 0.944876 -0.226916
v 0.011211 0.942933 -0.230835
v 0.013460 0.939842 -0.234201
v 0.015185 0.935814 -0.236783
v 0.016270 0.931123 -0.238407
v 0.007364 0.945539 -0.221411
v 0.021184 0.926089 -0.235231
v 0.010941 0.944876 -0.224988
v 0.014274 0.942933 -0.228321
v 0.017136 0.939842 -0.231183
v 0.019332 0.935814 -0.233380
v 0.020713 0.931123 -0.234760
v 0.008663 0.945539 -0.219829
v 0.024913 0.926089 -0.230687
v 0.012869 0.944876 -0.222639
v 0.016788 0.942933 -0.225258
v 0.020153 0.939842 -0.227507
v 0.022736 0.935814 -0.229233
v 0.024359 0.931123 -0.230317
v 0.009627 0.945539 -0.218024
v 0.027684 0.926089 -0.225503
v 0.014301 0.944876 -0.219960
v 0.018656 0.942933 -0.221764
v 0.022395 0.939842 -0.223313
v 0.025265 0.935814 -0.224501
v 0.027069 0.931123 -0.225248
v 0.010222 0.945539 -0.216065
v 0.029390 0.926089 -0.219878
v 0.015183 0.944876 -0.217052
v 0.019806 0.942933 -0.217972
v 0.023776 0.939842 -0.218762
v 0.026822 0.935814 -0.219367
v 0.028737 0.931123 -0.219748
v 0.010422 0.945539 -0.214028
v 0.029966 0.926089 -0.214028
v 0.015481 0.944876 -0.214028
v 0.020194 0.942933 -0.214028
v 0.024242 0.939842 -0.214028
v 0.027348 0.935814 -0.214028
v 0.029300 0.931123 -0.214028
v 0.010222 0.945539 -0.211992
v 0.029390 0.926089 -0.208179
v 0.015183 0.944876 -0.211005
v 0.019806 0.942933 -0.210085
v 0.023776 0.939842 -0.209295
v 0.026822 0.935814 -0.208690
v 0.028737 0.931123 -0.208309
v 0.009627 0.945539 -0.210033
v 0.027684 0.926089 -0.202554
v 0.014301 0.944876 -0.208097
v 0.018656 0.942933 -0.206293
v 0.022395 0.939842 -0.204744
v 0.025265 0.935814 -0.203556
v 0.027069 0.931123 -0.202809
v 0.008663 0.945539 -0.208228
v 0.024913 0.926089 -0.197370
v 0.012869 0.944876 -0.205418
v 0.016788 0.942933 -0.202799
v 0.020153 0.939842 -0.200550
v 0.022736 0.935814 -0.198824
v 0.024359 0.931123 -0.197740
v 0.007364 0.945539 -0.206646
v 0.021184 0.926089 -0.192826
v 0.010941 0.944876 -0.203069
v 0.014274 0.942933 -0.199736
v 0.017136 0.939842 -0.196874
v 0.019332 0.935814 -0.194677
v 0.020713 0.931123 -0.193297
v 0.005782 0.945539 -0.205347
v 0.016640 0.926089 -0.189097
v 0.008592 0.944876 -0.201141
v 0.011211 0.942933 -0.197222
v 0.013460 0.939842 -0.193856
v 0.015185 0.935814 -0.191274
v 0.016270 0.931123 -0.189650
v 0.003977 0.945539 -0.204382
v 0.011456 0.926089 -0.186326
v 0.005913 0.944876 -0.199709
v 0.007716 0.942933 -0.195354
v 0.009265 0.939842 -0.191614
v 0.010454 0.935814 -0.188745
v 0.011201 0.931123 -0.186941
v 0.002018 0.945539 -0.203788
v 0.005831 0.926089 -0.184620
v 0.003005 0.944876 -0.198827
v 0.003925 0.942933 -0.194204
v 0.004714 0.939842 -0.190234
v 0.005320 0.935814 -0.187188
v 0.005701 0.931123 -0.185273
v -0.000019 0.945539 -0.203588
v -0.000019 0.926089 -0.184043
v -0.000019 0.944876 -0.198529
v -0.000019 0.942933 -0.193815
v -0.000019 0.939842 -0.189768
v -0.000019 0.935814 -0.186662
v -0.000019 0.931123 -0.184709
v -0.002056 0.945539 -0.203788
v -0.005869 0.926089 -0.184620
v -0.003042 0.944876 -0.198827
v -0.003962 0.942933 -0.194204
v -0.004752 0.939842 -0.190234
v -0.005358 0.935814 -0.187188
v -0.005739 0.931123 -0.185273
v -0.004014 0.945539 -0.204382
v -0.011494 0.926089 -0.186326
v -0.005950 0.944876 -0.199709
v -0.007754 0.942933 -0.195354
v -0.009303 0.939842 -0.191614
v -0.010492 0.935814 -0.188745
v -0.011239 0.931123 -0.186941
v -0.005819 0.945539 -0.205347
v -0.016678 0.926089 -0.189097
v -0.008630 0.944876 -0.201141
v -0.011248 0.942933 -0.197222
v -0.013497 0.939842 -0.193856
v -0.015223 0.935814 -0.191274
v -0.016308 0.931123 -0.189650
v -0.007402 0.945539 -0.206646
v -0.021221 0.926089 -0.192826
v -0.010978 0.944876 -0.203069
v -0.014311 0.942933 -0.199736
v -0.017174 0.939842 -0.196874
v -0.019370 0.935814 -0.194677
v -0.020751 0.931123 -0.193297
v -0.008700 0.945539 -0.208228
v -0.024950 0.926089 -0.197370
v -0.012906 0.944876 -0.205418
v -0.016825 0.942933 -0.202799
v -0.020191 0.939842 -0.200550
v -0.022773 0.935814 -0.198824
v -0.024397 0.931123 -0.197740
v -0.009665 0.945539 -0.210033
v -0.027721 0.926089 -0.202554
v -0.014338 0.944876 -0.208097
v -0.018693 0.942933 -0.206293
v -0.022433 0.939842 -0.204744
v -0.025302 0.935814 -0.203556
v -0.027106 0.931123 -0.202809
v -0.010259 0.945539 -0.211992
v -0.029428 0.926089 -0.208179
v -0.015220 0.944876 -0.211005
v -0.019843 0.942933 -0.210085
v -0.023813 0.939842 -0.209295
v -0.026860 0.935814 -0.208690
v -0.028775 0.931123 -0.208309
v -0.010460 0.945539 -0.214028
v -0.030004 0.926089 -0.214028
v -0.015518 0.944876 -0.214028
v -0.020232 0.942933 -0.214028
v -0.024279 0.939842 -0.214028
v -0.027385 0.935814 -0.214028
v -0.029338 0.931123 -0.214028
v -0.010259 0.945539 -0.216065
v -0.029428 0.926089 -0.219878
v -0.015220 0.944876 -0.217052
v -0.019843 0.942933 -0.217972
v -0.023813 0.939842 -0.218762
v -0.026860 0.935814 -0.219367
v -0.028775 0.931123 -0.219748
v -0.009665 0.945539 -0.218024
v -0.027721 0.926089 -0.225503
v -0.014338 0.944876 -0.219960
v -0.018693 0.942933 -0.221764
v -0.022433 0.939842 -0.223313
v -0.025302 0.935814 -0.224501
v -0.027106 0.931123 -0.225248
v -0.008700 0.945539 -0.219829
v -0.024950 0.926089 -0.230687
v -0.012906 0.944876 -0.222639
v -0.016825 0.942933 -0.225258
v -0.020191 0.939842 -0.227507
v -0.022773 0.935814 -0.229233
v -0.024397 0.931123 -0.230317
v -0.007402 0.945539 -0.221411
v -0.021221 0.926089 -0.235231
v -0.010978 0.944876 -0.224988
v -0.014311 0.942933 -0.228321
v -0.017174 0.939842 -0.231183
v -0.019370 0.935814 -0.233380
v -0.020751 0.931123 -0.234760
v -0.005819 0.945539 -0.222710
v -0.016678 0.926089 -0.238960
v -0.008630 0.944876 -0.226916
v -0.011248 0.942933 -0.230835
v -0.013497 0.939842 -0.234201
v -0.015223 0.935814 -0.236783
v -0.016308 0.931123 -0.238407
v -0.004014 0.945539 -0.223675
v -0.011494 0.926089 -0.241731
v -0.005950 0.944876 -0.228348
v -0.007754 0.942933 -0.232703
v -0.009303 0.939842 -0.236443
v -0.010492 0.935814 -0.239312
v -0.011239 0.931123 -0.241116
v -0.002056 0.945539 -0.224269
v -0.005869 0.926089 -0.243437
v -0.003042 0.944876 -0.229230
v -0.003962 0.942933 -0.233853
v -0.004752 0.939842 -0.237823
v -0.005358 0.935814 -0.240869
v -0.005739 0.931123 -0.242784
vn -0.1951 -0.0000 -0.9808
vn -0.1947 0.0654 -0.9787
vn -0.0000 0.0654 -0.9979
vn -0.0000 -0.0000 -1.0000
vn 0.3827 -0.0000 -0.9239
vn 0.3819 0.0654 -0.9219
vn 0.5544 0.0654 -0.8297
vn 0.5556 -0.0000 -0.8315
vn 0.7056 0.0654 -0.7056
vn 0.7071 -0.0000 -0.7071
vn 0.8297 0.0654 -0.5544
vn 0.8315 -0.0000 -0.5556
vn 0.9219 0.0654 -0.3819
vn 0.9239 -0.0000 -0.3827
vn 0.9787 0.0654 -0.1947
vn 0.9808 -0.0000 -0.1951
vn 0.9979 0.0654 -0.0000
vn 1.0000 -0.0000 -0.0000
vn 0.9787 0.0654 0.1947
vn 0.9808 -0.0000 0.1951
vn 0.9219 0.0654 0.3819
vn 0.9239 -0.0000 0.3827
vn 0.8297 0.0654 0.5544
vn 0.8315 -0.0000 0.5556
vn 0.7056 0.0654 0.7056
vn 0.7071 -0.0000 0.7071
vn 0.5544 0.0654 0.8297
vn 0.5556 -0.0000 0.8315
vn 0.3819 0.0654 0.9219
vn 0.3827 -0.0000 0.9239
vn 0.1947 0.0654 0.9787
vn 0.1951 -0.0000 0.9808
vn -0.0000 0.0654 0.9979
vn -0.0000 -0.0000 1.0000
vn -0.1947 0.0654 0.9787
vn -0.1951 -0.0000 0.9808
vn -0.3819 0.0654 0.9219
vn -0.3827 -0.0000 0.9239
vn -0.5544 0.0654 0.8297
vn -0.5556 -0.0000 0.8315
vn -0.7056 0.0654 0.7056
vn -0.7071 -0.0000 0.7071
vn -0.8297 0.0654 0.5544
vn -0.8315 -0.0000 0.5556
vn -0.9219 0.0654 0.3819
vn -0.9239 -0.0000 0.3827
vn -0.9787 0.0654 0.1947
vn -0.9808 -0.0000 0.1951
vn -0.9979 0.0654 -0.0000
vn -1.0000 -0.0000 -0.0000
vn -0.9787 0.0654 -0.1947
vn -0.9808 -0.0000 -0.1951
vn -0.9219 0.0654 -0.3819
vn -0.9239 -0.0000 -0.3827
vn -0.8297 0.0654 -0.5544
vn -0.8315 -0.0000 -0.5556
vn -0.7056 0.0654 -0.7056
vn -0.7071 -0.0000 -0.7071
vn -0.5544 0.0654 -0.8297
vn -0.5556 -0.0000 -0.8315
vn -0.3819 0.0654 -0.9219
vn -0.3827 -0.0000 -0.9239
vn 0.1947 0.0654 -0.9787
vn 0.1951 -0.0000 -0.9808
vn -0.0000 -1.0000 -0.0000
vn -0.0000 0.2579 -0.9662
vn 0.1885 0.2579 -0.9476
vn -0.0000 0.4982 -0.8670
vn 0.1692 0.4982 -0.8504
vn -0.0000 0.7047 -0.7095
vn 0.1384 0.7047 -0.6959
vn -0.0000 0.8635 -0.5043
vn 0.0984 0.8635 -0.4946
vn -0.0000 0.9642 -0.2652
vn 0.0517 0.9642 -0.2601
vn -0.0000 0.9976 -0.0691
vn 0.0135 0.9976 -0.0678
vn 0.3697 0.2579 -0.8926
vn 0.3318 0.4982 -0.8010
vn 0.2715 0.7047 -0.6555
vn 0.1930 0.8635 -0.4659
vn 0.1015 0.9642 -0.2451
vn 0.0265 0.9976 -0.0639
vn 0.5368 0.2579 -0.8033
vn 0.4817 0.4982 -0.7209
vn 0.3942 0.7047 -0.5899
vn 0.2802 0.8635 -0.4193
vn 0.1474 0.9642 -0.2205
vn 0.0384 0.9976 -0.0575
vn 0.6832 0.2579 -0.6832
vn 0.6131 0.4982 -0.6131
vn 0.5017 0.7047 -0.5017
vn 0.3566 0.8635 -0.3566
vn 0.1876 0.9642 -0.1876
vn 0.0489 0.9976 -0.0489
vn 0.8033 0.2579 -0.5368
vn 0.7209 0.4982 -0.4817
vn 0.5899 0.7047 -0.3942
vn 0.4193 0.8635 -0.2802
vn 0.2205 0.9642 -0.1474
vn 0.0575 0.9976 -0.0384
vn 0.8926 0.2579 -0.3697
vn 0.8010 0.4982 -0.3318
vn 0.6555 0.7047 -0.2715
vn 0.4659 0.8635 -0.1930
vn 0.2451 0.9642 -0.1015
vn 0.0639 0.9976 -0.0265
vn 0.9476 0.2579 -0.1885
vn 0.8504 0.4982 -0.1692
vn 0.6959 0.7047 -0.1384
vn 0.4946 0.8635 -0.0984
vn 0.2601 0.9642 -0.0517
vn 0.0678 0.9976 -0.0135
vn 0.9662 0.2579 -0.0000
vn 0.8670 0.4982 -0.0000
vn 0.7095 0.7047 -0.0000
vn 0.5043 0.8635 -0.0000
vn 0.2652 0.9642 -0.0000
vn 0.0691 0.9976 -0.0000
vn 0.9476 0.2579 0.1885
vn 0.8504 0.4982 0.1692
vn 0.6959 0.7047 0.1384
vn 0.4946 0.8635 0.0984
vn 0.2601 0.9642 0.0517
vn 0.0678 0.9976 0.0135
vn 0.8926 0.2579 0.3697
vn 0.8010 0.4982 0.3318
vn 0.6555 0.7047 0.2715
vn 0.4659 0.8635 0.1930
vn 0.2451 0.9642 0.1015
vn 0.0639 0.9976 0.0265
vn 0.8033 0.2579 0.5368
vn 0.7209 0.4982 0.4817
vn 0.5899 0.7047 0.3942
vn 0.4193 0.8635 0.2802
vn 0.2205 0.9642 0.1474
vn 0.0575 0.9976 0.0384
vn 0.6832 0.2579 0.6832
vn 0.6131 0.4982 0.6131
vn 0.5017 0.7047 0.5017
vn 0.3566 0.8635 0.3566
vn 0.1876 0.9642 0.1876
vn 0.0489 0.9976 0.0489
vn 0.5368 0.2579 0.8033
vn 0.4817 0.4982 0.7209
vn 0.3942 0.7047 0.5899
vn 0.2802 0.8635 0.4193
vn 0.1474 0.9642 0.2205
vn 0.0384 0.9976 0.0575
vn 0.3697 0.2579 0.8926
vn 0.3318 0.4982 0.8010
vn 0.2715 0.7047 0.6555
vn 0.1930 0.8635 0.4659
vn 0.1015 0.9642 0.2451
vn 0.0265 0.9976 0.0639
vn 0.1885 0.2579 0.9476
vn 0.1692 0.4982 0.8504
vn 0.1384 0.7047 0.6959
vn 0.0984 0.8635 0.4946
vn 0.0517 0.9642 0.2601
vn 0.0135 0.9976 0.0678
vn -0.0000 0.2579 0.9662
vn -0.0000 0.4982 0.8670
vn -0.0000 0.7047 0.7095
vn -0.0000 0.8635 0.5043
vn -0.0000 0.9642 0.2652
vn -0.0000 0.9976 0.0691
vn -0.1885 0.2579 0.9476
vn -0.1692 0.4982 0.8504
vn -0.1384 0.7047 0.6959
vn -0.0984 0.8635 0.4946
vn -0.0517 0.9642 0.2601
vn -0.0135 0.9976 0.0678
vn -0.3697 0.2579 0.8926
vn -0.3318 0.4982 0.8010
vn -0.2715 0.7047 0.6555
vn -0.1930 0.8635 0.4659
vn -0.1015 0.9642 0.2451
vn -0.0265 0.9976 0.0639
vn -0.5368 0.2579 0.8033
vn -0.4817 0.4982 0.7209
vn -0.3942 0.7047 0.5899
vn -0.2802 0.8635 0.4193
vn -0.1474 0.9642 0.2205
vn -0.0384 0.9976 0.0575
vn -0.6832 0.2579 0.6832
vn -0.6131 0.4982 0.6131
vn -0.5017 0.7047 0.5017
vn -0.3566 0.8635 0.3566
vn -0.1876 0.9642 0.1876
vn -0.0489 0.9976 0.0489
vn -0.8033 0.2579 0.5368
vn -0.7209 0.4982 0.4817
vn -0.5899 0.7047 0.3942
vn -0.4193 0.8635 0.2802
vn -0.2205 0.9642 0.1474
vn -0.0575 0.9976 0.0384
vn -0.8926 0.2579 0.3697
vn -0.8010 0.4982 0.3318
vn -0.6555 0.7047 0.2715
vn -0.4659 0.8635 0.1930
vn -0.2451 0.9642 0.1015
vn -0.0639 0.9976 0.0265
vn -0.9476 0.2579 0.1885
vn -0.8504 0.4982 0.1692
vn -0.6959 0.7047 0.1384
vn -0.4946 0.8635 0.0984
vn -0.2601 0.9642 0.0517
vn -0.0678 0.9976 0.0135
vn -0.9662 0.2579 -0.0000
vn -0.8670 0.4982 -0.0000
vn -0.7095 0.7047 -0.0000
vn -0.5043 0.8635 -0.0000
vn -0.2652 0.9642 -0.0000
vn -0.0691 0.9976 -0.0000
vn -0.9476 0.2579 -0.1885
vn -0.8504 0.4982 -0.1692
vn -0.6959 0.7047 -0.1384
vn -0.4946 0.8635 -0.0984
vn -0.2601 0.9642 -0.0517
vn -0.0678 0.9976 -0.0135
vn -0.8926 0.2579 -0.3697
vn -0.8010 0.4982 -0.3318
vn -0.6555 0.7047 -0.2715
vn -0.4659 0.8635 -0.1930
vn -0.2451 0.9642 -0.1015
vn -0.0639 0.9976 -0.0265
vn -0.8033 0.2579 -0.5368
vn -0.7209 0.4982 -0.4817
vn -0.5899 0.7047 -0.3942
vn -0.4193 0.8635 -0.2802
vn -0.2205 0.9642 -0.1474
vn -0.0575 0.9976 -0.0384
vn -0.6832 0.2579 -0.6832
vn -0.6131 0.4982 -0.6131
vn -0.5017 0.7047 -0.5017
vn -0.3566 0.8635 -0.3566
vn -0.1876 0.9642 -0.1876
vn -0.0489 0.9976 -0.0489
vn -0.5368 0.2579 -0.8033
vn -0.4817 0.4982 -0.7209
vn -0.3942 0.7047 -0.5899
vn -0.2802 0.8635 -0.4193
vn -0.1474 0.9642 -0.2205
vn -0.0384 0.9976 -0.0575
vn -0.3697 0.2579 -0.8926
vn -0.3318 0.4982 -0.8010
vn -0.2715 0.7047 -0.6555
vn -0.1930 0.8635 -0.4659
vn -0.1015 0.9642 -0.2451
vn -0.0265 0.9976 -0.0639
vn -0.1885 0.2579 -0.9476
vn -0.1692 0.4982 -0.8504
vn -0.1384 0.7047 -0.6959
vn -0.0984 0.8635 -0.4946
vn -0.0517 0.9642 -0.2601
vn -0.0135 0.9976 -0.0678
vt 0.031250 0.500000
vt 0.031250 0.989073
vt 0.000000 0.989073
vt 0.000000 0.500000
vt 0.937500 0.500000
vt 0.937500 0.989072
vt 0.906250 0.989073
vt 0.906250 0.500000
vt 0.875000 0.989073
vt 0.875000 0.500000
vt 0.843750 0.989073
vt 0.843750 0.500000
vt 0.843750 0.989072
vt 0.812500 0.989073
vt 0.812500 0.500000
vt 0.812500 0.989072
vt 0.781250 0.989073
vt 0.781250 0.500000
vt 0.750000 0.989073
vt 0.750000 0.500000
vt 0.718750 0.989073
vt 0.718750 0.500000
vt 0.718750 0.989072
vt 0.687500 0.989073
vt 0.687500 0.500000
vt 0.687500 0.989072
vt 0.656250 0.989073
vt 0.656250 0.500000
vt 0.625000 0.989073
vt 0.625000 0.500000
vt 0.593750 0.989073
vt 0.593750 0.500000
vt 0.593750 0.989072
vt 0.562500 0.989073
vt 0.562500 0.500000
vt 0.562500 0.989072
vt 0.531250 0.989073
vt 0.531250 0.500000
vt 0.531250 0.989073
vt 0.500000 0.989073
vt 0.500000 0.500000
vt 0.468750 0.989073
vt 0.468750 0.500000
vt 0.468750 0.989072
vt 0.437500 0.989073
vt 0.437500 0.500000
vt 0.437500 0.989072
vt 0.406250 0.989073
vt 0.406250 0.500000
vt 0.375000 0.989073
vt 0.375000 0.500000
vt 0.343750 0.989073
vt 0.343750 0.500000
vt 0.343750 0.989072
vt 0.312500 0.989073
vt 0.312500 0.500000
vt 0.312500 0.989072
vt 0.281250 0.989073
vt 0.281250 0.500000
vt 0.250000 0.989073
vt 0.250000 0.500000
vt 0.218750 0.989073
vt 0.218750 0.500000
vt 0.218750 0.989072
vt 0.187500 0.989073
vt 0.187500 0.500000
vt 0.187500 0.989072
vt 0.156250 0.989073
vt 0.156250 0.500000
vt 0.125000 0.989073
vt 0.125000 0.500000
vt 0.093750 0.989073
vt 0.093750 0.500000
vt 0.093750 0.989072
vt 0.062500 0.989073
vt 0.062500 0.500000
vt 0.062500 0.989072
vt 1.000000 0.500000
vt 1.000000 0.989073
vt 0.968750 0.989073
vt 0.968750 0.500000
vt 0.968750 0.989072
vt 0.937500 0.989073
vt 0.750000 0.490000
vt 0.796822 0.485388
vt 0.841844 0.471731
vt 0.883337 0.449553
vt 0.919706 0.419706
vt 0.949553 0.383337
vt 0.971731 0.341844
vt 0.985388 0.296822
vt 0.990000 0.250000
vt 0.985388 0.203178
vt 0.971731 0.158156
vt 0.949553 0.116663
vt 0.919706 0.080294
vt 0.883337 0.050447
vt 0.841844 0.028269
vt 0.796822 0.014612
vt 0.750000 0.010000
vt 0.703178 0.014612
vt 0.658156 0.028269
vt 0.616663 0.050447
vt 0.580294 0.080294
vt 0.550447 0.116663
vt 0.528269 0.158156
vt 0.514612 0.203178
vt 0.510000 0.250000
vt 0.514612 0.296822
vt 0.528269 0.341844
vt 0.550447 0.383337
vt 0.580294 0.419706
vt 0.616663 0.449553
vt 0.658156 0.471731
vt 0.703178 0.485388
vt 0.999653 0.991901
vt 0.969097 0.991901
vt 0.998636 0.994536
vt 0.970114 0.994536
vt 0.997017 1.000000
vt 0.971733 1.000000
vt 0.292352 0.485829
vt 0.254469 0.489560
vt 0.250000 0.411784
vt 0.281563 0.408676
vt 0.250000 0.374056
vt 0.274202 0.371673
vt 0.250000 0.333569
vt 0.266304 0.331963
vt 0.968403 0.991901
vt 0.937847 0.991901
vt 0.967386 0.994536
vt 0.938864 0.994536
vt 0.965767 1.000000
vt 0.940483 1.000000
vt 0.337546 0.473035
vt 0.301119 0.484085
vt 0.311912 0.399469
vt 0.297474 0.364613
vt 0.281980 0.327208
vt 0.937153 0.991901
vt 0.906597 0.991901
vt 0.936136 0.994536
vt 0.907614 0.994536
vt 0.934517 1.000000
vt 0.909233 1.000000
vt 0.379376 0.451670
vt 0.345805 0.469614
vt 0.339883 0.384519
vt 0.318922 0.353149
vt 0.296428 0.319485
vt 0.905903 0.991901
vt 0.875347 0.991901
vt 0.904886 0.994536
vt 0.876364 0.994536
vt 0.903267 1.000000
vt 0.877983 1.000000
vt 0.416234 0.422555
vt 0.386808 0.446704
vt 0.364399 0.364399
vt 0.337721 0.337721
vt 0.309092 0.309092
vt 0.874653 0.991901
vt 0.844097 0.991901
vt 0.873636 0.994536
vt 0.845114 0.994536
vt 0.872017 1.000000
vt 0.846733 1.000000
vt 0.446704 0.386808
vt 0.422555 0.416234
vt 0.384519 0.339883
vt 0.353149 0.318922
vt 0.319485 0.296428
vt 0.843403 0.991901
vt 0.812847 0.991901
vt 0.842386 0.994536
vt 0.813864 0.994536
vt 0.840767 1.000000
vt 0.815483 1.000000
vt 0.469614 0.345805
vt 0.451670 0.379376
vt 0.399469 0.311912
vt 0.364613 0.297474
vt 0.327208 0.281980
vt 0.812153 0.991901
vt 0.781597 0.991901
vt 0.811136 0.994536
vt 0.782614 0.994536
vt 0.809517 1.000000
vt 0.784233 1.000000
vt 0.484085 0.301119
vt 0.473035 0.337546
vt 0.408676 0.281563
vt 0.371673 0.274202
vt 0.331963 0.266304
vt 0.780903 0.991901
vt 0.750347 0.991901
vt 0.779886 0.994536
vt 0.751364 0.994536
vt 0.778267 1.000000
vt 0.752983 1.000000
vt 0.489560 0.254469
vt 0.485829 0.292352
vt 0.411784 0.250000
vt 0.374056 0.250000
vt 0.333569 0.250000
vt 0.749653 0.991901
vt 0.719097 0.991901
vt 0.748635 0.994536
vt 0.720114 0.994536
vt 0.747017 1.000000
vt 0.721733 1.000000
vt 0.485829 0.207648
vt 0.489560 0.245531
vt 0.408676 0.218437
vt 0.371673 0.225798
vt 0.331963 0.233696
vt 0.718403 0.991901
vt 0.687847 0.991901
vt 0.717386 0.994536
vt 0.688864 0.994536
vt 0.715767 1.000000
vt 0.690483 1.000000
vt 0.473035 0.162454
vt 0.484085 0.198881
vt 0.399469 0.188088
vt 0.364613 0.202526
vt 0.327208 0.218020
vt 0.687153 0.991901
vt 0.656597 0.991901
vt 0.686136 0.994536
vt 0.657614 0.994536
vt 0.684517 1.000000
vt 0.659233 1.000000
vt 0.451670 0.120624
vt 0.469614 0.154195
vt 0.384519 0.160117
vt 0.353149 0.181078
vt 0.319485 0.203572
vt 0.655903 0.991901
vt 0.625347 0.991901
vt 0.654886 0.994536
vt 0.626364 0.994536
vt 0.653267 1.000000
vt 0.627983 1.000000
vt 0.422555 0.083766
vt 0.446704 0.113192
vt 0.364399 0.135601
vt 0.337721 0.162279
vt 0.309092 0.190908
vt 0.624653 0.991901
vt 0.594097 0.991901
vt 0.623636 0.994536
vt 0.595114 0.994536
vt 0.622017 1.000000
vt 0.596733 1.000000
vt 0.386808 0.053296
vt 0.416234 0.077445
vt 0.339883 0.115481
vt 0.318922 0.146851
vt 0.296428 0.180515
vt 0.593403 0.991901
vt 0.562847 0.991901
vt 0.592386 0.994536
vt 0.563864 0.994536
vt 0.590767 1.000000
vt 0.565483 1.000000
vt 0.345805 0.030386
vt 0.379376 0.048330
vt 0.311912 0.100531
vt 0.297474 0.135387
vt 0.281980 0.172792
vt 0.562153 0.991901
vt 0.531597 0.991901
vt 0.561136 0.994536
vt 0.532614 0.994536
vt 0.559517 1.000000
vt 0.534233 1.000000
vt 0.301119 0.015915
vt 0.337546 0.026965
vt 0.281563 0.091324
vt 0.274202 0.128327
vt 0.266304 0.168037
vt 0.530903 0.991901
vt 0.500347 0.991901
vt 0.529886 0.994536
vt 0.501364 0.994536
vt 0.528267 1.000000
vt 0.502983 1.000000
vt 0.254469 0.010440
vt 0.292352 0.014171
vt 0.250000 0.088215
vt 0.250000 0.125944
vt 0.250000 0.166431
vt 0.499653 0.991901
vt 0.469097 0.991901
vt 0.498636 0.994536
vt 0.470114 0.994536
vt 0.497017 1.000000
vt 0.471733 1.000000
vt 0.207648 0.014171
vt 0.245531 0.010440
vt 0.218437 0.091324
vt 0.225798 0.128327
vt 0.233696 0.168037
vt 0.468403 0.991901
vt 0.437847 0.991901
vt 0.467386 0.994536
vt 0.438864 0.994536
vt 0.465767 1.000000
vt 0.440483 1.000000
vt 0.162454 0.026965
vt 0.198881 0.015915
vt 0.188088 0.100531
vt 0.202526 0.135387
vt 0.218020 0.172792
vt 0.437153 0.991901
vt 0.406597 0.991901
vt 0.436136 0.994536
vt 0.407614 0.994536
vt 0.434517 1.000000
vt 0.409233 1.000000
vt 0.120624 0.048330
vt 0.154195 0.030386
vt 0.160117 0.115481
vt 0.181078 0.146851
vt 0.203572 0.180515
vt 0.405903 0.991901
vt 0.375347 0.991901
vt 0.404886 0.994536
vt 0.376364 0.994536
vt 0.403267 1.000000
vt 0.377983 1.000000
vt 0.083766 0.077445
vt 0.113192 0.053296
vt 0.135601 0.135601
vt 0.162279 0.162279
vt 0.190908 0.190908
vt 0.374653 0.991901
vt 0.344097 0.991901
vt 0.373636 0.994536
vt 0.345114 0.994536
vt 0.372017 1.000000
vt 0.346733 1.000000
vt 0.053296 0.113192
vt 0.077445 0.083766
vt 0.115481 0.160117
vt 0.146851 0.181078
vt 0.180515 0.203572
vt 0.343403 0.991901
vt 0.312847 0.991901
vt 0.342386 0.994536
vt 0.313864 0.994536
vt 0.340767 1.000000
vt 0.315483 1.000000
vt 0.030386 0.154195
vt 0.048330 0.120624
vt 0.100531 0.188088
vt 0.135387 0.202526
vt 0.172792 0.218020
vt 0.312153 0.991901
vt 0.281597 0.991901
vt 0.311136 0.994536
vt 0.282614 0.994536
vt 0.309517 1.000000
vt 0.284233 1.000000
vt 0.015915 0.198881
vt 0.026965 0.162454
vt 0.091324 0.218437
vt 0.128327 0.225798
vt 0.168037 0.233696
vt 0.280903 0.991901
vt 0.250347 0.991901
vt 0.279886 0.994536
vt 0.251364 0.994536
vt 0.278267 1.000000
vt 0.252983 1.000000
vt 0.010440 0.245531
vt 0.014171 0.207648
vt 0.088215 0.250000
vt 0.125944 0.250000
vt 0.166431 0.250000
vt 0.249653 0.991901
vt 0.219097 0.991901
vt 0.248636 0.994536
vt 0.220114 0.994536
vt 0.247017 1.000000
vt 0.221733 1.000000
vt 0.014171 0.292352
vt 0.010440 0.254469
vt 0.091324 0.281563
vt 0.128327 0.274202
vt 0.168037 0.266304
vt 0.218403 0.991901
vt 0.187847 0.991901
vt 0.217386 0.994536
vt 0.188864 0.994536
vt 0.215767 1.000000
vt 0.190483 1.000000
vt 0.026965 0.337546
vt 0.015915 0.301119
vt 0.100531 0.311912
vt 0.135387 0.297474
vt 0.172792 0.281980
vt 0.187153 0.991901
vt 0.156597 0.991901
vt 0.186136 0.994536
vt 0.157614 0.994536
vt 0.184517 1.000000
vt 0.159233 1.000000
vt 0.048330 0.379376
vt 0.030386 0.345805
vt 0.115481 0.339883
vt 0.146851 0.318922
vt 0.180515 0.296428
vt 0.155903 0.991901
vt 0.125347 0.991901
vt 0.154886 0.994536
vt 0.126364 0.994536
vt 0.153267 1.000000
vt 0.127983 1.000000
vt 0.077445 0.416234
vt 0.053296 0.386808
vt 0.135601 0.364399
vt 0.162279 0.337721
vt 0.190908 0.309092
vt 0.124653 0.991901
vt 0.094097 0.991901
vt 0.123636 0.994536
vt 0.095114 0.994536
vt 0.122017 1.000000
vt 0.096733 1.000000
vt 0.113192 0.446704
vt 0.083766 0.422555
vt 0.160117 0.384519
vt 0.181078 0.353149
vt 0.203572 0.319485
vt 0.093403 0.991901
vt 0.062847 0.991901
vt 0.092386 0.994536
vt 0.063864 0.994536
vt 0.090767 1.000000
vt 0.065483 1.000000
vt 0.154195 0.469614
vt 0.120624 0.451670
vt 0.188088 0.399469
vt 0.202526 0.364613
vt 0.218020 0.327208
vt 0.062153 0.991901
vt 0.031597 0.991901
vt 0.061136 0.994536
vt 0.032614 0.994536
vt 0.059517 1.000000
vt 0.034233 1.000000
vt 0.198881 0.484085
vt 0.162454 0.473035
vt 0.218437 0.408676
vt 0.225798 0.371673
vt 0.233696 0.331963
vt 0.030903 0.991901
vt 0.000347 0.991901
vt 0.029886 0.994536
vt 0.001364 0.994536
vt 0.028267 1.000000
vt 0.002983 1.000000
vt 0.245531 0.489560
vt 0.207648 0.485829
s 1
usemtl TV_Stand
f 64/65/27 283/66/28 66/67/29 33/68/30
f 35/69/31 80/70/32 87/71/33 36/72/34
f 36/72/34 87/71/33 94/73/35 37/74/36
f 37/74/36 94/73/35 101/75/37 38/76/38
f 38/76/38 101/77/37 108/78/39 39/79/40
f 39/79/40 108/80/39 115/81/41 40/82/42
f 40/82/42 115/81/41 122/83/43 41/84/44
f 41/84/44 122/83/43 129/85/45 42/86/46
f 42/86/46 129/87/45 136/88/47 43/89/48
f 43/89/48 136/90/47 143/91/49 44/92/50
f 44/92/50 143/91/49 150/93/51 45/94/52
f 45/94/52 150/93/51 157/95/53 46/96/54
f 46/96/54 157/97/53 164/98/55 47/99/56
f 47/99/56 164/100/55 171/101/57 48/102/58
f 48/102/58 171/103/57 178/104/59 49/105/60
f 49/105/60 178/104/59 185/106/61 50/107/62
f 50/107/62 185/108/61 192/109/63 51/110/64
f 51/110/64 192/111/63 199/112/65 52/113/66
f 52/113/66 199/112/65 206/114/67 53/115/68
f 53/115/68 206/114/67 213/116/69 54/117/70
f 54/117/70 213/118/69 220/119/71 55/120/72
f 55/120/72 220/121/71 227/122/73 56/123/74
f 56/123/74 227/122/73 234/124/75 57/125/76
f 57/125/76 234/124/75 241/126/77 58/127/78
f 58/127/78 241/128/77 248/129/79 59/130/80
f 59/130/80 248/131/79 255/132/81 60/133/82
f 60/133/82 255/132/81 262/134/83 61/135/84
f 61/135/84 262/134/83 269/136/85 62/137/86
f 62/137/86 269/138/85 276/139/87 63/140/88
f 63/140/88 276/141/87 283/66/28 64/65/27
f 33/142/30 66/143/29 73/144/89 34/145/90
f 34/145/90 73/146/89 80/147/32 35/69/31
f 33/148/91 34/149/91 35/150/91 36/151/91 37/152/91 38/153/91 39/154/91 40/155/91 41/156/91 42/157/91 43/158/91 44/159/91 45/160/91 46/161/91 47/162/91 48/163/91 49/164/91 50/165/91 51/166/91 52/167/91 53/168/91 54/169/91 55/170/91 56/171/91 57/172/91 58/173/91 59/174/91 60/175/91 61/176/91 62/177/91 63/178/91 64/179/91
f 73/144/89 66/143/29 71/180/92 78/181/93
f 78/181/93 71/180/92 70/182/94 77/183/95
f 77/183/95 70/182/94 69/184/96 76/185/97
f 76/186/97 69/187/96 68/188/98 75/189/99
f 75/189/99 68/188/98 67/190/100 74/191/101
f 74/191/101 67/190/100 65/192/102 72/193/103
f 80/147/32 73/146/89 78/194/93 85/195/104
f 85/195/104 78/194/93 77/196/95 84/197/105
f 84/197/105 77/196/95 76/198/97 83/199/106
f 83/200/106 76/201/97 75/189/99 82/202/107
f 82/202/107 75/189/99 74/191/101 81/203/108
f 81/203/108 74/191/101 72/193/103 79/204/109
f 87/71/33 80/70/32 85/205/104 92/206/110
f 92/206/110 85/205/104 84/207/105 91/208/111
f 91/208/111 84/207/105 83/209/106 90/210/112
f 90/211/112 83/212/106 82/202/107 89/213/113
f 89/213/113 82/202/107 81/203/108 88/214/114
f 88/214/114 81/203/108 79/204/109 86/215/115
f 94/73/35 87/71/33 92/216/110 99/217/116
f 99/217/116 92/216/110 91/218/111 98/219/117
f 98/219/117 91/218/111 90/220/112 97/221/118
f 97/222/118 90/223/112 89/213/113 96/224/119
f 96/224/119 89/213/113 88/214/114 95/225/120
f 95/225/120 88/214/114 86/215/115 93/226/121
f 101/75/37 94/73/35 99/227/116 106/228/122
f 106/228/122 99/227/116 98/229/117 105/230/123
f 105/230/123 98/229/117 97/231/118 104/232/124
f 104/233/124 97/234/118 96/224/119 103/235/125
f 103/235/125 96/224/119 95/225/120 102/236/126
f 102/236/126 95/225/120 93/226/121 100/237/127
f 108/78/39 101/77/37 106/238/122 113/239/128
f 113/239/128 106/238/122 105/240/123 112/241/129
f 112/241/129 105/240/123 104/242/124 111/243/130
f 111/244/130 104/245/124 103/235/125 110/246/131
f 110/246/131 103/235/125 102/236/126 109/247/132
f 109/247/132 102/236/126 100/237/127 107/248/133
f 115/81/41 108/80/39 113/249/128 120/250/134
f 120/250/134 113/249/128 112/251/129 119/252/135
f 119/252/135 112/251/129 111/253/130 118/254/136
f 118/255/136 111/256/130 110/246/131 117/257/137
f 117/257/137 110/246/131 109/247/132 116/258/138
f 116/258/138 109/247/132 107/248/133 114/259/139
f 122/83/43 115/81/41 120/260/134 127/261/140
f 127/261/140 120/260/134 119/262/135 126/263/141
f 126/263/141 119/262/135 118/264/136 125/265/142
f 125/266/142 118/267/136 117/257/137 124/268/143
f 124/268/143 117/257/137 116/258/138 123/269/144
f 123/269/144 116/258/138 114/259/139 121/270/145
f 129/85/45 122/83/43 127/271/140 134/272/146
f 134/272/146 127/271/140 126/273/141 133/274/147
f 133/274/147 126/273/141 125/275/142 132/276/148
f 132/277/148 125/278/142 124/268/143 131/279/149
f 131/279/149 124/268/143 123/269/144 130/280/150
f 130/280/150 123/269/144 121/270/145 128/281/151
f 136/88/47 129/87/45 134/282/146 141/283/152
f 141/283/152 134/282/146 133/284/147 140/285/153
f 140/285/153 133/284/147 132/286/148 139/287/154
f 139/288/154 132/289/148 131/279/149 138/290/155
f 138/290/155 131/279/149 130/280/150 137/291/156
f 137/291/156 130/280/150 128/281/151 135/292/157
f 143/91/49 136/90/47 141/293/152 148/294/158
f 148/294/158 141/293/152 140/295/153 147/296/159
f 147/296/159 140/295/153 139/297/154 146/298/160
f 146/299/160 139/300/154 138/290/155 145/301/161
f 145/301/161 138/290/155 137/291/156 144/302/162
f 144/302/162 137/291/156 135/292/157 142/303/163
f 150/93/51 143/91/49 148/304/158 155/305/164
f 155/305/164 148/304/158 147/306/159 154/307/165
f 154/307/165 147/306/159 146/308/160 153/309/166
f 153/310/166 146/311/160 145/301/161 152/312/167
f 152/312/167 145/301/161 144/302/162 151/313/168
f 151/313/168 144/302/162 142/303/163 149/314/169
f 157/95/53 150/93/51 155/315/164 162/316/170
f 162/316/170 155/315/164 154/317/165 161/318/171
f 161/318/171 154/317/165 153/319/166 160/320/172
f 160/321/172 153/322/166 152/312/167 159/323/173
f 159/323/173 152/312/167 151/313/168 158/324/174
f 158/324/174 151/313/168 149/314/169 156/325/175
f 164/98/55 157/97/53 162/326/170 169/327/176
f 169/327/176 162/326/170 161/328/171 168/329/177
f 168/329/177 161/328/171 160/330/172 167/331/178
f 167/332/178 160/333/172 159/323/173 166/334/179
f 166/334/179 159/323/173 158/324/174 165/335/180
f 165/335/180 158/324/174 156/325/175 163/336/181
f 171/101/57 164/100/55 169/337/176 176/338/182
f 176/338/182 169/337/176 168/339/177 175/340/183
f 175/340/183 168/339/177 167/341/178 174/342/184
f 174/343/184 167/344/178 166/334/179 173/345/185
f 173/345/185 166/334/179 165/335/180 172/346/186
f 172/346/186 165/335/180 163/336/181 170/347/187
f 178/104/59 171/103/57 176/348/182 183/349/188
f 183/349/188 176/348/182 175/350/183 182/351/189
f 182/351/189 175/350/183 174/352/184 181/353/190
f 181/354/190 174/355/184 173/345/185 180/356/191
f 180/356/191 173/345/185 172/346/186 179/357/192
f 179/357/192 172/346/186 170/347/187 177/358/193
f 185/106/61 178/104/59 183/359/188 190/360/194
f 190/360/194 183/359/188 182/361/189 189/362/195
f 189/362/195 182/361/189 181/363/190 188/364/196
f 188/365/196 181/366/190 180/356/191 187/367/197
f 187/367/197 180/356/191 179/357/192 186/368/198
f 186/368/198 179/357/192 177/358/193 184/369/199
f 192/109/63 185/108/61 190/370/194 197/371/200
f 197/371/200 190/370/194 189/372/195 196/373/201
f 196/373/201 189/372/195 188/374/196 195/375/202
f 195/376/202 188/377/196 187/367/197 194/378/203
f 194/378/203 187/367/197 186/368/198 193/379/204
f 193/379/204 186/368/198 184/369/199 191/380/205
f 199/112/65 192/111/63 197/381/200 204/382/206
f 204/382/206 197/381/200 196/383/201 203/384/207
f 203/384/207 196/383/201 195/385/202 202/386/208
f 202/387/208 195/388/202 194/378/203 201/389/209
f 201/389/209 194/378/203 193/379/204 200/390/210
f 200/390/210 193/379/204 191/380/205 198/391/211
f 206/114/67 199/112/65 204/392/206 211/393/212
f 211/393/212 204/392/206 203/394/207 210/395/213
f 210/395/213 203/394/207 202/396/208 209/397/214
f 209/398/214 202/399/208 201/389/209 208/400/215
f 208/400/215 201/389/209 200/390/210 207/401/216
f 207/401/216 200/390/210 198/391/211 205/402/217
f 213/116/69 206/114/67 211/403/212 218/404/218
f 218/404/218 211/403/212 210/405/213 217/406/219
f 217/406/219 210/405/213 209/407/214 216/408/220
f 216/409/220 209/410/214 208/400/215 215/411/221
f 215/411/221 208/400/215 207/401/216 214/412/222
f 214/412/222 207/401/216 205/402/217 212/413/223
f 220/119/71 213/118/69 218/414/218 225/415/224
f 225/415/224 218/414/218 217/416/219 224/417/225
f 224/417/225 217/416/219 216/418/220 223/419/226
f 223/420/226 216/421/220 215/411/221 222/422/227
f 222/422/227 215/411/221 214/412/222 221/423/228
f 221/423/228 214/412/222 212/413/223 219/424/229
f 227/122/73 220/121/71 225/425/224 232/426/230
f 232/426/230 225/425/224 224/427/225 231/428/231
f 231/428/231 224/427/225 223/429/226 230/430/232
f 230/431/232 223/432/226 222/422/227 229/433/233
f 229/433/233 222/422/227 221/423/228 228/434/234
f 228/434/234 221/423/228 219/424/229 226/435/235
f 234/124/75 227/122/73 232/436/230 239/437/236
f 239/437/236 232/436/230 231/438/231 238/439/237
f 238/439/237 231/438/231 230/440/232 237/441/238
f 237/442/238 230/443/232 229/433/233 236/444/239
f 236/444/239 229/433/233 228/434/234 235/445/240
f 235/445/240 228/434/234 226/435/235 233/446/241
f 241/126/77 234/124/75 239/447/236 246/448/242
f 246/448/242 239/447/236 238/449/237 245/450/243
f 245/450/243 238/449/237 237/451/238 244/452/244
f 244/453/244 237/454/238 236/444/239 243/455/245
f 243/455/245 236/444/239 235/445/240 242/456/246
f 242/456/246 235/445/240 233/446/241 240/457/247
f 248/129/79 241/128/77 246/458/242 253/459/248
f 253/459/248 246/458/242 245/460/243 252/461/249
f 252/461/249 245/460/243 244/462/244 251/463/250
f 251/464/250 244/465/244 243/455/245 250/466/251
f 250/466/251 243/455/245 242/456/246 249/467/252
f 249/467/252 242/456/246 240/457/247 247/468/253
f 255/132/81 248/131/79 253/469/248 260/470/254
f 260/470/254 253/469/248 252/471/249 259/472/255
f 259/472/255 252/471/249 251/473/250 258/474/256
f 258/475/256 251/476/250 250/466/251 257/477/257
f 257/477/257 250/466/251 249/467/252 256/478/258
f 256/478/258 249/467/252 247/468/253 254/479/259
f 262/134/83 255/132/81 260/480/254 267/481/260
f 267/481/260 260/480/254 259/482/255 266/483/261
f 266/483/261 259/482/255 258/484/256 265/485/262
f 265/486/262 258/487/256 257/477/257 264/488/263
f 264/488/263 257/477/257 256/478/258 263/489/264
f 263/489/264 256/478/258 254/479/259 261/490/265
f 269/136/85 262/134/83 267/491/260 274/492/266
f 274/492/266 267/491/260 266/493/261 273/494/267
f 273/494/267 266/493/261 265/495/262 272/496/268
f 272/497/268 265/498/262 264/488/263 271/499/269
f 271/499/269 264/488/263 263/489/264 270/500/270
f 270/500/270 263/489/264 261/490/265 268/501/271
f 276/139/87 269/138/85 274/502/266 281/503/272
f 281/503/272 274/502/266 273/504/267 280/505/273
f 280/505/273 273/504/267 272/506/268 279/507/274
f 279/508/274 272/509/268 271/499/269 278/510/275
f 278/510/275 271/499/269 270/500/270 277/511/276
f 277/511/276 270/500/270 268/501/271 275/512/277
f 283/66/28 276/141/87 281/513/272 288/514/278
f 288/514/278 281/513/272 280/515/273 287/516/279
f 287/516/279 280/515/273 279/517/274 286/518/280
f 286/519/280 279/520/274 278/510/275 285/521/281
f 285/521/281 278/510/275 277/511/276 284/522/282
f 284/522/282 277/511/276 275/512/277 282/523/283
f 66/67/29 283/66/28 288/524/278 71/525/92
f 71/525/92 288/524/278 287/526/279 70/527/94
f 70/527/94 287/526/279 286/528/280 69/529/96
f 69/530/96 286/531/280 285/521/281 68/188/98
f 68/188/98 285/521/281 284/522/282 67/190/100
f 67/190/100 284/522/282 282/523/283 65/192/102
f 72/193/103 65/192/102 282/523/283 275/512/277 268/501/271 261/490/265 254/479/259 247/468/253 240/457/247 233/446/241 226/435/235 219/424/229 212/413/223 205/402/217 198/391/211 191/380/205 184/369/199 177/358/193 170/347/187 163/336/181 156/325/175 149/314/169 142/303/163 135/292/157 128/281/151 121/270/145 114/259/139 107/248/133 100/237/127 93/226/121 86/215/115 79/204/109
o Cylinder03
v -0.000019 0.822040 -0.236284
v 0.004323 0.822040 -0.235856
v 0.008498 0.822040 -0.234590
v 0.012346 0.822040 -0.232533
v 0.015718 0.822040 -0.229765
v 0.018486 0.822040 -0.226393
v 0.020543 0.822040 -0.222545
v 0.021809 0.822040 -0.218370
v 0.022237 0.822040 -0.214028
v 0.021809 0.822040 -0.209687
v 0.020543 0.822040 -0.205512
v 0.018486 0.822040 -0.201664
v 0.015718 0.822040 -0.198292
v 0.012346 0.822040 -0.195524
v 0.008498 0.822040 -0.193467
v 0.004323 0.822040 -0.192201
v -0.000019 0.822040 -0.191773
v -0.004361 0.822040 -0.192201
v -0.008535 0.822040 -0.193467
v -0.012383 0.822040 -0.195524
v -0.015756 0.822040 -0.198292
v -0.018523 0.822040 -0.201664
v -0.020580 0.822040 -0.205512
v -0.021846 0.822040 -0.209687
v -0.022274 0.822040 -0.214028
v -0.021846 0.822040 -0.218370
v -0.020580 0.822040 -0.222545
v -0.018523 0.822040 -0.226393
v -0.015756 0.822040 -0.229765
v -0.012383 0.822040 -0.232533
v -0.008535 0.822040 -0.234590
v -0.004361 0.822040 -0.235856
v -0.000019 1.699881 -0.227181
v -0.000019 1.690822 -0.236284
v -0.000019 1.699437 -0.229994
v -0.000019 1.698151 -0.232532
v -0.000019 1.696147 -0.234545
v -0.000019 1.693622 -0.235838
v 0.002547 1.699881 -0.226929
v 0.004323 1.690822 -0.235856
v 0.003096 1.699437 -0.229687
v 0.003591 1.698151 -0.232176
v 0.003984 1.696147 -0.234151
v 0.004236 1.693622 -0.235419
v 0.005015 1.699881 -0.226180
v 0.008498 1.690822 -0.234590
v 0.006091 1.699437 -0.228779
v 0.007062 1.698151 -0.231123
v 0.007833 1.696147 -0.232984
v 0.008328 1.693622 -0.234178
v 0.007289 1.699881 -0.224965
v 0.012346 1.690822 -0.232533
v 0.008851 1.699437 -0.227303
v 0.010261 1.698151 -0.229413
v 0.011380 1.696147 -0.231088
v 0.012098 1.693622 -0.232163
v 0.009282 1.699881 -0.223329
v 0.015718 1.690822 -0.229765
v 0.011271 1.699437 -0.225318
v 0.013065 1.698151 -0.227112
v 0.014489 1.696147 -0.228536
v 0.015403 1.693622 -0.229450
v 0.010918 1.699881 -0.221336
v 0.018486 1.690822 -0.226393
v 0.013256 1.699437 -0.222899
v 0.015366 1.698151 -0.224308
v 0.017040 1.696147 -0.225427
v 0.018115 1.693622 -0.226145
v 0.012133 1.699881 -0.219062
v 0.020543 1.690822 -0.222545
v 0.014732 1.699437 -0.220138
v 0.017076 1.698151 -0.221109
v 0.018936 1.696147 -0.221880
v 0.020131 1.693622 -0.222375
v 0.012881 1.699881 -0.216594
v 0.021809 1.690822 -0.218370
v 0.015640 1.699437 -0.217143
v 0.018129 1.698151 -0.217638
v 0.020104 1.696147 -0.218031
v 0.021372 1.693622 -0.218283
v 0.013134 1.699881 -0.214028
v 0.022237 1.690822 -0.214028
v 0.015947 1.699437 -0.214028
v 0.018484 1.698151 -0.214028
v 0.020498 1.696147 -0.214028
v 0.021791 1.693622 -0.214028
v 0.012881 1.699881 -0.211462
v 0.021809 1.690822 -0.209687
v 0.015640 1.699437 -0.210914
v 0.018129 1.698151 -0.210419
v 0.020104 1.696147 -0.210026
v 0.021372 1.693622 -0.209774
v 0.012133 1.699881 -0.208995
v 0.020543 1.690822 -0.205512
v 0.014732 1.699437 -0.207919
v 0.017076 1.698151 -0.206948
v 0.018936 1.696147 -0.206177
v 0.020131 1.693622 -0.205682
v 0.010918 1.699881 -0.206721
v 0.018486 1.690822 -0.201664
v 0.013256 1.699437 -0.205158
v 0.015366 1.698151 -0.203749
v 0.017040 1.696147 -0.202630
v 0.018115 1.693622 -0.201912
v 0.009282 1.699881 -0.204728
v 0.015718 1.690822 -0.198292
v 0.011271 1.699437 -0.202739
v 0.013065 1.698151 -0.200945
v 0.014489 1.696147 -0.199521
v 0.015403 1.693622 -0.198607
v 0.007289 1.699881 -0.203092
v 0.012346 1.690822 -0.195524
v 0.008851 1.699437 -0.200753
v 0.010261 1.698151 -0.198644
v 0.011380 1.696147 -0.196969
v 0.012098 1.693622 -0.195894
v 0.005015 1.699881 -0.201877
v 0.008498 1.690822 -0.193467
v 0.006091 1.699437 -0.199278
v 0.007062 1.698151 -0.196934
v 0.007833 1.696147 -0.195073
v 0.008328 1.693622 -0.193879
v 0.002547 1.699881 -0.201128
v 0.004323 1.690822 -0.192201
v 0.003096 1.699437 -0.198370
v 0.003591 1.698151 -0.195881
v 0.003984 1.696147 -0.193906
v 0.004236 1.693622 -0.192638
v -0.000019 1.699881 -0.200876
v -0.000019 1.690822 -0.191773
v -0.000019 1.699437 -0.198063
v -0.000019 1.698151 -0.195525
v -0.000019 1.696147 -0.193512
v -0.000019 1.693622 -0.192219
v -0.002585 1.699881 -0.201128
v -0.004361 1.690822 -0.192201
v -0.003133 1.699437 -0.198370
v -0.003629 1.698151 -0.195881
v -0.004021 1.696147 -0.193906
v -0.004274 1.693622 -0.192638
v -0.005052 1.699881 -0.201877
v -0.008535 1.690822 -0.193467
v -0.006129 1.699437 -0.199278
v -0.007100 1.698151 -0.196934
v -0.007870 1.696147 -0.195073
v -0.008365 1.693622 -0.193879
v -0.007326 1.699881 -0.203092
v -0.012383 1.690822 -0.195524
v -0.008889 1.699437 -0.200753
v -0.010299 1.698151 -0.198644
v -0.011417 1.696147 -0.196969
v -0.012136 1.693622 -0.195894
v -0.009319 1.699881 -0.204728
v -0.015756 1.690822 -0.198292
v -0.011308 1.699437 -0.202739
v -0.013102 1.698151 -0.200945
v -0.014526 1.696147 -0.199521
v -0.015441 1.693622 -0.198607
v -0.010955 1.699881 -0.206721
v -0.018523 1.690822 -0.201664
v -0.013294 1.699437 -0.205158
v -0.015404 1.698151 -0.203749
v -0.017078 1.696147 -0.202630
v -0.018153 1.693622 -0.201912
v -0.012170 1.699881 -0.208995
v -0.020580 1.690822 -0.205512
v -0.014769 1.699437 -0.207919
v -0.017113 1.698151 -0.206948
v -0.018974 1.696147 -0.206177
v -0.020168 1.693622 -0.205682
v -0.012919 1.699881 -0.211462
v -0.021846 1.690822 -0.209687
v -0.015678 1.699437 -0.210914
v -0.018166 1.698151 -0.210419
v -0.020141 1.696147 -0.210026
v -0.021409 1.693622 -0.209774
v -0.013172 1.699881 -0.214028
v -0.022274 1.690822 -0.214028
v -0.015984 1.699437 -0.214028
v -0.018522 1.698151 -0.214028
v -0.020536 1.696147 -0.214028
v -0.021829 1.693622 -0.214028
v -0.012919 1.699881 -0.216594
v -0.021846 1.690822 -0.218370
v -0.015678 1.699437 -0.217143
v -0.018166 1.698151 -0.217638
v -0.020141 1.696147 -0.218031
v -0.021409 1.693622 -0.218283
v -0.012170 1.699881 -0.219062
v -0.020580 1.690822 -0.222545
v -0.014769 1.699437 -0.220138
v -0.017113 1.698151 -0.221109
v -0.018974 1.696147 -0.221880
v -0.020168 1.693622 -0.222375
v -0.010955 1.699881 -0.221336
v -0.018523 1.690822 -0.226393
v -0.013294 1.699437 -0.222899
v -0.015404 1.698151 -0.224308
v -0.017078 1.696147 -0.225427
v -0.018153 1.693622 -0.226145
v -0.009319 1.699881 -0.223329
v -0.015756 1.690822 -0.229765
v -0.011308 1.699437 -0.225318
v -0.013102 1.698151 -0.227112
v -0.014526 1.696147 -0.228536
v -0.015441 1.693622 -0.229450
v -0.007326 1.699881 -0.224965
v -0.012383 1.690822 -0.232533
v -0.008889 1.699437 -0.227303
v -0.010299 1.698151 -0.229413
v -0.011417 1.696147 -0.231088
v -0.012136 1.693622 -0.232163
v -0.005052 1.699881 -0.226180
v -0.008535 1.690822 -0.234590
v -0.006129 1.699437 -0.228779
v -0.007100 1.698151 -0.231123
v -0.007870 1.696147 -0.232984
v -0.008365 1.693622 -0.234178
v -0.002585 1.699881 -0.226929
v -0.004361 1.690822 -0.235856
v -0.003133 1.699437 -0.229687
v -0.003629 1.698151 -0.232176
v -0.004021 1.696147 -0.234151
v -0.004274 1.693622 -0.235419
vn -0.1951 -0.0000 -0.9808
vn -0.1945 0.0784 -0.9778
vn -0.0000 0.0784 -0.9969
vn -0.0000 -0.0000 -1.0000
vn 0.3827 -0.0000 -0.9239
vn 0.3815 0.0784 -0.9210
vn 0.5539 0.0784 -0.8289
vn 0.5556 -0.0000 -0.8315
vn 0.7049 0.0784 -0.7049
vn 0.7071 -0.0000 -0.7071
vn 0.8289 0.0784 -0.5539
vn 0.8315 -0.0000 -0.5556
vn 0.9210 0.0784 -0.3815
vn 0.9239 -0.0000 -0.3827
vn 0.9778 0.0784 -0.1945
vn 0.9808 -0.0000 -0.1951
vn 0.9969 0.0784 -0.0000
vn 1.0000 -0.0000 -0.0000
vn 0.9778 0.0784 0.1945
vn 0.9808 -0.0000 0.1951
vn 0.9210 0.0784 0.3815
vn 0.9239 -0.0000 0.3827
vn 0.8289 0.0784 0.5539
vn 0.8315 -0.0000 0.5556
vn 0.7049 0.0784 0.7049
vn 0.7071 -0.0000 0.7071
vn 0.5539 0.0784 0.8289
vn 0.5556 -0.0000 0.8315
vn 0.3815 0.0784 0.9210
vn 0.3827 -0.0000 0.9239
vn 0.1945 0.0784 0.9778
vn 0.1951 -0.0000 0.9808
vn -0.0000 0.0784 0.9969
vn -0.0000 -0.0000 1.0000
vn -0.1945 0.0784 0.9778
vn -0.1951 -0.0000 0.9808
vn -0.3815 0.0784 0.9210
vn -0.3827 -0.0000 0.9239
vn -0.5539 0.0784 0.8289
vn -0.5556 -0.0000 0.8315
vn -0.7049 0.0784 0.7049
vn -0.7071 -0.0000 0.7071
vn -0.8289 0.0784 0.5539
vn -0.8315 -0.0000 0.5556
vn -0.9210 0.0784 0.3815
vn -0.9239 -0.0000 0.3827
vn -0.9778 0.0784 0.1945
vn -0.9808 -0.0000 0.1951
vn -0.9969 0.0784 -0.0000
vn -1.0000 -0.0000 -0.0000
vn -0.9778 0.0784 -0.1945
vn -0.9808 -0.0000 -0.1951
vn -0.9210 0.0784 -0.3815
vn -0.9239 -0.0000 -0.3827
vn -0.8289 0.0784 -0.5539
vn -0.8315 -0.0000 -0.5556
vn -0.7049 0.0784 -0.7049
vn -0.7071 -0.0000 -0.7071
vn -0.5539 0.0784 -0.8289
vn -0.5556 -0.0000 -0.8315
vn -0.3815 0.0784 -0.9210
vn -0.3827 -0.0000 -0.9239
vn 0.1945 0.0784 -0.9778
vn 0.1951 -0.0000 -0.9808
vn -0.0000 -1.0000 -0.0000
vn -0.0000 0.3075 -0.9516
vn 0.1856 0.3075 -0.9333
vn -0.0000 0.5849 -0.8111
vn 0.1582 0.5849 -0.7955
vn -0.0000 0.8057 -0.5923
vn 0.1156 0.8057 -0.5810
vn -0.0000 0.9486 -0.3165
vn 0.0617 0.9486 -0.3104
vn -0.0000 0.9966 -0.0829
vn 0.0162 0.9966 -0.0813
vn 0.3642 0.3075 -0.8791
vn 0.3104 0.5849 -0.7493
vn 0.2267 0.8057 -0.5473
vn 0.1211 0.9486 -0.2924
vn 0.0317 0.9966 -0.0766
vn 0.5287 0.3075 -0.7912
vn 0.4506 0.5849 -0.6744
vn 0.3291 0.8057 -0.4925
vn 0.1758 0.9486 -0.2632
vn 0.0461 0.9966 -0.0690
vn 0.6729 0.3075 -0.6729
vn 0.5735 0.5849 -0.5735
vn 0.4189 0.8057 -0.4189
vn 0.2238 0.9486 -0.2238
vn 0.0586 0.9966 -0.0586
vn 0.7912 0.3075 -0.5287
vn 0.6744 0.5849 -0.4506
vn 0.4925 0.8057 -0.3291
vn 0.2632 0.9486 -0.1758
vn 0.0690 0.9966 -0.0461
vn 0.8791 0.3075 -0.3641
vn 0.7493 0.5849 -0.3104
vn 0.5473 0.8057 -0.2267
vn 0.2924 0.9486 -0.1211
vn 0.0766 0.9966 -0.0317
vn 0.9333 0.3075 -0.1856
vn 0.7955 0.5849 -0.1582
vn 0.5810 0.8057 -0.1156
vn 0.3104 0.9486 -0.0617
vn 0.0813 0.9966 -0.0162
vn 0.9516 0.3075 -0.0000
vn 0.8111 0.5849 -0.0000
vn 0.5923 0.8057 -0.0000
vn 0.3165 0.9486 -0.0000
vn 0.0829 0.9966 -0.0000
vn 0.9333 0.3075 0.1856
vn 0.7955 0.5849 0.1582
vn 0.5810 0.8057 0.1156
vn 0.3104 0.9486 0.0617
vn 0.0813 0.9966 0.0162
vn 0.8791 0.3075 0.3641
vn 0.7493 0.5849 0.3104
vn 0.5473 0.8057 0.2267
vn 0.2924 0.9486 0.1211
vn 0.0766 0.9966 0.0317
vn 0.7912 0.3075 0.5287
vn 0.6744 0.5849 0.4506
vn 0.4925 0.8057 0.3291
vn 0.2632 0.9486 0.1758
vn 0.0690 0.9966 0.0461
vn 0.6729 0.3075 0.6729
vn 0.5735 0.5849 0.5735
vn 0.4189 0.8057 0.4189
vn 0.2238 0.9486 0.2238
vn 0.0586 0.9966 0.0586
vn 0.5287 0.3075 0.7912
vn 0.4506 0.5849 0.6744
vn 0.3291 0.8057 0.4925
vn 0.1758 0.9486 0.2632
vn 0.0461 0.9966 0.0690
vn 0.3641 0.3075 0.8791
vn 0.3104 0.5849 0.7493
vn 0.2267 0.8057 0.5473
vn 0.1211 0.9486 0.2924
vn 0.0317 0.9966 0.0766
vn 0.1856 0.3075 0.9333
vn 0.1582 0.5849 0.7955
vn 0.1156 0.8057 0.5810
vn 0.0617 0.9486 0.3104
vn 0.0162 0.9966 0.0813
vn -0.0000 0.3075 0.9516
vn -0.0000 0.5849 0.8111
vn -0.0000 0.8057 0.5923
vn -0.0000 0.9486 0.3165
vn -0.0000 0.9966 0.0829
vn -0.1856 0.3075 0.9333
vn -0.1582 0.5849 0.7955
vn -0.1156 0.8057 0.5810
vn -0.0617 0.9486 0.3104
vn -0.0162 0.9966 0.0813
vn -0.3642 0.3075 0.8791
vn -0.3104 0.5849 0.7493
vn -0.2267 0.8057 0.5473
vn -0.1211 0.9486 0.2924
vn -0.0317 0.9966 0.0766
vn -0.5287 0.3075 0.7912
vn -0.4506 0.5849 0.6744
vn -0.3291 0.8057 0.4925
vn -0.1758 0.9486 0.2632
vn -0.0461 0.9966 0.0690
vn -0.6729 0.3075 0.6729
vn -0.5735 0.5849 0.5735
vn -0.4189 0.8057 0.4189
vn -0.2238 0.9486 0.2238
vn -0.0586 0.9966 0.0586
vn -0.7912 0.3075 0.5287
vn -0.6744 0.5849 0.4506
vn -0.4925 0.8057 0.3291
vn -0.2632 0.9486 0.1758
vn -0.0690 0.9966 0.0461
vn -0.8791 0.3075 0.3641
vn -0.7493 0.5849 0.3104
vn -0.5473 0.8057 0.2267
vn -0.2924 0.9486 0.1211
vn -0.0766 0.9966 0.0317
vn -0.9333 0.3075 0.1856
vn -0.7955 0.5849 0.1582
vn -0.5810 0.8057 0.1156
vn -0.3104 0.9486 0.0617
vn -0.0813 0.9966 0.0162
vn -0.9516 0.3075 -0.0000
vn -0.8111 0.5849 -0.0000
vn -0.5923 0.8057 -0.0000
vn -0.3165 0.9486 -0.0000
vn -0.0829 0.9966 -0.0000
vn -0.9333 0.3075 -0.1856
vn -0.7955 0.5849 -0.1582
vn -0.5810 0.8057 -0.1156
vn -0.3104 0.9486 -0.0617
vn -0.0813 0.9966 -0.0162
vn -0.8791 0.3075 -0.3641
vn -0.7493 0.5849 -0.3104
vn -0.5473 0.8057 -0.2267
vn -0.2924 0.9486 -0.1211
vn -0.0766 0.9966 -0.0317
vn -0.7912 0.3075 -0.5287
vn -0.6744 0.5849 -0.4506
vn -0.4925 0.8057 -0.3291
vn -0.2632 0.9486 -0.1758
vn -0.0690 0.9966 -0.0461
vn -0.6729 0.3075 -0.6729
vn -0.5735 0.5849 -0.5735
vn -0.4189 0.8057 -0.4189
vn -0.2238 0.9486 -0.2238
vn -0.0586 0.9966 -0.0586
vn -0.5287 0.3075 -0.7912
vn -0.4506 0.5849 -0.6744
vn -0.3291 0.8057 -0.4925
vn -0.1758 0.9486 -0.2632
vn -0.0461 0.9966 -0.0690
vn -0.3641 0.3075 -0.8791
vn -0.3104 0.5849 -0.7493
vn -0.2267 0.8057 -0.5473
vn -0.1211 0.9486 -0.2924
vn -0.0317 0.9966 -0.0766
vn -0.1856 0.3075 -0.9333
vn -0.1582 0.5849 -0.7955
vn -0.1156 0.8057 -0.5810
vn -0.0617 0.9486 -0.3104
vn -0.0162 0.9966 -0.0813
vt 0.031250 0.500000
vt 0.031250 0.994840
vt 0.000000 0.994840
vt 0.000000 0.500000
vt 0.937500 0.500000
vt 0.937500 0.994840
vt 0.906250 0.994840
vt 0.906250 0.500000
vt 0.906250 0.994840
vt 0.875000 0.994840
vt 0.875000 0.500000
vt 0.843750 0.994840
vt 0.843750 0.500000
vt 0.843750 0.994840
vt 0.812500 0.994840
vt 0.812500 0.500000
vt 0.812500 0.994840
vt 0.781250 0.994840
vt 0.781250 0.500000
vt 0.750000 0.994840
vt 0.750000 0.500000
vt 0.718750 0.994840
vt 0.718750 0.500000
vt 0.687500 0.994840
vt 0.687500 0.500000
vt 0.687500 0.994840
vt 0.656250 0.994840
vt 0.656250 0.500000
vt 0.656250 0.994840
vt 0.625000 0.994840
vt 0.625000 0.500000
vt 0.593750 0.994840
vt 0.593750 0.500000
vt 0.593750 0.994840
vt 0.562500 0.994840
vt 0.562500 0.500000
vt 0.562500 0.994840
vt 0.531250 0.994840
vt 0.531250 0.500000
vt 0.500000 0.994840
vt 0.500000 0.500000
vt 0.468750 0.994840
vt 0.468750 0.500000
vt 0.437500 0.994840
vt 0.437500 0.500000
vt 0.437500 0.994840
vt 0.406250 0.994840
vt 0.406250 0.500000
vt 0.406250 0.994840
vt 0.375000 0.994840
vt 0.375000 0.500000
vt 0.343750 0.994840
vt 0.343750 0.500000
vt 0.343750 0.994840
vt 0.312500 0.994840
vt 0.312500 0.500000
vt 0.312500 0.994840
vt 0.281250 0.994840
vt 0.281250 0.500000
vt 0.250000 0.994840
vt 0.250000 0.500000
vt 0.218750 0.994840
vt 0.218750 0.500000
vt 0.187500 0.994840
vt 0.187500 0.500000
vt 0.187500 0.994840
vt 0.156250 0.994840
vt 0.156250 0.500000
vt 0.156250 0.994840
vt 0.125000 0.994840
vt 0.125000 0.500000
vt 0.093750 0.994840
vt 0.093750 0.500000
vt 0.093750 0.994840
vt 0.062500 0.994840
vt 0.062500 0.500000
vt 0.062500 0.994840
vt 1.000000 0.500000
vt 1.000000 0.994840
vt 0.968750 0.994840
vt 0.968750 0.500000
vt 0.937500 0.994840
vt 0.750000 0.490000
vt 0.796822 0.485388
vt 0.841844 0.471731
vt 0.883337 0.449553
vt 0.919706 0.419706
vt 0.949553 0.383337
vt 0.971731 0.341844
vt 0.985388 0.296822
vt 0.990000 0.250000
vt 0.985388 0.203178
vt 0.971731 0.158156
vt 0.949553 0.116663
vt 0.919706 0.080294
vt 0.883337 0.050447
vt 0.841844 0.028269
vt 0.796822 0.014612
vt 0.750000 0.010000
vt 0.703178 0.014612
vt 0.658156 0.028269
vt 0.616663 0.050447
vt 0.580294 0.080294
vt 0.550447 0.116663
vt 0.528269 0.158156
vt 0.514612 0.203178
vt 0.510000 0.250000
vt 0.514612 0.296822
vt 0.528269 0.341844
vt 0.550447 0.383337
vt 0.580294 0.419706
vt 0.616663 0.449553
vt 0.658156 0.471731
vt 0.703178 0.485388
vt 0.999687 0.996435
vt 0.969063 0.996435
vt 0.998779 1.000000
vt 0.969971 1.000000
vt 0.294993 0.485569
vt 0.251829 0.489820
vt 0.250000 0.449537
vt 0.288928 0.445703
vt 0.250000 0.422173
vt 0.283589 0.418865
vt 0.250000 0.391840
vt 0.277672 0.389115
vt 0.968437 0.996435
vt 0.937813 0.996435
vt 0.967530 1.000000
vt 0.938720 1.000000
vt 0.340086 0.472264
vt 0.298580 0.484855
vt 0.326360 0.434348
vt 0.315888 0.409067
vt 0.304280 0.381043
vt 0.937187 0.996435
vt 0.906563 0.996435
vt 0.936280 1.000000
vt 0.907471 1.000000
vt 0.381716 0.450419
vt 0.343465 0.470865
vt 0.360857 0.415909
vt 0.345654 0.393157
vt 0.328802 0.367936
vt 0.905937 0.996435
vt 0.875313 0.996435
vt 0.905030 1.000000
vt 0.876220 1.000000
vt 0.418285 0.420871
vt 0.384757 0.448387
vt 0.391094 0.391094
vt 0.371745 0.371745
vt 0.350296 0.350296
vt 0.874687 0.996435
vt 0.844063 0.996435
vt 0.873779 1.000000
vt 0.844971 1.000000
vt 0.448387 0.384757
vt 0.420871 0.418285
vt 0.415909 0.360857
vt 0.393157 0.345654
vt 0.367936 0.328802
vt 0.843437 0.996435
vt 0.812813 0.996435
vt 0.842529 1.000000
vt 0.813720 1.000000
vt 0.470865 0.343465
vt 0.450419 0.381716
vt 0.434348 0.326359
vt 0.409067 0.315888
vt 0.381043 0.304280
vt 0.812187 0.996435
vt 0.781563 0.996435
vt 0.811280 1.000000
vt 0.782470 1.000000
vt 0.484855 0.298580
vt 0.472264 0.340086
vt 0.445703 0.288928
vt 0.418865 0.283589
vt 0.389114 0.277672
vt 0.780937 0.996435
vt 0.750313 0.996435
vt 0.780030 1.000000
vt 0.751221 1.000000
vt 0.489820 0.251829
vt 0.485569 0.294993
vt 0.449537 0.250000
vt 0.422173 0.250000
vt 0.391840 0.250000
vt 0.749687 0.996435
vt 0.719063 0.996435
vt 0.748779 1.000000
vt 0.719970 1.000000
vt 0.485569 0.205007
vt 0.489820 0.248171
vt 0.445703 0.211072
vt 0.418865 0.216411
vt 0.389115 0.222328
vt 0.718437 0.996435
vt 0.687813 0.996435
vt 0.717529 1.000000
vt 0.688721 1.000000
vt 0.472264 0.159914
vt 0.484855 0.201420
vt 0.434348 0.173641
vt 0.409067 0.184112
vt 0.381043 0.195720
vt 0.687187 0.996435
vt 0.656563 0.996435
vt 0.686279 1.000000
vt 0.657471 1.000000
vt 0.450419 0.118284
vt 0.470865 0.156535
vt 0.415909 0.139143
vt 0.393157 0.154346
vt 0.367936 0.171198
vt 0.655937 0.996435
vt 0.625313 0.996435
vt 0.655030 1.000000
vt 0.626220 1.000000
vt 0.420871 0.081715
vt 0.448387 0.115243
vt 0.391094 0.108906
vt 0.371745 0.128255
vt 0.350296 0.149704
vt 0.624687 0.996435
vt 0.594063 0.996435
vt 0.623779 1.000000
vt 0.594971 1.000000
vt 0.384757 0.051613
vt 0.418285 0.079129
vt 0.360857 0.084091
vt 0.345654 0.106843
vt 0.328802 0.132064
vt 0.593437 0.996435
vt 0.562813 0.996435
vt 0.592529 1.000000
vt 0.563721 1.000000
vt 0.343465 0.029135
vt 0.381716 0.049581
vt 0.326360 0.065652
vt 0.315888 0.090933
vt 0.304280 0.118957
vt 0.562187 0.996435
vt 0.531563 0.996435
vt 0.561279 1.000000
vt 0.532470 1.000000
vt 0.298580 0.015145
vt 0.340086 0.027736
vt 0.288928 0.054297
vt 0.283589 0.081135
vt 0.277672 0.110886
vt 0.530937 0.996435
vt 0.500313 0.996435
vt 0.530030 1.000000
vt 0.501221 1.000000
vt 0.251829 0.010180
vt 0.294993 0.014431
vt 0.250000 0.050463
vt 0.250000 0.077827
vt 0.250000 0.108160
vt 0.499687 0.996435
vt 0.469063 0.996435
vt 0.498780 1.000000
vt 0.469970 1.000000
vt 0.205007 0.014431
vt 0.248171 0.010180
vt 0.211072 0.054297
vt 0.216411 0.081135
vt 0.222328 0.110885
vt 0.468437 0.996435
vt 0.437813 0.996435
vt 0.467529 1.000000
vt 0.438720 1.000000
vt 0.159914 0.027736
vt 0.201420 0.015145
vt 0.173641 0.065652
vt 0.184112 0.090933
vt 0.195720 0.118957
vt 0.437187 0.996435
vt 0.406563 0.996435
vt 0.436280 1.000000
vt 0.407471 1.000000
vt 0.118284 0.049581
vt 0.156535 0.029135
vt 0.139143 0.084091
vt 0.154346 0.106843
vt 0.171198 0.132064
vt 0.405937 0.996435
vt 0.375313 0.996435
vt 0.405030 1.000000
vt 0.376220 1.000000
vt 0.081715 0.079129
vt 0.115243 0.051613
vt 0.108906 0.108906
vt 0.128255 0.128255
vt 0.149704 0.149704
vt 0.374687 0.996435
vt 0.344063 0.996435
vt 0.373780 1.000000
vt 0.344970 1.000000
vt 0.051613 0.115243
vt 0.079129 0.081715
vt 0.084091 0.139143
vt 0.106843 0.154346
vt 0.132064 0.171198
vt 0.343437 0.996435
vt 0.312813 0.996435
vt 0.342529 1.000000
vt 0.313720 1.000000
vt 0.029135 0.156535
vt 0.049581 0.118284
vt 0.065652 0.173641
vt 0.090933 0.184112
vt 0.118957 0.195720
vt 0.312187 0.996435
vt 0.281563 0.996435
vt 0.311280 1.000000
vt 0.282470 1.000000
vt 0.015145 0.201420
vt 0.027736 0.159914
vt 0.054297 0.211072
vt 0.081135 0.216411
vt 0.110885 0.222328
vt 0.280937 0.996435
vt 0.250313 0.996435
vt 0.280030 1.000000
vt 0.251220 1.000000
vt 0.010180 0.248171
vt 0.014431 0.205007
vt 0.050463 0.250000
vt 0.077827 0.250000
vt 0.108160 0.250000
vt 0.249687 0.996435
vt 0.219063 0.996435
vt 0.248780 1.000000
vt 0.219970 1.000000
vt 0.014431 0.294993
vt 0.010180 0.251829
vt 0.054297 0.288928
vt 0.081135 0.283589
vt 0.110886 0.277672
vt 0.218437 0.996435
vt 0.187813 0.996435
vt 0.217530 1.000000
vt 0.188721 1.000000
vt 0.027736 0.340086
vt 0.015145 0.298580
vt 0.065652 0.326360
vt 0.090933 0.315888
vt 0.118957 0.304280
vt 0.187187 0.996435
vt 0.156563 0.996435
vt 0.186280 1.000000
vt 0.157471 1.000000
vt 0.049581 0.381716
vt 0.029135 0.343465
vt 0.084091 0.360857
vt 0.106843 0.345654
vt 0.132064 0.328802
vt 0.155937 0.996435
vt 0.125313 0.996435
vt 0.155030 1.000000
vt 0.126220 1.000000
vt 0.079129 0.418285
vt 0.051613 0.384757
vt 0.108906 0.391094
vt 0.128255 0.371745
vt 0.149704 0.350296
vt 0.124687 0.996435
vt 0.094063 0.996435
vt 0.123780 1.000000
vt 0.094971 1.000000
vt 0.115243 0.448387
vt 0.081715 0.420871
vt 0.139143 0.415909
vt 0.154346 0.393157
vt 0.171198 0.367936
vt 0.093437 0.996435
vt 0.062813 0.996435
vt 0.092529 1.000000
vt 0.063720 1.000000
vt 0.156535 0.470865
vt 0.118284 0.450419
vt 0.173641 0.434348
vt 0.184112 0.409067
vt 0.195720 0.381043
vt 0.062187 0.996435
vt 0.031563 0.996435
vt 0.061280 1.000000
vt 0.032471 1.000000
vt 0.201420 0.484855
vt 0.159914 0.472264
vt 0.211072 0.445703
vt 0.216411 0.418865
vt 0.222328 0.389114
vt 0.030937 0.996435
vt 0.000313 0.996435
vt 0.030030 1.000000
vt 0.001221 1.000000
vt 0.248171 0.489820
vt 0.205007 0.485569
s 1
usemtl TV_Stand
f 320/532/284 508/533/285 322/534/286 289/535/287
f 291/536/288 334/537/289 340/538/290 292/539/291
f 292/539/291 340/540/290 346/541/292 293/542/293
f 293/542/293 346/541/292 352/543/294 294/544/295
f 294/544/295 352/545/294 358/546/296 295/547/297
f 295/547/297 358/548/296 364/549/298 296/550/299
f 296/550/299 364/549/298 370/551/300 297/552/301
f 297/552/301 370/551/300 376/553/302 298/554/303
f 298/554/303 376/553/302 382/555/304 299/556/305
f 299/556/305 382/557/304 388/558/306 300/559/307
f 300/559/307 388/560/306 394/561/308 301/562/309
f 301/562/309 394/561/308 400/563/310 302/564/311
f 302/564/311 400/565/310 406/566/312 303/567/313
f 303/567/313 406/568/312 412/569/314 304/570/315
f 304/570/315 412/569/314 418/571/316 305/572/317
f 305/572/317 418/571/316 424/573/318 306/574/319
f 306/574/319 424/573/318 430/575/320 307/576/321
f 307/576/321 430/577/320 436/578/322 308/579/323
f 308/579/323 436/580/322 442/581/324 309/582/325
f 309/582/325 442/581/324 448/583/326 310/584/327
f 310/584/327 448/585/326 454/586/328 311/587/329
f 311/587/329 454/588/328 460/589/330 312/590/331
f 312/590/331 460/589/330 466/591/332 313/592/333
f 313/592/333 466/591/332 472/593/334 314/594/335
f 314/594/335 472/593/334 478/595/336 315/596/337
f 315/596/337 478/597/336 484/598/338 316/599/339
f 316/599/339 484/600/338 490/601/340 317/602/341
f 317/602/341 490/601/340 496/603/342 318/604/343
f 318/604/343 496/605/342 502/606/344 319/607/345
f 319/607/345 502/608/344 508/533/285 320/532/284
f 289/609/287 322/610/286 328/611/346 290/612/347
f 290/612/347 328/611/346 334/613/289 291/536/288
f 289/614/348 290/615/348 291/616/348 292/617/348 293/618/348 294/619/348 295/620/348 296/621/348 297/622/348 298/623/348 299/624/348 300/625/348 301/626/348 302/627/348 303/628/348 304/629/348 305/630/348 306/631/348 307/632/348 308/633/348 309/634/348 310/635/348 311/636/348 312/637/348 313/638/348 314/639/348 315/640/348 316/641/348 317/642/348 318/643/348 319/644/348 320/645/348
f 328/611/346 322/610/286 326/646/349 332/647/350
f 332/647/350 326/646/349 325/648/351 331/649/352
f 331/650/352 325/651/351 324/652/353 330/653/354
f 330/653/354 324/652/353 323/654/355 329/655/356
f 329/655/356 323/654/355 321/656/357 327/657/358
f 334/613/289 328/611/346 332/658/350 338/659/359
f 338/659/359 332/658/350 331/660/352 337/661/360
f 337/662/360 331/663/352 330/653/354 336/664/361
f 336/664/361 330/653/354 329/655/356 335/665/362
f 335/665/362 329/655/356 327/657/358 333/666/363
f 340/538/290 334/537/289 338/667/359 344/668/364
f 344/668/364 338/667/359 337/669/360 343/670/365
f 343/671/365 337/672/360 336/664/361 342/673/366
f 342/673/366 336/664/361 335/665/362 341/674/367
f 341/674/367 335/665/362 333/666/363 339/675/368
f 346/541/292 340/540/290 344/676/364 350/677/369
f 350/677/369 344/676/364 343/678/365 349/679/370
f 349/680/370 343/681/365 342/673/366 348/682/371
f 348/682/371 342/673/366 341/674/367 347/683/372
f 347/683/372 341/674/367 339/675/368 345/684/373
f 352/543/294 346/541/292 350/685/369 356/686/374
f 356/686/374 350/685/369 349/687/370 355/688/375
f 355/689/375 349/690/370 348/682/371 354/691/376
f 354/691/376 348/682/371 347/683/372 353/692/377
f 353/692/377 347/683/372 345/684/373 351/693/378
f 358/546/296 352/545/294 356/694/374 362/695/379
f 362/695/379 356/694/374 355/696/375 361/697/380
f 361/698/380 355/699/375 354/691/376 360/700/381
f 360/700/381 354/691/376 353/692/377 359/701/382
f 359/701/382 353/692/377 351/693/378 357/702/383
f 364/549/298 358/548/296 362/703/379 368/704/384
f 368/704/384 362/703/379 361/705/380 367/706/385
f 367/707/385 361/708/380 360/700/381 366/709/386
f 366/709/386 360/700/381 359/701/382 365/710/387
f 365/710/387 359/701/382 357/702/383 363/711/388
f 370/551/300 364/549/298 368/712/384 374/713/389
f 374/713/389 368/712/384 367/714/385 373/715/390
f 373/716/390 367/717/385 366/709/386 372/718/391
f 372/718/391 366/709/386 365/710/387 371/719/392
f 371/719/392 365/710/387 363/711/388 369/720/393
f 376/553/302 370/551/300 374/721/389 380/722/394
f 380/722/394 374/721/389 373/723/390 379/724/395
f 379/725/395 373/726/390 372/718/391 378/727/396
f 378/727/396 372/718/391 371/719/392 377/728/397
f 377/728/397 371/719/392 369/720/393 375/729/398
f 382/555/304 376/553/302 380/730/394 386/731/399
f 386/731/399 380/730/394 379/732/395 385/733/400
f 385/734/400 379/735/395 378/727/396 384/736/401
f 384/736/401 378/727/396 377/728/397 383/737/402
f 383/737/402 377/728/397 375/729/398 381/738/403
f 388/558/306 382/557/304 386/739/399 392/740/404
f 392/740/404 386/739/399 385/741/400 391/742/405
f 391/743/405 385/744/400 384/736/401 390/745/406
f 390/745/406 384/736/401 383/737/402 389/746/407
f 389/746/407 383/737/402 381/738/403 387/747/408
f 394/561/308 388/560/306 392/748/404 398/749/409
f 398/749/409 392/748/404 391/750/405 397/751/410
f 397/752/410 391/753/405 390/745/406 396/754/411
f 396/754/411 390/745/406 389/746/407 395/755/412
f 395/755/412 389/746/407 387/747/408 393/756/413
f 400/563/310 394/561/308 398/757/409 404/758/414
f 404/758/414 398/757/409 397/759/410 403/760/415
f 403/761/415 397/762/410 396/754/411 402/763/416
f 402/763/416 396/754/411 395/755/412 401/764/417
f 401/764/417 395/755/412 393/756/413 399/765/418
f 406/566/312 400/565/310 404/766/414 410/767/419
f 410/767/419 404/766/414 403/768/415 409/769/420
f 409/770/420 403/771/415 402/763/416 408/772/421
f 408/772/421 402/763/416 401/764/417 407/773/422
f 407/773/422 401/764/417 399/765/418 405/774/423
f 412/569/314 406/568/312 410/775/419 416/776/424
f 416/776/424 410/775/419 409/777/420 415/778/425
f 415/779/425 409/780/420 408/772/421 414/781/426
f 414/781/426 408/772/421 407/773/422 413/782/427
f 413/782/427 407/773/422 405/774/423 411/783/428
f 418/571/316 412/569/314 416/784/424 422/785/429
f 422/785/429 416/784/424 415/786/425 421/787/430
f 421/788/430 415/789/425 414/781/426 420/790/431
f 420/790/431 414/781/426 413/782/427 419/791/432
f 419/791/432 413/782/427 411/783/428 417/792/433
f 424/573/318 418/571/316 422/793/429 428/794/434
f 428/794/434 422/793/429 421/795/430 427/796/435
f 427/797/435 421/798/430 420/790/431 426/799/436
f 426/799/436 420/790/431 419/791/432 425/800/437
f 425/800/437 419/791/432 417/792/433 423/801/438
f 430/575/320 424/573/318 428/802/434 434/803/439
f 434/803/439 428/802/434 427/804/435 433/805/440
f 433/806/440 427/807/435 426/799/436 432/808/441
f 432/808/441 426/799/436 425/800/437 431/809/442
f 431/809/442 425/800/437 423/801/438 429/810/443
f 436/578/322 430/577/320 434/811/439 440/812/444
f 440/812/444 434/811/439 433/813/440 439/814/445
f 439/815/445 433/816/440 432/808/441 438/817/446
f 438/817/446 432/808/441 431/809/442 437/818/447
f 437/818/447 431/809/442 429/810/443 435/819/448
f 442/581/324 436/580/322 440/820/444 446/821/449
f 446/821/449 440/820/444 439/822/445 445/823/450
f 445/824/450 439/825/445 438/817/446 444/826/451
f 444/826/451 438/817/446 437/818/447 443/827/452
f 443/827/452 437/818/447 435/819/448 441/828/453
f 448/583/326 442/581/324 446/829/449 452/830/454
f 452/830/454 446/829/449 445/831/450 451/832/455
f 451/833/455 445/834/450 444/826/451 450/835/456
f 450/835/456 444/826/451 443/827/452 449/836/457
f 449/836/457 443/827/452 441/828/453 447/837/458
f 454/586/328 448/585/326 452/838/454 458/839/459
f 458/839/459 452/838/454 451/840/455 457/841/460
f 457/842/460 451/843/455 450/835/456 456/844/461
f 456/844/461 450/835/456 449/836/457 455/845/462
f 455/845/462 449/836/457 447/837/458 453/846/463
f 460/589/330 454/588/328 458/847/459 464/848/464
f 464/848/464 458/847/459 457/849/460 463/850/465
f 463/851/465 457/852/460 456/844/461 462/853/466
f 462/853/466 456/844/461 455/845/462 461/854/467
f 461/854/467 455/845/462 453/846/463 459/855/468
f 466/591/332 460/589/330 464/856/464 470/857/469
f 470/857/469 464/856/464 463/858/465 469/859/470
f 469/860/470 463/861/465 462/853/466 468/862/471
f 468/862/471 462/853/466 461/854/467 467/863/472
f 467/863/472 461/854/467 459/855/468 465/864/473
f 472/593/334 466/591/332 470/865/469 476/866/474
f 476/866/474 470/865/469 469/867/470 475/868/475
f 475/869/475 469/870/470 468/862/471 474/871/476
f 474/871/476 468/862/471 467/863/472 473/872/477
f 473/872/477 467/863/472 465/864/473 471/873/478
f 478/595/336 472/593/334 476/874/474 482/875/479
f 482/875/479 476/874/474 475/876/475 481/877/480
f 481/878/480 475/879/475 474/871/476 480/880/481
f 480/880/481 474/871/476 473/872/477 479/881/482
f 479/881/482 473/872/477 471/873/478 477/882/483
f 484/598/338 478/597/336 482/883/479 488/884/484
f 488/884/484 482/883/479 481/885/480 487/886/485
f 487/887/485 481/888/480 480/880/481 486/889/486
f 486/889/486 480/880/481 479/881/482 485/890/487
f 485/890/487 479/881/482 477/882/483 483/891/488
f 490/601/340 484/600/338 488/892/484 494/893/489
f 494/893/489 488/892/484 487/894/485 493/895/490
f 493/896/490 487/897/485 486/889/486 492/898/491
f 492/898/491 486/889/486 485/890/487 491/899/492
f 491/899/492 485/890/487 483/891/488 489/900/493
f 496/603/342 490/601/340 494/901/489 500/902/494
f 500/902/494 494/901/489 493/903/490 499/904/495
f 499/905/495 493/906/490 492/898/491 498/907/496
f 498/907/496 492/898/491 491/899/492 497/908/497
f 497/908/497 491/899/492 489/900/493 495/909/498
f 502/606/344 496/605/342 500/910/494 506/911/499
f 506/911/499 500/910/494 499/912/495 505/913/500
f 505/914/500 499/915/495 498/907/496 504/916/501
f 504/916/501 498/907/496 497/908/497 503/917/502
f 503/917/502 497/908/497 495/909/498 501/918/503
f 508/533/285 502/608/344 506/919/499 512/920/504
f 512/920/504 506/919/499 505/921/500 511/922/505
f 511/923/505 505/924/500 504/916/501 510/925/506
f 510/925/506 504/916/501 503/917/502 509/926/507
f 509/926/507 503/917/502 501/918/503 507/927/508
f 322/534/286 508/533/285 512/928/504 326/929/349
f 326/929/349 512/928/504 511/930/505 325/931/351
f 325/932/351 511/933/505 510/925/506 324/652/353
f 324/652/353 510/925/506 509/926/507 323/654/355
f 323/654/355 509/926/507 507/927/508 321/656/357
f 327/657/358 321/656/357 507/927/508 501/918/503 495/909/498 489/900/493 483/891/488 477/882/483 471/873/478 465/864/473 459/855/468 453/846/463 447/837/458 441/828/453 435/819/448 429/810/443 423/801/438 417/792/433 411/783/428 405/774/423 399/765/418 393/756/413 387/747/408 381/738/403 375/729/398 369/720/393 363/711/388 357/702/383 351/693/378 345/684/373 339/675/368 333/666/363
o Cylinder02
v -0.000019 0.055580 0.174049
v 0.005831 0.055580 0.174625
v 0.011456 0.055580 0.176331
v 0.016640 0.055580 0.179102
v 0.021184 0.055580 0.182831
v 0.024913 0.055580 0.187375
v 0.027684 0.055580 0.192559
v 0.029390 0.055580 0.198184
v 0.029966 0.055580 0.204034
v 0.029390 0.055580 0.209884
v 0.027684 0.055580 0.215509
v 0.024913 0.055580 0.220693
v 0.021184 0.055580 0.225237
v 0.016640 0.055580 0.228966
v 0.011456 0.055580 0.231736
v 0.005831 0.055580 0.233443
v -0.000019 0.055580 0.234019
v -0.005869 0.055580 0.233443
v -0.011494 0.055580 0.231736
v -0.016678 0.055580 0.228966
v -0.021221 0.055580 0.225237
v -0.024950 0.055580 0.220693
v -0.027721 0.055580 0.215509
v -0.029428 0.055580 0.209884
v -0.030004 0.055580 0.204034
v -0.029428 0.055580 0.198184
v -0.027721 0.055580 0.192559
v -0.024950 0.055580 0.187375
v -0.021221 0.055580 0.182831
v -0.016678 0.055580 0.179102
v -0.011494 0.055580 0.176331
v -0.005869 0.055580 0.174625
v -0.000019 0.945539 0.193593
v -0.000019 0.926089 0.174049
v -0.000019 0.944876 0.188534
v -0.000019 0.942933 0.183821
v -0.000019 0.939842 0.179773
v -0.000019 0.935814 0.176667
v -0.000019 0.931123 0.174715
v 0.002018 0.945539 0.193794
v 0.005831 0.926089 0.174625
v 0.003005 0.944876 0.188832
v 0.003925 0.942933 0.184209
v 0.004714 0.939842 0.180239
v 0.005320 0.935814 0.177193
v 0.005701 0.931123 0.175278
v 0.003977 0.945539 0.194388
v 0.011456 0.926089 0.176331
v 0.005913 0.944876 0.189714
v 0.007716 0.942933 0.185359
v 0.009265 0.939842 0.181620
v 0.010454 0.935814 0.178750
v 0.011201 0.931123 0.176946
v 0.005782 0.945539 0.195352
v 0.016640 0.926089 0.179102
v 0.008592 0.944876 0.191147
v 0.011211 0.942933 0.187227
v 0.013460 0.939842 0.183862
v 0.015185 0.935814 0.181279
v 0.016270 0.931123 0.179656
v 0.007364 0.945539 0.196651
v 0.021184 0.926089 0.182831
v 0.010941 0.944876 0.193074
v 0.014274 0.942933 0.189741
v 0.017136 0.939842 0.186879
v 0.019332 0.935814 0.184683
v 0.020713 0.931123 0.183302
v 0.008663 0.945539 0.198233
v 0.024913 0.926089 0.187375
v 0.012869 0.944876 0.195423
v 0.016788 0.942933 0.192804
v 0.020153 0.939842 0.190555
v 0.022736 0.935814 0.188830
v 0.024359 0.931123 0.187745
v 0.009627 0.945539 0.200038
v 0.027684 0.926089 0.192559
v 0.014301 0.944876 0.198102
v 0.018656 0.942933 0.196299
v 0.022395 0.939842 0.194750
v 0.025265 0.935814 0.193561
v 0.027069 0.931123 0.192814
v 0.010222 0.945539 0.201997
v 0.029390 0.926089 0.198184
v 0.015183 0.944876 0.201010
v 0.019806 0.942933 0.200090
v 0.023776 0.939842 0.199301
v 0.026822 0.935814 0.198695
v 0.028737 0.931123 0.198314
v 0.010422 0.945539 0.204034
v 0.029966 0.926089 0.204034
v 0.015481 0.944876 0.204034
v 0.020194 0.942933 0.204034
v 0.024242 0.939842 0.204034
v 0.027348 0.935814 0.204034
v 0.029300 0.931123 0.204034
v 0.010222 0.945539 0.206071
v 0.029390 0.926089 0.209884
v 0.015183 0.944876 0.207058
v 0.019806 0.942933 0.207977
v 0.023776 0.939842 0.208767
v 0.026822 0.935814 0.209373
v 0.028737 0.931123 0.209754
v 0.009627 0.945539 0.208029
v 0.027684 0.926089 0.215509
v 0.014301 0.944876 0.209965
v 0.018656 0.942933 0.211769
v 0.022395 0.939842 0.213318
v 0.025265 0.935814 0.214507
v 0.027069 0.931123 0.215254
v 0.008663 0.945539 0.209835
v 0.024913 0.926089 0.220693
v 0.012869 0.944876 0.212645
v 0.016788 0.942933 0.215264
v 0.020153 0.939842 0.217512
v 0.022736 0.935814 0.219238
v 0.024359 0.931123 0.220323
v 0.007364 0.945539 0.211417
v 0.021184 0.926089 0.225237
v 0.010941 0.944876 0.214994
v 0.014274 0.942933 0.218327
v 0.017136 0.939842 0.221189
v 0.019332 0.935814 0.223385
v 0.020713 0.931123 0.224766
v 0.005782 0.945539 0.212715
v 0.016640 0.926089 0.228966
v 0.008592 0.944876 0.216921
v 0.011211 0.942933 0.220840
v 0.013460 0.939842 0.224206
v 0.015185 0.935814 0.226788
v 0.016270 0.931123 0.228412
v 0.003977 0.945539 0.213680
v 0.011456 0.926089 0.231736
v 0.005913 0.944876 0.218353
v 0.007716 0.942933 0.222708
v 0.009265 0.939842 0.226448
v 0.010454 0.935814 0.229317
v 0.011201 0.931123 0.231121
v 0.002018 0.945539 0.214274
v 0.005831 0.926089 0.233443
v 0.003005 0.944876 0.219235
v 0.003925 0.942933 0.223858
v 0.004714 0.939842 0.227828
v 0.005320 0.935814 0.230875
v 0.005701 0.931123 0.232790
v -0.000019 0.945539 0.214475
v -0.000019 0.926089 0.234019
v -0.000019 0.944876 0.219533
v -0.000019 0.942933 0.224247
v -0.000019 0.939842 0.228295
v -0.000019 0.935814 0.231401
v -0.000019 0.931123 0.233353
v -0.002056 0.945539 0.214274
v -0.005869 0.926089 0.233443
v -0.003042 0.944876 0.219235
v -0.003962 0.942933 0.223858
v -0.004752 0.939842 0.227828
v -0.005358 0.935814 0.230875
v -0.005739 0.931123 0.232790
v -0.004014 0.945539 0.213680
v -0.011494 0.926089 0.231736
v -0.005950 0.944876 0.218353
v -0.007754 0.942933 0.222708
v -0.009303 0.939842 0.226448
v -0.010492 0.935814 0.229317
v -0.011239 0.931123 0.231121
v -0.005819 0.945539 0.212715
v -0.016678 0.926089 0.228966
v -0.008630 0.944876 0.216921
v -0.011248 0.942933 0.220840
v -0.013497 0.939842 0.224206
v -0.015223 0.935814 0.226788
v -0.016308 0.931123 0.228412
v -0.007402 0.945539 0.211417
v -0.021221 0.926089 0.225237
v -0.010978 0.944876 0.214994
v -0.014311 0.942933 0.218327
v -0.017174 0.939842 0.221189
v -0.019370 0.935814 0.223385
v -0.020751 0.931123 0.224766
v -0.008700 0.945539 0.209835
v -0.024950 0.926089 0.220693
v -0.012906 0.944876 0.212645
v -0.016825 0.942933 0.215264
v -0.020191 0.939842 0.217512
v -0.022773 0.935814 0.219238
v -0.024397 0.931123 0.220323
v -0.009665 0.945539 0.208029
v -0.027721 0.926089 0.215509
v -0.014338 0.944876 0.209965
v -0.018693 0.942933 0.211769
v -0.022433 0.939842 0.213318
v -0.025302 0.935814 0.214507
v -0.027106 0.931123 0.215254
v -0.010259 0.945539 0.206071
v -0.029428 0.926089 0.209884
v -0.015220 0.944876 0.207058
v -0.019843 0.942933 0.207977
v -0.023813 0.939842 0.208767
v -0.026860 0.935814 0.209373
v -0.028775 0.931123 0.209754
v -0.010460 0.945539 0.204034
v -0.030004 0.926089 0.204034
v -0.015518 0.944876 0.204034
v -0.020232 0.942933 0.204034
v -0.024279 0.939842 0.204034
v -0.027385 0.935814 0.204034
v -0.029338 0.931123 0.204034
v -0.010259 0.945539 0.201997
v -0.029428 0.926089 0.198184
v -0.015220 0.944876 0.201010
v -0.019843 0.942933 0.200090
v -0.023813 0.939842 0.199301
v -0.026860 0.935814 0.198695
v -0.028775 0.931123 0.198314
v -0.009665 0.945539 0.200038
v -0.027721 0.926089 0.192559
v -0.014338 0.944876 0.198102
v -0.018693 0.942933 0.196299
v -0.022433 0.939842 0.194750
v -0.025302 0.935814 0.193561
v -0.027106 0.931123 0.192814
v -0.008700 0.945539 0.198233
v -0.024950 0.926089 0.187375
v -0.012906 0.944876 0.195423
v -0.016825 0.942933 0.192804
v -0.020191 0.939842 0.190555
v -0.022773 0.935814 0.188830
v -0.024397 0.931123 0.187745
v -0.007402 0.945539 0.196651
v -0.021221 0.926089 0.182831
v -0.010978 0.944876 0.193074
v -0.014311 0.942933 0.189741
v -0.017174 0.939842 0.186879
v -0.019370 0.935814 0.184683
v -0.020751 0.931123 0.183302
v -0.005819 0.945539 0.195352
v -0.016678 0.926089 0.179102
v -0.008630 0.944876 0.191147
v -0.011248 0.942933 0.187227
v -0.013497 0.939842 0.183862
v -0.015223 0.935814 0.181279
v -0.016308 0.931123 0.179656
v -0.004014 0.945539 0.194388
v -0.011494 0.926089 0.176331
v -0.005950 0.944876 0.189714
v -0.007754 0.942933 0.185359
v -0.009303 0.939842 0.181620
v -0.010492 0.935814 0.178750
v -0.011239 0.931123 0.176946
v -0.002056 0.945539 0.193794
v -0.005869 0.926089 0.174625
v -0.003042 0.944876 0.188832
v -0.003962 0.942933 0.184209
v -0.004752 0.939842 0.180239
v -0.005358 0.935814 0.177193
v -0.005739 0.931123 0.175278
vn -0.1951 -0.0000 -0.9808
vn -0.1947 0.0654 -0.9787
vn -0.0000 0.0654 -0.9979
vn -0.0000 -0.0000 -1.0000
vn 0.3827 -0.0000 -0.9239
vn 0.3819 0.0654 -0.9219
vn 0.5544 0.0654 -0.8297
vn 0.5556 -0.0000 -0.8315
vn 0.7056 0.0654 -0.7056
vn 0.7071 -0.0000 -0.7071
vn 0.8297 0.0654 -0.5544
vn 0.8315 -0.0000 -0.5556
vn 0.9219 0.0654 -0.3819
vn 0.9239 -0.0000 -0.3827
vn 0.9787 0.0654 -0.1947
vn 0.9808 -0.0000 -0.1951
vn 0.9979 0.0654 -0.0000
vn 1.0000 -0.0000 -0.0000
vn 0.9787 0.0654 0.1947
vn 0.9808 -0.0000 0.1951
vn 0.9219 0.0654 0.3819
vn 0.9239 -0.0000 0.3827
vn 0.8297 0.0654 0.5544
vn 0.8315 -0.0000 0.5556
vn 0.7056 0.0654 0.7056
vn 0.7071 -0.0000 0.7071
vn 0.5544 0.0654 0.8297
vn 0.5556 -0.0000 0.8315
vn 0.3819 0.0654 0.9219
vn 0.3827 -0.0000 0.9239
vn 0.1947 0.0654 0.9787
vn 0.1951 -0.0000 0.9808
vn -0.0000 0.0654 0.9979
vn -0.0000 -0.0000 1.0000
vn -0.1947 0.0654 0.9787
vn -0.1951 -0.0000 0.9808
vn -0.3819 0.0654 0.9219
vn -0.3827 -0.0000 0.9239
vn -0.5544 0.0654 0.8297
vn -0.5556 -0.0000 0.8315
vn -0.7056 0.0654 0.7056
vn -0.7071 -0.0000 0.7071
vn -0.8297 0.0654 0.5544
vn -0.8315 -0.0000 0.5556
vn -0.9219 0.0654 0.3819
vn -0.9239 -0.0000 0.3827
vn -0.9787 0.0654 0.1947
vn -0.9808 -0.0000 0.1951
vn -0.9979 0.0654 -0.0000
vn -1.0000 -0.0000 -0.0000
vn -0.9787 0.0654 -0.1947
vn -0.9808 -0.0000 -0.1951
vn -0.9219 0.0654 -0.3819
vn -0.9239 -0.0000 -0.3827
vn -0.8297 0.0654 -0.5544
vn -0.8315 -0.0000 -0.5556
vn -0.7056 0.0654 -0.7056
vn -0.7071 -0.0000 -0.7071
vn -0.5544 0.0654 -0.8297
vn -0.5556 -0.0000 -0.8315
vn -0.3819 0.0654 -0.9219
vn -0.3827 -0.0000 -0.9239
vn 0.1947 0.0654 -0.9787
vn 0.1951 -0.0000 -0.9808
vn -0.0000 -1.0000 -0.0000
vn -0.0000 0.2579 -0.9662
vn 0.1885 0.2579 -0.9476
vn -0.0000 0.4982 -0.8670
vn 0.1692 0.4982 -0.8504
vn -0.0000 0.7047 -0.7095
vn 0.1384 0.7047 -0.6959
vn -0.0000 0.8635 -0.5043
vn 0.0984 0.8635 -0.4946
vn -0.0000 0.9642 -0.2652
vn 0.0517 0.9642 -0.2601
vn -0.0000 0.9976 -0.0691
vn 0.0135 0.9976 -0.0678
vn 0.3697 0.2579 -0.8926
vn 0.3318 0.4982 -0.8010
vn 0.2715 0.7047 -0.6555
vn 0.1930 0.8635 -0.4659
vn 0.1015 0.9642 -0.2451
vn 0.0265 0.9976 -0.0639
vn 0.5368 0.2579 -0.8033
vn 0.4817 0.4982 -0.7209
vn 0.3942 0.7047 -0.5899
vn 0.2802 0.8635 -0.4193
vn 0.1474 0.9642 -0.2205
vn 0.0384 0.9976 -0.0575
vn 0.6832 0.2579 -0.6832
vn 0.6131 0.4982 -0.6131
vn 0.5017 0.7047 -0.5017
vn 0.3566 0.8635 -0.3566
vn 0.1876 0.9642 -0.1876
vn 0.0489 0.9976 -0.0489
vn 0.8033 0.2579 -0.5368
vn 0.7209 0.4982 -0.4817
vn 0.5899 0.7047 -0.3942
vn 0.4193 0.8635 -0.2802
vn 0.2205 0.9642 -0.1474
vn 0.0575 0.9976 -0.0384
vn 0.8926 0.2579 -0.3697
vn 0.8010 0.4982 -0.3318
vn 0.6555 0.7047 -0.2715
vn 0.4659 0.8635 -0.1930
vn 0.2451 0.9642 -0.1015
vn 0.0639 0.9976 -0.0265
vn 0.9476 0.2579 -0.1885
vn 0.8504 0.4982 -0.1692
vn 0.6959 0.7047 -0.1384
vn 0.4946 0.8635 -0.0984
vn 0.2601 0.9642 -0.0517
vn 0.0678 0.9976 -0.0135
vn 0.9662 0.2579 -0.0000
vn 0.8670 0.4982 -0.0000
vn 0.7095 0.7047 -0.0000
vn 0.5043 0.8635 -0.0000
vn 0.2652 0.9642 -0.0000
vn 0.0691 0.9976 -0.0000
vn 0.9476 0.2579 0.1885
vn 0.8504 0.4982 0.1692
vn 0.6959 0.7047 0.1384
vn 0.4946 0.8635 0.0984
vn 0.2601 0.9642 0.0517
vn 0.0678 0.9976 0.0135
vn 0.8926 0.2579 0.3697
vn 0.8010 0.4982 0.3318
vn 0.6555 0.7047 0.2715
vn 0.4659 0.8635 0.1930
vn 0.2451 0.9642 0.1015
vn 0.0639 0.9976 0.0265
vn 0.8033 0.2579 0.5368
vn 0.7209 0.4982 0.4817
vn 0.5899 0.7047 0.3942
vn 0.4193 0.8635 0.2802
vn 0.2205 0.9642 0.1474
vn 0.0575 0.9976 0.0384
vn 0.6832 0.2579 0.6832
vn 0.6131 0.4982 0.6131
vn 0.5017 0.7047 0.5017
vn 0.3566 0.8635 0.3566
vn 0.1876 0.9642 0.1876
vn 0.0489 0.9976 0.0489
vn 0.5368 0.2579 0.8033
vn 0.4817 0.4982 0.7209
vn 0.3942 0.7047 0.5899
vn 0.2802 0.8635 0.4193
vn 0.1474 0.9642 0.2205
vn 0.0384 0.9976 0.0575
vn 0.3697 0.2579 0.8926
vn 0.3318 0.4982 0.8010
vn 0.2715 0.7047 0.6555
vn 0.1930 0.8635 0.4659
vn 0.1015 0.9642 0.2451
vn 0.0265 0.9976 0.0639
vn 0.1885 0.2579 0.9476
vn 0.1692 0.4982 0.8504
vn 0.1384 0.7047 0.6959
vn 0.0984 0.8635 0.4946
vn 0.0517 0.9642 0.2601
vn 0.0135 0.9976 0.0678
vn -0.0000 0.2579 0.9662
vn -0.0000 0.4982 0.8670
vn -0.0000 0.7047 0.7095
vn -0.0000 0.8635 0.5043
vn -0.0000 0.9642 0.2652
vn -0.0000 0.9976 0.0691
vn -0.1885 0.2579 0.9476
vn -0.1692 0.4982 0.8504
vn -0.1384 0.7047 0.6959
vn -0.0984 0.8635 0.4946
vn -0.0517 0.9642 0.2601
vn -0.0135 0.9976 0.0678
vn -0.3697 0.2579 0.8926
vn -0.3318 0.4982 0.8010
vn -0.2715 0.7047 0.6555
vn -0.1930 0.8635 0.4659
vn -0.1015 0.9642 0.2451
vn -0.0265 0.9976 0.0639
vn -0.5368 0.2579 0.8033
vn -0.4817 0.4982 0.7209
vn -0.3942 0.7047 0.5899
vn -0.2802 0.8635 0.4193
vn -0.1474 0.9642 0.2205
vn -0.0384 0.9976 0.0575
vn -0.6832 0.2579 0.6832
vn -0.6131 0.4982 0.6131
vn -0.5017 0.7047 0.5017
vn -0.3566 0.8635 0.3566
vn -0.1876 0.9642 0.1876
vn -0.0489 0.9976 0.0489
vn -0.8033 0.2579 0.5368
vn -0.7209 0.4982 0.4817
vn -0.5899 0.7047 0.3942
vn -0.4193 0.8635 0.2802
vn -0.2205 0.9642 0.1474
vn -0.0575 0.9976 0.0384
vn -0.8926 0.2579 0.3697
vn -0.8010 0.4982 0.3318
vn -0.6555 0.7047 0.2715
vn -0.4659 0.8635 0.1930
vn -0.2451 0.9642 0.1015
vn -0.0639 0.9976 0.0265
vn -0.9476 0.2579 0.1885
vn -0.8504 0.4982 0.1692
vn -0.6959 0.7047 0.1384
vn -0.4946 0.8635 0.0984
vn -0.2601 0.9642 0.0517
vn -0.0678 0.9976 0.0135
vn -0.9662 0.2579 -0.0000
vn -0.8670 0.4982 -0.0000
vn -0.7095 0.7047 -0.0000
vn -0.5043 0.8635 -0.0000
vn -0.2652 0.9642 -0.0000
vn -0.0691 0.9976 -0.0000
vn -0.9476 0.2579 -0.1885
vn -0.8504 0.4982 -0.1692
vn -0.6959 0.7047 -0.1384
vn -0.4946 0.8635 -0.0984
vn -0.2601 0.9642 -0.0517
vn -0.0678 0.9976 -0.0135
vn -0.8926 0.2579 -0.3697
vn -0.8010 0.4982 -0.3318
vn -0.6555 0.7047 -0.2715
vn -0.4659 0.8635 -0.1930
vn -0.2451 0.9642 -0.1015
vn -0.0639 0.9976 -0.0265
vn -0.8033 0.2579 -0.5368
vn -0.7209 0.4982 -0.4817
vn -0.5899 0.7047 -0.3942
vn -0.4193 0.8635 -0.2802
vn -0.2205 0.9642 -0.1474
vn -0.0575 0.9976 -0.0384
vn -0.6832 0.2579 -0.6832
vn -0.6131 0.4982 -0.6131
vn -0.5017 0.7047 -0.5017
vn -0.3566 0.8635 -0.3566
vn -0.1876 0.9642 -0.1876
vn -0.0489 0.9976 -0.0489
vn -0.5368 0.2579 -0.8033
vn -0.4817 0.4982 -0.7209
vn -0.3942 0.7047 -0.5899
vn -0.2802 0.8635 -0.4193
vn -0.1474 0.9642 -0.2205
vn -0.0384 0.9976 -0.0575
vn -0.3697 0.2579 -0.8926
vn -0.3318 0.4982 -0.8010
vn -0.2715 0.7047 -0.6555
vn -0.1930 0.8635 -0.4659
vn -0.1015 0.9642 -0.2451
vn -0.0265 0.9976 -0.0639
vn -0.1885 0.2579 -0.9476
vn -0.1692 0.4982 -0.8504
vn -0.1384 0.7047 -0.6959
vn -0.0984 0.8635 -0.4946
vn -0.0517 0.9642 -0.2601
vn -0.0135 0.9976 -0.0678
vt 0.031250 0.500000
vt 0.031250 0.989073
vt 0.000000 0.989073
vt 0.000000 0.500000
vt 0.937500 0.500000
vt 0.937500 0.989072
vt 0.906250 0.989073
vt 0.906250 0.500000
vt 0.875000 0.989073
vt 0.875000 0.500000
vt 0.843750 0.989073
vt 0.843750 0.500000
vt 0.843750 0.989072
vt 0.812500 0.989073
vt 0.812500 0.500000
vt 0.812500 0.989072
vt 0.781250 0.989073
vt 0.781250 0.500000
vt 0.750000 0.989073
vt 0.750000 0.500000
vt 0.718750 0.989073
vt 0.718750 0.500000
vt 0.718750 0.989072
vt 0.687500 0.989073
vt 0.687500 0.500000
vt 0.687500 0.989072
vt 0.656250 0.989073
vt 0.656250 0.500000
vt 0.625000 0.989073
vt 0.625000 0.500000
vt 0.593750 0.989073
vt 0.593750 0.500000
vt 0.593750 0.989072
vt 0.562500 0.989073
vt 0.562500 0.500000
vt 0.562500 0.989072
vt 0.531250 0.989073
vt 0.531250 0.500000
vt 0.531250 0.989073
vt 0.500000 0.989073
vt 0.500000 0.500000
vt 0.468750 0.989073
vt 0.468750 0.500000
vt 0.468750 0.989072
vt 0.437500 0.989073
vt 0.437500 0.500000
vt 0.437500 0.989072
vt 0.406250 0.989073
vt 0.406250 0.500000
vt 0.375000 0.989073
vt 0.375000 0.500000
vt 0.343750 0.989073
vt 0.343750 0.500000
vt 0.343750 0.989072
vt 0.312500 0.989073
vt 0.312500 0.500000
vt 0.312500 0.989072
vt 0.281250 0.989073
vt 0.281250 0.500000
vt 0.250000 0.989073
vt 0.250000 0.500000
vt 0.218750 0.989073
vt 0.218750 0.500000
vt 0.218750 0.989072
vt 0.187500 0.989073
vt 0.187500 0.500000
vt 0.187500 0.989072
vt 0.156250 0.989073
vt 0.156250 0.500000
vt 0.125000 0.989073
vt 0.125000 0.500000
vt 0.093750 0.989073
vt 0.093750 0.500000
vt 0.093750 0.989072
vt 0.062500 0.989073
vt 0.062500 0.500000
vt 0.062500 0.989072
vt 1.000000 0.500000
vt 1.000000 0.989073
vt 0.968750 0.989073
vt 0.968750 0.500000
vt 0.968750 0.989072
vt 0.937500 0.989073
vt 0.750000 0.490000
vt 0.796822 0.485388
vt 0.841844 0.471731
vt 0.883337 0.449553
vt 0.919706 0.419706
vt 0.949553 0.383337
vt 0.971731 0.341844
vt 0.985388 0.296822
vt 0.990000 0.250000
vt 0.985388 0.203178
vt 0.971731 0.158156
vt 0.949553 0.116663
vt 0.919706 0.080294
vt 0.883337 0.050447
vt 0.841844 0.028269
vt 0.796822 0.014612
vt 0.750000 0.010000
vt 0.703178 0.014612
vt 0.658156 0.028269
vt 0.616663 0.050447
vt 0.580294 0.080294
vt 0.550447 0.116663
vt 0.528269 0.158156
vt 0.514612 0.203178
vt 0.510000 0.250000
vt 0.514612 0.296822
vt 0.528269 0.341844
vt 0.550447 0.383337
vt 0.580294 0.419706
vt 0.616663 0.449553
vt 0.658156 0.471731
vt 0.703178 0.485388
vt 0.999653 0.991901
vt 0.969097 0.991901
vt 0.998636 0.994536
vt 0.970114 0.994536
vt 0.997017 1.000000
vt 0.971733 1.000000
vt 0.292352 0.485829
vt 0.254469 0.489560
vt 0.250000 0.411784
vt 0.281563 0.408676
vt 0.250000 0.374056
vt 0.274202 0.371673
vt 0.250000 0.333569
vt 0.266304 0.331963
vt 0.968403 0.991901
vt 0.937847 0.991901
vt 0.967386 0.994536
vt 0.938864 0.994536
vt 0.965767 1.000000
vt 0.940483 1.000000
vt 0.337546 0.473035
vt 0.301119 0.484085
vt 0.311912 0.399469
vt 0.297474 0.364613
vt 0.281980 0.327208
vt 0.937153 0.991901
vt 0.906597 0.991901
vt 0.936136 0.994536
vt 0.907614 0.994536
vt 0.934517 1.000000
vt 0.909233 1.000000
vt 0.379376 0.451670
vt 0.345805 0.469614
vt 0.339883 0.384519
vt 0.318922 0.353149
vt 0.296428 0.319485
vt 0.905903 0.991901
vt 0.875347 0.991901
vt 0.904886 0.994536
vt 0.876364 0.994536
vt 0.903267 1.000000
vt 0.877983 1.000000
vt 0.416234 0.422555
vt 0.386808 0.446704
vt 0.364399 0.364399
vt 0.337721 0.337721
vt 0.309092 0.309092
vt 0.874653 0.991901
vt 0.844097 0.991901
vt 0.873636 0.994536
vt 0.845114 0.994536
vt 0.872017 1.000000
vt 0.846733 1.000000
vt 0.446704 0.386808
vt 0.422555 0.416234
vt 0.384519 0.339883
vt 0.353149 0.318922
vt 0.319485 0.296428
vt 0.843403 0.991901
vt 0.812847 0.991901
vt 0.842386 0.994536
vt 0.813864 0.994536
vt 0.840767 1.000000
vt 0.815483 1.000000
vt 0.469614 0.345805
vt 0.451670 0.379376
vt 0.399469 0.311912
vt 0.364613 0.297474
vt 0.327208 0.281980
vt 0.812153 0.991901
vt 0.781597 0.991901
vt 0.811136 0.994536
vt 0.782614 0.994536
vt 0.809517 1.000000
vt 0.784233 1.000000
vt 0.484085 0.301119
vt 0.473035 0.337546
vt 0.408676 0.281563
vt 0.371673 0.274202
vt 0.331963 0.266304
vt 0.780903 0.991901
vt 0.750347 0.991901
vt 0.779886 0.994536
vt 0.751364 0.994536
vt 0.778267 1.000000
vt 0.752983 1.000000
vt 0.489560 0.254469
vt 0.485829 0.292352
vt 0.411784 0.250000
vt 0.374056 0.250000
vt 0.333569 0.250000
vt 0.749653 0.991901
vt 0.719097 0.991901
vt 0.748635 0.994536
vt 0.720114 0.994536
vt 0.747017 1.000000
vt 0.721733 1.000000
vt 0.485829 0.207648
vt 0.489560 0.245531
vt 0.408676 0.218437
vt 0.371673 0.225798
vt 0.331963 0.233696
vt 0.718403 0.991901
vt 0.687847 0.991901
vt 0.717386 0.994536
vt 0.688864 0.994536
vt 0.715767 1.000000
vt 0.690483 1.000000
vt 0.473035 0.162454
vt 0.484085 0.198881
vt 0.399469 0.188088
vt 0.364613 0.202526
vt 0.327208 0.218020
vt 0.687153 0.991901
vt 0.656597 0.991901
vt 0.686136 0.994536
vt 0.657614 0.994536
vt 0.684517 1.000000
vt 0.659233 1.000000
vt 0.451670 0.120624
vt 0.469614 0.154195
vt 0.384519 0.160117
vt 0.353149 0.181078
vt 0.319485 0.203572
vt 0.655903 0.991901
vt 0.625347 0.991901
vt 0.654886 0.994536
vt 0.626364 0.994536
vt 0.653267 1.000000
vt 0.627983 1.000000
vt 0.422555 0.083766
vt 0.446704 0.113192
vt 0.364399 0.135601
vt 0.337721 0.162279
vt 0.309092 0.190908
vt 0.624653 0.991901
vt 0.594097 0.991901
vt 0.623636 0.994536
vt 0.595114 0.994536
vt 0.622017 1.000000
vt 0.596733 1.000000
vt 0.386808 0.053296
vt 0.416234 0.077445
vt 0.339883 0.115481
vt 0.318922 0.146851
vt 0.296428 0.180515
vt 0.593403 0.991901
vt 0.562847 0.991901
vt 0.592386 0.994536
vt 0.563864 0.994536
vt 0.590767 1.000000
vt 0.565483 1.000000
vt 0.345805 0.030386
vt 0.379376 0.048330
vt 0.311912 0.100531
vt 0.297474 0.135387
vt 0.281980 0.172792
vt 0.562153 0.991901
vt 0.531597 0.991901
vt 0.561136 0.994536
vt 0.532614 0.994536
vt 0.559517 1.000000
vt 0.534233 1.000000
vt 0.301119 0.015915
vt 0.337546 0.026965
vt 0.281563 0.091324
vt 0.274202 0.128327
vt 0.266304 0.168037
vt 0.530903 0.991901
vt 0.500347 0.991901
vt 0.529886 0.994536
vt 0.501364 0.994536
vt 0.528267 1.000000
vt 0.502983 1.000000
vt 0.254469 0.010440
vt 0.292352 0.014171
vt 0.250000 0.088215
vt 0.250000 0.125944
vt 0.250000 0.166431
vt 0.499653 0.991901
vt 0.469097 0.991901
vt 0.498636 0.994536
vt 0.470114 0.994536
vt 0.497017 1.000000
vt 0.471733 1.000000
vt 0.207648 0.014171
vt 0.245531 0.010440
vt 0.218437 0.091324
vt 0.225798 0.128327
vt 0.233696 0.168037
vt 0.468403 0.991901
vt 0.437847 0.991901
vt 0.467386 0.994536
vt 0.438864 0.994536
vt 0.465767 1.000000
vt 0.440483 1.000000
vt 0.162454 0.026965
vt 0.198881 0.015915
vt 0.188088 0.100531
vt 0.202526 0.135387
vt 0.218020 0.172792
vt 0.437153 0.991901
vt 0.406597 0.991901
vt 0.436136 0.994536
vt 0.407614 0.994536
vt 0.434517 1.000000
vt 0.409233 1.000000
vt 0.120624 0.048330
vt 0.154195 0.030386
vt 0.160117 0.115481
vt 0.181078 0.146851
vt 0.203572 0.180515
vt 0.405903 0.991901
vt 0.375347 0.991901
vt 0.404886 0.994536
vt 0.376364 0.994536
vt 0.403267 1.000000
vt 0.377983 1.000000
vt 0.083766 0.077445
vt 0.113192 0.053296
vt 0.135601 0.135601
vt 0.162279 0.162279
vt 0.190908 0.190908
vt 0.374653 0.991901
vt 0.344097 0.991901
vt 0.373636 0.994536
vt 0.345114 0.994536
vt 0.372017 1.000000
vt 0.346733 1.000000
vt 0.053296 0.113192
vt 0.077445 0.083766
vt 0.115481 0.160117
vt 0.146851 0.181078
vt 0.180515 0.203572
vt 0.343403 0.991901
vt 0.312847 0.991901
vt 0.342386 0.994536
vt 0.313864 0.994536
vt 0.340767 1.000000
vt 0.315483 1.000000
vt 0.030386 0.154195
vt 0.048330 0.120624
vt 0.100531 0.188088
vt 0.135387 0.202526
vt 0.172792 0.218020
vt 0.312153 0.991901
vt 0.281597 0.991901
vt 0.311136 0.994536
vt 0.282614 0.994536
vt 0.309517 1.000000
vt 0.284233 1.000000
vt 0.015915 0.198881
vt 0.026965 0.162454
vt 0.091324 0.218437
vt 0.128327 0.225798
vt 0.168037 0.233696
vt 0.280903 0.991901
vt 0.250347 0.991901
vt 0.279886 0.994536
vt 0.251364 0.994536
vt 0.278267 1.000000
vt 0.252983 1.000000
vt 0.010440 0.245531
vt 0.014171 0.207648
vt 0.088215 0.250000
vt 0.125944 0.250000
vt 0.166431 0.250000
vt 0.249653 0.991901
vt 0.219097 0.991901
vt 0.248636 0.994536
vt 0.220114 0.994536
vt 0.247017 1.000000
vt 0.221733 1.000000
vt 0.014171 0.292352
vt 0.010440 0.254469
vt 0.091324 0.281563
vt 0.128327 0.274202
vt 0.168037 0.266304
vt 0.218403 0.991901
vt 0.187847 0.991901
vt 0.217386 0.994536
vt 0.188864 0.994536
vt 0.215767 1.000000
vt 0.190483 1.000000
vt 0.026965 0.337546
vt 0.015915 0.301119
vt 0.100531 0.311912
vt 0.135387 0.297474
vt 0.172792 0.281980
vt 0.187153 0.991901
vt 0.156597 0.991901
vt 0.186136 0.994536
vt 0.157614 0.994536
vt 0.184517 1.000000
vt 0.159233 1.000000
vt 0.048330 0.379376
vt 0.030386 0.345805
vt 0.115481 0.339883
vt 0.146851 0.318922
vt 0.180515 0.296428
vt 0.155903 0.991901
vt 0.125347 0.991901
vt 0.154886 0.994536
vt 0.126364 0.994536
vt 0.153267 1.000000
vt 0.127983 1.000000
vt 0.077445 0.416234
vt 0.053296 0.386808
vt 0.135601 0.364399
vt 0.162279 0.337721
vt 0.190908 0.309092
vt 0.124653 0.991901
vt 0.094097 0.991901
vt 0.123636 0.994536
vt 0.095114 0.994536
vt 0.122017 1.000000
vt 0.096733 1.000000
vt 0.113192 0.446704
vt 0.083766 0.422555
vt 0.160117 0.384519
vt 0.181078 0.353149
vt 0.203572 0.319485
vt 0.093403 0.991901
vt 0.062847 0.991901
vt 0.092386 0.994536
vt 0.063864 0.994536
vt 0.090767 1.000000
vt 0.065483 1.000000
vt 0.154195 0.469614
vt 0.120624 0.451670
vt 0.188088 0.399469
vt 0.202526 0.364613
vt 0.218020 0.327208
vt 0.062153 0.991901
vt 0.031597 0.991901
vt 0.061136 0.994536
vt 0.032614 0.994536
vt 0.059517 1.000000
vt 0.034233 1.000000
vt 0.198881 0.484085
vt 0.162454 0.473035
vt 0.218437 0.408676
vt 0.225798 0.371673
vt 0.233696 0.331963
vt 0.030903 0.991901
vt 0.000347 0.991901
vt 0.029886 0.994536
vt 0.001364 0.994536
vt 0.028267 1.000000
vt 0.002983 1.000000
vt 0.245531 0.489560
vt 0.207648 0.485829
s 1
usemtl TV_Stand
f 544/934/509 763/935/510 546/936/511 513/937/512
f 515/938/513 560/939/514 567/940/515 516/941/516
f 516/941/516 567/940/515 574/942/517 517/943/518
f 517/943/518 574/942/517 581/944/519 518/945/520
f 518/945/520 581/946/519 588/947/521 519/948/522
f 519/948/522 588/949/521 595/950/523 520/951/524
f 520/951/524 595/950/523 602/952/525 521/953/526
f 521/953/526 602/952/525 609/954/527 522/955/528
f 522/955/528 609/956/527 616/957/529 523/958/530
f 523/958/530 616/959/529 623/960/531 524/961/532
f 524/961/532 623/960/531 630/962/533 525/963/534
f 525/963/534 630/962/533 637/964/535 526/965/536
f 526/965/536 637/966/535 644/967/537 527/968/538
f 527/968/538 644/969/537 651/970/539 528/971/540
f 528/971/540 651/972/539 658/973/541 529/974/542
f 529/974/542 658/973/541 665/975/543 530/976/544
f 530/976/544 665/977/543 672/978/545 531/979/546
f 531/979/546 672/980/545 679/981/547 532/982/548
f 532/982/548 679/981/547 686/983/549 533/984/550
f 533/984/550 686/983/549 693/985/551 534/986/552
f 534/986/552 693/987/551 700/988/553 535/989/554
f 535/989/554 700/990/553 707/991/555 536/992/556
f 536/992/556 707/991/555 714/993/557 537/994/558
f 537/994/558 714/993/557 721/995/559 538/996/560
f 538/996/560 721/997/559 728/998/561 539/999/562
f 539/999/562 728/1000/561 735/1001/563 540/1002/564
f 540/1002/564 735/1001/563 742/1003/565 541/1004/566
f 541/1004/566 742/1003/565 749/1005/567 542/1006/568
f 542/1006/568 749/1007/567 756/1008/569 543/1009/570
f 543/1009/570 756/1010/569 763/935/510 544/934/509
f 513/1011/512 546/1012/511 553/1013/571 514/1014/572
f 514/1014/572 553/1015/571 560/1016/514 515/938/513
f 513/1017/573 514/1018/573 515/1019/573 516/1020/573 517/1021/573 518/1022/573 519/1023/573 520/1024/573 521/1025/573 522/1026/573 523/1027/573 524/1028/573 525/1029/573 526/1030/573 527/1031/573 528/1032/573 529/1033/573 530/1034/573 531/1035/573 532/1036/573 533/1037/573 534/1038/573 535/1039/573 536/1040/573 537/1041/573 538/1042/573 539/1043/573 540/1044/573 541/1045/573 542/1046/573 543/1047/573 544/1048/573
f 553/1013/571 546/1012/511 551/1049/574 558/1050/575
f 558/1050/575 551/1049/574 550/1051/576 557/1052/577
f 557/1052/577 550/1051/576 549/1053/578 556/1054/579
f 556/1055/579 549/1056/578 548/1057/580 555/1058/581
f 555/1058/581 548/1057/580 547/1059/582 554/1060/583
f 554/1060/583 547/1059/582 545/1061/584 552/1062/585
f 560/1016/514 553/1015/571 558/1063/575 565/1064/586
f 565/1064/586 558/1063/575 557/1065/577 564/1066/587
f 564/1066/587 557/1065/577 556/1067/579 563/1068/588
f 563/1069/588 556/1070/579 555/1058/581 562/1071/589
f 562/1071/589 555/1058/581 554/1060/583 561/1072/590
f 561/1072/590 554/1060/583 552/1062/585 559/1073/591
f 567/940/515 560/939/514 565/1074/586 572/1075/592
f 572/1075/592 565/1074/586 564/1076/587 571/1077/593
f 571/1077/593 564/1076/587 563/1078/588 570/1079/594
f 570/1080/594 563/1081/588 562/1071/589 569/1082/595
f 569/1082/595 562/1071/589 561/1072/590 568/1083/596
f 568/1083/596 561/1072/590 559/1073/591 566/1084/597
f 574/942/517 567/940/515 572/1085/592 579/1086/598
f 579/1086/598 572/1085/592 571/1087/593 578/1088/599
f 578/1088/599 571/1087/593 570/1089/594 577/1090/600
f 577/1091/600 570/1092/594 569/1082/595 576/1093/601
f 576/1093/601 569/1082/595 568/1083/596 575/1094/602
f 575/1094/602 568/1083/596 566/1084/597 573/1095/603
f 581/944/519 574/942/517 579/1096/598 586/1097/604
f 586/1097/604 579/1096/598 578/1098/599 585/1099/605
f 585/1099/605 578/1098/599 577/1100/600 584/1101/606
f 584/1102/606 577/1103/600 576/1093/601 583/1104/607
f 583/1104/607 576/1093/601 575/1094/602 582/1105/608
f 582/1105/608 575/1094/602 573/1095/603 580/1106/609
f 588/947/521 581/946/519 586/1107/604 593/1108/610
f 593/1108/610 586/1107/604 585/1109/605 592/1110/611
f 592/1110/611 585/1109/605 584/1111/606 591/1112/612
f 591/1113/612 584/1114/606 583/1104/607 590/1115/613
f 590/1115/613 583/1104/607 582/1105/608 589/1116/614
f 589/1116/614 582/1105/608 580/1106/609 587/1117/615
f 595/950/523 588/949/521 593/1118/610 600/1119/616
f 600/1119/616 593/1118/610 592/1120/611 599/1121/617
f 599/1121/617 592/1120/611 591/1122/612 598/1123/618
f 598/1124/618 591/1125/612 590/1115/613 597/1126/619
f 597/1126/619 590/1115/613 589/1116/614 596/1127/620
f 596/1127/620 589/1116/614 587/1117/615 594/1128/621
f 602/952/525 595/950/523 600/1129/616 607/1130/622
f 607/1130/622 600/1129/616 599/1131/617 606/1132/623
f 606/1132/623 599/1131/617 598/1133/618 605/1134/624
f 605/1135/624 598/1136/618 597/1126/619 604/1137/625
f 604/1137/625 597/1126/619 596/1127/620 603/1138/626
f 603/1138/626 596/1127/620 594/1128/621 601/1139/627
f 609/954/527 602/952/525 607/1140/622 614/1141/628
f 614/1141/628 607/1140/622 606/1142/623 613/1143/629
f 613/1143/629 606/1142/623 605/1144/624 612/1145/630
f 612/1146/630 605/1147/624 604/1137/625 611/1148/631
f 611/1148/631 604/1137/625 603/1138/626 610/1149/632
f 610/1149/632 603/1138/626 601/1139/627 608/1150/633
f 616/957/529 609/956/527 614/1151/628 621/1152/634
f 621/1152/634 614/1151/628 613/1153/629 620/1154/635
f 620/1154/635 613/1153/629 612/1155/630 619/1156/636
f 619/1157/636 612/1158/630 611/1148/631 618/1159/637
f 618/1159/637 611/1148/631 610/1149/632 617/1160/638
f 617/1160/638 610/1149/632 608/1150/633 615/1161/639
f 623/960/531 616/959/529 621/1162/634 628/1163/640
f 628/1163/640 621/1162/634 620/1164/635 627/1165/641
f 627/1165/641 620/1164/635 619/1166/636 626/1167/642
f 626/1168/642 619/1169/636 618/1159/637 625/1170/643
f 625/1170/643 618/1159/637 617/1160/638 624/1171/644
f 624/1171/644 617/1160/638 615/1161/639 622/1172/645
f 630/962/533 623/960/531 628/1173/640 635/1174/646
f 635/1174/646 628/1173/640 627/1175/641 634/1176/647
f 634/1176/647 627/1175/641 626/1177/642 633/1178/648
f 633/1179/648 626/1180/642 625/1170/643 632/1181/649
f 632/1181/649 625/1170/643 624/1171/644 631/1182/650
f 631/1182/650 624/1171/644 622/1172/645 629/1183/651
f 637/964/535 630/962/533 635/1184/646 642/1185/652
f 642/1185/652 635/1184/646 634/1186/647 641/1187/653
f 641/1187/653 634/1186/647 633/1188/648 640/1189/654
f 640/1190/654 633/1191/648 632/1181/649 639/1192/655
f 639/1192/655 632/1181/649 631/1182/650 638/1193/656
f 638/1193/656 631/1182/650 629/1183/651 636/1194/657
f 644/967/537 637/966/535 642/1195/652 649/1196/658
f 649/1196/658 642/1195/652 641/1197/653 648/1198/659
f 648/1198/659 641/1197/653 640/1199/654 647/1200/660
f 647/1201/660 640/1202/654 639/1192/655 646/1203/661
f 646/1203/661 639/1192/655 638/1193/656 645/1204/662
f 645/1204/662 638/1193/656 636/1194/657 643/1205/663
f 651/970/539 644/969/537 649/1206/658 656/1207/664
f 656/1207/664 649/1206/658 648/1208/659 655/1209/665
f 655/1209/665 648/1208/659 647/1210/660 654/1211/666
f 654/1212/666 647/1213/660 646/1203/661 653/1214/667
f 653/1214/667 646/1203/661 645/1204/662 652/1215/668
f 652/1215/668 645/1204/662 643/1205/663 650/1216/669
f 658/973/541 651/972/539 656/1217/664 663/1218/670
f 663/1218/670 656/1217/664 655/1219/665 662/1220/671
f 662/1220/671 655/1219/665 654/1221/666 661/1222/672
f 661/1223/672 654/1224/666 653/1214/667 660/1225/673
f 660/1225/673 653/1214/667 652/1215/668 659/1226/674
f 659/1226/674 652/1215/668 650/1216/669 657/1227/675
f 665/975/543 658/973/541 663/1228/670 670/1229/676
f 670/1229/676 663/1228/670 662/1230/671 669/1231/677
f 669/1231/677 662/1230/671 661/1232/672 668/1233/678
f 668/1234/678 661/1235/672 660/1225/673 667/1236/679
f 667/1236/679 660/1225/673 659/1226/674 666/1237/680
f 666/1237/680 659/1226/674 657/1227/675 664/1238/681
f 672/978/545 665/977/543 670/1239/676 677/1240/682
f 677/1240/682 670/1239/676 669/1241/677 676/1242/683
f 676/1242/683 669/1241/677 668/1243/678 675/1244/684
f 675/1245/684 668/1246/678 667/1236/679 674/1247/685
f 674/1247/685 667/1236/679 666/1237/680 673/1248/686
f 673/1248/686 666/1237/680 664/1238/681 671/1249/687
f 679/981/547 672/980/545 677/1250/682 684/1251/688
f 684/1251/688 677/1250/682 676/1252/683 683/1253/689
f 683/1253/689 676/1252/683 675/1254/684 682/1255/690
f 682/1256/690 675/1257/684 674/1247/685 681/1258/691
f 681/1258/691 674/1247/685 673/1248/686 680/1259/692
f 680/1259/692 673/1248/686 671/1249/687 678/1260/693
f 686/983/549 679/981/547 684/1261/688 691/1262/694
f 691/1262/694 684/1261/688 683/1263/689 690/1264/695
f 690/1264/695 683/1263/689 682/1265/690 689/1266/696
f 689/1267/696 682/1268/690 681/1258/691 688/1269/697
f 688/1269/697 681/1258/691 680/1259/692 687/1270/698
f 687/1270/698 680/1259/692 678/1260/693 685/1271/699
f 693/985/551 686/983/549 691/1272/694 698/1273/700
f 698/1273/700 691/1272/694 690/1274/695 697/1275/701
f 697/1275/701 690/1274/695 689/1276/696 696/1277/702
f 696/1278/702 689/1279/696 688/1269/697 695/1280/703
f 695/1280/703 688/1269/697 687/1270/698 694/1281/704
f 694/1281/704 687/1270/698 685/1271/699 692/1282/705
f 700/988/553 693/987/551 698/1283/700 705/1284/706
f 705/1284/706 698/1283/700 697/1285/701 704/1286/707
f 704/1286/707 697/1285/701 696/1287/702 703/1288/708
f 703/1289/708 696/1290/702 695/1280/703 702/1291/709
f 702/1291/709 695/1280/703 694/1281/704 701/1292/710
f 701/1292/710 694/1281/704 692/1282/705 699/1293/711
f 707/991/555 700/990/553 705/1294/706 712/1295/712
f 712/1295/712 705/1294/706 704/1296/707 711/1297/713
f 711/1297/713 704/1296/707 703/1298/708 710/1299/714
f 710/1300/714 703/1301/708 702/1291/709 709/1302/715
f 709/1302/715 702/1291/709 701/1292/710 708/1303/716
f 708/1303/716 701/1292/710 699/1293/711 706/1304/717
f 714/993/557 707/991/555 712/1305/712 719/1306/718
f 719/1306/718 712/1305/712 711/1307/713 718/1308/719
f 718/1308/719 711/1307/713 710/1309/714 717/1310/720
f 717/1311/720 710/1312/714 709/1302/715 716/1313/721
f 716/1313/721 709/1302/715 708/1303/716 715/1314/722
f 715/1314/722 708/1303/716 706/1304/717 713/1315/723
f 721/995/559 714/993/557 719/1316/718 726/1317/724
f 726/1317/724 719/1316/718 718/1318/719 725/1319/725
f 725/1319/725 718/1318/719 717/1320/720 724/1321/726
f 724/1322/726 717/1323/720 716/1313/721 723/1324/727
f 723/1324/727 716/1313/721 715/1314/722 722/1325/728
f 722/1325/728 715/1314/722 713/1315/723 720/1326/729
f 728/998/561 721/997/559 726/1327/724 733/1328/730
f 733/1328/730 726/1327/724 725/1329/725 732/1330/731
f 732/1330/731 725/1329/725 724/1331/726 731/1332/732
f 731/1333/732 724/1334/726 723/1324/727 730/1335/733
f 730/1335/733 723/1324/727 722/1325/728 729/1336/734
f 729/1336/734 722/1325/728 720/1326/729 727/1337/735
f 735/1001/563 728/1000/561 733/1338/730 740/1339/736
f 740/1339/736 733/1338/730 732/1340/731 739/1341/737
f 739/1341/737 732/1340/731 731/1342/732 738/1343/738
f 738/1344/738 731/1345/732 730/1335/733 737/1346/739
f 737/1346/739 730/1335/733 729/1336/734 736/1347/740
f 736/1347/740 729/1336/734 727/1337/735 734/1348/741
f 742/1003/565 735/1001/563 740/1349/736 747/1350/742
f 747/1350/742 740/1349/736 739/1351/737 746/1352/743
f 746/1352/743 739/1351/737 738/1353/738 745/1354/744
f 745/1355/744 738/1356/738 737/1346/739 744/1357/745
f 744/1357/745 737/1346/739 736/1347/740 743/1358/746
f 743/1358/746 736/1347/740 734/1348/741 741/1359/747
f 749/1005/567 742/1003/565 747/1360/742 754/1361/748
f 754/1361/748 747/1360/742 746/1362/743 753/1363/749
f 753/1363/749 746/1362/743 745/1364/744 752/1365/750
f 752/1366/750 745/1367/744 744/1357/745 751/1368/751
f 751/1368/751 744/1357/745 743/1358/746 750/1369/752
f 750/1369/752 743/1358/746 741/1359/747 748/1370/753
f 756/1008/569 749/1007/567 754/1371/748 761/1372/754
f 761/1372/754 754/1371/748 753/1373/749 760/1374/755
f 760/1374/755 753/1373/749 752/1375/750 759/1376/756
f 759/1377/756 752/1378/750 751/1368/751 758/1379/757
f 758/1379/757 751/1368/751 750/1369/752 757/1380/758
f 757/1380/758 750/1369/752 748/1370/753 755/1381/759
f 763/935/510 756/1010/569 761/1382/754 768/1383/760
f 768/1383/760 761/1382/754 760/1384/755 767/1385/761
f 767/1385/761 760/1384/755 759/1386/756 766/1387/762
f 766/1388/762 759/1389/756 758/1379/757 765/1390/763
f 765/1390/763 758/1379/757 757/1380/758 764/1391/764
f 764/1391/764 757/1380/758 755/1381/759 762/1392/765
f 546/936/511 763/935/510 768/1393/760 551/1394/574
f 551/1394/574 768/1393/760 767/1395/761 550/1396/576
f 550/1396/576 767/1395/761 766/1397/762 549/1398/578
f 549/1399/578 766/1400/762 765/1390/763 548/1057/580
f 548/1057/580 765/1390/763 764/1391/764 547/1059/582
f 547/1059/582 764/1391/764 762/1392/765 545/1061/584
f 552/1062/585 545/1061/584 762/1392/765 755/1381/759 748/1370/753 741/1359/747 734/1348/741 727/1337/735 720/1326/729 713/1315/723 706/1304/717 699/1293/711 692/1282/705 685/1271/699 678/1260/693 671/1249/687 664/1238/681 657/1227/675 650/1216/669 643/1205/663 636/1194/657 629/1183/651 622/1172/645 615/1161/639 608/1150/633 601/1139/627 594/1128/621 587/1117/615 580/1106/609 573/1095/603 566/1084/597 559/1073/591
o Cylinder01
v -0.000019 0.822040 0.181779
v 0.004323 0.822040 0.182206
v 0.008498 0.822040 0.183473
v 0.012346 0.822040 0.185529
v 0.015718 0.822040 0.188297
v 0.018486 0.822040 0.191669
v 0.020543 0.822040 0.195517
v 0.021809 0.822040 0.199692
v 0.022237 0.822040 0.204034
v 0.021809 0.822040 0.208376
v 0.020543 0.822040 0.212551
v 0.018486 0.822040 0.216398
v 0.015718 0.822040 0.219771
v 0.012346 0.822040 0.222538
v 0.008498 0.822040 0.224595
v 0.004323 0.822040 0.225862
v -0.000019 0.822040 0.226289
v -0.004361 0.822040 0.225862
v -0.008535 0.822040 0.224595
v -0.012383 0.822040 0.222538
v -0.015756 0.822040 0.219771
v -0.018523 0.822040 0.216398
v -0.020580 0.822040 0.212551
v -0.021846 0.822040 0.208376
v -0.022274 0.822040 0.204034
v -0.021846 0.822040 0.199692
v -0.020580 0.822040 0.195517
v -0.018523 0.822040 0.191669
v -0.015756 0.822040 0.188297
v -0.012383 0.822040 0.185529
v -0.008535 0.822040 0.183473
v -0.004361 0.822040 0.182206
v -0.000019 1.699881 0.190881
v -0.000019 1.690822 0.181779
v -0.000019 1.699437 0.188068
v -0.000019 1.698151 0.185531
v -0.000019 1.696147 0.183517
v -0.000019 1.693622 0.182224
v 0.002547 1.699881 0.191134
v 0.004323 1.690822 0.182206
v 0.003096 1.699437 0.188375
v 0.003591 1.698151 0.185886
v 0.003984 1.696147 0.183911
v 0.004236 1.693622 0.182643
v 0.005015 1.699881 0.191882
v 0.008498 1.690822 0.183473
v 0.006091 1.699437 0.189283
v 0.007062 1.698151 0.186939
v 0.007833 1.696147 0.185079
v 0.008328 1.693622 0.183884
v 0.007289 1.699881 0.193098
v 0.012346 1.690822 0.185529
v 0.008851 1.699437 0.190759
v 0.010261 1.698151 0.188649
v 0.011380 1.696147 0.186975
v 0.012098 1.693622 0.185900
v 0.009282 1.699881 0.194733
v 0.015718 1.690822 0.188297
v 0.011271 1.699437 0.192744
v 0.013065 1.698151 0.190950
v 0.014489 1.696147 0.189526
v 0.015403 1.693622 0.188612
v 0.010918 1.699881 0.196726
v 0.018486 1.690822 0.191669
v 0.013256 1.699437 0.195164
v 0.015366 1.698151 0.193754
v 0.017040 1.696147 0.192635
v 0.018115 1.693622 0.191917
v 0.012133 1.699881 0.199000
v 0.020543 1.690822 0.195517
v 0.014732 1.699437 0.197924
v 0.017076 1.698151 0.196953
v 0.018936 1.696147 0.196182
v 0.020131 1.693622 0.195688
v 0.012881 1.699881 0.201468
v 0.021809 1.690822 0.199692
v 0.015640 1.699437 0.200919
v 0.018129 1.698151 0.200424
v 0.020104 1.696147 0.200031
v 0.021372 1.693622 0.199779
v 0.013134 1.699881 0.204034
v 0.022237 1.690822 0.204034
v 0.015947 1.699437 0.204034
v 0.018484 1.698151 0.204034
v 0.020498 1.696147 0.204034
v 0.021791 1.693622 0.204034
v 0.012881 1.699881 0.206600
v 0.021809 1.690822 0.208376
v 0.015640 1.699437 0.207149
v 0.018129 1.698151 0.207644
v 0.020104 1.696147 0.208036
v 0.021372 1.693622 0.208289
v 0.012133 1.699881 0.209067
v 0.020543 1.690822 0.212551
v 0.014732 1.699437 0.210144
v 0.017076 1.698151 0.211115
v 0.018936 1.696147 0.211885
v 0.020131 1.693622 0.212380
v 0.010918 1.699881 0.211341
v 0.018486 1.690822 0.216398
v 0.013256 1.699437 0.212904
v 0.015366 1.698151 0.214314
v 0.017040 1.696147 0.215432
v 0.018115 1.693622 0.216151
v 0.009282 1.699881 0.213334
v 0.015718 1.690822 0.219771
v 0.011271 1.699437 0.215323
v 0.013065 1.698151 0.217118
v 0.014489 1.696147 0.218541
v 0.015403 1.693622 0.219456
v 0.007289 1.699881 0.214970
v 0.012346 1.690822 0.222538
v 0.008851 1.699437 0.217309
v 0.010261 1.698151 0.219419
v 0.011380 1.696147 0.221093
v 0.012098 1.693622 0.222168
v 0.005015 1.699881 0.216186
v 0.008498 1.690822 0.224595
v 0.006091 1.699437 0.218784
v 0.007062 1.698151 0.221129
v 0.007833 1.696147 0.222989
v 0.008328 1.693622 0.224183
v 0.002547 1.699881 0.216934
v 0.004323 1.690822 0.225862
v 0.003096 1.699437 0.219693
v 0.003591 1.698151 0.222181
v 0.003984 1.696147 0.224157
v 0.004236 1.693622 0.225425
v -0.000019 1.699881 0.217187
v -0.000019 1.690822 0.226289
v -0.000019 1.699437 0.220000
v -0.000019 1.698151 0.222537
v -0.000019 1.696147 0.224551
v -0.000019 1.693622 0.225844
v -0.002585 1.699881 0.216934
v -0.004361 1.690822 0.225862
v -0.003133 1.699437 0.219693
v -0.003629 1.698151 0.222181
v -0.004021 1.696147 0.224157
v -0.004274 1.693622 0.225425
v -0.005052 1.699881 0.216186
v -0.008535 1.690822 0.224595
v -0.006129 1.699437 0.218784
v -0.007100 1.698151 0.221129
v -0.007870 1.696147 0.222989
v -0.008365 1.693622 0.224183
v -0.007326 1.699881 0.214970
v -0.012383 1.690822 0.222538
v -0.008889 1.699437 0.217309
v -0.010299 1.698151 0.219419
v -0.011417 1.696147 0.221093
v -0.012136 1.693622 0.222168
v -0.009319 1.699881 0.213334
v -0.015756 1.690822 0.219771
v -0.011308 1.699437 0.215323
v -0.013102 1.698151 0.217118
v -0.014526 1.696147 0.218541
v -0.015441 1.693622 0.219456
v -0.010955 1.699881 0.211341
v -0.018523 1.690822 0.216398
v -0.013294 1.699437 0.212904
v -0.015404 1.698151 0.214314
v -0.017078 1.696147 0.215432
v -0.018153 1.693622 0.216151
v -0.012170 1.699881 0.209067
v -0.020580 1.690822 0.212551
v -0.014769 1.699437 0.210144
v -0.017113 1.698151 0.211115
v -0.018974 1.696147 0.211885
v -0.020168 1.693622 0.212380
v -0.012919 1.699881 0.206600
v -0.021846 1.690822 0.208376
v -0.015678 1.699437 0.207149
v -0.018166 1.698151 0.207644
v -0.020141 1.696147 0.208036
v -0.021409 1.693622 0.208289
v -0.013172 1.699881 0.204034
v -0.022274 1.690822 0.204034
v -0.015984 1.699437 0.204034
v -0.018522 1.698151 0.204034
v -0.020536 1.696147 0.204034
v -0.021829 1.693622 0.204034
v -0.012919 1.699881 0.201468
v -0.021846 1.690822 0.199692
v -0.015678 1.699437 0.200919
v -0.018166 1.698151 0.200424
v -0.020141 1.696147 0.200031
v -0.021409 1.693622 0.199779
v -0.012170 1.699881 0.199000
v -0.020580 1.690822 0.195517
v -0.014769 1.699437 0.197924
v -0.017113 1.698151 0.196953
v -0.018974 1.696147 0.196182
v -0.020168 1.693622 0.195688
v -0.010955 1.699881 0.196726
v -0.018523 1.690822 0.191669
v -0.013294 1.699437 0.195164
v -0.015404 1.698151 0.193754
v -0.017078 1.696147 0.192635
v -0.018153 1.693622 0.191917
v -0.009319 1.699881 0.194733
v -0.015756 1.690822 0.188297
v -0.011308 1.699437 0.192744
v -0.013102 1.698151 0.190950
v -0.014526 1.696147 0.189526
v -0.015441 1.693622 0.188612
v -0.007326 1.699881 0.193098
v -0.012383 1.690822 0.185529
v -0.008889 1.699437 0.190759
v -0.010299 1.698151 0.188649
v -0.011417 1.696147 0.186975
v -0.012136 1.693622 0.185900
v -0.005052 1.699881 0.191882
v -0.008535 1.690822 0.183473
v -0.006129 1.699437 0.189283
v -0.007100 1.698151 0.186939
v -0.007870 1.696147 0.185079
v -0.008365 1.693622 0.183884
v -0.002585 1.699881 0.191134
v -0.004361 1.690822 0.182206
v -0.003133 1.699437 0.188375
v -0.003629 1.698151 0.185886
v -0.004021 1.696147 0.183911
v -0.004274 1.693622 0.182643
vn -0.1951 -0.0000 -0.9808
vn -0.1945 0.0784 -0.9778
vn -0.0000 0.0784 -0.9969
vn -0.0000 -0.0000 -1.0000
vn 0.3827 -0.0000 -0.9239
vn 0.3815 0.0784 -0.9210
vn 0.5539 0.0784 -0.8289
vn 0.5556 -0.0000 -0.8315
vn 0.7049 0.0784 -0.7049
vn 0.7071 -0.0000 -0.7071
vn 0.8289 0.0784 -0.5539
vn 0.8315 -0.0000 -0.5556
vn 0.9210 0.0784 -0.3815
vn 0.9239 -0.0000 -0.3827
vn 0.9778 0.0784 -0.1945
vn 0.9808 -0.0000 -0.1951
vn 0.9969 0.0784 -0.0000
vn 1.0000 -0.0000 -0.0000
vn 0.9778 0.0784 0.1945
vn 0.9808 -0.0000 0.1951
vn 0.9210 0.0784 0.3815
vn 0.9239 -0.0000 0.3827
vn 0.8289 0.0784 0.5539
vn 0.8315 -0.0000 0.5556
vn 0.7049 0.0784 0.7049
vn 0.7071 -0.0000 0.7071
vn 0.5539 0.0784 0.8289
vn 0.5556 -0.0000 0.8315
vn 0.3815 0.0784 0.9210
vn 0.3827 -0.0000 0.9239
vn 0.1945 0.0784 0.9778
vn 0.1951 -0.0000 0.9808
vn -0.0000 0.0784 0.9969
vn -0.0000 -0.0000 1.0000
vn -0.1945 0.0784 0.9778
vn -0.1951 -0.0000 0.9808
vn -0.3815 0.0784 0.9210
vn -0.3827 -0.0000 0.9239
vn -0.5539 0.0784 0.8289
vn -0.5556 -0.0000 0.8315
vn -0.7049 0.0784 0.7049
vn -0.7071 -0.0000 0.7071
vn -0.8289 0.0784 0.5539
vn -0.8315 -0.0000 0.5556
vn -0.9210 0.0784 0.3815
vn -0.9239 -0.0000 0.3827
vn -0.9778 0.0784 0.1945
vn -0.9808 -0.0000 0.1951
vn -0.9969 0.0784 -0.0000
vn -1.0000 -0.0000 -0.0000
vn -0.9778 0.0784 -0.1945
vn -0.9808 -0.0000 -0.1951
vn -0.9210 0.0784 -0.3815
vn -0.9239 -0.0000 -0.3827
vn -0.8289 0.0784 -0.5539
vn -0.8315 -0.0000 -0.5556
vn -0.7049 0.0784 -0.7049
vn -0.7071 -0.0000 -0.7071
vn -0.5539 0.0784 -0.8289
vn -0.5556 -0.0000 -0.8315
vn -0.3815 0.0784 -0.9210
vn -0.3827 -0.0000 -0.9239
vn 0.1945 0.0784 -0.9778
vn 0.1951 -0.0000 -0.9808
vn -0.0000 -1.0000 -0.0000
vn -0.0000 0.3075 -0.9516
vn 0.1856 0.3075 -0.9333
vn -0.0000 0.5849 -0.8111
vn 0.1582 0.5849 -0.7955
vn -0.0000 0.8057 -0.5923
vn 0.1156 0.8057 -0.5810
vn -0.0000 0.9486 -0.3165
vn 0.0617 0.9486 -0.3104
vn -0.0000 0.9966 -0.0829
vn 0.0162 0.9966 -0.0813
vn 0.3642 0.3075 -0.8791
vn 0.3104 0.5849 -0.7493
vn 0.2267 0.8057 -0.5473
vn 0.1211 0.9486 -0.2924
vn 0.0317 0.9966 -0.0766
vn 0.5287 0.3075 -0.7912
vn 0.4506 0.5849 -0.6744
vn 0.3291 0.8057 -0.4925
vn 0.1758 0.9486 -0.2632
vn 0.0461 0.9966 -0.0690
vn 0.6729 0.3075 -0.6729
vn 0.5735 0.5849 -0.5735
vn 0.4189 0.8057 -0.4189
vn 0.2238 0.9486 -0.2238
vn 0.0586 0.9966 -0.0586
vn 0.7912 0.3075 -0.5287
vn 0.6744 0.5849 -0.4506
vn 0.4925 0.8057 -0.3291
vn 0.2632 0.9486 -0.1758
vn 0.0690 0.9966 -0.0461
vn 0.8791 0.3075 -0.3641
vn 0.7493 0.5849 -0.3104
vn 0.5473 0.8057 -0.2267
vn 0.2924 0.9486 -0.1211
vn 0.0766 0.9966 -0.0317
vn 0.9333 0.3075 -0.1856
vn 0.7955 0.5849 -0.1582
vn 0.5810 0.8057 -0.1156
vn 0.3104 0.9486 -0.0617
vn 0.0813 0.9966 -0.0162
vn 0.9516 0.3075 -0.0000
vn 0.8111 0.5849 -0.0000
vn 0.5923 0.8057 -0.0000
vn 0.3165 0.9486 -0.0000
vn 0.0829 0.9966 -0.0000
vn 0.9333 0.3075 0.1856
vn 0.7955 0.5849 0.1582
vn 0.5810 0.8057 0.1156
vn 0.3104 0.9486 0.0617
vn 0.0813 0.9966 0.0162
vn 0.8791 0.3075 0.3641
vn 0.7493 0.5849 0.3104
vn 0.5473 0.8057 0.2267
vn 0.2924 0.9486 0.1211
vn 0.0766 0.9966 0.0317
vn 0.7912 0.3075 0.5287
vn 0.6744 0.5849 0.4506
vn 0.4925 0.8057 0.3291
vn 0.2632 0.9486 0.1758
vn 0.0690 0.9966 0.0461
vn 0.6729 0.3075 0.6729
vn 0.5735 0.5849 0.5735
vn 0.4189 0.8057 0.4189
vn 0.2238 0.9486 0.2238
vn 0.0586 0.9966 0.0586
vn 0.5287 0.3075 0.7912
vn 0.4506 0.5849 0.6744
vn 0.3291 0.8057 0.4925
vn 0.1758 0.9486 0.2632
vn 0.0461 0.9966 0.0690
vn 0.3641 0.3075 0.8791
vn 0.3104 0.5849 0.7493
vn 0.2267 0.8057 0.5473
vn 0.1211 0.9486 0.2924
vn 0.0317 0.9966 0.0766
vn 0.1856 0.3075 0.9333
vn 0.1582 0.5849 0.7955
vn 0.1156 0.8057 0.5810
vn 0.0617 0.9486 0.3104
vn 0.0162 0.9966 0.0813
vn -0.0000 0.3075 0.9516
vn -0.0000 0.5849 0.8111
vn -0.0000 0.8057 0.5923
vn -0.0000 0.9486 0.3165
vn -0.0000 0.9966 0.0829
vn -0.1856 0.3075 0.9333
vn -0.1582 0.5849 0.7955
vn -0.1156 0.8057 0.5810
vn -0.0617 0.9486 0.3104
vn -0.0162 0.9966 0.0813
vn -0.3642 0.3075 0.8791
vn -0.3104 0.5849 0.7493
vn -0.2267 0.8057 0.5473
vn -0.1211 0.9486 0.2924
vn -0.0317 0.9966 0.0766
vn -0.5287 0.3075 0.7912
vn -0.4506 0.5849 0.6744
vn -0.3291 0.8057 0.4925
vn -0.1758 0.9486 0.2632
vn -0.0461 0.9966 0.0690
vn -0.6729 0.3075 0.6729
vn -0.5735 0.5849 0.5735
vn -0.4189 0.8057 0.4189
vn -0.2238 0.9486 0.2238
vn -0.0586 0.9966 0.0586
vn -0.7912 0.3075 0.5287
vn -0.6744 0.5849 0.4506
vn -0.4925 0.8057 0.3291
vn -0.2632 0.9486 0.1758
vn -0.0690 0.9966 0.0461
vn -0.8791 0.3075 0.3641
vn -0.7493 0.5849 0.3104
vn -0.5473 0.8057 0.2267
vn -0.2924 0.9486 0.1211
vn -0.0766 0.9966 0.0317
vn -0.9333 0.3075 0.1856
vn -0.7955 0.5849 0.1582
vn -0.5810 0.8057 0.1156
vn -0.3104 0.9486 0.0617
vn -0.0813 0.9966 0.0162
vn -0.9516 0.3075 -0.0000
vn -0.8111 0.5849 -0.0000
vn -0.5923 0.8057 -0.0000
vn -0.3165 0.9486 -0.0000
vn -0.0829 0.9966 -0.0000
vn -0.9333 0.3075 -0.1856
vn -0.7955 0.5849 -0.1582
vn -0.5810 0.8057 -0.1156
vn -0.3104 0.9486 -0.0617
vn -0.0813 0.9966 -0.0162
vn -0.8791 0.3075 -0.3641
vn -0.7493 0.5849 -0.3104
vn -0.5473 0.8057 -0.2267
vn -0.2924 0.9486 -0.1211
vn -0.0766 0.9966 -0.0317
vn -0.7912 0.3075 -0.5287
vn -0.6744 0.5849 -0.4506
vn -0.4925 0.8057 -0.3291
vn -0.2632 0.9486 -0.1758
vn -0.0690 0.9966 -0.0461
vn -0.6729 0.3075 -0.6729
vn -0.5735 0.5849 -0.5735
vn -0.4189 0.8057 -0.4189
vn -0.2238 0.9486 -0.2238
vn -0.0586 0.9966 -0.0586
vn -0.5287 0.3075 -0.7912
vn -0.4506 0.5849 -0.6744
vn -0.3291 0.8057 -0.4925
vn -0.1758 0.9486 -0.2632
vn -0.0461 0.9966 -0.0690
vn -0.3641 0.3075 -0.8791
vn -0.3104 0.5849 -0.7493
vn -0.2267 0.8057 -0.5473
vn -0.1211 0.9486 -0.2924
vn -0.0317 0.9966 -0.0766
vn -0.1856 0.3075 -0.9333
vn -0.1582 0.5849 -0.7955
vn -0.1156 0.8057 -0.5810
vn -0.0617 0.9486 -0.3104
vn -0.0162 0.9966 -0.0813
vt 0.031250 0.500000
vt 0.031250 0.994840
vt 0.000000 0.994840
vt 0.000000 0.500000
vt 0.937500 0.500000
vt 0.937500 0.994840
vt 0.906250 0.994840
vt 0.906250 0.500000
vt 0.906250 0.994840
vt 0.875000 0.994840
vt 0.875000 0.500000
vt 0.843750 0.994840
vt 0.843750 0.500000
vt 0.843750 0.994840
vt 0.812500 0.994840
vt 0.812500 0.500000
vt 0.812500 0.994840
vt 0.781250 0.994840
vt 0.781250 0.500000
vt 0.750000 0.994840
vt 0.750000 0.500000
vt 0.718750 0.994840
vt 0.718750 0.500000
vt 0.687500 0.994840
vt 0.687500 0.500000
vt 0.687500 0.994840
vt 0.656250 0.994840
vt 0.656250 0.500000
vt 0.656250 0.994840
vt 0.625000 0.994840
vt 0.625000 0.500000
vt 0.593750 0.994840
vt 0.593750 0.500000
vt 0.593750 0.994840
vt 0.562500 0.994840
vt 0.562500 0.500000
vt 0.562500 0.994840
vt 0.531250 0.994840
vt 0.531250 0.500000
vt 0.500000 0.994840
vt 0.500000 0.500000
vt 0.468750 0.994840
vt 0.468750 0.500000
vt 0.437500 0.994840
vt 0.437500 0.500000
vt 0.437500 0.994840
vt 0.406250 0.994840
vt 0.406250 0.500000
vt 0.406250 0.994840
vt 0.375000 0.994840
vt 0.375000 0.500000
vt 0.343750 0.994840
vt 0.343750 0.500000
vt 0.343750 0.994840
vt 0.312500 0.994840
vt 0.312500 0.500000
vt 0.312500 0.994840
vt 0.281250 0.994840
vt 0.281250 0.500000
vt 0.250000 0.994840
vt 0.250000 0.500000
vt 0.218750 0.994840
vt 0.218750 0.500000
vt 0.187500 0.994840
vt 0.187500 0.500000
vt 0.187500 0.994840
vt 0.156250 0.994840
vt 0.156250 0.500000
vt 0.156250 0.994840
vt 0.125000 0.994840
vt 0.125000 0.500000
vt 0.093750 0.994840
vt 0.093750 0.500000
vt 0.093750 0.994840
vt 0.062500 0.994840
vt 0.062500 0.500000
vt 0.062500 0.994840
vt 1.000000 0.500000
vt 1.000000 0.994840
vt 0.968750 0.994840
vt 0.968750 0.500000
vt 0.937500 0.994840
vt 0.750000 0.490000
vt 0.796822 0.485388
vt 0.841844 0.471731
vt 0.883337 0.449553
vt 0.919706 0.419706
vt 0.949553 0.383337
vt 0.971731 0.341844
vt 0.985388 0.296822
vt 0.990000 0.250000
vt 0.985388 0.203178
vt 0.971731 0.158156
vt 0.949553 0.116663
vt 0.919706 0.080294
vt 0.883337 0.050447
vt 0.841844 0.028269
vt 0.796822 0.014612
vt 0.750000 0.010000
vt 0.703178 0.014612
vt 0.658156 0.028269
vt 0.616663 0.050447
vt 0.580294 0.080294
vt 0.550447 0.116663
vt 0.528269 0.158156
vt 0.514612 0.203178
vt 0.510000 0.250000
vt 0.514612 0.296822
vt 0.528269 0.341844
vt 0.550447 0.383337
vt 0.580294 0.419706
vt 0.616663 0.449553
vt 0.658156 0.471731
vt 0.703178 0.485388
vt 0.999687 0.996435
vt 0.969063 0.996435
vt 0.998779 1.000000
vt 0.969971 1.000000
vt 0.294993 0.485569
vt 0.251829 0.489820
vt 0.250000 0.449537
vt 0.288928 0.445703
vt 0.250000 0.422173
vt 0.283589 0.418865
vt 0.250000 0.391840
vt 0.277672 0.389115
vt 0.968437 0.996435
vt 0.937813 0.996435
vt 0.967530 1.000000
vt 0.938720 1.000000
vt 0.340086 0.472264
vt 0.298580 0.484855
vt 0.326360 0.434348
vt 0.315888 0.409067
vt 0.304280 0.381043
vt 0.937187 0.996435
vt 0.906563 0.996435
vt 0.936280 1.000000
vt 0.907471 1.000000
vt 0.381716 0.450419
vt 0.343465 0.470865
vt 0.360857 0.415909
vt 0.345654 0.393157
vt 0.328802 0.367936
vt 0.905937 0.996435
vt 0.875313 0.996435
vt 0.905030 1.000000
vt 0.876220 1.000000
vt 0.418285 0.420871
vt 0.384757 0.448387
vt 0.391094 0.391094
vt 0.371745 0.371745
vt 0.350296 0.350296
vt 0.874687 0.996435
vt 0.844063 0.996435
vt 0.873779 1.000000
vt 0.844971 1.000000
vt 0.448387 0.384757
vt 0.420871 0.418285
vt 0.415909 0.360857
vt 0.393157 0.345654
vt 0.367936 0.328802
vt 0.843437 0.996435
vt 0.812813 0.996435
vt 0.842529 1.000000
vt 0.813720 1.000000
vt 0.470865 0.343465
vt 0.450419 0.381716
vt 0.434348 0.326359
vt 0.409067 0.315888
vt 0.381043 0.304280
vt 0.812187 0.996435
vt 0.781563 0.996435
vt 0.811280 1.000000
vt 0.782470 1.000000
vt 0.484855 0.298580
vt 0.472264 0.340086
vt 0.445703 0.288928
vt 0.418865 0.283589
vt 0.389114 0.277672
vt 0.780937 0.996435
vt 0.750313 0.996435
vt 0.780030 1.000000
vt 0.751221 1.000000
vt 0.489820 0.251829
vt 0.485569 0.294993
vt 0.449537 0.250000
vt 0.422173 0.250000
vt 0.391840 0.250000
vt 0.749687 0.996435
vt 0.719063 0.996435
vt 0.748779 1.000000
vt 0.719970 1.000000
vt 0.485569 0.205007
vt 0.489820 0.248171
vt 0.445703 0.211072
vt 0.418865 0.216411
vt 0.389115 0.222328
vt 0.718437 0.996435
vt 0.687813 0.996435
vt 0.717529 1.000000
vt 0.688721 1.000000
vt 0.472264 0.159914
vt 0.484855 0.201420
vt 0.434348 0.173641
vt 0.409067 0.184112
vt 0.381043 0.195720
vt 0.687187 0.996435
vt 0.656563 0.996435
vt 0.686279 1.000000
vt 0.657471 1.000000
vt 0.450419 0.118284
vt 0.470865 0.156535
vt 0.415909 0.139143
vt 0.393157 0.154346
vt 0.367936 0.171198
vt 0.655937 0.996435
vt 0.625313 0.996435
vt 0.655030 1.000000
vt 0.626220 1.000000
vt 0.420871 0.081715
vt 0.448387 0.115243
vt 0.391094 0.108906
vt 0.371745 0.128255
vt 0.350296 0.149704
vt 0.624687 0.996435
vt 0.594063 0.996435
vt 0.623779 1.000000
vt 0.594971 1.000000
vt 0.384757 0.051613
vt 0.418285 0.079129
vt 0.360857 0.084091
vt 0.345654 0.106843
vt 0.328802 0.132064
vt 0.593437 0.996435
vt 0.562813 0.996435
vt 0.592529 1.000000
vt 0.563721 1.000000
vt 0.343465 0.029135
vt 0.381716 0.049581
vt 0.326360 0.065652
vt 0.315888 0.090933
vt 0.304280 0.118957
vt 0.562187 0.996435
vt 0.531563 0.996435
vt 0.561279 1.000000
vt 0.532470 1.000000
vt 0.298580 0.015145
vt 0.340086 0.027736
vt 0.288928 0.054297
vt 0.283589 0.081135
vt 0.277672 0.110886
vt 0.530937 0.996435
vt 0.500313 0.996435
vt 0.530030 1.000000
vt 0.501221 1.000000
vt 0.251829 0.010180
vt 0.294993 0.014431
vt 0.250000 0.050463
vt 0.250000 0.077827
vt 0.250000 0.108160
vt 0.499687 0.996435
vt 0.469063 0.996435
vt 0.498780 1.000000
vt 0.469970 1.000000
vt 0.205007 0.014431
vt 0.248171 0.010180
vt 0.211072 0.054297
vt 0.216411 0.081135
vt 0.222328 0.110885
vt 0.468437 0.996435
vt 0.437813 0.996435
vt 0.467529 1.000000
vt 0.438720 1.000000
vt 0.159914 0.027736
vt 0.201420 0.015145
vt 0.173641 0.065652
vt 0.184112 0.090933
vt 0.195720 0.118957
vt 0.437187 0.996435
vt 0.406563 0.996435
vt 0.436280 1.000000
vt 0.407471 1.000000
vt 0.118284 0.049581
vt 0.156535 0.029135
vt 0.139143 0.084091
vt 0.154346 0.106843
vt 0.171198 0.132064
vt 0.405937 0.996435
vt 0.375313 0.996435
vt 0.405030 1.000000
vt 0.376220 1.000000
vt 0.081715 0.079129
vt 0.115243 0.051613
vt 0.108906 0.108906
vt 0.128255 0.128255
vt 0.149704 0.149704
vt 0.374687 0.996435
vt 0.344063 0.996435
vt 0.373780 1.000000
vt 0.344970 1.000000
vt 0.051613 0.115243
vt 0.079129 0.081715
vt 0.084091 0.139143
vt 0.106843 0.154346
vt 0.132064 0.171198
vt 0.343437 0.996435
vt 0.312813 0.996435
vt 0.342529 1.000000
vt 0.313720 1.000000
vt 0.029135 0.156535
vt 0.049581 0.118284
vt 0.065652 0.173641
vt 0.090933 0.184112
vt 0.118957 0.195720
vt 0.312187 0.996435
vt 0.281563 0.996435
vt 0.311280 1.000000
vt 0.282470 1.000000
vt 0.015145 0.201420
vt 0.027736 0.159914
vt 0.054297 0.211072
vt 0.081135 0.216411
vt 0.110885 0.222328
vt 0.280937 0.996435
vt 0.250313 0.996435
vt 0.280030 1.000000
vt 0.251220 1.000000
vt 0.010180 0.248171
vt 0.014431 0.205007
vt 0.050463 0.250000
vt 0.077827 0.250000
vt 0.108160 0.250000
vt 0.249687 0.996435
vt 0.219063 0.996435
vt 0.248780 1.000000
vt 0.219970 1.000000
vt 0.014431 0.294993
vt 0.010180 0.251829
vt 0.054297 0.288928
vt 0.081135 0.283589
vt 0.110886 0.277672
vt 0.218437 0.996435
vt 0.187813 0.996435
vt 0.217530 1.000000
vt 0.188721 1.000000
vt 0.027736 0.340086
vt 0.015145 0.298580
vt 0.065652 0.326360
vt 0.090933 0.315888
vt 0.118957 0.304280
vt 0.187187 0.996435
vt 0.156563 0.996435
vt 0.186280 1.000000
vt 0.157471 1.000000
vt 0.049581 0.381716
vt 0.029135 0.343465
vt 0.084091 0.360857
vt 0.106843 0.345654
vt 0.132064 0.328802
vt 0.155937 0.996435
vt 0.125313 0.996435
vt 0.155030 1.000000
vt 0.126220 1.000000
vt 0.079129 0.418285
vt 0.051613 0.384757
vt 0.108906 0.391094
vt 0.128255 0.371745
vt 0.149704 0.350296
vt 0.124687 0.996435
vt 0.094063 0.996435
vt 0.123780 1.000000
vt 0.094971 1.000000
vt 0.115243 0.448387
vt 0.081715 0.420871
vt 0.139143 0.415909
vt 0.154346 0.393157
vt 0.171198 0.367936
vt 0.093437 0.996435
vt 0.062813 0.996435
vt 0.092529 1.000000
vt 0.063720 1.000000
vt 0.156535 0.470865
vt 0.118284 0.450419
vt 0.173641 0.434348
vt 0.184112 0.409067
vt 0.195720 0.381043
vt 0.062187 0.996435
vt 0.031563 0.996435
vt 0.061280 1.000000
vt 0.032471 1.000000
vt 0.201420 0.484855
vt 0.159914 0.472264
vt 0.211072 0.445703
vt 0.216411 0.418865
vt 0.222328 0.389114
vt 0.030937 0.996435
vt 0.000313 0.996435
vt 0.030030 1.000000
vt 0.001221 1.000000
vt 0.248171 0.489820
vt 0.205007 0.485569
s 1
usemtl TV_Stand
f 800/1401/766 988/1402/767 802/1403/768 769/1404/769
f 771/1405/770 814/1406/771 820/1407/772 772/1408/773
f 772/1408/773 820/1409/772 826/1410/774 773/1411/775
f 773/1411/775 826/1410/774 832/1412/776 774/1413/777
f 774/1413/777 832/1414/776 838/1415/778 775/1416/779
f 775/1416/779 838/1417/778 844/1418/780 776/1419/781
f 776/1419/781 844/1418/780 850/1420/782 777/1421/783
f 777/1421/783 850/1420/782 856/1422/784 778/1423/785
f 778/1423/785 856/1422/784 862/1424/786 779/1425/787
f 779/1425/787 862/1426/786 868/1427/788 780/1428/789
f 780/1428/789 868/1429/788 874/1430/790 781/1431/791
f 781/1431/791 874/1430/790 880/1432/792 782/1433/793
f 782/1433/793 880/1434/792 886/1435/794 783/1436/795
f 783/1436/795 886/1437/794 892/1438/796 784/1439/797
f 784/1439/797 892/1438/796 898/1440/798 785/1441/799
f 785/1441/799 898/1440/798 904/1442/800 786/1443/801
f 786/1443/801 904/1442/800 910/1444/802 787/1445/803
f 787/1445/803 910/1446/802 916/1447/804 788/1448/805
f 788/1448/805 916/1449/804 922/1450/806 789/1451/807
f 789/1451/807 922/1450/806 928/1452/808 790/1453/809
f 790/1453/809 928/1454/808 934/1455/810 791/1456/811
f 791/1456/811 934/1457/810 940/1458/812 792/1459/813
f 792/1459/813 940/1458/812 946/1460/814 793/1461/815
f 793/1461/815 946/1460/814 952/1462/816 794/1463/817
f 794/1463/817 952/1462/816 958/1464/818 795/1465/819
f 795/1465/819 958/1466/818 964/1467/820 796/1468/821
f 796/1468/821 964/1469/820 970/1470/822 797/1471/823
f 797/1471/823 970/1470/822 976/1472/824 798/1473/825
f 798/1473/825 976/1474/824 982/1475/826 799/1476/827
f 799/1476/827 982/1477/826 988/1402/767 800/1401/766
f 769/1478/769 802/1479/768 808/1480/828 770/1481/829
f 770/1481/829 808/1480/828 814/1482/771 771/1405/770
f 769/1483/830 770/1484/830 771/1485/830 772/1486/830 773/1487/830 774/1488/830 775/1489/830 776/1490/830 777/1491/830 778/1492/830 779/1493/830 780/1494/830 781/1495/830 782/1496/830 783/1497/830 784/1498/830 785/1499/830 786/1500/830 787/1501/830 788/1502/830 789/1503/830 790/1504/830 791/1505/830 792/1506/830 793/1507/830 794/1508/830 795/1509/830 796/1510/830 797/1511/830 798/1512/830 799/1513/830 800/1514/830
f 808/1480/828 802/1479/768 806/1515/831 812/1516/832
f 812/1516/832 806/1515/831 805/1517/833 811/1518/834
f 811/1519/834 805/1520/833 804/1521/835 810/1522/836
f 810/1522/836 804/1521/835 803/1523/837 809/1524/838
f 809/1524/838 803/1523/837 801/1525/839 807/1526/840
f 814/1482/771 808/1480/828 812/1527/832 818/1528/841
f 818/1528/841 812/1527/832 811/1529/834 817/1530/842
f 817/1531/842 811/1532/834 810/1522/836 816/1533/843
f 816/1533/843 810/1522/836 809/1524/838 815/1534/844
f 815/1534/844 809/1524/838 807/1526/840 813/1535/845
f 820/1407/772 814/1406/771 818/1536/841 824/1537/846
f 824/1537/846 818/1536/841 817/1538/842 823/1539/847
f 823/1540/847 817/1541/842 816/1533/843 822/1542/848
f 822/1542/848 816/1533/843 815/1534/844 821/1543/849
f 821/1543/849 815/1534/844 813/1535/845 819/1544/850
f 826/1410/774 820/1409/772 824/1545/846 830/1546/851
f 830/1546/851 824/1545/846 823/1547/847 829/1548/852
f 829/1549/852 823/1550/847 822/1542/848 828/1551/853
f 828/1551/853 822/1542/848 821/1543/849 827/1552/854
f 827/1552/854 821/1543/849 819/1544/850 825/1553/855
f 832/1412/776 826/1410/774 830/1554/851 836/1555/856
f 836/1555/856 830/1554/851 829/1556/852 835/1557/857
f 835/1558/857 829/1559/852 828/1551/853 834/1560/858
f 834/1560/858 828/1551/853 827/1552/854 833/1561/859
f 833/1561/859 827/1552/854 825/1553/855 831/1562/860
f 838/1415/778 832/1414/776 836/1563/856 842/1564/861
f 842/1564/861 836/1563/856 835/1565/857 841/1566/862
f 841/1567/862 835/1568/857 834/1560/858 840/1569/863
f 840/1569/863 834/1560/858 833/1561/859 839/1570/864
f 839/1570/864 833/1561/859 831/1562/860 837/1571/865
f 844/1418/780 838/1417/778 842/1572/861 848/1573/866
f 848/1573/866 842/1572/861 841/1574/862 847/1575/867
f 847/1576/867 841/1577/862 840/1569/863 846/1578/868
f 846/1578/868 840/1569/863 839/1570/864 845/1579/869
f 845/1579/869 839/1570/864 837/1571/865 843/1580/870
f 850/1420/782 844/1418/780 848/1581/866 854/1582/871
f 854/1582/871 848/1581/866 847/1583/867 853/1584/872
f 853/1585/872 847/1586/867 846/1578/868 852/1587/873
f 852/1587/873 846/1578/868 845/1579/869 851/1588/874
f 851/1588/874 845/1579/869 843/1580/870 849/1589/875
f 856/1422/784 850/1420/782 854/1590/871 860/1591/876
f 860/1591/876 854/1590/871 853/1592/872 859/1593/877
f 859/1594/877 853/1595/872 852/1587/873 858/1596/878
f 858/1596/878 852/1587/873 851/1588/874 857/1597/879
f 857/1597/879 851/1588/874 849/1589/875 855/1598/880
f 862/1424/786 856/1422/784 860/1599/876 866/1600/881
f 866/1600/881 860/1599/876 859/1601/877 865/1602/882
f 865/1603/882 859/1604/877 858/1596/878 864/1605/883
f 864/1605/883 858/1596/878 857/1597/879 863/1606/884
f 863/1606/884 857/1597/879 855/1598/880 861/1607/885
f 868/1427/788 862/1426/786 866/1608/881 872/1609/886
f 872/1609/886 866/1608/881 865/1610/882 871/1611/887
f 871/1612/887 865/1613/882 864/1605/883 870/1614/888
f 870/1614/888 864/1605/883 863/1606/884 869/1615/889
f 869/1615/889 863/1606/884 861/1607/885 867/1616/890
f 874/1430/790 868/1429/788 872/1617/886 878/1618/891
f 878/1618/891 872/1617/886 871/1619/887 877/1620/892
f 877/1621/892 871/1622/887 870/1614/888 876/1623/893
f 876/1623/893 870/1614/888 869/1615/889 875/1624/894
f 875/1624/894 869/1615/889 867/1616/890 873/1625/895
f 880/1432/792 874/1430/790 878/1626/891 884/1627/896
f 884/1627/896 878/1626/891 877/1628/892 883/1629/897
f 883/1630/897 877/1631/892 876/1623/893 882/1632/898
f 882/1632/898 876/1623/893 875/1624/894 881/1633/899
f 881/1633/899 875/1624/894 873/1625/895 879/1634/900
f 886/1435/794 880/1434/792 884/1635/896 890/1636/901
f 890/1636/901 884/1635/896 883/1637/897 889/1638/902
f 889/1639/902 883/1640/897 882/1632/898 888/1641/903
f 888/1641/903 882/1632/898 881/1633/899 887/1642/904
f 887/1642/904 881/1633/899 879/1634/900 885/1643/905
f 892/1438/796 886/1437/794 890/1644/901 896/1645/906
f 896/1645/906 890/1644/901 889/1646/902 895/1647/907
f 895/1648/907 889/1649/902 888/1641/903 894/1650/908
f 894/1650/908 888/1641/903 887/1642/904 893/1651/909
f 893/1651/909 887/1642/904 885/1643/905 891/1652/910
f 898/1440/798 892/1438/796 896/1653/906 902/1654/911
f 902/1654/911 896/1653/906 895/1655/907 901/1656/912
f 901/1657/912 895/1658/907 894/1650/908 900/1659/913
f 900/1659/913 894/1650/908 893/1651/909 899/1660/914
f 899/1660/914 893/1651/909 891/1652/910 897/1661/915
f 904/1442/800 898/1440/798 902/1662/911 908/1663/916
f 908/1663/916 902/1662/911 901/1664/912 907/1665/917
f 907/1666/917 901/1667/912 900/1659/913 906/1668/918
f 906/1668/918 900/1659/913 899/1660/914 905/1669/919
f 905/1669/919 899/1660/914 897/1661/915 903/1670/920
f 910/1444/802 904/1442/800 908/1671/916 914/1672/921
f 914/1672/921 908/1671/916 907/1673/917 913/1674/922
f 913/1675/922 907/1676/917 906/1668/918 912/1677/923
f 912/1677/923 906/1668/918 905/1669/919 911/1678/924
f 911/1678/924 905/1669/919 903/1670/920 909/1679/925
f 916/1447/804 910/1446/802 914/1680/921 920/1681/926
f 920/1681/926 914/1680/921 913/1682/922 919/1683/927
f 919/1684/927 913/1685/922 912/1677/923 918/1686/928
f 918/1686/928 912/1677/923 911/1678/924 917/1687/929
f 917/1687/929 911/1678/924 909/1679/925 915/1688/930
f 922/1450/806 916/1449/804 920/1689/926 926/1690/931
f 926/1690/931 920/1689/926 919/1691/927 925/1692/932
f 925/1693/932 919/1694/927 918/1686/928 924/1695/933
f 924/1695/933 918/1686/928 917/1687/929 923/1696/934
f 923/1696/934 917/1687/929 915/1688/930 921/1697/935
f 928/1452/808 922/1450/806 926/1698/931 932/1699/936
f 932/1699/936 926/1698/931 925/1700/932 931/1701/937
f 931/1702/937 925/1703/932 924/1695/933 930/1704/938
f 930/1704/938 924/1695/933 923/1696/934 929/1705/939
f 929/1705/939 923/1696/934 921/1697/935 927/1706/940
f 934/1455/810 928/1454/808 932/1707/936 938/1708/941
f 938/1708/941 932/1707/936 931/1709/937 937/1710/942
f 937/1711/942 931/1712/937 930/1704/938 936/1713/943
f 936/1713/943 930/1704/938 929/1705/939 935/1714/944
f 935/1714/944 929/1705/939 927/1706/940 933/1715/945
f 940/1458/812 934/1457/810 938/1716/941 944/1717/946
f 944/1717/946 938/1716/941 937/1718/942 943/1719/947
f 943/1720/947 937/1721/942 936/1713/943 942/1722/948
f 942/1722/948 936/1713/943 935/1714/944 941/1723/949
f 941/1723/949 935/1714/944 933/1715/945 939/1724/950
f 946/1460/814 940/1458/812 944/1725/946 950/1726/951
f 950/1726/951 944/1725/946 943/1727/947 949/1728/952
f 949/1729/952 943/1730/947 942/1722/948 948/1731/953
f 948/1731/953 942/1722/948 941/1723/949 947/1732/954
f 947/1732/954 941/1723/949 939/1724/950 945/1733/955
f 952/1462/816 946/1460/814 950/1734/951 956/1735/956
f 956/1735/956 950/1734/951 949/1736/952 955/1737/957
f 955/1738/957 949/1739/952 948/1731/953 954/1740/958
f 954/1740/958 948/1731/953 947/1732/954 953/1741/959
f 953/1741/959 947/1732/954 945/1733/955 951/1742/960
f 958/1464/818 952/1462/816 956/1743/956 962/1744/961
f 962/1744/961 956/1743/956 955/1745/957 961/1746/962
f 961/1747/962 955/1748/957 954/1740/958 960/1749/963
f 960/1749/963 954/1740/958 953/1741/959 959/1750/964
f 959/1750/964 953/1741/959 951/1742/960 957/1751/965
f 964/1467/820 958/1466/818 962/1752/961 968/1753/966
f 968/1753/966 962/1752/961 961/1754/962 967/1755/967
f 967/1756/967 961/1757/962 960/1749/963 966/1758/968
f 966/1758/968 960/1749/963 959/1750/964 965/1759/969
f 965/1759/969 959/1750/964 957/1751/965 963/1760/970
f 970/1470/822 964/1469/820 968/1761/966 974/1762/971
f 974/1762/971 968/1761/966 967/1763/967 973/1764/972
f 973/1765/972 967/1766/967 966/1758/968 972/1767/973
f 972/1767/973 966/1758/968 965/1759/969 971/1768/974
f 971/1768/974 965/1759/969 963/1760/970 969/1769/975
f 976/1472/824 970/1470/822 974/1770/971 980/1771/976
f 980/1771/976 974/1770/971 973/1772/972 979/1773/977
f 979/1774/977 973/1775/972 972/1767/973 978/1776/978
f 978/1776/978 972/1767/973 971/1768/974 977/1777/979
f 977/1777/979 971/1768/974 969/1769/975 975/1778/980
f 982/1475/826 976/1474/824 980/1779/976 986/1780/981
f 986/1780/981 980/1779/976 979/1781/977 985/1782/982
f 985/1783/982 979/1784/977 978/1776/978 984/1785/983
f 984/1785/983 978/1776/978 977/1777/979 983/1786/984
f 983/1786/984 977/1777/979 975/1778/980 981/1787/985
f 988/1402/767 982/1477/826 986/1788/981 992/1789/986
f 992/1789/986 986/1788/981 985/1790/982 991/1791/987
f 991/1792/987 985/1793/982 984/1785/983 990/1794/988
f 990/1794/988 984/1785/983 983/1786/984 989/1795/989
f 989/1795/989 983/1786/984 981/1787/985 987/1796/990
f 802/1403/768 988/1402/767 992/1797/986 806/1798/831
f 806/1798/831 992/1797/986 991/1799/987 805/1800/833
f 805/1801/833 991/1802/987 990/1794/988 804/1521/835
f 804/1521/835 990/1794/988 989/1795/989 803/1523/837
f 803/1523/837 989/1795/989 987/1796/990 801/1525/839
f 807/1526/840 801/1525/839 987/1796/990 981/1787/985 975/1778/980 969/1769/975 963/1760/970 957/1751/965 951/1742/960 945/1733/955 939/1724/950 933/1715/945 927/1706/940 921/1697/935 915/1688/930 909/1679/925 903/1670/920 897/1661/915 891/1652/910 885/1643/905 879/1634/900 873/1625/895 867/1616/890 861/1607/885 855/1598/880 849/1589/875 843/1580/870 837/1571/865 831/1562/860 825/1553/855 819/1544/850 813/1535/845
o Cube15
v 0.041841 1.182872 -0.343825
v 0.041841 1.686347 -0.343825
v 0.041841 1.182872 -0.366734
v 0.041841 1.686347 -0.366734
v 0.039708 1.182872 -0.343825
v 0.034876 1.187703 -0.348657
v 0.037859 1.183239 -0.344193
v 0.036291 1.184287 -0.345240
v 0.035244 1.185854 -0.346808
v 0.039708 1.686347 -0.343825
v 0.034876 1.681516 -0.348657
v 0.037859 1.685979 -0.344193
v 0.036291 1.684932 -0.345240
v 0.035244 1.683365 -0.346808
v 0.034876 1.187703 -0.361902
v 0.039708 1.182872 -0.366734
v 0.035244 1.185854 -0.363751
v 0.036291 1.184287 -0.365319
v 0.037859 1.183239 -0.366366
v 0.039708 1.686347 -0.366734
v 0.034876 1.681516 -0.361902
v 0.037859 1.685979 -0.366366
v 0.036291 1.684932 -0.365319
v 0.035244 1.683365 -0.363751
vn -0.0000 -0.0000 1.0000
vn 1.0000 -0.0000 -0.0000
vn -0.0000 1.0000 -0.0000
vn -1.0000 -0.0000 -0.0000
vn -0.0000 -0.0000 -1.0000
vn -0.1951 -0.9808 -0.0000
vn -0.5556 -0.8315 -0.0000
vn -0.8315 -0.5556 -0.0000
vn -0.9808 -0.1951 -0.0000
vn -0.1951 -0.0000 0.9808
vn -0.5556 -0.0000 0.8315
vn -0.8315 -0.0000 0.5556
vn -0.9808 -0.0000 0.1951
vn -0.1951 0.9808 -0.0000
vn -0.5556 0.8315 -0.0000
vn -0.8315 0.5556 -0.0000
vn -0.9808 0.1951 -0.0000
vn -0.1951 -0.0000 -0.9808
vn -0.5556 -0.0000 -0.8315
vn -0.8315 -0.0000 -0.5556
vn -0.9808 -0.0000 -0.1951
vn -0.0000 -1.0000 -0.0000
vt 0.375000 0.750000
vt 0.625000 0.750000
vt 0.625000 0.881535
vt 0.375000 0.881535
vt 0.375000 0.500000
vt 0.625000 0.500000
vt 0.756535 0.500000
vt 0.756535 0.750000
vt 0.377399 0.052726
vt 0.622601 0.052726
vt 0.622601 0.197274
vt 0.377399 0.197274
vt 0.375000 0.368465
vt 0.625000 0.368465
vt 0.243465 0.500000
vt 0.243465 0.750000
vt 0.198131 0.745986
vt 0.198131 0.504014
vt 0.125000 0.734557
vt 0.125000 0.515443
vt 0.375000 0.234557
vt 0.375000 0.015443
vt 0.376481 0.032549
vt 0.376481 0.217451
vt 0.624817 0.926870
vt 0.375183 0.926870
vt 0.624297 1.000000
vt 0.375703 1.000000
vt 0.375703 0.000000
vt 0.624297 0.000000
vt 0.623519 0.032549
vt 0.801870 0.504014
vt 0.801870 0.745986
vt 0.875000 0.515443
vt 0.875000 0.734557
vt 0.625000 0.015443
vt 0.625000 0.234557
vt 0.623519 0.217451
vt 0.375183 0.323130
vt 0.624817 0.323130
vt 0.375703 0.250000
vt 0.624297 0.250000
s 0
usemtl TV_Stand
f 993/1803/991 994/1804/991 1002/1805/991 997/1806/991
f 995/1807/992 996/1808/992 994/1804/992 993/1803/992
f 996/1808/993 1012/1809/993 1002/1810/993 994/1804/993
f 998/1811/994 1003/1812/994 1013/1813/994 1007/1814/994
f 1008/1815/995 1012/1816/995 996/1808/995 995/1807/995
f 1008/1817/996 997/1818/996 999/1819/996 1011/1820/996
f 1011/1820/997 999/1819/997 1000/1821/997 1010/1822/997
f 1010/1823/998 1000/1824/998 1001/1825/998 1009/1826/998
f 1009/1826/999 1001/1825/999 998/1811/999 1007/1814/999
f 997/1806/1000 1002/1805/1000 1004/1827/1000 999/1828/1000
f 999/1828/1001 1004/1827/1001 1005/1829/1001 1000/1830/1001
f 1000/1831/1002 1005/1832/1002 1006/1833/1002 1001/1825/1002
f 1001/1825/1003 1006/1833/1003 1003/1812/1003 998/1811/1003
f 1002/1810/1004 1012/1809/1004 1014/1834/1004 1004/1835/1004
f 1004/1835/1005 1014/1834/1005 1015/1836/1005 1005/1837/1005
f 1005/1838/1006 1015/1839/1006 1016/1840/1006 1006/1833/1006
f 1006/1833/1007 1016/1840/1007 1013/1813/1007 1003/1812/1007
f 1012/1816/1008 1008/1815/1008 1011/1841/1008 1014/1842/1008
f 1014/1842/1009 1011/1841/1009 1010/1843/1009 1015/1844/1009
f 1015/1844/1010 1010/1843/1010 1009/1826/1010 1016/1840/1010
f 1016/1840/1011 1009/1826/1011 1007/1814/1011 1013/1813/1011
f 1008/1817/1012 995/1807/1012 993/1803/1012 997/1818/1012
o Cube.16
v 0.041841 1.182872 0.356739
v 0.041841 1.686347 0.356739
v 0.041841 1.182872 0.333830
v 0.041841 1.686347 0.333830
v 0.039708 1.182872 0.356739
v 0.034876 1.187703 0.351907
v 0.037859 1.183239 0.356371
v 0.036291 1.184287 0.355323
v 0.035244 1.185854 0.353756
v 0.039708 1.686347 0.356739
v 0.034876 1.681516 0.351907
v 0.037859 1.685979 0.356371
v 0.036291 1.684932 0.355323
v 0.035244 1.683365 0.353756
v 0.034876 1.187703 0.338662
v 0.039708 1.182872 0.333830
v 0.035244 1.185854 0.336813
v 0.036291 1.184287 0.335245
v 0.037859 1.183239 0.334198
v 0.039708 1.686347 0.333830
v 0.034876 1.681516 0.338662
v 0.037859 1.685979 0.334198
v 0.036291 1.684932 0.335245
v 0.035244 1.683365 0.336813
vn -0.0000 -0.0000 1.0000
vn 1.0000 -0.0000 -0.0000
vn -0.0000 1.0000 -0.0000
vn -1.0000 -0.0000 -0.0000
vn -0.0000 -0.0000 -1.0000
vn -0.1951 -0.9808 -0.0000
vn -0.5556 -0.8315 -0.0000
vn -0.8315 -0.5556 -0.0000
vn -0.9808 -0.1951 -0.0000
vn -0.1951 -0.0000 0.9808
vn -0.5556 -0.0000 0.8315
vn -0.8315 -0.0000 0.5556
vn -0.9808 -0.0000 0.1951
vn -0.1951 0.9808 -0.0000
vn -0.5556 0.8315 -0.0000
vn -0.8315 0.5556 -0.0000
vn -0.9808 0.1951 -0.0000
vn -0.1951 -0.0000 -0.9808
vn -0.5556 -0.0000 -0.8315
vn -0.8315 -0.0000 -0.5556
vn -0.9808 -0.0000 -0.1951
vn -0.0000 -1.0000 -0.0000
vt 0.375000 0.750000
vt 0.625000 0.750000
vt 0.625000 0.881535
vt 0.375000 0.881535
vt 0.375000 0.500000
vt 0.625000 0.500000
vt 0.756535 0.500000
vt 0.756535 0.750000
vt 0.377399 0.052726
vt 0.622601 0.052726
vt 0.622601 0.197274
vt 0.377399 0.197274
vt 0.375000 0.368465
vt 0.625000 0.368465
vt 0.243465 0.500000
vt 0.243465 0.750000
vt 0.198131 0.745986
vt 0.198131 0.504014
vt 0.125000 0.734557
vt 0.125000 0.515443
vt 0.375000 0.234557
vt 0.375000 0.015443
vt 0.376481 0.032549
vt 0.376481 0.217451
vt 0.624817 0.926870
vt 0.375183 0.926870
vt 0.624297 1.000000
vt 0.375703 1.000000
vt 0.375703 0.000000
vt 0.624297 0.000000
vt 0.623519 0.032549
vt 0.801870 0.504014
vt 0.801870 0.745986
vt 0.875000 0.515443
vt 0.875000 0.734557
vt 0.625000 0.015443
vt 0.625000 0.234557
vt 0.623519 0.217451
vt 0.375183 0.323130
vt 0.624817 0.323130
vt 0.375703 0.250000
vt 0.624297 0.250000
s 0
usemtl TV_Stand
f 1017/1845/1013 1018/1846/1013 1026/1847/1013 1021/1848/1013
f 1019/1849/1014 1020/1850/1014 1018/1846/1014 1017/1845/1014
f 1020/1850/1015 1036/1851/1015 1026/1852/1015 1018/1846/1015
f 1022/1853/1016 1027/1854/1016 1037/1855/1016 1031/1856/1016
f 1032/1857/1017 1036/1858/1017 1020/1850/1017 1019/1849/1017
f 1032/1859/1018 1021/1860/1018 1023/1861/1018 1035/1862/1018
f 1035/1862/1019 1023/1861/1019 1024/1863/1019 1034/1864/1019
f 1034/1865/1020 1024/1866/1020 1025/1867/1020 1033/1868/1020
f 1033/1868/1021 1025/1867/1021 1022/1853/1021 1031/1856/1021
f 1021/1848/1022 1026/1847/1022 1028/1869/1022 1023/1870/1022
f 1023/1870/1023 1028/1869/1023 1029/1871/1023 1024/1872/1023
f 1024/1873/1024 1029/1874/1024 1030/1875/1024 1025/1867/1024
f 1025/1867/1025 1030/1875/1025 1027/1854/1025 1022/1853/1025
f 1026/1852/1026 1036/1851/1026 1038/1876/1026 1028/1877/1026
f 1028/1877/1027 1038/1876/1027 1039/1878/1027 1029/1879/1027
f 1029/1880/1028 1039/1881/1028 1040/1882/1028 1030/1875/1028
f 1030/1875/1029 1040/1882/1029 1037/1855/1029 1027/1854/1029
f 1036/1858/1030 1032/1857/1030 1035/1883/1030 1038/1884/1030
f 1038/1884/1031 1035/1883/1031 1034/1885/1031 1039/1886/1031
f 1039/1886/1032 1034/1885/1032 1033/1868/1032 1040/1882/1032
f 1040/1882/1033 1033/1868/1033 1031/1856/1033 1037/1855/1033
f 1032/1859/1034 1019/1849/1034 1017/1845/1034 1021/1860/1034
o Cube17
v 0.030356 0.025188 -0.563576
v 0.039195 0.034027 -0.563576
v 0.030356 0.034027 -0.572414
v 0.034770 0.026369 -0.563576
v 0.030356 0.026369 -0.567989
v 0.034583 0.027516 -0.567802
v 0.038014 0.034027 -0.567989
v 0.038014 0.029613 -0.563576
v 0.036867 0.029800 -0.567802
v 0.030356 0.029613 -0.571233
v 0.034770 0.034027 -0.571233
v 0.034583 0.029800 -0.570086
v 0.039195 0.077656 -0.563576
v 0.030356 0.086494 -0.563576
v 0.030356 0.077656 -0.572414
v 0.038014 0.082069 -0.563576
v 0.038014 0.077656 -0.567989
v 0.036867 0.081882 -0.567802
v 0.030356 0.085313 -0.567989
v 0.034770 0.085313 -0.563576
v 0.034583 0.084166 -0.567802
v 0.034770 0.077656 -0.571233
v 0.030356 0.082069 -0.571233
v 0.034583 0.081882 -0.570086
v -0.030394 0.025188 -0.563576
v -0.030394 0.034027 -0.572414
v -0.039232 0.034027 -0.563576
v -0.030394 0.026369 -0.567989
v -0.034807 0.026369 -0.563576
v -0.034620 0.027516 -0.567802
v -0.034807 0.034027 -0.571233
v -0.030394 0.029613 -0.571233
v -0.034620 0.029800 -0.570086
v -0.038051 0.029613 -0.563576
v -0.038051 0.034027 -0.567989
v -0.036904 0.029800 -0.567802
v -0.030394 0.086494 -0.563576
v -0.039232 0.077656 -0.563576
v -0.030394 0.077656 -0.572414
v -0.034807 0.085313 -0.563576
v -0.030394 0.085313 -0.567989
v -0.034620 0.084166 -0.567802
v -0.038051 0.077656 -0.567989
v -0.038051 0.082069 -0.563576
v -0.036904 0.081882 -0.567802
v -0.030394 0.082069 -0.571233
v -0.034807 0.077656 -0.571233
v -0.034620 0.081882 -0.570086
v 0.030356 0.025188 0.575199
v 0.030356 0.034027 0.584038
v 0.039195 0.034027 0.575199
v 0.030356 0.026369 0.579613
v 0.034770 0.026369 0.575199
v 0.034583 0.027516 0.579426
v 0.034770 0.034027 0.582857
v 0.030356 0.029613 0.582857
v 0.034583 0.029800 0.581710
v 0.038014 0.029613 0.575199
v 0.038014 0.034027 0.579613
v 0.036867 0.029800 0.579426
v 0.030356 0.086494 0.575199
v 0.039195 0.077656 0.575199
v 0.030356 0.077656 0.584038
v 0.034770 0.085313 0.575199
v 0.030356 0.085313 0.579613
v 0.034583 0.084166 0.579426
v 0.038014 0.077656 0.579613
v 0.038014 0.082069 0.575199
v 0.036867 0.081882 0.579426
v 0.030356 0.082069 0.582857
v 0.034770 0.077656 0.582857
v 0.034583 0.081882 0.581710
v -0.030394 0.025188 0.575199
v -0.039232 0.034027 0.575199
v -0.030394 0.034027 0.584038
v -0.034807 0.026369 0.575199
v -0.030394 0.026369 0.579613
v -0.034620 0.027516 0.579426
v -0.038051 0.034027 0.579613
v -0.038051 0.029613 0.575199
v -0.036904 0.029800 0.579426
v -0.030394 0.029613 0.582857
v -0.034807 0.034027 0.582857
v -0.034620 0.029800 0.581710
v -0.030394 0.086494 0.575199
v -0.030394 0.077656 0.584038
v -0.039232 0.077656 0.575199
v -0.030394 0.085313 0.579613
v -0.034807 0.085313 0.575199
v -0.034620 0.084166 0.579426
v -0.034807 0.077656 0.582857
v -0.030394 0.082069 0.582857
v -0.034620 0.081882 0.581710
v -0.038051 0.082069 0.575199
v -0.038051 0.077656 0.579613
v -0.036904 0.081882 0.579426
vn -0.9831 0.1296 -0.1296
vn -0.9831 -0.1296 -0.1296
vn -0.9831 -0.1296 0.1296
vn -0.9831 0.1296 0.1296
vn 0.1296 0.1296 -0.9831
vn 0.1296 -0.1296 -0.9831
vn -0.1296 -0.1296 -0.9831
vn -0.1296 0.1296 -0.9831
vn 0.1296 -0.9831 -0.1296
vn 0.1296 -0.9831 0.1296
vn -0.1296 -0.9831 0.1296
vn -0.1296 -0.9831 -0.1296
vn -0.1296 0.1296 0.9831
vn -0.1296 -0.1296 0.9831
vn 0.1296 -0.1296 0.9831
vn 0.1296 0.1296 0.9831
vn 0.9831 0.1296 0.1296
vn 0.9831 -0.1296 0.1296
vn 0.9831 -0.1296 -0.1296
vn 0.9831 0.1296 -0.1296
vn -0.1296 0.9831 0.1296
vn -0.4915 0.8623 0.1216
vn -0.4473 0.7744 0.4473
vn -0.1216 0.8623 0.4915
vn -0.8623 0.4915 0.1216
vn -0.7744 0.4474 0.4473
vn -0.8623 0.1216 0.4915
vn -0.4915 0.1216 0.8623
vn -0.4473 0.4474 0.7744
vn -0.1216 0.4915 0.8623
vn -0.8623 -0.4915 0.1216
vn -0.7744 -0.4474 0.4473
vn -0.8623 -0.1216 0.4915
vn -0.4915 -0.8623 0.1216
vn -0.4473 -0.7744 0.4473
vn -0.1216 -0.8623 0.4915
vn -0.1216 -0.4915 0.8623
vn -0.4474 -0.4474 0.7744
vn -0.4915 -0.1216 0.8623
vn 0.1296 0.9831 0.1296
vn 0.1216 0.8623 0.4915
vn 0.4473 0.7744 0.4473
vn 0.4915 0.8623 0.1216
vn 0.1216 0.4915 0.8623
vn 0.4474 0.4474 0.7744
vn 0.4915 0.1216 0.8623
vn 0.8623 0.1216 0.4915
vn 0.7744 0.4474 0.4473
vn 0.8623 0.4915 0.1216
vn 0.4915 -0.8623 0.1216
vn 0.4473 -0.7744 0.4473
vn 0.1216 -0.8623 0.4915
vn 0.8623 -0.4915 0.1216
vn 0.7744 -0.4474 0.4473
vn 0.8623 -0.1216 0.4915
vn 0.4915 -0.1216 0.8623
vn 0.4473 -0.4474 0.7744
vn 0.1216 -0.4915 0.8623
vn -0.1296 0.9831 -0.1296
vn -0.1216 0.8623 -0.4915
vn -0.4473 0.7744 -0.4473
vn -0.4915 0.8623 -0.1216
vn -0.1216 0.4915 -0.8623
vn -0.4474 0.4474 -0.7744
vn -0.4915 0.1216 -0.8623
vn -0.8623 0.1216 -0.4915
vn -0.7744 0.4474 -0.4473
vn -0.8623 0.4915 -0.1216
vn -0.4915 -0.8623 -0.1216
vn -0.4473 -0.7744 -0.4473
vn -0.1216 -0.8623 -0.4915
vn -0.8623 -0.4915 -0.1216
vn -0.7744 -0.4474 -0.4473
vn -0.8623 -0.1216 -0.4915
vn -0.4915 -0.1216 -0.8623
vn -0.4474 -0.4474 -0.7744
vn -0.1216 -0.4915 -0.8623
vn 0.1296 0.9831 -0.1296
vn 0.4915 0.8623 -0.1216
vn 0.4473 0.7744 -0.4473
vn 0.1216 0.8623 -0.4915
vn 0.8623 0.4915 -0.1216
vn 0.7744 0.4474 -0.4473
vn 0.8623 0.1216 -0.4915
vn 0.4915 0.1216 -0.8623
vn 0.4474 0.4474 -0.7744
vn 0.1216 0.4915 -0.8623
vn 0.1216 -0.8623 -0.4915
vn 0.4473 -0.7744 -0.4473
vn 0.4915 -0.8623 -0.1216
vn 0.1216 -0.4915 -0.8623
vn 0.4474 -0.4474 -0.7744
vn 0.4915 -0.1216 -0.8623
vn 0.8623 -0.1216 -0.4915
vn 0.7744 -0.4474 -0.4473
vn 0.8623 -0.4915 -0.1216
vt 0.411042 0.752273
vt 0.588958 0.752273
vt 0.588957 0.997727
vt 0.411042 0.997727
vt 0.411043 0.528174
vt 0.588957 0.528174
vt 0.588957 0.721826
vt 0.411043 0.721826
vt 0.627273 0.528174
vt 0.872727 0.528174
vt 0.872727 0.721826
vt 0.627273 0.721826
vt 0.411043 0.028174
vt 0.588957 0.028174
vt 0.588957 0.221826
vt 0.411043 0.221826
vt 0.411042 0.252273
vt 0.588958 0.252273
vt 0.588957 0.497727
vt 0.411042 0.497727
vt 0.127273 0.721826
vt 0.127273 0.735894
vt 0.126186 0.735299
vt 0.126138 0.721826
vt 0.127273 0.750000
vt 0.126186 0.750000
vt 0.411042 0.998862
vt 0.375000 0.998814
vt 0.375000 0.997727
vt 0.411042 1.000000
vt 0.375000 1.000000
vt 0.375000 0.028174
vt 0.375000 0.014701
vt 0.411042 0.000000
vt 0.125000 0.721826
vt 0.125000 0.735299
vt 0.606955 0.997727
vt 0.606193 0.998814
vt 0.588958 0.998862
vt 0.625000 0.997727
vt 0.625000 0.998814
vt 0.875000 0.721826
vt 0.873814 0.750000
vt 0.872727 0.750000
vt 0.625000 0.028174
vt 0.606955 0.028174
vt 0.606193 0.000000
vt 0.625000 0.000000
vt 0.588958 0.000000
vt 0.588958 1.000000
vt 0.606193 1.000000
vt 0.127273 0.528174
vt 0.126138 0.528174
vt 0.126186 0.514701
vt 0.127273 0.514106
vt 0.125000 0.528174
vt 0.125000 0.514701
vt 0.411042 0.235894
vt 0.375000 0.235299
vt 0.375000 0.221826
vt 0.411042 0.251138
vt 0.375000 0.251186
vt 0.375000 0.252273
vt 0.127273 0.500000
vt 0.126186 0.500000
vt 0.872727 0.500000
vt 0.873814 0.500000
vt 0.875000 0.528174
vt 0.625000 0.252273
vt 0.606955 0.252273
vt 0.606193 0.251186
vt 0.625000 0.251186
vt 0.588958 0.251138
vt 0.588958 0.235894
vt 0.606193 0.235299
vt 0.606955 0.221826
vt 0.625000 0.221826
vt 0.625000 0.250000
vt 0.606193 0.250599
vt 0.372727 0.721826
vt 0.373862 0.721826
vt 0.373814 0.735299
vt 0.372727 0.735894
vt 0.393045 0.721826
vt 0.393807 0.735299
vt 0.411042 0.735894
vt 0.411042 0.751138
vt 0.375000 0.751186
vt 0.375000 0.752273
vt 0.372727 0.750000
vt 0.373814 0.750000
vt 0.374401 0.735299
vt 0.627273 0.750000
vt 0.626186 0.735299
vt 0.626138 0.721826
vt 0.625000 0.752273
vt 0.606955 0.752273
vt 0.606193 0.751186
vt 0.615508 0.751186
vt 0.588958 0.751138
vt 0.588958 0.735894
vt 0.606193 0.735299
vt 0.606955 0.721826
vt 0.615508 0.735299
vt 0.606193 0.742580
vt 0.372727 0.528174
vt 0.372727 0.514106
vt 0.373814 0.514701
vt 0.373862 0.528174
vt 0.372727 0.500000
vt 0.373814 0.500000
vt 0.411042 0.498862
vt 0.375000 0.498814
vt 0.375000 0.497727
vt 0.411042 0.514106
vt 0.393807 0.514701
vt 0.393045 0.528174
vt 0.374401 0.514701
vt 0.626138 0.528174
vt 0.626186 0.514701
vt 0.627273 0.500000
vt 0.606955 0.528174
vt 0.606193 0.514701
vt 0.588958 0.514106
vt 0.588958 0.498862
vt 0.606193 0.498814
vt 0.606955 0.497727
vt 0.625000 0.497727
vt 0.615508 0.498814
vt 0.615508 0.514701
vt 0.606193 0.507420
s 1
usemtl TV_Stand
f 1091/1887/1035 1102/1888/1036 1053/1889/1037 1042/1890/1038
f 1115/1891/1039 1126/1892/1040 1103/1893/1041 1090/1894/1042
f 1125/1895/1043 1077/1896/1044 1054/1897/1045 1101/1898/1046
f 1043/1899/1047 1055/1900/1048 1079/1901/1049 1066/1902/1050
f 1067/1903/1051 1078/1904/1052 1127/1905/1053 1114/1906/1054
f 1041/1907/1055 1044/1908/1056 1046/1909/1057 1045/1910/1058
f 1044/1908/1056 1048/1911/1059 1049/1912/1060 1046/1909/1057
f 1042/1890/1038 1047/1913/1061 1049/1914/1060 1048/1915/1059
f 1047/1913/1061 1051/1916/1062 1052/1917/1063 1049/1914/1060
f 1043/1899/1047 1050/1918/1064 1052/1919/1063 1051/1920/1062
f 1050/1921/1064 1045/1910/1058 1046/1909/1057 1052/1922/1063
f 1046/1909/1057 1049/1912/1060 1052/1922/1063
f 1053/1889/1037 1056/1923/1065 1058/1924/1066 1057/1925/1067
f 1056/1923/1065 1060/1926/1068 1061/1927/1069 1058/1924/1066
f 1054/1897/1045 1059/1928/1070 1061/1929/1069 1060/1930/1068
f 1059/1931/1070 1063/1932/1071 1064/1933/1072 1061/1934/1069
f 1055/1900/1048 1062/1935/1073 1064/1933/1072 1063/1932/1071
f 1062/1936/1073 1057/1925/1067 1058/1924/1066 1064/1937/1072
f 1058/1924/1066 1061/1927/1069 1064/1937/1072
f 1065/1938/1074 1068/1939/1075 1070/1940/1076 1069/1941/1077
f 1068/1939/1075 1072/1942/1078 1073/1943/1079 1070/1940/1076
f 1066/1902/1050 1071/1944/1080 1073/1945/1079 1072/1946/1078
f 1071/1944/1080 1075/1947/1081 1076/1948/1082 1073/1945/1079
f 1067/1903/1051 1074/1949/1083 1076/1948/1082 1075/1947/1081
f 1074/1950/1083 1069/1941/1077 1070/1940/1076 1076/1951/1082
f 1070/1940/1076 1073/1943/1079 1076/1951/1082
f 1077/1896/1044 1080/1952/1084 1082/1953/1085 1081/1954/1086
f 1080/1955/1084 1084/1956/1087 1085/1957/1088 1082/1958/1085
f 1078/1904/1052 1083/1959/1089 1085/1957/1088 1084/1956/1087
f 1083/1959/1089 1087/1960/1090 1088/1961/1091 1085/1957/1088
f 1079/1901/1049 1086/1962/1092 1088/1961/1091 1087/1960/1090
f 1086/1962/1092 1081/1963/1086 1082/1964/1085 1088/1961/1091
f 1082/1958/1085 1085/1957/1088 1088/1965/1091
f 1089/1966/1093 1092/1967/1094 1094/1968/1095 1093/1969/1096
f 1092/1967/1094 1096/1970/1097 1097/1971/1098 1094/1968/1095
f 1090/1894/1042 1095/1972/1099 1097/1971/1098 1096/1970/1097
f 1095/1972/1099 1099/1973/1100 1100/1974/1101 1097/1971/1098
f 1091/1887/1035 1098/1975/1102 1100/1974/1101 1099/1973/1100
f 1098/1976/1102 1093/1969/1096 1094/1968/1095 1100/1977/1101
f 1094/1968/1095 1097/1978/1098 1100/1977/1101
f 1101/1898/1046 1104/1979/1103 1106/1980/1104 1105/1981/1105
f 1104/1982/1103 1108/1983/1106 1109/1984/1107 1106/1985/1104
f 1102/1888/1036 1107/1986/1108 1109/1984/1107 1108/1983/1106
f 1107/1986/1108 1111/1987/1109 1112/1988/1110 1109/1984/1107
f 1103/1893/1041 1110/1989/1111 1112/1988/1110 1111/1987/1109
f 1110/1989/1111 1105/1981/1105 1106/1980/1104 1112/1988/1110
f 1106/1990/1104 1109/1991/1107 1112/1988/1110
f 1113/1992/1112 1116/1993/1113 1118/1994/1114 1117/1995/1115
f 1116/1993/1113 1120/1996/1116 1121/1997/1117 1118/1994/1114
f 1114/1906/1054 1119/1998/1118 1121/1999/1117 1120/2000/1116
f 1119/1998/1118 1123/2001/1119 1124/2002/1120 1121/1999/1117
f 1115/1891/1039 1122/2003/1121 1124/2002/1120 1123/2001/1119
f 1122/2003/1121 1117/1995/1115 1118/1994/1114 1124/2002/1120
f 1118/1994/1114 1121/1997/1117 1124/2004/1120
f 1125/1895/1043 1128/2005/1122 1130/2006/1123 1129/2007/1124
f 1128/2005/1122 1132/2008/1125 1133/2009/1126 1130/2006/1123
f 1126/1892/1040 1131/2010/1127 1133/2009/1126 1132/2008/1125
f 1131/2010/1127 1135/2011/1128 1136/2012/1129 1133/2009/1126
f 1127/1905/1053 1134/2013/1130 1136/2012/1129 1135/2011/1128
f 1134/2013/1130 1129/2014/1124 1130/2015/1123 1136/2012/1129
f 1130/2016/1123 1133/2009/1126 1136/2017/1129
f 1065/1938/1074 1041/1907/1055 1045/1910/1058 1068/1939/1075
f 1068/1939/1075 1045/1910/1058 1050/1921/1064 1072/1942/1078
f 1072/1946/1078 1050/1918/1064 1043/1899/1047 1066/1902/1050
f 1042/1890/1038 1053/1889/1037 1057/1925/1067 1047/1913/1061
f 1047/1913/1061 1057/1925/1067 1062/1936/1073 1051/1916/1062
f 1051/1920/1062 1062/1935/1073 1055/1900/1048 1043/1899/1047
f 1054/1897/1045 1077/1896/1044 1081/1954/1086 1059/1928/1070
f 1059/1931/1070 1081/1963/1086 1086/1962/1092 1063/1932/1071
f 1063/1932/1071 1086/1962/1092 1079/1901/1049 1055/1900/1048
f 1078/1904/1052 1067/1903/1051 1075/1947/1081 1083/1959/1089
f 1083/1959/1089 1075/1947/1081 1071/1944/1080 1087/1960/1090
f 1087/1960/1090 1071/1944/1080 1066/1902/1050 1079/1901/1049
f 1113/1992/1112 1065/1938/1074 1069/1941/1077 1116/1993/1113
f 1116/1993/1113 1069/1941/1077 1074/1950/1083 1120/1996/1116
f 1120/2000/1116 1074/1949/1083 1067/1903/1051 1114/1906/1054
f 1077/1896/1044 1125/1895/1043 1129/2007/1124 1080/1952/1084
f 1080/1955/1084 1129/2014/1124 1134/2013/1130 1084/1956/1087
f 1084/1956/1087 1134/2013/1130 1127/1905/1053 1078/1904/1052
f 1126/1892/1040 1115/1891/1039 1123/2001/1119 1131/2010/1127
f 1131/2010/1127 1123/2001/1119 1119/1998/1118 1135/2011/1128
f 1135/2011/1128 1119/1998/1118 1114/1906/1054 1127/1905/1053
f 1089/1966/1093 1113/1992/1112 1117/1995/1115 1092/1967/1094
f 1092/1967/1094 1117/1995/1115 1122/2003/1121 1096/1970/1097
f 1096/1970/1097 1122/2003/1121 1115/1891/1039 1090/1894/1042
f 1125/1895/1043 1101/1898/1046 1105/1981/1105 1128/2005/1122
f 1128/2005/1122 1105/1981/1105 1110/1989/1111 1132/2008/1125
f 1132/2008/1125 1110/1989/1111 1103/1893/1041 1126/1892/1040
f 1102/1888/1036 1091/1887/1035 1099/1973/1100 1107/1986/1108
f 1107/1986/1108 1099/1973/1100 1095/1972/1099 1111/1987/1109
f 1111/1987/1109 1095/1972/1099 1090/1894/1042 1103/1893/1041
f 1041/1907/1055 1089/1966/1093 1093/1969/1096 1044/1908/1056
f 1044/1908/1056 1093/1969/1096 1098/1976/1102 1048/1911/1059
f 1048/1915/1059 1098/1975/1102 1091/1887/1035 1042/1890/1038
f 1101/1898/1046 1054/1897/1045 1060/1930/1068 1104/1979/1103
f 1104/1982/1103 1060/1926/1068 1056/1923/1065 1108/1983/1106
f 1108/1983/1106 1056/1923/1065 1053/1889/1037 1102/1888/1036
f 1065/1938/1074 1113/1992/1112 1089/1966/1093 1041/1907/1055
o Cube18
v 0.354842 0.025188 -0.546070
v 0.354842 0.034027 -0.537231
v 0.363681 0.034027 -0.546070
v 0.354842 0.026369 -0.541656
v 0.359256 0.026369 -0.546070
v 0.359069 0.027516 -0.541843
v 0.359256 0.034027 -0.538412
v 0.354842 0.029613 -0.538412
v 0.359069 0.029800 -0.539559
v 0.362500 0.029613 -0.546070
v 0.362500 0.034027 -0.541656
v 0.361353 0.029800 -0.541843
v 0.354842 0.077656 -0.537231
v 0.354842 0.086494 -0.546070
v 0.363681 0.077656 -0.546070
v 0.354842 0.082069 -0.538412
v 0.359256 0.077656 -0.538412
v 0.359069 0.081882 -0.539559
v 0.359256 0.085313 -0.546070
v 0.354842 0.085313 -0.541656
v 0.359069 0.084166 -0.541843
v 0.362500 0.077656 -0.541656
v 0.362500 0.082069 -0.546070
v 0.361353 0.081882 -0.541843
v 0.354842 0.025188 -0.606820
v 0.363681 0.034027 -0.606820
v 0.354842 0.034027 -0.615658
v 0.359256 0.026369 -0.606820
v 0.354842 0.026369 -0.611233
v 0.359069 0.027516 -0.611046
v 0.362500 0.034027 -0.611233
v 0.362500 0.029613 -0.606820
v 0.361353 0.029800 -0.611046
v 0.354842 0.029613 -0.614477
v 0.359256 0.034027 -0.614477
v 0.359069 0.029800 -0.613330
v 0.354842 0.086494 -0.606820
v 0.354842 0.077656 -0.615658
v 0.363681 0.077656 -0.606820
v 0.354842 0.085313 -0.611233
v 0.359256 0.085313 -0.606820
v 0.359069 0.084166 -0.611046
v 0.359256 0.077656 -0.614477
v 0.354842 0.082069 -0.614477
v 0.359069 0.081882 -0.613330
v 0.362500 0.082069 -0.606820
v 0.362500 0.077656 -0.611233
v 0.361353 0.081882 -0.611046
v -0.360777 0.025188 -0.546070
v -0.369615 0.034027 -0.546070
v -0.360777 0.034027 -0.537231
v -0.365190 0.026369 -0.546070
v -0.360777 0.026369 -0.541656
v -0.365004 0.027516 -0.541843
v -0.368435 0.034027 -0.541656
v -0.368435 0.029613 -0.546070
v -0.367288 0.029800 -0.541843
v -0.360777 0.029613 -0.538412
v -0.365190 0.034027 -0.538412
v -0.365004 0.029800 -0.539559
v -0.360777 0.086494 -0.546070
v -0.360777 0.077656 -0.537231
v -0.369615 0.077656 -0.546070
v -0.360777 0.085313 -0.541656
v -0.365190 0.085313 -0.546070
v -0.365004 0.084166 -0.541843
v -0.365190 0.077656 -0.538412
v -0.360777 0.082069 -0.538412
v -0.365004 0.081882 -0.539559
v -0.368435 0.082069 -0.546070
v -0.368435 0.077656 -0.541656
v -0.367288 0.081882 -0.541843
v -0.360777 0.025188 -0.606820
v -0.360777 0.034027 -0.615658
v -0.369615 0.034027 -0.606820
v -0.360777 0.026369 -0.611233
v -0.365190 0.026369 -0.606820
v -0.365004 0.027516 -0.611046
v -0.365190 0.034027 -0.614477
v -0.360777 0.029613 -0.614477
v -0.365004 0.029800 -0.613330
v -0.368435 0.029613 -0.606820
v -0.368435 0.034027 -0.611233
v -0.367288 0.029800 -0.611046
v -0.360777 0.086494 -0.606820
v -0.369615 0.077656 -0.606820
v -0.360777 0.077656 -0.615658
v -0.365190 0.085313 -0.606820
v -0.360777 0.085313 -0.611233
v -0.365004 0.084166 -0.611046
v -0.368435 0.077656 -0.611233
v -0.368435 0.082069 -0.606820
v -0.367288 0.081882 -0.611046
v -0.360777 0.082069 -0.614477
v -0.365190 0.077656 -0.614477
v -0.365004 0.081882 -0.613330
vn 0.1296 0.1296 -0.9831
vn 0.1296 -0.1296 -0.9831
vn -0.1296 -0.1296 -0.9831
vn -0.1296 0.1296 -0.9831
vn 0.9831 0.1296 0.1296
vn 0.9831 -0.1296 0.1296
vn 0.9831 -0.1296 -0.1296
vn 0.9831 0.1296 -0.1296
vn 0.1296 -0.9831 0.1296
vn -0.1296 -0.9831 0.1296
vn -0.1296 -0.9831 -0.1296
vn 0.1296 -0.9831 -0.1296
vn -0.9831 0.1296 -0.1296
vn -0.9831 -0.1296 -0.1296
vn -0.9831 -0.1296 0.1296
vn -0.9831 0.1296 0.1296
vn -0.1296 0.1296 0.9831
vn -0.1296 -0.1296 0.9831
vn 0.1296 -0.1296 0.9831
vn 0.1296 0.1296 0.9831
vn -0.1296 0.9831 -0.1296
vn -0.1216 0.8623 -0.4915
vn -0.4473 0.7744 -0.4474
vn -0.4915 0.8623 -0.1216
vn -0.1216 0.4915 -0.8623
vn -0.4473 0.4474 -0.7744
vn -0.4915 0.1216 -0.8623
vn -0.8623 0.1216 -0.4915
vn -0.7744 0.4473 -0.4474
vn -0.8623 0.4915 -0.1216
vn -0.1216 -0.4915 -0.8623
vn -0.4473 -0.4474 -0.7744
vn -0.4915 -0.1216 -0.8623
vn -0.1216 -0.8623 -0.4915
vn -0.4473 -0.7744 -0.4474
vn -0.4915 -0.8623 -0.1216
vn -0.8623 -0.4915 -0.1216
vn -0.7744 -0.4473 -0.4474
vn -0.8623 -0.1216 -0.4915
vn -0.1296 0.9831 0.1296
vn -0.4915 0.8623 0.1216
vn -0.4473 0.7744 0.4474
vn -0.1216 0.8623 0.4915
vn -0.8623 0.4915 0.1216
vn -0.7744 0.4473 0.4474
vn -0.8623 0.1216 0.4915
vn -0.4915 0.1216 0.8623
vn -0.4473 0.4474 0.7744
vn -0.1216 0.4915 0.8623
vn -0.1216 -0.8623 0.4915
vn -0.4473 -0.7744 0.4474
vn -0.4915 -0.8623 0.1216
vn -0.1216 -0.4915 0.8623
vn -0.4473 -0.4474 0.7744
vn -0.4915 -0.1216 0.8623
vn -0.8623 -0.1216 0.4915
vn -0.7744 -0.4473 0.4474
vn -0.8623 -0.4915 0.1216
vn 0.1296 0.9831 -0.1296
vn 0.4915 0.8623 -0.1216
vn 0.4473 0.7744 -0.4473
vn 0.1216 0.8623 -0.4915
vn 0.8623 0.4915 -0.1216
vn 0.7744 0.4473 -0.4473
vn 0.8623 0.1216 -0.4915
vn 0.4915 0.1216 -0.8623
vn 0.4473 0.4474 -0.7744
vn 0.1216 0.4915 -0.8623
vn 0.1216 -0.8623 -0.4915
vn 0.4473 -0.7744 -0.4473
vn 0.4915 -0.8623 -0.1216
vn 0.1216 -0.4915 -0.8623
vn 0.4473 -0.4474 -0.7744
vn 0.4915 -0.1216 -0.8623
vn 0.8623 -0.1216 -0.4915
vn 0.7744 -0.4473 -0.4473
vn 0.8623 -0.4915 -0.1216
vn 0.1296 0.9831 0.1296
vn 0.1216 0.8623 0.4915
vn 0.4473 0.7744 0.4473
vn 0.4915 0.8623 0.1216
vn 0.1216 0.4915 0.8623
vn 0.4473 0.4474 0.7744
vn 0.4915 0.1216 0.8623
vn 0.8623 0.1216 0.4915
vn 0.7744 0.4473 0.4473
vn 0.8623 0.4915 0.1216
vn 0.4915 -0.8623 0.1216
vn 0.4473 -0.7744 0.4473
vn 0.1216 -0.8623 0.4915
vn 0.8623 -0.4915 0.1216
vn 0.7744 -0.4473 0.4473
vn 0.8623 -0.1216 0.4915
vn 0.4915 -0.1216 0.8623
vn 0.4473 -0.4474 0.7744
vn 0.1216 -0.4915 0.8623
vt 0.411042 0.752273
vt 0.588958 0.752273
vt 0.588957 0.997727
vt 0.411042 0.997727
vt 0.411043 0.528174
vt 0.588957 0.528174
vt 0.588957 0.721826
vt 0.411043 0.721826
vt 0.627273 0.528174
vt 0.872727 0.528174
vt 0.872727 0.721826
vt 0.627273 0.721826
vt 0.411043 0.028174
vt 0.588957 0.028174
vt 0.588957 0.221826
vt 0.411043 0.221826
vt 0.411042 0.252273
vt 0.588958 0.252273
vt 0.588957 0.497727
vt 0.411042 0.497727
vt 0.127273 0.721826
vt 0.127273 0.735894
vt 0.126186 0.735299
vt 0.126138 0.721826
vt 0.127273 0.750000
vt 0.126186 0.750000
vt 0.411042 0.998862
vt 0.375000 0.998814
vt 0.375000 0.997727
vt 0.411042 1.000000
vt 0.375000 1.000000
vt 0.375000 0.028174
vt 0.375000 0.014701
vt 0.411042 0.000000
vt 0.125000 0.721826
vt 0.125000 0.735299
vt 0.606955 0.997727
vt 0.606193 0.998814
vt 0.588958 0.998862
vt 0.625000 0.997727
vt 0.625000 0.998814
vt 0.875000 0.721826
vt 0.873814 0.750000
vt 0.872727 0.750000
vt 0.625000 0.028174
vt 0.606955 0.028174
vt 0.606193 0.000000
vt 0.625000 0.000000
vt 0.588958 0.000000
vt 0.588958 1.000000
vt 0.606193 1.000000
vt 0.127273 0.528174
vt 0.126138 0.528174
vt 0.126186 0.514701
vt 0.127273 0.514106
vt 0.125000 0.528174
vt 0.125000 0.514701
vt 0.411042 0.235894
vt 0.375000 0.235299
vt 0.375000 0.221826
vt 0.411042 0.251138
vt 0.375000 0.251186
vt 0.375000 0.252273
vt 0.127273 0.500000
vt 0.126186 0.500000
vt 0.872727 0.500000
vt 0.873814 0.500000
vt 0.875000 0.528174
vt 0.625000 0.252273
vt 0.606955 0.252273
vt 0.606193 0.251186
vt 0.625000 0.251186
vt 0.588958 0.251138
vt 0.588958 0.235894
vt 0.606193 0.235299
vt 0.606955 0.221826
vt 0.625000 0.221826
vt 0.625000 0.250000
vt 0.606193 0.250599
vt 0.372727 0.721826
vt 0.373862 0.721826
vt 0.373814 0.735299
vt 0.372727 0.735894
vt 0.393045 0.721826
vt 0.393807 0.735299
vt 0.411042 0.735894
vt 0.411042 0.751138
vt 0.375000 0.751186
vt 0.375000 0.752273
vt 0.372727 0.750000
vt 0.373814 0.750000
vt 0.374401 0.735299
vt 0.627273 0.750000
vt 0.626186 0.735299
vt 0.626138 0.721826
vt 0.625000 0.752273
vt 0.606955 0.752273
vt 0.606193 0.751186
vt 0.615508 0.751186
vt 0.588958 0.751138
vt 0.588958 0.735894
vt 0.606193 0.735299
vt 0.606955 0.721826
vt 0.615508 0.735299
vt 0.606193 0.742580
vt 0.372727 0.528174
vt 0.372727 0.514106
vt 0.373814 0.514701
vt 0.373862 0.528174
vt 0.372727 0.500000
vt 0.373814 0.500000
vt 0.411042 0.498862
vt 0.375000 0.498814
vt 0.375000 0.497727
vt 0.411042 0.514106
vt 0.393807 0.514701
vt 0.393045 0.528174
vt 0.374401 0.514701
vt 0.626138 0.528174
vt 0.626186 0.514701
vt 0.627273 0.500000
vt 0.606955 0.528174
vt 0.606193 0.514701
vt 0.588958 0.514106
vt 0.588958 0.498862
vt 0.606193 0.498814
vt 0.606955 0.497727
vt 0.625000 0.497727
vt 0.615508 0.498814
vt 0.615508 0.514701
vt 0.606193 0.507420
s 1
usemtl TV_Stand
f 1187/2018/1131 1198/2019/1132 1149/2020/1133 1138/2021/1134
f 1211/2022/1135 1222/2023/1136 1199/2024/1137 1186/2025/1138
f 1221/2026/1139 1173/2027/1140 1150/2028/1141 1197/2029/1142
f 1139/2030/1143 1151/2031/1144 1175/2032/1145 1162/2033/1146
f 1163/2034/1147 1174/2035/1148 1223/2036/1149 1210/2037/1150
f 1137/2038/1151 1140/2039/1152 1142/2040/1153 1141/2041/1154
f 1140/2039/1152 1144/2042/1155 1145/2043/1156 1142/2040/1153
f 1138/2021/1134 1143/2044/1157 1145/2045/1156 1144/2046/1155
f 1143/2044/1157 1147/2047/1158 1148/2048/1159 1145/2045/1156
f 1139/2030/1143 1146/2049/1160 1148/2050/1159 1147/2051/1158
f 1146/2052/1160 1141/2041/1154 1142/2040/1153 1148/2053/1159
f 1142/2040/1153 1145/2043/1156 1148/2053/1159
f 1149/2020/1133 1152/2054/1161 1154/2055/1162 1153/2056/1163
f 1152/2054/1161 1156/2057/1164 1157/2058/1165 1154/2055/1162
f 1150/2028/1141 1155/2059/1166 1157/2060/1165 1156/2061/1164
f 1155/2062/1166 1159/2063/1167 1160/2064/1168 1157/2065/1165
f 1151/2031/1144 1158/2066/1169 1160/2064/1168 1159/2063/1167
f 1158/2067/1169 1153/2056/1163 1154/2055/1162 1160/2068/1168
f 1154/2055/1162 1157/2058/1165 1160/2068/1168
f 1161/2069/1170 1164/2070/1171 1166/2071/1172 1165/2072/1173
f 1164/2070/1171 1168/2073/1174 1169/2074/1175 1166/2071/1172
f 1162/2033/1146 1167/2075/1176 1169/2076/1175 1168/2077/1174
f 1167/2075/1176 1171/2078/1177 1172/2079/1178 1169/2076/1175
f 1163/2034/1147 1170/2080/1179 1172/2079/1178 1171/2078/1177
f 1170/2081/1179 1165/2072/1173 1166/2071/1172 1172/2082/1178
f 1166/2071/1172 1169/2074/1175 1172/2082/1178
f 1173/2027/1140 1176/2083/1180 1178/2084/1181 1177/2085/1182
f 1176/2086/1180 1180/2087/1183 1181/2088/1184 1178/2089/1181
f 1174/2035/1148 1179/2090/1185 1181/2088/1184 1180/2087/1183
f 1179/2090/1185 1183/2091/1186 1184/2092/1187 1181/2088/1184
f 1175/2032/1145 1182/2093/1188 1184/2092/1187 1183/2091/1186
f 1182/2093/1188 1177/2094/1182 1178/2095/1181 1184/2092/1187
f 1178/2089/1181 1181/2088/1184 1184/2096/1187
f 1185/2097/1189 1188/2098/1190 1190/2099/1191 1189/2100/1192
f 1188/2098/1190 1192/2101/1193 1193/2102/1194 1190/2099/1191
f 1186/2025/1138 1191/2103/1195 1193/2102/1194 1192/2101/1193
f 1191/2103/1195 1195/2104/1196 1196/2105/1197 1193/2102/1194
f 1187/2018/1131 1194/2106/1198 1196/2105/1197 1195/2104/1196
f 1194/2107/1198 1189/2100/1192 1190/2099/1191 1196/2108/1197
f 1190/2099/1191 1193/2109/1194 1196/2108/1197
f 1197/2029/1142 1200/2110/1199 1202/2111/1200 1201/2112/1201
f 1200/2113/1199 1204/2114/1202 1205/2115/1203 1202/2116/1200
f 1198/2019/1132 1203/2117/1204 1205/2115/1203 1204/2114/1202
f 1203/2117/1204 1207/2118/1205 1208/2119/1206 1205/2115/1203
f 1199/2024/1137 1206/2120/1207 1208/2119/1206 1207/2118/1205
f 1206/2120/1207 1201/2112/1201 1202/2111/1200 1208/2119/1206
f 1202/2121/1200 1205/2122/1203 1208/2119/1206
f 1209/2123/1208 1212/2124/1209 1214/2125/1210 1213/2126/1211
f 1212/2124/1209 1216/2127/1212 1217/2128/1213 1214/2125/1210
f 1210/2037/1150 1215/2129/1214 1217/2130/1213 1216/2131/1212
f 1215/2129/1214 1219/2132/1215 1220/2133/1216 1217/2130/1213
f 1211/2022/1135 1218/2134/1217 1220/2133/1216 1219/2132/1215
f 1218/2134/1217 1213/2126/1211 1214/2125/1210 1220/2133/1216
f 1214/2125/1210 1217/2128/1213 1220/2135/1216
f 1221/2026/1139 1224/2136/1218 1226/2137/1219 1225/2138/1220
f 1224/2136/1218 1228/2139/1221 1229/2140/1222 1226/2137/1219
f 1222/2023/1136 1227/2141/1223 1229/2140/1222 1228/2139/1221
f 1227/2141/1223 1231/2142/1224 1232/2143/1225 1229/2140/1222
f 1223/2036/1149 1230/2144/1226 1232/2143/1225 1231/2142/1224
f 1230/2144/1226 1225/2145/1220 1226/2146/1219 1232/2143/1225
f 1226/2147/1219 1229/2140/1222 1232/2148/1225
f 1161/2069/1170 1137/2038/1151 1141/2041/1154 1164/2070/1171
f 1164/2070/1171 1141/2041/1154 1146/2052/1160 1168/2073/1174
f 1168/2077/1174 1146/2049/1160 1139/2030/1143 1162/2033/1146
f 1138/2021/1134 1149/2020/1133 1153/2056/1163 1143/2044/1157
f 1143/2044/1157 1153/2056/1163 1158/2067/1169 1147/2047/1158
f 1147/2051/1158 1158/2066/1169 1151/2031/1144 1139/2030/1143
f 1150/2028/1141 1173/2027/1140 1177/2085/1182 1155/2059/1166
f 1155/2062/1166 1177/2094/1182 1182/2093/1188 1159/2063/1167
f 1159/2063/1167 1182/2093/1188 1175/2032/1145 1151/2031/1144
f 1174/2035/1148 1163/2034/1147 1171/2078/1177 1179/2090/1185
f 1179/2090/1185 1171/2078/1177 1167/2075/1176 1183/2091/1186
f 1183/2091/1186 1167/2075/1176 1162/2033/1146 1175/2032/1145
f 1209/2123/1208 1161/2069/1170 1165/2072/1173 1212/2124/1209
f 1212/2124/1209 1165/2072/1173 1170/2081/1179 1216/2127/1212
f 1216/2131/1212 1170/2080/1179 1163/2034/1147 1210/2037/1150
f 1173/2027/1140 1221/2026/1139 1225/2138/1220 1176/2083/1180
f 1176/2086/1180 1225/2145/1220 1230/2144/1226 1180/2087/1183
f 1180/2087/1183 1230/2144/1226 1223/2036/1149 1174/2035/1148
f 1222/2023/1136 1211/2022/1135 1219/2132/1215 1227/2141/1223
f 1227/2141/1223 1219/2132/1215 1215/2129/1214 1231/2142/1224
f 1231/2142/1224 1215/2129/1214 1210/2037/1150 1223/2036/1149
f 1185/2097/1189 1209/2123/1208 1213/2126/1211 1188/2098/1190
f 1188/2098/1190 1213/2126/1211 1218/2134/1217 1192/2101/1193
f 1192/2101/1193 1218/2134/1217 1211/2022/1135 1186/2025/1138
f 1221/2026/1139 1197/2029/1142 1201/2112/1201 1224/2136/1218
f 1224/2136/1218 1201/2112/1201 1206/2120/1207 1228/2139/1221
f 1228/2139/1221 1206/2120/1207 1199/2024/1137 1222/2023/1136
f 1198/2019/1132 1187/2018/1131 1195/2104/1196 1203/2117/1204
f 1203/2117/1204 1195/2104/1196 1191/2103/1195 1207/2118/1205
f 1207/2118/1205 1191/2103/1195 1186/2025/1138 1199/2024/1137
f 1137/2038/1151 1185/2097/1189 1189/2100/1192 1140/2039/1152
f 1140/2039/1152 1189/2100/1192 1194/2107/1198 1144/2042/1155
f 1144/2046/1155 1194/2106/1198 1187/2018/1131 1138/2021/1134
f 1197/2029/1142 1150/2028/1141 1156/2061/1164 1200/2110/1199
f 1200/2113/1199 1156/2057/1164 1152/2054/1161 1204/2114/1202
f 1204/2114/1202 1152/2054/1161 1149/2020/1133 1198/2019/1132
f 1161/2069/1170 1209/2123/1208 1185/2097/1189 1137/2038/1151
o Cube19
v 0.354842 0.025188 0.608203
v 0.354842 0.034027 0.617041
v 0.363681 0.034027 0.608203
v 0.354842 0.026369 0.612616
v 0.359256 0.026369 0.608203
v 0.359069 0.027516 0.612429
v 0.359256 0.034027 0.615861
v 0.354842 0.029613 0.615861
v 0.359069 0.029800 0.614714
v 0.362500 0.029613 0.608203
v 0.362500 0.034027 0.612616
v 0.361353 0.029800 0.612429
v 0.354842 0.077656 0.617041
v 0.354842 0.086494 0.608203
v 0.363681 0.077656 0.608203
v 0.354842 0.082069 0.615861
v 0.359256 0.077656 0.615861
v 0.359069 0.081882 0.614714
v 0.359256 0.085313 0.608203
v 0.354842 0.085313 0.612616
v 0.359069 0.084166 0.612429
v 0.362500 0.077656 0.612616
v 0.362500 0.082069 0.608203
v 0.361353 0.081882 0.612429
v 0.354842 0.025188 0.547453
v 0.363681 0.034027 0.547453
v 0.354842 0.034027 0.538614
v 0.359256 0.026369 0.547453
v 0.354842 0.026369 0.543039
v 0.359069 0.027516 0.543226
v 0.362500 0.034027 0.543039
v 0.362500 0.029613 0.547453
v 0.361353 0.029800 0.543226
v 0.354842 0.029613 0.539795
v 0.359256 0.034027 0.539795
v 0.359069 0.029800 0.540942
v 0.354842 0.086494 0.547453
v 0.354842 0.077656 0.538614
v 0.363681 0.077656 0.547453
v 0.354842 0.085313 0.543039
v 0.359256 0.085313 0.547453
v 0.359069 0.084166 0.543226
v 0.359256 0.077656 0.539795
v 0.354842 0.082069 0.539795
v 0.359069 0.081882 0.540942
v 0.362500 0.082069 0.547453
v 0.362500 0.077656 0.543039
v 0.361353 0.081882 0.543226
v -0.360777 0.025188 0.608203
v -0.369615 0.034027 0.608203
v -0.360777 0.034027 0.617041
v -0.365190 0.026369 0.608203
v -0.360777 0.026369 0.612616
v -0.365004 0.027516 0.612429
v -0.368435 0.034027 0.612616
v -0.368435 0.029613 0.608203
v -0.367288 0.029800 0.612429
v -0.360777 0.029613 0.615861
v -0.365190 0.034027 0.615861
v -0.365004 0.029800 0.614714
v -0.360777 0.086494 0.608203
v -0.360777 0.077656 0.617041
v -0.369615 0.077656 0.608203
v -0.360777 0.085313 0.612616
v -0.365190 0.085313 0.608203
v -0.365004 0.084166 0.612429
v -0.365190 0.077656 0.615861
v -0.360777 0.082069 0.615861
v -0.365004 0.081882 0.614714
v -0.368435 0.082069 0.608203
v -0.368435 0.077656 0.612616
v -0.367288 0.081882 0.612429
v -0.360777 0.025188 0.547453
v -0.360777 0.034027 0.538614
v -0.369615 0.034027 0.547453
v -0.360777 0.026369 0.543039
v -0.365190 0.026369 0.547453
v -0.365004 0.027516 0.543226
v -0.365190 0.034027 0.539795
v -0.360777 0.029613 0.539795
v -0.365004 0.029800 0.540942
v -0.368435 0.029613 0.547453
v -0.368435 0.034027 0.543039
v -0.367288 0.029800 0.543226
v -0.360777 0.086494 0.547453
v -0.369615 0.077656 0.547453
v -0.360777 0.077656 0.538614
v -0.365190 0.085313 0.547453
v -0.360777 0.085313 0.543039
v -0.365004 0.084166 0.543226
v -0.368435 0.077656 0.543039
v -0.368435 0.082069 0.547453
v -0.367288 0.081882 0.543226
v -0.360777 0.082069 0.539795
v -0.365190 0.077656 0.539795
v -0.365004 0.081882 0.540942
vn 0.1296 0.1296 -0.9831
vn 0.1296 -0.1296 -0.9831
vn -0.1296 -0.1296 -0.9831
vn -0.1296 0.1296 -0.9831
vn 0.9831 0.1296 0.1296
vn 0.9831 -0.1296 0.1296
vn 0.9831 -0.1296 -0.1296
vn 0.9831 0.1296 -0.1296
vn 0.1296 -0.9831 0.1296
vn -0.1296 -0.9831 0.1296
vn -0.1296 -0.9831 -0.1296
vn 0.1296 -0.9831 -0.1296
vn -0.9831 0.1296 -0.1296
vn -0.9831 -0.1296 -0.1296
vn -0.9831 -0.1296 0.1296
vn -0.9831 0.1296 0.1296
vn -0.1296 0.1296 0.9831
vn -0.1296 -0.1296 0.9831
vn 0.1296 -0.1296 0.9831
vn 0.1296 0.1296 0.9831
vn -0.1296 0.9831 -0.1296
vn -0.1216 0.8623 -0.4915
vn -0.4473 0.7744 -0.4474
vn -0.4915 0.8623 -0.1216
vn -0.1216 0.4915 -0.8623
vn -0.4473 0.4474 -0.7744
vn -0.4915 0.1216 -0.8623
vn -0.8623 0.1216 -0.4915
vn -0.7744 0.4473 -0.4474
vn -0.8623 0.4915 -0.1216
vn -0.1216 -0.4915 -0.8623
vn -0.4473 -0.4474 -0.7744
vn -0.4915 -0.1216 -0.8623
vn -0.1216 -0.8623 -0.4915
vn -0.4473 -0.7744 -0.4474
vn -0.4915 -0.8623 -0.1216
vn -0.8623 -0.4915 -0.1216
vn -0.7744 -0.4473 -0.4474
vn -0.8623 -0.1216 -0.4915
vn -0.1296 0.9831 0.1296
vn -0.4915 0.8623 0.1216
vn -0.4473 0.7744 0.4474
vn -0.1216 0.8623 0.4915
vn -0.8623 0.4915 0.1216
vn -0.7744 0.4473 0.4474
vn -0.8623 0.1216 0.4915
vn -0.4915 0.1216 0.8623
vn -0.4473 0.4474 0.7744
vn -0.1216 0.4915 0.8623
vn -0.1216 -0.8623 0.4915
vn -0.4473 -0.7744 0.4474
vn -0.4915 -0.8623 0.1216
vn -0.1216 -0.4915 0.8623
vn -0.4473 -0.4474 0.7744
vn -0.4915 -0.1216 0.8623
vn -0.8623 -0.1216 0.4915
vn -0.7744 -0.4473 0.4474
vn -0.8623 -0.4915 0.1216
vn 0.1296 0.9831 -0.1296
vn 0.4915 0.8623 -0.1216
vn 0.4473 0.7744 -0.4473
vn 0.1216 0.8623 -0.4915
vn 0.8623 0.4915 -0.1216
vn 0.7744 0.4473 -0.4473
vn 0.8623 0.1216 -0.4915
vn 0.4915 0.1216 -0.8623
vn 0.4473 0.4474 -0.7744
vn 0.1216 0.4915 -0.8623
vn 0.1216 -0.8623 -0.4915
vn 0.4473 -0.7744 -0.4473
vn 0.4915 -0.8623 -0.1216
vn 0.1216 -0.4915 -0.8623
vn 0.4473 -0.4474 -0.7744
vn 0.4915 -0.1216 -0.8623
vn 0.8623 -0.1216 -0.4915
vn 0.7744 -0.4473 -0.4473
vn 0.8623 -0.4915 -0.1216
vn 0.1296 0.9831 0.1296
vn 0.1216 0.8623 0.4915
vn 0.4473 0.7744 0.4473
vn 0.4915 0.8623 0.1216
vn 0.1216 0.4915 0.8623
vn 0.4473 0.4474 0.7744
vn 0.4915 0.1216 0.8623
vn 0.8623 0.1216 0.4915
vn 0.7744 0.4473 0.4473
vn 0.8623 0.4915 0.1216
vn 0.4915 -0.8623 0.1216
vn 0.4473 -0.7744 0.4473
vn 0.1216 -0.8623 0.4915
vn 0.8623 -0.4915 0.1216
vn 0.7744 -0.4473 0.4473
vn 0.8623 -0.1216 0.4915
vn 0.4915 -0.1216 0.8623
vn 0.4473 -0.4474 0.7744
vn 0.1216 -0.4915 0.8623
vt 0.411042 0.752273
vt 0.588958 0.752273
vt 0.588957 0.997727
vt 0.411042 0.997727
vt 0.411043 0.528174
vt 0.588957 0.528174
vt 0.588957 0.721826
vt 0.411043 0.721826
vt 0.627273 0.528174
vt 0.872727 0.528174
vt 0.872727 0.721826
vt 0.627273 0.721826
vt 0.411043 0.028174
vt 0.588957 0.028174
vt 0.588957 0.221826
vt 0.411043 0.221826
vt 0.411042 0.252273
vt 0.588958 0.252273
vt 0.588957 0.497727
vt 0.411042 0.497727
vt 0.127273 0.721826
vt 0.127273 0.735894
vt 0.126186 0.735299
vt 0.126138 0.721826
vt 0.127273 0.750000
vt 0.126186 0.750000
vt 0.411042 0.998862
vt 0.375000 0.998814
vt 0.375000 0.997727
vt 0.411042 1.000000
vt 0.375000 1.000000
vt 0.375000 0.028174
vt 0.375000 0.014701
vt 0.411042 0.000000
vt 0.125000 0.721826
vt 0.125000 0.735299
vt 0.606955 0.997727
vt 0.606193 0.998814
vt 0.588958 0.998862
vt 0.625000 0.997727
vt 0.625000 0.998814
vt 0.875000 0.721826
vt 0.873814 0.750000
vt 0.872727 0.750000
vt 0.625000 0.028174
vt 0.606955 0.028174
vt 0.606193 0.000000
vt 0.625000 0.000000
vt 0.588958 0.000000
vt 0.588958 1.000000
vt 0.606193 1.000000
vt 0.127273 0.528174
vt 0.126138 0.528174
vt 0.126186 0.514701
vt 0.127273 0.514106
vt 0.125000 0.528174
vt 0.125000 0.514701
vt 0.411042 0.235894
vt 0.375000 0.235299
vt 0.375000 0.221826
vt 0.411042 0.251138
vt 0.375000 0.251186
vt 0.375000 0.252273
vt 0.127273 0.500000
vt 0.126186 0.500000
vt 0.872727 0.500000
vt 0.873814 0.500000
vt 0.875000 0.528174
vt 0.625000 0.252273
vt 0.606955 0.252273
vt 0.606193 0.251186
vt 0.625000 0.251186
vt 0.588958 0.251138
vt 0.588958 0.235894
vt 0.606193 0.235299
vt 0.606955 0.221826
vt 0.625000 0.221826
vt 0.625000 0.250000
vt 0.606193 0.250599
vt 0.372727 0.721826
vt 0.373862 0.721826
vt 0.373814 0.735299
vt 0.372727 0.735894
vt 0.393045 0.721826
vt 0.393807 0.735299
vt 0.411042 0.735894
vt 0.411042 0.751138
vt 0.375000 0.751186
vt 0.375000 0.752273
vt 0.372727 0.750000
vt 0.373814 0.750000
vt 0.374401 0.735299
vt 0.627273 0.750000
vt 0.626186 0.735299
vt 0.626138 0.721826
vt 0.625000 0.752273
vt 0.606955 0.752273
vt 0.606193 0.751186
vt 0.615508 0.751186
vt 0.588958 0.751138
vt 0.588958 0.735894
vt 0.606193 0.735299
vt 0.606955 0.721826
vt 0.615508 0.735299
vt 0.606193 0.742580
vt 0.372727 0.528174
vt 0.372727 0.514106
vt 0.373814 0.514701
vt 0.373862 0.528174
vt 0.372727 0.500000
vt 0.373814 0.500000
vt 0.411042 0.498862
vt 0.375000 0.498814
vt 0.375000 0.497727
vt 0.411042 0.514106
vt 0.393807 0.514701
vt 0.393045 0.528174
vt 0.374401 0.514701
vt 0.626138 0.528174
vt 0.626186 0.514701
vt 0.627273 0.500000
vt 0.606955 0.528174
vt 0.606193 0.514701
vt 0.588958 0.514106
vt 0.588958 0.498862
vt 0.606193 0.498814
vt 0.606955 0.497727
vt 0.625000 0.497727
vt 0.615508 0.498814
vt 0.615508 0.514701
vt 0.606193 0.507420
s 1
usemtl TV_Stand
f 1283/2149/1227 1294/2150/1228 1245/2151/1229 1234/2152/1230
f 1307/2153/1231 1318/2154/1232 1295/2155/1233 1282/2156/1234
f 1317/2157/1235 1269/2158/1236 1246/2159/1237 1293/2160/1238
f 1235/2161/1239 1247/2162/1240 1271/2163/1241 1258/2164/1242
f 1259/2165/1243 1270/2166/1244 1319/2167/1245 1306/2168/1246
f 1233/2169/1247 1236/2170/1248 1238/2171/1249 1237/2172/1250
f 1236/2170/1248 1240/2173/1251 1241/2174/1252 1238/2171/1249
f 1234/2152/1230 1239/2175/1253 1241/2176/1252 1240/2177/1251
f 1239/2175/1253 1243/2178/1254 1244/2179/1255 1241/2176/1252
f 1235/2161/1239 1242/2180/1256 1244/2181/1255 1243/2182/1254
f 1242/2183/1256 1237/2172/1250 1238/2171/1249 1244/2184/1255
f 1238/2171/1249 1241/2174/1252 1244/2184/1255
f 1245/2151/1229 1248/2185/1257 1250/2186/1258 1249/2187/1259
f 1248/2185/1257 1252/2188/1260 1253/2189/1261 1250/2186/1258
f 1246/2159/1237 1251/2190/1262 1253/2191/1261 1252/2192/1260
f 1251/2193/1262 1255/2194/1263 1256/2195/1264 1253/2196/1261
f 1247/2162/1240 1254/2197/1265 1256/2195/1264 1255/2194/1263
f 1254/2198/1265 1249/2187/1259 1250/2186/1258 1256/2199/1264
f 1250/2186/1258 1253/2189/1261 1256/2199/1264
f 1257/2200/1266 1260/2201/1267 1262/2202/1268 1261/2203/1269
f 1260/2201/1267 1264/2204/1270 1265/2205/1271 1262/2202/1268
f 1258/2164/1242 1263/2206/1272 1265/2207/1271 1264/2208/1270
f 1263/2206/1272 1267/2209/1273 1268/2210/1274 1265/2207/1271
f 1259/2165/1243 1266/2211/1275 1268/2210/1274 1267/2209/1273
f 1266/2212/1275 1261/2203/1269 1262/2202/1268 1268/2213/1274
f 1262/2202/1268 1265/2205/1271 1268/2213/1274
f 1269/2158/1236 1272/2214/1276 1274/2215/1277 1273/2216/1278
f 1272/2217/1276 1276/2218/1279 1277/2219/1280 1274/2220/1277
f 1270/2166/1244 1275/2221/1281 1277/2219/1280 1276/2218/1279
f 1275/2221/1281 1279/2222/1282 1280/2223/1283 1277/2219/1280
f 1271/2163/1241 1278/2224/1284 1280/2223/1283 1279/2222/1282
f 1278/2224/1284 1273/2225/1278 1274/2226/1277 1280/2223/1283
f 1274/2220/1277 1277/2219/1280 1280/2227/1283
f 1281/2228/1285 1284/2229/1286 1286/2230/1287 1285/2231/1288
f 1284/2229/1286 1288/2232/1289 1289/2233/1290 1286/2230/1287
f 1282/2156/1234 1287/2234/1291 1289/2233/1290 1288/2232/1289
f 1287/2234/1291 1291/2235/1292 1292/2236/1293 1289/2233/1290
f 1283/2149/1227 1290/2237/1294 1292/2236/1293 1291/2235/1292
f 1290/2238/1294 1285/2231/1288 1286/2230/1287 1292/2239/1293
f 1286/2230/1287 1289/2240/1290 1292/2239/1293
f 1293/2160/1238 1296/2241/1295 1298/2242/1296 1297/2243/1297
f 1296/2244/1295 1300/2245/1298 1301/2246/1299 1298/2247/1296
f 1294/2150/1228 1299/2248/1300 1301/2246/1299 1300/2245/1298
f 1299/2248/1300 1303/2249/1301 1304/2250/1302 1301/2246/1299
f 1295/2155/1233 1302/2251/1303 1304/2250/1302 1303/2249/1301
f 1302/2251/1303 1297/2243/1297 1298/2242/1296 1304/2250/1302
f 1298/2252/1296 1301/2253/1299 1304/2250/1302
f 1305/2254/1304 1308/2255/1305 1310/2256/1306 1309/2257/1307
f 1308/2255/1305 1312/2258/1308 1313/2259/1309 1310/2256/1306
f 1306/2168/1246 1311/2260/1310 1313/2261/1309 1312/2262/1308
f 1311/2260/1310 1315/2263/1311 1316/2264/1312 1313/2261/1309
f 1307/2153/1231 1314/2265/1313 1316/2264/1312 1315/2263/1311
f 1314/2265/1313 1309/2257/1307 1310/2256/1306 1316/2264/1312
f 1310/2256/1306 1313/2259/1309 1316/2266/1312
f 1317/2157/1235 1320/2267/1314 1322/2268/1315 1321/2269/1316
f 1320/2267/1314 1324/2270/1317 1325/2271/1318 1322/2268/1315
f 1318/2154/1232 1323/2272/1319 1325/2271/1318 1324/2270/1317
f 1323/2272/1319 1327/2273/1320 1328/2274/1321 1325/2271/1318
f 1319/2167/1245 1326/2275/1322 1328/2274/1321 1327/2273/1320
f 1326/2275/1322 1321/2276/1316 1322/2277/1315 1328/2274/1321
f 1322/2278/1315 1325/2271/1318 1328/2279/1321
f 1257/2200/1266 1233/2169/1247 1237/2172/1250 1260/2201/1267
f 1260/2201/1267 1237/2172/1250 1242/2183/1256 1264/2204/1270
f 1264/2208/1270 1242/2180/1256 1235/2161/1239 1258/2164/1242
f 1234/2152/1230 1245/2151/1229 1249/2187/1259 1239/2175/1253
f 1239/2175/1253 1249/2187/1259 1254/2198/1265 1243/2178/1254
f 1243/2182/1254 1254/2197/1265 1247/2162/1240 1235/2161/1239
f 1246/2159/1237 1269/2158/1236 1273/2216/1278 1251/2190/1262
f 1251/2193/1262 1273/2225/1278 1278/2224/1284 1255/2194/1263
f 1255/2194/1263 1278/2224/1284 1271/2163/1241 1247/2162/1240
f 1270/2166/1244 1259/2165/1243 1267/2209/1273 1275/2221/1281
f 1275/2221/1281 1267/2209/1273 1263/2206/1272 1279/2222/1282
f 1279/2222/1282 1263/2206/1272 1258/2164/1242 1271/2163/1241
f 1305/2254/1304 1257/2200/1266 1261/2203/1269 1308/2255/1305
f 1308/2255/1305 1261/2203/1269 1266/2212/1275 1312/2258/1308
f 1312/2262/1308 1266/2211/1275 1259/2165/1243 1306/2168/1246
f 1269/2158/1236 1317/2157/1235 1321/2269/1316 1272/2214/1276
f 1272/2217/1276 1321/2276/1316 1326/2275/1322 1276/2218/1279
f 1276/2218/1279 1326/2275/1322 1319/2167/1245 1270/2166/1244
f 1318/2154/1232 1307/2153/1231 1315/2263/1311 1323/2272/1319
f 1323/2272/1319 1315/2263/1311 1311/2260/1310 1327/2273/1320
f 1327/2273/1320 1311/2260/1310 1306/2168/1246 1319/2167/1245
f 1281/2228/1285 1305/2254/1304 1309/2257/1307 1284/2229/1286
f 1284/2229/1286 1309/2257/1307 1314/2265/1313 1288/2232/1289
f 1288/2232/1289 1314/2265/1313 1307/2153/1231 1282/2156/1234
f 1317/2157/1235 1293/2160/1238 1297/2243/1297 1320/2267/1314
f 1320/2267/1314 1297/2243/1297 1302/2251/1303 1324/2270/1317
f 1324/2270/1317 1302/2251/1303 1295/2155/1233 1318/2154/1232
f 1294/2150/1228 1283/2149/1227 1291/2235/1292 1299/2248/1300
f 1299/2248/1300 1291/2235/1292 1287/2234/1291 1303/2249/1301
f 1303/2249/1301 1287/2234/1291 1282/2156/1234 1295/2155/1233
f 1233/2169/1247 1281/2228/1285 1285/2231/1288 1236/2170/1248
f 1236/2170/1248 1285/2231/1288 1290/2238/1294 1240/2173/1251
f 1240/2177/1251 1290/2237/1294 1283/2149/1227 1234/2152/1230
f 1293/2160/1238 1246/2159/1237 1252/2192/1260 1296/2241/1295
f 1296/2244/1295 1252/2188/1260 1248/2185/1257 1300/2245/1298
f 1300/2245/1298 1248/2185/1257 1245/2151/1229 1294/2150/1228
f 1257/2200/1266 1305/2254/1304 1281/2228/1285 1233/2169/1247
o Cube20
v 0.035132 1.310749 0.471608
v 0.035132 1.573999 0.471608
v 0.035132 1.310749 -0.481603
v 0.035132 1.573999 -0.481603
v 0.030642 1.310749 0.471608
v 0.017565 1.323826 0.456363
v 0.027258 1.311194 0.471089
v 0.024103 1.312501 0.469566
v 0.021395 1.314579 0.467143
v 0.019317 1.317288 0.463986
v 0.018010 1.320442 0.460309
v 0.030642 1.573999 0.471608
v 0.017565 1.560921 0.456363
v 0.027258 1.573553 0.471089
v 0.024103 1.572247 0.469566
v 0.021395 1.570168 0.467143
v 0.019317 1.567460 0.463986
v 0.018010 1.564306 0.460309
v 0.017565 1.323826 -0.466359
v 0.030642 1.310749 -0.481603
v 0.018010 1.320442 -0.470304
v 0.019317 1.317288 -0.473981
v 0.021395 1.314579 -0.477138
v 0.024103 1.312501 -0.479561
v 0.027258 1.311194 -0.481084
v 0.030642 1.573999 -0.481603
v 0.017565 1.560921 -0.466359
v 0.027258 1.573553 -0.481084
v 0.024103 1.572247 -0.479561
v 0.021395 1.570168 -0.477138
v 0.019317 1.567460 -0.473981
v 0.018010 1.564306 -0.470304
vn -0.0000 -0.0000 1.0000
vn 1.0000 -0.0000 -0.0000
vn -0.0000 1.0000 -0.0000
vn -1.0000 -0.0000 -0.0000
vn -0.0000 -0.0000 -1.0000
vn -0.1305 -0.9914 -0.0000
vn -0.3827 -0.9239 -0.0000
vn -0.6088 -0.7934 -0.0000
vn -0.7934 -0.6088 -0.0000
vn -0.9239 -0.3827 -0.0000
vn -0.9914 -0.1305 -0.0000
vn -0.1517 -0.0000 0.9884
vn -0.4348 -0.0000 0.9005
vn -0.6667 -0.0000 0.7453
vn -0.8353 -0.0000 0.5498
vn -0.9423 -0.0000 0.3348
vn -0.9937 -0.0000 0.1122
vn -0.1305 0.9914 -0.0000
vn -0.3827 0.9239 -0.0000
vn -0.6088 0.7934 -0.0000
vn -0.7934 0.6088 -0.0000
vn -0.9239 0.3827 -0.0000
vn -0.9914 0.1305 -0.0000
vn -0.1517 -0.0000 -0.9884
vn -0.4348 -0.0000 -0.9005
vn -0.6667 -0.0000 -0.7453
vn -0.8353 -0.0000 -0.5498
vn -0.9423 -0.0000 -0.3348
vn -0.9937 -0.0000 -0.1122
vn -0.0000 -1.0000 -0.0000
vt 0.375000 0.750000
vt 0.625000 0.750000
vt 0.625000 0.813896
vt 0.375000 0.813896
vt 0.375000 0.500000
vt 0.625000 0.500000
vt 0.688896 0.500000
vt 0.688896 0.750000
vt 0.387419 0.003998
vt 0.612581 0.003998
vt 0.612581 0.246002
vt 0.387419 0.246002
vt 0.375000 0.436104
vt 0.625000 0.436104
vt 0.311104 0.500000
vt 0.311104 0.750000
vt 0.262937 0.749864
vt 0.262937 0.500136
vt 0.218052 0.749464
vt 0.218052 0.500536
vt 0.125000 0.748829
vt 0.125000 0.501171
vt 0.375000 0.248829
vt 0.375000 0.001171
vt 0.381210 0.001999
vt 0.381210 0.248001
vt 0.384205 0.002963
vt 0.384205 0.247037
vt 0.624577 0.862063
vt 0.375423 0.862063
vt 0.623336 0.906948
vt 0.376664 0.906948
vt 0.621362 1.000000
vt 0.378638 1.000000
vt 0.378638 0.000000
vt 0.621363 0.000000
vt 0.618790 0.001999
vt 0.615795 0.002963
vt 0.737063 0.500136
vt 0.737063 0.749864
vt 0.781948 0.500536
vt 0.781948 0.749464
vt 0.875000 0.501171
vt 0.875000 0.748829
vt 0.625000 0.001171
vt 0.625000 0.248829
vt 0.618790 0.248001
vt 0.615795 0.247037
vt 0.375423 0.387937
vt 0.624577 0.387937
vt 0.376664 0.343052
vt 0.623336 0.343052
vt 0.378638 0.250000
vt 0.621362 0.250000
s 0
usemtl TV_Stand
f 1329/2280/1323 1330/2281/1323 1340/2282/1323 1333/2283/1323
f 1331/2284/1324 1332/2285/1324 1330/2281/1324 1329/2280/1324
f 1332/2285/1325 1354/2286/1325 1340/2287/1325 1330/2281/1325
f 1334/2288/1326 1341/2289/1326 1355/2290/1326 1347/2291/1326
f 1348/2292/1327 1354/2293/1327 1332/2285/1327 1331/2284/1327
f 1348/2294/1328 1333/2295/1328 1335/2296/1328 1353/2297/1328
f 1353/2297/1329 1335/2296/1329 1336/2298/1329 1352/2299/1329
f 1352/2299/1330 1336/2298/1330 1337/2300/1330 1351/2301/1330
f 1351/2302/1331 1337/2303/1331 1338/2304/1331 1350/2305/1331
f 1350/2305/1332 1338/2304/1332 1339/2306/1332 1349/2307/1332
f 1349/2307/1333 1339/2306/1333 1334/2288/1333 1347/2291/1333
f 1333/2283/1334 1340/2282/1334 1342/2308/1334 1335/2309/1334
f 1335/2309/1335 1342/2308/1335 1343/2310/1335 1336/2311/1335
f 1336/2311/1336 1343/2310/1336 1344/2312/1336 1337/2313/1336
f 1337/2314/1337 1344/2315/1337 1345/2316/1337 1338/2304/1337
f 1338/2304/1338 1345/2316/1338 1346/2317/1338 1339/2306/1338
f 1339/2306/1339 1346/2317/1339 1341/2289/1339 1334/2288/1339
f 1340/2287/1340 1354/2286/1340 1356/2318/1340 1342/2319/1340
f 1342/2319/1341 1356/2318/1341 1357/2320/1341 1343/2321/1341
f 1343/2321/1342 1357/2320/1342 1358/2322/1342 1344/2323/1342
f 1344/2324/1343 1358/2325/1343 1359/2326/1343 1345/2316/1343
f 1345/2316/1344 1359/2326/1344 1360/2327/1344 1346/2317/1344
f 1346/2317/1345 1360/2327/1345 1355/2290/1345 1341/2289/1345
f 1354/2293/1346 1348/2292/1346 1353/2328/1346 1356/2329/1346
f 1356/2329/1347 1353/2328/1347 1352/2330/1347 1357/2331/1347
f 1357/2331/1348 1352/2330/1348 1351/2332/1348 1358/2333/1348
f 1358/2333/1349 1351/2332/1349 1350/2305/1349 1359/2326/1349
f 1359/2326/1350 1350/2305/1350 1349/2307/1350 1360/2327/1350
f 1360/2327/1351 1349/2307/1351 1347/2291/1351 1355/2290/1351
f 1348/2294/1352 1331/2284/1352 1329/2280/1352 1333/2295/1352
o Cylinder05
v -0.311279 0.000986 0.548057
v -0.311279 0.056838 0.548057
v -0.300592 0.000986 0.550183
v -0.300592 0.056838 0.550183
v -0.291532 0.000986 0.556236
v -0.291532 0.056838 0.556236
v -0.285479 0.000986 0.565296
v -0.285479 0.056838 0.565296
v -0.283353 0.000986 0.575983
v -0.283353 0.056838 0.575983
v -0.285479 0.000986 0.586670
v -0.285479 0.056838 0.586670
v -0.291532 0.000986 0.595729
v -0.291532 0.056838 0.595729
v -0.300592 0.000986 0.601783
v -0.300592 0.056838 0.601783
v -0.311279 0.000986 0.603909
v -0.311279 0.056838 0.603909
v -0.321966 0.000986 0.601783
v -0.321966 0.056838 0.601783
v -0.331026 0.000986 0.595729
v -0.331026 0.056838 0.595729
v -0.337079 0.000986 0.586670
v -0.337079 0.056838 0.586670
v -0.339205 0.000986 0.575983
v -0.339205 0.056838 0.575983
v -0.337079 0.000986 0.565296
v -0.337079 0.056838 0.565296
v -0.331026 0.000986 0.556236
v -0.331026 0.056838 0.556236
v -0.321966 0.000986 0.550183
v -0.321966 0.056838 0.550183
vn -0.0000 -0.0000 -1.0000
vn 0.3827 -0.0000 -0.9239
vn 0.7071 -0.0000 -0.7071
vn 0.9239 -0.0000 -0.3827
vn 1.0000 -0.0000 -0.0000
vn 0.9239 -0.0000 0.3827
vn 0.7071 -0.0000 0.7071
vn 0.3827 -0.0000 0.9239
vn -0.0000 -0.0000 1.0000
vn -0.3827 -0.0000 0.9239
vn -0.7071 -0.0000 0.7071
vn -0.9239 -0.0000 0.3827
vn -1.0000 -0.0000 -0.0000
vn -0.9239 -0.0000 -0.3827
vn -0.7071 -0.0000 -0.7071
vn -0.0000 1.0000 -0.0000
vn -0.3827 -0.0000 -0.9239
vn -0.0000 -1.0000 -0.0000
vt 1.000000 0.500000
vt 1.000000 1.000000
vt 0.937500 1.000000
vt 0.937500 0.500000
vt 0.875000 1.000000
vt 0.875000 0.500000
vt 0.812500 1.000000
vt 0.812500 0.500000
vt 0.750000 1.000000
vt 0.750000 0.500000
vt 0.687500 1.000000
vt 0.687500 0.500000
vt 0.625000 1.000000
vt 0.625000 0.500000
vt 0.562500 1.000000
vt 0.562500 0.500000
vt 0.500000 1.000000
vt 0.500000 0.500000
vt 0.437500 1.000000
vt 0.437500 0.500000
vt 0.375000 1.000000
vt 0.375000 0.500000
vt 0.312500 1.000000
vt 0.312500 0.500000
vt 0.250000 1.000000
vt 0.250000 0.500000
vt 0.187500 1.000000
vt 0.187500 0.500000
vt 0.125000 1.000000
vt 0.125000 0.500000
vt 0.341844 0.471731
vt 0.250000 0.490000
vt 0.158156 0.471731
vt 0.080294 0.419706
vt 0.028269 0.341844
vt 0.010000 0.250000
vt 0.028269 0.158156
vt 0.080294 0.080294
vt 0.158156 0.028269
vt 0.250000 0.010000
vt 0.341844 0.028269
vt 0.419706 0.080294
vt 0.471731 0.158156
vt 0.490000 0.250000
vt 0.471731 0.341844
vt 0.419706 0.419706
vt 0.062500 1.000000
vt 0.062500 0.500000
vt 0.000000 1.000000
vt 0.000000 0.500000
vt 0.750000 0.490000
vt 0.841844 0.471731
vt 0.919706 0.419706
vt 0.971731 0.341844
vt 0.990000 0.250000
vt 0.971731 0.158156
vt 0.919706 0.080294
vt 0.841844 0.028269
vt 0.750000 0.010000
vt 0.658156 0.028269
vt 0.580294 0.080294
vt 0.528269 0.158156
vt 0.510000 0.250000
vt 0.528269 0.341844
vt 0.580294 0.419706
vt 0.658156 0.471731
s 1
usemtl TV_Stand
f 1361/2334/1353 1362/2335/1353 1364/2336/1354 1363/2337/1354
f 1363/2337/1354 1364/2336/1354 1366/2338/1355 1365/2339/1355
f 1365/2339/1355 1366/2338/1355 1368/2340/1356 1367/2341/1356
f 1367/2341/1356 1368/2340/1356 1370/2342/1357 1369/2343/1357
f 1369/2343/1357 1370/2342/1357 1372/2344/1358 1371/2345/1358
f 1371/2345/1358 1372/2344/1358 1374/2346/1359 1373/2347/1359
f 1373/2347/1359 1374/2346/1359 1376/2348/1360 1375/2349/1360
f 1375/2349/1360 1376/2348/1360 1378/2350/1361 1377/2351/1361
f 1377/2351/1361 1378/2350/1361 1380/2352/1362 1379/2353/1362
f 1379/2353/1362 1380/2352/1362 1382/2354/1363 1381/2355/1363
f 1381/2355/1363 1382/2354/1363 1384/2356/1364 1383/2357/1364
f 1383/2357/1364 1384/2356/1364 1386/2358/1365 1385/2359/1365
f 1385/2359/1365 1386/2358/1365 1388/2360/1366 1387/2361/1366
f 1387/2361/1366 1388/2360/1366 1390/2362/1367 1389/2363/1367
f 1364/2364/1368 1362/2365/1368 1392/2366/1368 1390/2367/1368 1388/2368/1368 1386/2369/1368 1384/2370/1368 1382/2371/1368 1380/2372/1368 1378/2373/1368 1376/2374/1368 1374/2375/1368 1372/2376/1368 1370/2377/1368 1368/2378/1368 1366/2379/1368
f 1389/2363/1367 1390/2362/1367 1392/2380/1369 1391/2381/1369
f 1391/2381/1369 1392/2380/1369 1362/2382/1353 1361/2383/1353
f 1361/2384/1370 1363/2385/1370 1365/2386/1370 1367/2387/1370 1369/2388/1370 1371/2389/1370 1373/2390/1370 1375/2391/1370 1377/2392/1370 1379/2393/1370 1381/2394/1370 1383/2395/1370 1385/2396/1370 1387/2397/1370 1389/2398/1370 1391/2399/1370
o Cylinder06
v 0.299277 0.000986 0.548057
v 0.299277 0.056838 0.548057
v 0.309964 0.000986 0.550183
v 0.309964 0.056838 0.550183
v 0.319023 0.000986 0.556236
v 0.319023 0.056838 0.556236
v 0.325077 0.000986 0.565296
v 0.325077 0.056838 0.565296
v 0.327203 0.000986 0.575983
v 0.327203 0.056838 0.575983
v 0.325077 0.000986 0.586670
v 0.325077 0.056838 0.586670
v 0.319023 0.000986 0.595729
v 0.319023 0.056838 0.595729
v 0.309964 0.000986 0.601783
v 0.309964 0.056838 0.601783
v 0.299277 0.000986 0.603909
v 0.299277 0.056838 0.603909
v 0.288590 0.000986 0.601783
v 0.288590 0.056838 0.601783
v 0.279530 0.000986 0.595729
v 0.279530 0.056838 0.595729
v 0.273476 0.000986 0.586670
v 0.273476 0.056838 0.586670
v 0.271351 0.000986 0.575983
v 0.271351 0.056838 0.575983
v 0.273476 0.000986 0.565296
v 0.273476 0.056838 0.565296
v 0.279530 0.000986 0.556236
v 0.279530 0.056838 0.556236
v 0.288590 0.000986 0.550183
v 0.288590 0.056838 0.550183
vn -0.0000 -0.0000 -1.0000
vn 0.3827 -0.0000 -0.9239
vn 0.7071 -0.0000 -0.7071
vn 0.9239 -0.0000 -0.3827
vn 1.0000 -0.0000 -0.0000
vn 0.9239 -0.0000 0.3827
vn 0.7071 -0.0000 0.7071
vn 0.3827 -0.0000 0.9239
vn -0.0000 -0.0000 1.0000
vn -0.3827 -0.0000 0.9239
vn -0.7071 -0.0000 0.7071
vn -0.9239 -0.0000 0.3827
vn -1.0000 -0.0000 -0.0000
vn -0.9239 -0.0000 -0.3827
vn -0.7071 -0.0000 -0.7071
vn -0.0000 1.0000 -0.0000
vn -0.3827 -0.0000 -0.9239
vn -0.0000 -1.0000 -0.0000
vt 1.000000 0.500000
vt 1.000000 1.000000
vt 0.937500 1.000000
vt 0.937500 0.500000
vt 0.875000 1.000000
vt 0.875000 0.500000
vt 0.812500 1.000000
vt 0.812500 0.500000
vt 0.750000 1.000000
vt 0.750000 0.500000
vt 0.687500 1.000000
vt 0.687500 0.500000
vt 0.625000 1.000000
vt 0.625000 0.500000
vt 0.562500 1.000000
vt 0.562500 0.500000
vt 0.500000 1.000000
vt 0.500000 0.500000
vt 0.437500 1.000000
vt 0.437500 0.500000
vt 0.375000 1.000000
vt 0.375000 0.500000
vt 0.312500 1.000000
vt 0.312500 0.500000
vt 0.250000 1.000000
vt 0.250000 0.500000
vt 0.187500 1.000000
vt 0.187500 0.500000
vt 0.125000 1.000000
vt 0.125000 0.500000
vt 0.341844 0.471731
vt 0.250000 0.490000
vt 0.158156 0.471731
vt 0.080294 0.419706
vt 0.028269 0.341844
vt 0.010000 0.250000
vt 0.028269 0.158156
vt 0.080294 0.080294
vt 0.158156 0.028269
vt 0.250000 0.010000
vt 0.341844 0.028269
vt 0.419706 0.080294
vt 0.471731 0.158156
vt 0.490000 0.250000
vt 0.471731 0.341844
vt 0.419706 0.419706
vt 0.062500 1.000000
vt 0.062500 0.500000
vt 0.000000 1.000000
vt 0.000000 0.500000
vt 0.750000 0.490000
vt 0.841844 0.471731
vt 0.919706 0.419706
vt 0.971731 0.341844
vt 0.990000 0.250000
vt 0.971731 0.158156
vt 0.919706 0.080294
vt 0.841844 0.028269
vt 0.750000 0.010000
vt 0.658156 0.028269
vt 0.580294 0.080294
vt 0.528269 0.158156
vt 0.510000 0.250000
vt 0.528269 0.341844
vt 0.580294 0.419706
vt 0.658156 0.471731
s 1
usemtl TV_Stand
f 1393/2400/1371 1394/2401/1371 1396/2402/1372 1395/2403/1372
f 1395/2403/1372 1396/2402/1372 1398/2404/1373 1397/2405/1373
f 1397/2405/1373 1398/2404/1373 1400/2406/1374 1399/2407/1374
f 1399/2407/1374 1400/2406/1374 1402/2408/1375 1401/2409/1375
f 1401/2409/1375 1402/2408/1375 1404/2410/1376 1403/2411/1376
f 1403/2411/1376 1404/2410/1376 1406/2412/1377 1405/2413/1377
f 1405/2413/1377 1406/2412/1377 1408/2414/1378 1407/2415/1378
f 1407/2415/1378 1408/2414/1378 1410/2416/1379 1409/2417/1379
f 1409/2417/1379 1410/2416/1379 1412/2418/1380 1411/2419/1380
f 1411/2419/1380 1412/2418/1380 1414/2420/1381 1413/2421/1381
f 1413/2421/1381 1414/2420/1381 1416/2422/1382 1415/2423/1382
f 1415/2423/1382 1416/2422/1382 1418/2424/1383 1417/2425/1383
f 1417/2425/1383 1418/2424/1383 1420/2426/1384 1419/2427/1384
f 1419/2427/1384 1420/2426/1384 1422/2428/1385 1421/2429/1385
f 1396/2430/1386 1394/2431/1386 1424/2432/1386 1422/2433/1386 1420/2434/1386 1418/2435/1386 1416/2436/1386 1414/2437/1386 1412/2438/1386 1410/2439/1386 1408/2440/1386 1406/2441/1386 1404/2442/1386 1402/2443/1386 1400/2444/1386 1398/2445/1386
f 1421/2429/1385 1422/2428/1385 1424/2446/1387 1423/2447/1387
f 1423/2447/1387 1424/2446/1387 1394/2448/1371 1393/2449/1371
f 1393/2450/1388 1395/2451/1388 1397/2452/1388 1399/2453/1388 1401/2454/1388 1403/2455/1388 1405/2456/1388 1407/2457/1388 1409/2458/1388 1411/2459/1388 1413/2460/1388 1415/2461/1388 1417/2462/1388 1419/2463/1388 1421/2464/1388 1423/2465/1388
o Cylinder07
v -0.311279 0.000986 -0.605688
v -0.311279 0.056838 -0.605688
v -0.300592 0.000986 -0.603563
v -0.300592 0.056838 -0.603563
v -0.291532 0.000986 -0.597509
v -0.291532 0.056838 -0.597509
v -0.285479 0.000986 -0.588449
v -0.285479 0.056838 -0.588449
v -0.283353 0.000986 -0.577762
v -0.283353 0.056838 -0.577762
v -0.285479 0.000986 -0.567076
v -0.285479 0.056838 -0.567076
v -0.291532 0.000986 -0.558016
v -0.291532 0.056838 -0.558016
v -0.300592 0.000986 -0.551962
v -0.300592 0.056838 -0.551962
v -0.311279 0.000986 -0.549836
v -0.311279 0.056838 -0.549836
v -0.321966 0.000986 -0.551962
v -0.321966 0.056838 -0.551962
v -0.331026 0.000986 -0.558016
v -0.331026 0.056838 -0.558016
v -0.337079 0.000986 -0.567076
v -0.337079 0.056838 -0.567076
v -0.339205 0.000986 -0.577762
v -0.339205 0.056838 -0.577762
v -0.337079 0.000986 -0.588449
v -0.337079 0.056838 -0.588449
v -0.331026 0.000986 -0.597509
v -0.331026 0.056838 -0.597509
v -0.321966 0.000986 -0.603563
v -0.321966 0.056838 -0.603563
vn -0.0000 -0.0000 -1.0000
vn 0.3827 -0.0000 -0.9239
vn 0.7071 -0.0000 -0.7071
vn 0.9239 -0.0000 -0.3827
vn 1.0000 -0.0000 -0.0000
vn 0.9239 -0.0000 0.3827
vn 0.7071 -0.0000 0.7071
vn 0.3827 -0.0000 0.9239
vn -0.0000 -0.0000 1.0000
vn -0.3827 -0.0000 0.9239
vn -0.7071 -0.0000 0.7071
vn -0.9239 -0.0000 0.3827
vn -1.0000 -0.0000 -0.0000
vn -0.9239 -0.0000 -0.3827
vn -0.7071 -0.0000 -0.7071
vn -0.0000 1.0000 -0.0000
vn -0.3827 -0.0000 -0.9239
vn -0.0000 -1.0000 -0.0000
vt 1.000000 0.500000
vt 1.000000 1.000000
vt 0.937500 1.000000
vt 0.937500 0.500000
vt 0.875000 1.000000
vt 0.875000 0.500000
vt 0.812500 1.000000
vt 0.812500 0.500000
vt 0.750000 1.000000
vt 0.750000 0.500000
vt 0.687500 1.000000
vt 0.687500 0.500000
vt 0.625000 1.000000
vt 0.625000 0.500000
vt 0.562500 1.000000
vt 0.562500 0.500000
vt 0.500000 1.000000
vt 0.500000 0.500000
vt 0.437500 1.000000
vt 0.437500 0.500000
vt 0.375000 1.000000
vt 0.375000 0.500000
vt 0.312500 1.000000
vt 0.312500 0.500000
vt 0.250000 1.000000
vt 0.250000 0.500000
vt 0.187500 1.000000
vt 0.187500 0.500000
vt 0.125000 1.000000
vt 0.125000 0.500000
vt 0.341844 0.471731
vt 0.250000 0.490000
vt 0.158156 0.471731
vt 0.080294 0.419706
vt 0.028269 0.341844
vt 0.010000 0.250000
vt 0.028269 0.158156
vt 0.080294 0.080294
vt 0.158156 0.028269
vt 0.250000 0.010000
vt 0.341844 0.028269
vt 0.419706 0.080294
vt 0.471731 0.158156
vt 0.490000 0.250000
vt 0.471731 0.341844
vt 0.419706 0.419706
vt 0.062500 1.000000
vt 0.062500 0.500000
vt 0.000000 1.000000
vt 0.000000 0.500000
vt 0.750000 0.490000
vt 0.841844 0.471731
vt 0.919706 0.419706
vt 0.971731 0.341844
vt 0.990000 0.250000
vt 0.971731 0.158156
vt 0.919706 0.080294
vt 0.841844 0.028269
vt 0.750000 0.010000
vt 0.658156 0.028269
vt 0.580294 0.080294
vt 0.528269 0.158156
vt 0.510000 0.250000
vt 0.528269 0.341844
vt 0.580294 0.419706
vt 0.658156 0.471731
s 1
usemtl TV_Stand
f 1425/2466/1389 1426/2467/1389 1428/2468/1390 1427/2469/1390
f 1427/2469/1390 1428/2468/1390 1430/2470/1391 1429/2471/1391
f 1429/2471/1391 1430/2470/1391 1432/2472/1392 1431/2473/1392
f 1431/2473/1392 1432/2472/1392 1434/2474/1393 1433/2475/1393
f 1433/2475/1393 1434/2474/1393 1436/2476/1394 1435/2477/1394
f 1435/2477/1394 1436/2476/1394 1438/2478/1395 1437/2479/1395
f 1437/2479/1395 1438/2478/1395 1440/2480/1396 1439/2481/1396
f 1439/2481/1396 1440/2480/1396 1442/2482/1397 1441/2483/1397
f 1441/2483/1397 1442/2482/1397 1444/2484/1398 1443/2485/1398
f 1443/2485/1398 1444/2484/1398 1446/2486/1399 1445/2487/1399
f 1445/2487/1399 1446/2486/1399 1448/2488/1400 1447/2489/1400
f 1447/2489/1400 1448/2488/1400 1450/2490/1401 1449/2491/1401
f 1449/2491/1401 1450/2490/1401 1452/2492/1402 1451/2493/1402
f 1451/2493/1402 1452/2492/1402 1454/2494/1403 1453/2495/1403
f 1428/2496/1404 1426/2497/1404 1456/2498/1404 1454/2499/1404 1452/2500/1404 1450/2501/1404 1448/2502/1404 1446/2503/1404 1444/2504/1404 1442/2505/1404 1440/2506/1404 1438/2507/1404 1436/2508/1404 1434/2509/1404 1432/2510/1404 1430/2511/1404
f 1453/2495/1403 1454/2494/1403 1456/2512/1405 1455/2513/1405
f 1455/2513/1405 1456/2512/1405 1426/2514/1389 1425/2515/1389
f 1425/2516/1406 1427/2517/1406 1429/2518/1406 1431/2519/1406 1433/2520/1406 1435/2521/1406 1437/2522/1406 1439/2523/1406 1441/2524/1406 1443/2525/1406 1445/2526/1406 1447/2527/1406 1449/2528/1406 1451/2529/1406 1453/2530/1406 1455/2531/1406
o Cylinder08
v 0.299277 0.000986 -0.605688
v 0.299277 0.056838 -0.605688
v 0.309964 0.000986 -0.603563
v 0.309964 0.056838 -0.603563
v 0.319023 0.000986 -0.597509
v 0.319023 0.056838 -0.597509
v 0.325077 0.000986 -0.588449
v 0.325077 0.056838 -0.588449
v 0.327203 0.000986 -0.577762
v 0.327203 0.056838 -0.577762
v 0.325077 0.000986 -0.567076
v 0.325077 0.056838 -0.567076
v 0.319023 0.000986 -0.558016
v 0.319023 0.056838 -0.558016
v 0.309964 0.000986 -0.551962
v 0.309964 0.056838 -0.551962
v 0.299277 0.000986 -0.549836
v 0.299277 0.056838 -0.549836
v 0.288590 0.000986 -0.551962
v 0.288590 0.056838 -0.551962
v 0.279530 0.000986 -0.558016
v 0.279530 0.056838 -0.558016
v 0.273476 0.000986 -0.567076
v 0.273476 0.056838 -0.567076
v 0.271351 0.000986 -0.577762
v 0.271351 0.056838 -0.577762
v 0.273476 0.000986 -0.588449
v 0.273476 0.056838 -0.588449
v 0.279530 0.000986 -0.597509
v 0.279530 0.056838 -0.597509
v 0.288590 0.000986 -0.603563
v 0.288590 0.056838 -0.603563
vn -0.0000 -0.0000 -1.0000
vn 0.3827 -0.0000 -0.9239
vn 0.7071 -0.0000 -0.7071
vn 0.9239 -0.0000 -0.3827
vn 1.0000 -0.0000 -0.0000
vn 0.9239 -0.0000 0.3827
vn 0.7071 -0.0000 0.7071
vn 0.3827 -0.0000 0.9239
vn -0.0000 -0.0000 1.0000
vn -0.3827 -0.0000 0.9239
vn -0.7071 -0.0000 0.7071
vn -0.9239 -0.0000 0.3827
vn -1.0000 -0.0000 -0.0000
vn -0.9239 -0.0000 -0.3827
vn -0.7071 -0.0000 -0.7071
vn -0.0000 1.0000 -0.0000
vn -0.3827 -0.0000 -0.9239
vn -0.0000 -1.0000 -0.0000
vt 1.000000 0.500000
vt 1.000000 1.000000
vt 0.937500 1.000000
vt 0.937500 0.500000
vt 0.875000 1.000000
vt 0.875000 0.500000
vt 0.812500 1.000000
vt 0.812500 0.500000
vt 0.750000 1.000000
vt 0.750000 0.500000
vt 0.687500 1.000000
vt 0.687500 0.500000
vt 0.625000 1.000000
vt 0.625000 0.500000
vt 0.562500 1.000000
vt 0.562500 0.500000
vt 0.500000 1.000000
vt 0.500000 0.500000
vt 0.437500 1.000000
vt 0.437500 0.500000
vt 0.375000 1.000000
vt 0.375000 0.500000
vt 0.312500 1.000000
vt 0.312500 0.500000
vt 0.250000 1.000000
vt 0.250000 0.500000
vt 0.187500 1.000000
vt 0.187500 0.500000
vt 0.125000 1.000000
vt 0.125000 0.500000
vt 0.341844 0.471731
vt 0.250000 0.490000
vt 0.158156 0.471731
vt 0.080294 0.419706
vt 0.028269 0.341844
vt 0.010000 0.250000
vt 0.028269 0.158156
vt 0.080294 0.080294
vt 0.158156 0.028269
vt 0.250000 0.010000
vt 0.341844 0.028269
vt 0.419706 0.080294
vt 0.471731 0.158156
vt 0.490000 0.250000
vt 0.471731 0.341844
vt 0.419706 0.419706
vt 0.062500 1.000000
vt 0.062500 0.500000
vt 0.000000 1.000000
vt 0.000000 0.500000
vt 0.750000 0.490000
vt 0.841844 0.471731
vt 0.919706 0.419706
vt 0.971731 0.341844
vt 0.990000 0.250000
vt 0.971731 0.158156
vt 0.919706 0.080294
vt 0.841844 0.028269
vt 0.750000 0.010000
vt 0.658156 0.028269
vt 0.580294 0.080294
vt 0.528269 0.158156
vt 0.510000 0.250000
vt 0.528269 0.341844
vt 0.580294 0.419706
vt 0.658156 0.471731
s 1
usemtl TV_Stand
f 1457/2532/1407 1458/2533/1407 1460/2534/1408 1459/2535/1408
f 1459/2535/1408 1460/2534/1408 1462/2536/1409 1461/2537/1409
f 1461/2537/1409 1462/2536/1409 1464/2538/1410 1463/2539/1410
f 1463/2539/1410 1464/2538/1410 1466/2540/1411 1465/2541/1411
f 1465/2541/1411 1466/2540/1411 1468/2542/1412 1467/2543/1412
f 1467/2543/1412 1468/2542/1412 1470/2544/1413 1469/2545/1413
f 1469/2545/1413 1470/2544/1413 1472/2546/1414 1471/2547/1414
f 1471/2547/1414 1472/2546/1414 1474/2548/1415 1473/2549/1415
f 1473/2549/1415 1474/2548/1415 1476/2550/1416 1475/2551/1416
f 1475/2551/1416 1476/2550/1416 1478/2552/1417 1477/2553/1417
f 1477/2553/1417 1478/2552/1417 1480/2554/1418 1479/2555/1418
f 1479/2555/1418 1480/2554/1418 1482/2556/1419 1481/2557/1419
f 1481/2557/1419 1482/2556/1419 1484/2558/1420 1483/2559/1420
f 1483/2559/1420 1484/2558/1420 1486/2560/1421 1485/2561/1421
f 1460/2562/1422 1458/2563/1422 1488/2564/1422 1486/2565/1422 1484/2566/1422 1482/2567/1422 1480/2568/1422 1478/2569/1422 1476/2570/1422 1474/2571/1422 1472/2572/1422 1470/2573/1422 1468/2574/1422 1466/2575/1422 1464/2576/1422 1462/2577/1422
f 1485/2561/1421 1486/2560/1421 1488/2578/1423 1487/2579/1423
f 1487/2579/1423 1488/2578/1423 1458/2580/1407 1457/2581/1407
f 1457/2582/1424 1459/2583/1424 1461/2584/1424 1463/2585/1424 1465/2586/1424 1467/2587/1424 1469/2588/1424 1471/2589/1424 1473/2590/1424 1475/2591/1424 1477/2592/1424 1479/2593/1424 1481/2594/1424 1483/2595/1424 1485/2596/1424 1487/2597/1424
