# Blender 4.2.0
# www.blender.org
mtllib UtilityDoor_Tris.mtl
o UtilityDoor
v 0.609600 2.438400 -0.015240
v 0.609600 0.000000 -0.015240
v 0.609600 2.438400 0.015240
v 0.609600 0.000000 0.015240
v -0.609600 2.438400 -0.015240
v -0.609600 0.000000 -0.015240
v -0.609600 2.438400 0.015240
v -0.609600 0.000000 0.015240
v -0.004099 2.260864 0.098421
v 0.076240 2.237542 0.044399
v -0.004099 2.356138 0.098421
v 0.076240 2.374414 0.044399
v -0.004099 2.260864 0.015223
v 0.079901 2.237542 0.044760
v -0.004099 2.356138 0.015223
v 0.079901 2.374414 0.044760
v 0.305440 2.260864 0.098421
v 0.083421 2.237542 0.045827
v 0.305440 2.356138 0.098421
v 0.083421 2.374414 0.045827
v 0.305440 2.260864 0.015223
v 0.086664 2.237542 0.047561
v 0.305440 2.356138 0.015223
v 0.086664 2.374414 0.047561
v 0.089508 2.237542 0.049895
v 0.089508 2.374414 0.049895
v 0.091841 2.237542 0.052738
v 0.091841 2.374414 0.052738
v 0.093575 2.237542 0.055982
v 0.093575 2.374414 0.055982
v 0.094642 2.237542 0.059501
v 0.094642 2.374414 0.059501
v 0.095003 2.237542 0.063162
v 0.095003 2.374414 0.063162
v 0.094642 2.237542 0.066822
v 0.094642 2.374414 0.066822
v 0.093575 2.237542 0.070342
v 0.093575 2.374414 0.070342
v 0.091841 2.237542 0.073585
v 0.091841 2.374414 0.073585
v 0.089508 2.237542 0.076429
v 0.089508 2.374414 0.076429
v 0.086664 2.237542 0.078762
v 0.086664 2.374414 0.078762
v 0.083421 2.237542 0.080496
v 0.083421 2.374414 0.080496
v 0.079901 2.237542 0.081564
v 0.079901 2.374414 0.081564
v 0.076240 2.237542 0.081924
v 0.076240 2.374414 0.081924
v 0.072580 2.237542 0.081564
v 0.072580 2.374414 0.081564
v 0.069060 2.237542 0.080496
v 0.069060 2.374414 0.080496
v 0.065817 2.237542 0.078762
v 0.065817 2.374414 0.078762
v 0.062973 2.237542 0.076429
v 0.062973 2.374414 0.076429
v 0.060640 2.237542 0.073585
v 0.060640 2.374414 0.073585
v 0.058906 2.237542 0.070342
v 0.058906 2.374414 0.070342
v 0.057839 2.237542 0.066822
v 0.057839 2.374414 0.066822
v 0.057478 2.237542 0.063162
v 0.057478 2.374414 0.063162
v 0.057839 2.237542 0.059501
v 0.057839 2.374414 0.059501
v 0.058906 2.237542 0.055982
v 0.058906 2.374414 0.055982
v 0.060640 2.237542 0.052738
v 0.060640 2.374414 0.052738
v 0.062973 2.237542 0.049895
v 0.062973 2.374414 0.049895
v 0.065817 2.237542 0.047561
v 0.065817 2.374414 0.047561
v 0.069060 2.237542 0.045827
v 0.069060 2.374414 0.045827
v 0.072580 2.237542 0.044760
v 0.072580 2.374414 0.044760
v 0.057478 2.260864 0.063162
v 0.057839 2.260864 0.066822
v 0.057839 2.260864 0.059501
v 0.058906 2.260864 0.070342
v 0.060640 2.260864 0.052738
v 0.060640 2.260864 0.073585
v 0.058906 2.260864 0.055982
v 0.062973 2.260864 0.076429
v 0.065817 2.260864 0.047561
v 0.072580 2.260864 0.081564
v 0.069060 2.260864 0.080496
v 0.072580 2.260864 0.044760
v 0.065817 2.260864 0.078762
v 0.069060 2.260864 0.045827
v 0.062973 2.260864 0.049895
v 0.079901 2.260864 0.081564
v 0.079901 2.260864 0.044760
v 0.086664 2.260864 0.078762
v 0.086664 2.260864 0.047561
v 0.083421 2.260864 0.080496
v 0.083421 2.260864 0.045827
v 0.091841 2.260864 0.073585
v 0.091841 2.260864 0.052738
v 0.095003 2.260864 0.063162
v 0.094642 2.260864 0.059501
v 0.094642 2.260864 0.066822
v 0.093575 2.260864 0.055982
v 0.093575 2.260864 0.070342
v 0.089508 2.260864 0.049895
v 0.089508 2.260864 0.076429
v 0.076240 2.260864 0.081924
v 0.076240 2.260864 0.044399
v 0.057839 2.356138 0.066822
v 0.057478 2.356138 0.063162
v 0.058906 2.356138 0.070342
v 0.058906 2.356138 0.055982
v 0.057839 2.356138 0.059501
v 0.065817 2.356138 0.078762
v 0.065817 2.356138 0.047561
v 0.062973 2.356138 0.076429
v 0.062973 2.356138 0.049895
v 0.060640 2.356138 0.073585
v 0.060640 2.356138 0.052738
v 0.076240 2.356138 0.044399
v 0.072580 2.356138 0.044760
v 0.086664 2.356138 0.047561
v 0.083421 2.356138 0.045827
v 0.079901 2.356138 0.044760
v 0.093575 2.356138 0.070342
v 0.091841 2.356138 0.052738
v 0.095003 2.356138 0.063162
v 0.094642 2.356138 0.066822
v 0.094642 2.356138 0.059501
v 0.093575 2.356138 0.055982
v 0.089508 2.356138 0.049895
v 0.069060 2.356138 0.045827
v 0.072580 2.356138 0.081564
v 0.069060 2.356138 0.080496
v 0.079901 2.356138 0.081564
v 0.076240 2.356138 0.081924
v 0.086664 2.356138 0.078762
v 0.091841 2.356138 0.073585
v 0.083421 2.356138 0.080496
v 0.089508 2.356138 0.076429
v 0.075158 2.379843 0.044430
v 0.075158 2.376106 0.044430
v 0.078833 2.379843 0.044579
v 0.078833 2.376106 0.044579
v 0.082408 2.379843 0.045442
v 0.082408 2.376106 0.045442
v 0.085747 2.379843 0.046986
v 0.085747 2.376106 0.046986
v 0.088720 2.379843 0.049151
v 0.088720 2.376106 0.049151
v 0.091213 2.379843 0.051855
v 0.091213 2.376106 0.051855
v 0.093131 2.379843 0.054993
v 0.093131 2.376106 0.054993
v 0.094400 2.379843 0.058445
v 0.094400 2.376106 0.058445
v 0.094972 2.379843 0.062079
v 0.094972 2.376106 0.062079
v 0.094823 2.379843 0.065754
v 0.094823 2.376106 0.065754
v 0.093960 2.379843 0.069329
v 0.093960 2.376106 0.069329
v 0.092417 2.379843 0.072668
v 0.092417 2.376106 0.072668
v 0.090251 2.379843 0.075641
v 0.090251 2.376106 0.075641
v 0.087547 2.379843 0.078134
v 0.087547 2.376106 0.078134
v 0.084409 2.379843 0.080053
v 0.084409 2.376106 0.080053
v 0.080957 2.379843 0.081322
v 0.080957 2.376106 0.081322
v 0.077323 2.379843 0.081893
v 0.077323 2.376106 0.081893
v 0.073648 2.379843 0.081744
v 0.073648 2.376106 0.081744
v 0.070073 2.379843 0.080881
v 0.070073 2.376106 0.080881
v 0.066734 2.379843 0.079338
v 0.066734 2.376106 0.079338
v 0.063761 2.379843 0.077172
v 0.063761 2.376106 0.077172
v 0.061268 2.379843 0.074469
v 0.061268 2.376106 0.074469
v 0.059350 2.379843 0.071330
v 0.059350 2.376106 0.071330
v 0.058080 2.379843 0.067878
v 0.058080 2.376106 0.067878
v 0.057509 2.379843 0.064245
v 0.057509 2.376106 0.064245
v 0.057658 2.379843 0.060570
v 0.057658 2.376106 0.060570
v 0.058521 2.379843 0.056994
v 0.058521 2.376106 0.056994
v 0.060064 2.379843 0.053656
v 0.060064 2.376106 0.053656
v 0.062230 2.379843 0.050682
v 0.062230 2.376106 0.050682
v 0.064934 2.379843 0.048189
v 0.064934 2.376106 0.048189
v 0.068072 2.379843 0.046271
v 0.068072 2.376106 0.046271
v 0.071524 2.379843 0.045002
v 0.071524 2.376106 0.045002
v -0.265719 2.400174 0.093374
v -0.265719 2.396436 0.093374
v -0.267638 2.400174 0.090236
v -0.267638 2.396436 0.090236
v -0.268907 2.400174 0.086783
v -0.268907 2.396436 0.086783
v -0.269478 2.400174 0.083150
v -0.269478 2.396436 0.083150
v -0.269329 2.400174 0.079475
v -0.269329 2.396436 0.079475
v -0.268466 2.400174 0.075899
v -0.268466 2.396436 0.075899
v -0.266923 2.400174 0.072561
v -0.266923 2.396436 0.072561
v 0.039071 2.400174 0.072503
v 0.038868 2.396436 0.068989
v 0.038656 2.396436 0.065335
v 0.039258 2.400174 0.075741
v 0.039258 2.396436 0.075741
v 0.038242 2.400174 0.058166
v 0.038055 2.400174 0.054928
v 0.039071 2.396436 0.072503
v 0.038055 2.396436 0.054928
v 0.038242 2.396436 0.058166
v 0.038656 2.400174 0.065335
v 0.038445 2.400174 0.061680
v 0.038445 2.396436 0.061680
v 0.038868 2.400174 0.068989
v -0.246388 2.406032 0.100493
v -0.246388 2.402294 0.100493
v -0.250057 2.406032 0.100752
v -0.250057 2.402294 0.100752
v -0.253706 2.406032 0.100290
v -0.253706 2.402294 0.100290
v -0.257195 2.406032 0.099126
v -0.257195 2.402294 0.099126
v -0.260389 2.406032 0.097303
v -0.260389 2.402294 0.097303
v -0.263167 2.406032 0.094891
v -0.263167 2.402294 0.094891
v -0.265420 2.406032 0.091985
v -0.265420 2.402294 0.091985
v -0.267063 2.406032 0.088694
v -0.267063 2.402294 0.088694
v -0.268033 2.406032 0.085146
v -0.268033 2.402294 0.085146
v -0.268292 2.406032 0.081477
v -0.268292 2.402294 0.081477
v -0.267830 2.406032 0.077828
v -0.267830 2.402294 0.077828
v -0.266666 2.406032 0.074339
v -0.266666 2.402294 0.074339
v -0.264843 2.406032 0.071145
v -0.264843 2.402294 0.071145
v -0.262431 2.406032 0.068367
v -0.262431 2.402294 0.068367
v -0.259525 2.406032 0.066114
v -0.259525 2.402294 0.066114
v -0.256234 2.406032 0.064470
v -0.256234 2.402294 0.064470
v -0.252686 2.406032 0.063501
v -0.252686 2.402294 0.063501
v -0.249017 2.406032 0.063242
v -0.249017 2.402294 0.063242
v -0.245368 2.406032 0.063703
v -0.245368 2.402294 0.063703
v -0.241879 2.406032 0.064868
v -0.241879 2.402294 0.064868
v -0.238685 2.406032 0.066691
v -0.238685 2.402294 0.066691
v -0.235907 2.406032 0.069103
v -0.235907 2.402294 0.069103
v -0.233654 2.406032 0.072009
v -0.233654 2.402294 0.072009
v -0.232010 2.406032 0.075300
v -0.232010 2.402294 0.075300
v -0.231041 2.406032 0.078848
v -0.231041 2.402294 0.078848
v -0.230782 2.406032 0.082517
v -0.230782 2.402294 0.082517
v -0.231243 2.406032 0.086166
v -0.231243 2.402294 0.086166
v -0.232408 2.406032 0.089655
v -0.232408 2.402294 0.089655
v -0.234231 2.406032 0.092849
v -0.234231 2.402294 0.092849
v -0.236643 2.406032 0.095627
v -0.236643 2.402294 0.095627
v -0.239549 2.406032 0.097880
v -0.239549 2.402294 0.097880
v -0.242840 2.406032 0.099524
v -0.242840 2.402294 0.099524
v 0.086979 2.426363 0.014130
v 0.086979 2.422625 0.014130
v 0.089233 2.426363 0.017036
v 0.089233 2.422625 0.017036
v 0.090876 2.426363 0.020327
v 0.090876 2.422625 0.020327
v 0.091846 2.426363 0.023875
v 0.091846 2.422625 0.023875
v 0.092105 2.426363 0.027544
v 0.092105 2.422625 0.027544
v 0.091643 2.426363 0.031193
v 0.091643 2.422625 0.031193
v 0.090479 2.426363 0.034682
v 0.090479 2.422625 0.034682
v -0.213629 2.426363 0.068600
v -0.213039 2.422625 0.072070
v -0.212424 2.422625 0.075678
v -0.214174 2.426363 0.065402
v -0.214174 2.422625 0.065402
v -0.211219 2.426363 0.082757
v -0.210675 2.426363 0.085954
v -0.213629 2.422625 0.068600
v -0.210675 2.422625 0.085954
v -0.211219 2.422625 0.082757
v -0.212424 2.426363 0.075678
v -0.211810 2.426363 0.079287
v -0.211810 2.422625 0.079287
v -0.213039 2.426363 0.072070
v 0.070594 2.422930 0.018056
v 0.070594 2.436779 0.018056
v 0.072413 2.422930 0.017928
v 0.072413 2.436779 0.017928
v 0.074223 2.422930 0.018157
v 0.074223 2.436779 0.018157
v 0.075952 2.422930 0.018734
v 0.075952 2.436779 0.018734
v 0.077536 2.422930 0.019638
v 0.077536 2.436779 0.019638
v 0.078914 2.422930 0.020834
v 0.078914 2.436779 0.020834
v 0.080031 2.422930 0.022275
v 0.080031 2.436779 0.022275
v 0.080846 2.422930 0.023907
v 0.080846 2.436779 0.023907
v 0.081327 2.422930 0.025666
v 0.081327 2.436779 0.025666
v 0.081455 2.422930 0.027485
v 0.081455 2.436779 0.027485
v 0.081226 2.422930 0.029295
v 0.081226 2.436779 0.029295
v 0.080649 2.422930 0.031024
v 0.080649 2.436779 0.031024
v 0.079745 2.422930 0.032608
v 0.079745 2.436779 0.032608
v 0.078549 2.422930 0.033986
v 0.078549 2.436779 0.033986
v 0.077108 2.422930 0.035103
v 0.077108 2.436779 0.035103
v 0.075476 2.422930 0.035918
v 0.075476 2.436779 0.035918
v 0.073717 2.422930 0.036399
v 0.073717 2.436779 0.036399
v 0.071898 2.422930 0.036527
v 0.071898 2.436779 0.036527
v 0.070088 2.422930 0.036298
v 0.070088 2.436779 0.036298
v 0.068358 2.422930 0.035721
v 0.068358 2.436779 0.035721
v 0.066774 2.422930 0.034817
v 0.066774 2.436779 0.034817
v 0.065397 2.422930 0.033621
v 0.065397 2.436779 0.033621
v 0.064280 2.422930 0.032180
v 0.064280 2.436779 0.032180
v 0.063465 2.422930 0.030548
v 0.063465 2.436779 0.030548
v 0.062984 2.422930 0.028789
v 0.062984 2.436779 0.028789
v 0.062856 2.422930 0.026970
v 0.062856 2.436779 0.026970
v 0.063085 2.422930 0.025160
v 0.063085 2.436779 0.025160
v 0.063662 2.422930 0.023430
v 0.063662 2.436779 0.023430
v 0.064566 2.422930 0.021846
v 0.064566 2.436779 0.021846
v 0.065762 2.422930 0.020469
v 0.065762 2.436779 0.020469
v 0.067203 2.422930 0.019352
v 0.067203 2.436779 0.019352
v 0.068835 2.422930 0.018537
v 0.068835 2.436779 0.018537
v -0.139080 2.393008 0.037770
v -0.139080 2.419474 0.037770
v -0.139080 2.393008 0.015292
v -0.139080 2.419474 0.015292
v 0.470520 2.393008 0.037770
v 0.470520 2.419474 0.037770
v 0.470520 2.393008 0.015292
v 0.470520 2.419474 0.015292
v 0.550642 1.637678 0.017949
v 0.550642 1.888563 0.017949
v 0.552596 1.637678 0.018141
v 0.552596 1.888563 0.018141
v 0.554475 1.637678 0.018711
v 0.554475 1.888563 0.018711
v 0.556206 1.637678 0.019637
v 0.556206 1.888563 0.019637
v 0.557724 1.637678 0.020882
v 0.557724 1.888563 0.020882
v 0.558970 1.637678 0.022400
v 0.558970 1.888563 0.022400
v 0.559895 1.637678 0.024132
v 0.559895 1.888563 0.024132
v 0.560465 1.637678 0.026011
v 0.560465 1.888563 0.026011
v 0.560658 1.637678 0.027965
v 0.560658 1.888563 0.027965
v 0.560465 1.637678 0.029919
v 0.560465 1.888563 0.029919
v 0.559895 1.637678 0.031797
v 0.559895 1.888563 0.031797
v 0.558970 1.637678 0.033529
v 0.558970 1.888563 0.033529
v 0.557724 1.637678 0.035047
v 0.557724 1.888563 0.035047
v 0.556206 1.637678 0.036292
v 0.556206 1.888563 0.036292
v 0.554475 1.637678 0.037218
v 0.554475 1.888563 0.037218
v 0.552596 1.637678 0.037788
v 0.552596 1.888563 0.037788
v 0.550642 1.637678 0.037980
v 0.550642 1.888563 0.037980
v 0.548688 1.637678 0.037788
v 0.548688 1.888563 0.037788
v 0.546809 1.637678 0.037218
v 0.546809 1.888563 0.037218
v 0.545077 1.637678 0.036292
v 0.545077 1.888563 0.036292
v 0.543560 1.637678 0.035047
v 0.543560 1.888563 0.035047
v 0.542314 1.637678 0.033529
v 0.542314 1.888563 0.033529
v 0.541389 1.637678 0.031797
v 0.541389 1.888563 0.031797
v 0.540819 1.637678 0.029919
v 0.540819 1.888563 0.029919
v 0.540626 1.637678 0.027965
v 0.540626 1.888563 0.027965
v 0.540819 1.637678 0.026011
v 0.540819 1.888563 0.026011
v 0.541389 1.637678 0.024132
v 0.541389 1.888563 0.024132
v 0.542314 1.637678 0.022400
v 0.542314 1.888563 0.022400
v 0.543560 1.637678 0.020882
v 0.543560 1.888563 0.020882
v 0.545077 1.637678 0.019637
v 0.545077 1.888563 0.019637
v 0.546809 1.637678 0.018711
v 0.546809 1.888563 0.018711
v 0.548688 1.637678 0.018141
v 0.548688 1.888563 0.018141
v 0.550642 0.634141 0.017949
v 0.550642 0.885025 0.017949
v 0.552596 0.634141 0.018141
v 0.552596 0.885025 0.018141
v 0.554475 0.634141 0.018711
v 0.554475 0.885025 0.018711
v 0.556206 0.634141 0.019637
v 0.556206 0.885025 0.019637
v 0.557724 0.634141 0.020882
v 0.557724 0.885025 0.020882
v 0.558970 0.634141 0.022400
v 0.558970 0.885025 0.022400
v 0.559895 0.634141 0.024132
v 0.559895 0.885025 0.024132
v 0.560465 0.634141 0.026011
v 0.560465 0.885025 0.026011
v 0.560658 0.634141 0.027965
v 0.560658 0.885025 0.027965
v 0.560465 0.634141 0.029919
v 0.560465 0.885025 0.029919
v 0.559895 0.634141 0.031797
v 0.559895 0.885025 0.031797
v 0.558970 0.634141 0.033529
v 0.558970 0.885025 0.033529
v 0.557724 0.634141 0.035047
v 0.557724 0.885025 0.035047
v 0.556206 0.634141 0.036292
v 0.556206 0.885025 0.036292
v 0.554475 0.634141 0.037218
v 0.554475 0.885025 0.037218
v 0.552596 0.634141 0.037788
v 0.552596 0.885025 0.037788
v 0.550642 0.634141 0.037980
v 0.550642 0.885025 0.037980
v 0.548688 0.634141 0.037788
v 0.548688 0.885025 0.037788
v 0.546809 0.634141 0.037218
v 0.546809 0.885025 0.037218
v 0.545077 0.634141 0.036292
v 0.545077 0.885025 0.036292
v 0.543560 0.634141 0.035047
v 0.543560 0.885025 0.035047
v 0.542314 0.634141 0.033529
v 0.542314 0.885025 0.033529
v 0.541389 0.634141 0.031797
v 0.541389 0.885025 0.031797
v 0.540819 0.634141 0.029919
v 0.540819 0.885025 0.029919
v 0.540626 0.634141 0.027965
v 0.540626 0.885025 0.027965
v 0.540819 0.634141 0.026011
v 0.540819 0.885025 0.026011
v 0.541389 0.634141 0.024132
v 0.541389 0.885025 0.024132
v 0.542314 0.634141 0.022400
v 0.542314 0.885025 0.022400
v 0.543560 0.634141 0.020882
v 0.543560 0.885025 0.020882
v 0.545077 0.634141 0.019637
v 0.545077 0.885025 0.019637
v 0.546809 0.634141 0.018711
v 0.546809 0.885025 0.018711
v 0.548688 0.634141 0.018141
v 0.548688 0.885025 0.018141
v -0.516465 0.973141 0.015292
v -0.516465 1.314803 0.015292
v 0.502340 1.097505 0.054497
v 0.502340 1.190439 0.054497
v 0.502340 1.097505 0.015292
v 0.502340 1.190439 0.015292
v -0.413123 0.973141 0.015292
v -0.413123 1.314803 0.015292
v -0.402013 1.190439 0.015292
v -0.402013 1.097505 0.054497
v -0.402013 1.097505 0.015292
v -0.402013 1.190439 0.054497
v -0.413123 1.190439 0.074979
v 0.502340 1.190439 0.074979
v -0.516465 1.190439 0.074979
v 0.502340 1.097505 0.074979
v -0.413123 1.097505 0.074979
v -0.516465 1.097505 0.074979
v -0.402013 1.097505 0.074979
v -0.402013 1.190439 0.074979
v 0.502340 1.181832 0.054497
v 0.502340 1.106112 0.054497
v -0.402013 1.106112 0.054497
v -0.402013 1.106112 0.015292
v -0.413123 1.106112 0.015292
v -0.402013 1.181832 0.054497
v -0.413123 1.181832 0.054497
v -0.413123 1.181832 0.015292
v -0.413123 1.181832 0.074979
v -0.413123 1.181832 0.097739
v -0.402013 1.181832 0.097739
v -0.413123 1.106112 0.097739
v 0.502340 1.181832 0.074979
v 0.502340 1.106112 0.074979
v -0.402013 1.181832 0.015292
v -0.402013 1.106112 0.097739
v -0.402013 1.106112 0.074979
v -0.402013 1.181832 0.074979
v -0.516465 1.065396 0.054497
v -0.516465 1.097505 0.068042
v -0.516465 1.077683 0.055528
v -0.516465 1.088100 0.058464
v -0.516465 1.095061 0.062858
v -0.516465 1.190439 0.068042
v -0.516465 1.222548 0.054497
v -0.516465 1.192883 0.062858
v -0.516465 1.199844 0.058464
v -0.516465 1.210260 0.055528
v -0.413123 1.097505 0.068042
v -0.413123 1.065396 0.054497
v -0.413123 1.095061 0.062858
v -0.413123 1.088100 0.058464
v -0.413123 1.077683 0.055528
v -0.413123 1.222548 0.054497
v -0.413123 1.190439 0.068042
v -0.413123 1.210260 0.055528
v -0.413123 1.199844 0.058464
v -0.413123 1.192883 0.062858
v -0.516465 1.097505 0.105527
v -0.516465 1.117684 0.114040
v -0.516465 1.103415 0.111547
v -0.516465 1.170260 0.114040
v -0.516465 1.190439 0.105527
v -0.516465 1.184529 0.111547
v -0.413123 1.117684 0.114040
v -0.413123 1.097505 0.105527
v -0.413123 1.103415 0.111547
v -0.413123 1.190439 0.105527
v -0.413123 1.170260 0.114040
v -0.413123 1.184529 0.111547
v -0.516465 0.973141 0.042394
v -0.516465 1.001831 0.054497
v -0.516465 0.981544 0.050952
v -0.516465 1.286113 0.054497
v -0.516465 1.314803 0.042394
v -0.516465 1.306400 0.050952
v -0.413123 1.314803 0.042394
v -0.413123 1.286113 0.054497
v -0.413123 1.306400 0.050952
v -0.413123 1.001831 0.054497
v -0.413123 0.973141 0.042394
v -0.413123 0.981544 0.050952
v 0.502340 1.190439 0.105483
v 0.502340 1.170154 0.114040
v 0.502340 1.184498 0.111534
v 0.502340 1.117790 0.114040
v 0.502340 1.097505 0.105483
v 0.502340 1.103446 0.111534
v -0.402013 1.097505 0.105483
v -0.402013 1.117790 0.114040
v -0.402013 1.101915 0.105688
v -0.402013 1.103446 0.111534
v -0.402013 1.170154 0.114040
v -0.402013 1.190439 0.105483
v -0.402013 1.186029 0.105688
v -0.402013 1.184498 0.111534
v -0.463956 2.432033 0.038446
v -0.463956 0.012078 0.038446
v -0.470976 2.432033 0.035538
v -0.470976 0.012078 0.035538
v -0.473884 2.432033 0.028518
v -0.473884 0.012078 0.028518
v -0.470976 2.432033 0.021497
v -0.470976 0.012078 0.021497
v -0.463956 2.432033 0.018589
v -0.463956 0.012078 0.018589
v -0.456935 2.432033 0.021497
v -0.456935 0.012078 0.021497
v -0.454027 2.432033 0.028518
v -0.454027 0.012078 0.028518
v -0.456935 2.432033 0.035538
v -0.456935 0.012078 0.035538
v -0.489787 2.314722 0.066686
v -0.489787 2.447339 0.066686
v -0.489787 2.314722 0.015397
v -0.489787 2.447339 0.015397
v -0.438497 2.314722 0.066686
v -0.438497 2.447339 0.066686
v -0.438497 2.314722 0.015397
v -0.438497 2.447339 0.015397
v -0.438125 2.314722 0.066686
v -0.438125 2.447339 0.066686
v -0.438125 2.314722 0.015397
v -0.438125 2.447339 0.015397
v -0.489414 2.314722 0.066686
v -0.489414 2.447339 0.066686
v -0.489414 2.314722 0.015397
v -0.489414 2.447339 0.015397
v -0.489787 0.129389 0.066686
v -0.489787 -0.003228 0.066686
v -0.489787 0.129389 0.015397
v -0.489787 -0.003228 0.015397
v -0.438497 0.129389 0.066686
v -0.438497 -0.003228 0.066686
v -0.438497 0.129389 0.015397
v -0.438497 -0.003228 0.015397
v -0.438125 0.129389 0.066686
v -0.438125 -0.003228 0.066686
v -0.438125 0.129389 0.015397
v -0.438125 -0.003228 0.015397
v -0.489414 0.129389 0.066686
v -0.489414 -0.003228 0.066686
v -0.489414 0.129389 0.015397
v -0.489414 -0.003228 0.015397
v -0.443974 1.715058 0.022598
v -0.443974 1.754915 0.022598
v -0.449811 1.715058 0.036690
v -0.449811 1.754915 0.036690
v -0.463903 1.715058 0.042527
v -0.463903 1.754915 0.042527
v -0.477994 1.715058 0.036690
v -0.477994 1.754915 0.036690
v -0.483831 1.715058 0.022598
v -0.483831 1.754915 0.022598
v -0.435036 1.715058 0.017367
v -0.435036 1.754915 0.017367
v -0.492770 1.715058 0.017367
v -0.492770 1.754915 0.017367
v -0.402947 1.715058 0.017367
v -0.402947 1.754915 0.017367
v -0.524859 1.715058 0.017367
v -0.524859 1.754915 0.017367
v -0.443974 0.572886 0.022598
v -0.443974 0.533029 0.022598
v -0.449811 0.572886 0.036690
v -0.449811 0.533029 0.036690
v -0.463903 0.572886 0.042527
v -0.463903 0.533029 0.042527
v -0.477994 0.572886 0.036690
v -0.477994 0.533029 0.036690
v -0.483831 0.572886 0.022598
v -0.483831 0.533029 0.022598
v -0.435036 0.572886 0.017367
v -0.435036 0.533029 0.017367
v -0.492770 0.572886 0.017367
v -0.492770 0.533029 0.017367
v -0.402947 0.572886 0.017367
v -0.402947 0.533029 0.017367
v -0.524859 0.572886 0.017367
v -0.524859 0.533029 0.017367
v 0.609600 2.438400 -0.015240
v 0.609600 0.000000 -0.015240
v 0.609600 2.438400 0.068066
v 0.609600 0.000000 0.068066
v -0.609600 2.438400 -0.015240
v -0.609600 0.000000 -0.015240
v -0.609600 2.438400 0.068066
v -0.609600 0.000000 0.068066
v -0.655065 0.000000 -0.015240
v -0.655065 0.000000 0.068066
v 0.655065 2.484627 -0.015240
v 0.655065 2.484627 0.068066
v -0.655065 2.484627 0.068066
v -0.655065 2.484627 -0.015240
v 0.655065 0.000000 0.068066
v 0.655065 0.000000 -0.015240
vn -1.0000 -0.0000 -0.0000
vn 1.0000 -0.0000 -0.0000
vn -0.0000 -0.0000 1.0000
vn -0.0000 1.0000 -0.0000
vn -0.0000 -1.0000 -0.0000
vn 0.0980 -0.0000 -0.9952
vn 0.2903 -0.0000 -0.9569
vn 0.4714 -0.0000 -0.8819
vn 0.6344 -0.0000 -0.7730
vn 0.7730 -0.0000 -0.6344
vn 0.8819 -0.0000 -0.4714
vn 0.9569 -0.0000 -0.2903
vn 0.9952 -0.0000 -0.0980
vn 0.9952 -0.0000 0.0980
vn 0.9569 -0.0000 0.2903
vn 0.8819 -0.0000 0.4714
vn 0.7730 -0.0000 0.6344
vn 0.6344 -0.0000 0.7730
vn 0.4714 -0.0000 0.8819
vn 0.2903 -0.0000 0.9569
vn 0.0980 -0.0000 0.9952
vn -0.0980 -0.0000 0.9952
vn -0.2903 -0.0000 0.9569
vn -0.4714 -0.0000 0.8819
vn -0.6344 -0.0000 0.7730
vn -0.7730 -0.0000 0.6344
vn -0.8819 -0.0000 0.4714
vn -0.9569 -0.0000 0.2903
vn -0.9952 -0.0000 0.0980
vn -0.9952 -0.0000 -0.0980
vn -0.9569 -0.0000 -0.2903
vn -0.8819 -0.0000 -0.4714
vn -0.7730 -0.0000 -0.6344
vn -0.6344 -0.0000 -0.7730
vn -0.4714 -0.0000 -0.8819
vn -0.2903 -0.0000 -0.9569
vn -0.0980 -0.0000 -0.9952
vn 0.0404 -0.0000 -0.9992
vn 0.2346 -0.0000 -0.9721
vn 0.4197 -0.0000 -0.9077
vn 0.5887 -0.0000 -0.8084
vn 0.7351 -0.0000 -0.6779
vn 0.8532 -0.0000 -0.5215
vn 0.9386 -0.0000 -0.3450
vn 0.9879 -0.0000 -0.1553
vn 0.9992 -0.0000 0.0404
vn 0.9721 -0.0000 0.2346
vn 0.9076 -0.0000 0.4197
vn 0.8083 -0.0000 0.5887
vn 0.6779 -0.0000 0.7351
vn 0.5215 -0.0000 0.8532
vn 0.3450 -0.0000 0.9386
vn 0.1553 -0.0000 0.9879
vn -0.0404 -0.0000 0.9992
vn -0.2346 -0.0000 0.9721
vn -0.4197 -0.0000 0.9077
vn -0.5887 -0.0000 0.8084
vn -0.7351 -0.0000 0.6779
vn 0.0577 -0.0000 0.9983
vn -0.8083 -0.0000 -0.5887
vn -0.6779 -0.0000 -0.7351
vn -0.5215 -0.0000 -0.8532
vn -0.3450 -0.0000 -0.9386
vn -0.1553 -0.0000 -0.9879
vn -0.8532 -0.0000 0.5215
vn -0.9386 -0.0000 0.3451
vn -0.9879 -0.0000 0.1553
vn -0.9992 -0.0000 -0.0404
vn -0.9721 -0.0000 -0.2346
vn -0.9076 -0.0000 -0.4197
vn -0.0577 -0.0000 -0.9983
vn 0.7191 0.6857 -0.1130
vn -0.7026 -0.6911 -0.1695
vn 0.7026 0.6911 0.1695
vn -0.6784 -0.6911 0.2494
vn 0.6784 0.6911 -0.2494
vn -0.7273 -0.6857 -0.0294
vn 0.7273 0.6857 0.0294
vn -0.7191 -0.6857 0.1130
vn 0.6166 0.6912 -0.3769
vn 0.6560 0.6912 0.3033
vn -0.6166 -0.6912 0.3769
vn -0.6560 -0.6912 -0.3033
vn 0.0704 -0.0000 0.9975
vn -0.1256 -0.0000 0.9921
vn -0.3167 -0.0000 0.9485
vn -0.4957 -0.0000 0.8685
vn -0.6556 -0.0000 0.7551
vn -0.7903 -0.0000 0.6127
vn -0.8947 -0.0000 0.4468
vn -0.9646 -0.0000 0.2637
vn -0.9975 -0.0000 0.0704
vn -0.9921 -0.0000 -0.1256
vn -0.9485 -0.0000 -0.3167
vn -0.8685 -0.0000 -0.4956
vn -0.7551 -0.0000 -0.6556
vn -0.6127 -0.0000 -0.7903
vn -0.4468 -0.0000 -0.8947
vn -0.2636 -0.0000 -0.9646
vn -0.0704 -0.0000 -0.9975
vn 0.1256 -0.0000 -0.9921
vn 0.3167 -0.0000 -0.9485
vn 0.4957 -0.0000 -0.8685
vn 0.6556 -0.0000 -0.7551
vn -0.1678 -0.0000 -0.9858
vn 0.8685 -0.0000 0.4956
vn 0.7551 -0.0000 0.6556
vn 0.6127 -0.0000 0.7903
vn 0.4468 -0.0000 0.8947
vn 0.2636 -0.0000 0.9646
vn 0.7903 -0.0000 -0.6127
vn 0.8946 -0.0000 -0.4468
vn 0.9646 -0.0000 -0.2637
vn 0.9975 -0.0000 -0.0704
vn 0.9921 -0.0000 0.1255
vn 0.9485 -0.0000 0.3167
vn 0.1678 -0.0000 0.9858
vn -0.7021 0.6857 0.1919
vn 0.7171 -0.6911 0.0908
vn -0.7171 0.6911 -0.0908
vn 0.6467 -0.6911 -0.3229
vn -0.6467 0.6911 0.3229
vn 0.7261 -0.6857 -0.0512
vn -0.7261 0.6857 0.0512
vn 0.7021 -0.6857 -0.1919
vn -0.5711 0.6912 0.4428
vn -0.6855 0.6912 -0.2289
vn 0.5711 -0.6912 -0.4428
vn 0.6855 -0.6912 0.2289
vn 0.8685 -0.0000 0.4957
vn 0.4468 -0.0000 0.8946
vn 0.2637 -0.0000 0.9646
vn -0.4956 -0.0000 0.8685
vn -0.8946 -0.0000 0.4468
vn -0.9921 -0.0000 -0.1255
vn -0.4468 -0.0000 -0.8946
vn -0.2637 -0.0000 -0.9646
vn 0.9952 -0.0000 0.0981
vn 0.7731 -0.0000 0.6343
vn -0.9952 -0.0000 -0.0981
vn 0.7598 -0.6345 0.1421
vn -0.7071 -0.7071 -0.0000
vn -0.7598 -0.6345 0.1421
vn -0.3015 -0.3015 -0.9045
vn -0.3015 0.3015 -0.9045
vn 0.5773 0.5774 -0.5774
vn 0.5773 -0.5774 -0.5774
vn -0.5773 -0.5774 0.5773
vn -0.5773 -0.5774 -0.5774
vn 0.3015 0.3015 -0.9045
vn 0.3015 -0.3015 -0.9045
vn 0.7167 0.0292 0.6968
vn -0.6882 0.0627 0.7228
vn -0.7166 0.0292 0.6968
vn -0.7166 -0.0292 0.6968
vn 0.6882 -0.0627 0.7228
vn 0.7167 -0.0292 0.6968
vn -0.7598 0.6345 0.1421
vn 0.7071 0.7071 -0.0000
vn 0.7598 0.6345 0.1421
vn 0.7071 -0.7071 -0.0000
vn -0.6310 -0.7181 0.2936
vn 0.5773 -0.5774 -0.5773
vn -0.7071 0.7071 -0.0000
vn 0.6310 0.7180 0.2936
vn 0.6882 0.0627 0.7228
vn -0.6882 -0.0627 0.7228
vn -0.9045 -0.3015 0.3015
vn -0.5773 0.5774 -0.5774
vn 0.6310 0.7181 0.2936
vn 0.5773 0.5774 0.5773
vn -0.3015 0.9045 -0.3015
vn -0.9045 0.3015 0.3015
vn 0.5773 -0.5773 0.5774
vn -0.3015 -0.9045 0.3015
vn -0.5773 0.5773 -0.5774
vn -0.3015 0.9045 0.3015
vn 0.9045 -0.3015 0.3015
vn 0.9045 0.3015 0.3015
vn -0.5773 0.5773 0.5774
vn 0.7758 -0.4726 0.4180
vn 0.7292 0.1220 0.6733
vn -0.7292 0.1220 0.6733
vn 0.7409 0.2732 0.6135
vn -0.7409 0.2732 0.6135
vn 0.7758 0.4726 0.4180
vn -0.7758 0.4726 0.4180
vn -0.7292 -0.1220 0.6733
vn 0.7292 -0.1220 0.6733
vn -0.7409 -0.2732 0.6135
vn 0.7409 -0.2732 0.6135
vn -0.7758 -0.4726 0.4180
vn 0.5773 -0.5773 -0.5774
vn -0.6310 0.7181 0.2936
vn 0.6443 0.3557 0.6770
vn -0.6443 0.3557 0.6770
vn 0.6310 -0.7181 0.2936
vn -0.6443 -0.3557 0.6770
vn 0.6443 -0.3557 0.6770
vn -0.6310 0.7180 0.2936
vn -0.3827 -0.0000 0.9239
vn -0.9239 -0.0000 0.3827
vn -0.9239 -0.0000 -0.3827
vn -0.3827 -0.0000 -0.9239
vn 0.3827 -0.0000 -0.9239
vn 0.9239 -0.0000 -0.3827
vn 0.9239 -0.0000 0.3827
vn 0.3827 -0.0000 0.9239
vn -0.5051 -0.0000 0.8631
vn 0.5051 -0.0000 0.8631
vn -0.0001 -1.0000 -0.0000
vn 0.0001 -1.0000 -0.0000
vn -0.0002 -1.0000 -0.0000
vn -0.0001 1.0000 -0.0000
vn 0.0001 1.0000 -0.0000
vn -0.0007 1.0000 -0.0000
vn -0.0004 1.0000 -0.0000
vn 0.0002 1.0000 -0.0000
vn 0.0004 1.0000 -0.0000
vn 0.0007 1.0000 -0.0000
vn 0.0005 1.0000 -0.0000
vn -0.0002 1.0000 -0.0000
vn 0.0004 -1.0000 -0.0000
vn 0.0007 -1.0000 -0.0000
vn 0.0002 -1.0000 -0.0000
vn -0.0007 -1.0000 -0.0000
vn -0.0004 -1.0000 -0.0000
vn 0.5887 -0.0000 -0.8083
vn 0.9386 -0.0000 -0.3451
vn 0.9721 -0.0000 0.2345
vn 0.9077 -0.0000 0.4197
vn 0.6780 -0.0000 0.7351
vn -0.5887 -0.0000 0.8083
vn -0.6780 -0.0000 -0.7351
vn -0.0005 1.0000 -0.0000
vn -0.9386 -0.0000 0.3450
vn -0.9721 -0.0000 -0.2345
vn -0.9077 -0.0000 -0.4197
vn 0.7315 0.6806 -0.0423
vn -0.7250 -0.6875 0.0419
vn 0.7250 0.6874 -0.0419
vn 0.7250 0.6875 -0.0419
vn -0.7315 -0.6806 0.0423
vn 0.7062 0.7068 -0.0408
vn -0.7062 -0.7068 0.0408
vn -0.6555 -0.0000 0.7552
vn -0.8685 -0.0000 -0.4957
vn -0.6128 -0.0000 -0.7903
vn 0.6555 -0.0000 -0.7552
vn 0.7552 -0.0000 0.6556
vn 0.6128 -0.0000 0.7903
vn 0.8947 -0.0000 -0.4468
vn -0.7223 0.6806 0.1230
vn 0.7159 -0.6875 -0.1219
vn -0.7159 0.6874 0.1219
vn -0.7159 0.6875 0.1219
vn 0.7223 -0.6806 -0.1230
vn -0.6974 0.7068 0.1187
vn 0.6974 -0.7068 -0.1187
vn 0.4956 -0.0000 -0.8685
vn 0.9646 -0.0000 -0.2636
vn 0.9921 -0.0000 0.1256
vn 0.0014 1.0000 -0.0000
vn -0.0014 1.0000 -0.0000
vn -0.0005 -1.0000 -0.0000
vn 0.0005 -1.0000 -0.0000
vn 0.7731 -0.0000 -0.6343
vn 0.9952 -0.0000 -0.0981
vn -0.9952 -0.0000 0.0981
vn -0.0006 1.0000 -0.0000
vn 0.0006 1.0000 -0.0000
vn 0.0003 -1.0000 -0.0000
vn -0.0006 -1.0000 -0.0000
vn -0.0003 -1.0000 -0.0000
vn 0.0006 -1.0000 -0.0000
vn -0.0003 1.0000 -0.0000
vn 0.0003 1.0000 -0.0000
vn -0.3015 -0.9045 -0.3015
vt 0.850508 0.704692
vt 0.841704 0.000407
vt 0.850508 0.000407
vt 0.840890 0.704692
vt 0.832087 0.000407
vt 0.840890 0.000407
vt 0.379630 0.704692
vt 0.731772 0.000407
vt 0.731772 0.704692
vt 0.894568 0.000407
vt 0.903372 0.352549
vt 0.894568 0.352549
vt 0.903372 0.705505
vt 0.894568 0.353363
vt 0.903372 0.353363
vt 0.211504 0.746052
vt 0.187759 0.718859
vt 0.211504 0.718859
vt 0.186945 0.746052
vt 0.163199 0.718859
vt 0.186945 0.718859
vt 0.601247 0.705505
vt 0.574054 0.793852
vt 0.574054 0.705505
vt 0.626620 0.705506
vt 0.637729 0.723183
vt 0.636684 0.723080
vt 0.626620 0.793852
vt 0.635639 0.733688
vt 0.636684 0.733791
vt 0.625807 0.793852
vt 0.615743 0.733790
vt 0.616788 0.733688
vt 0.625807 0.705505
vt 0.615743 0.723080
vt 0.614698 0.723183
vt 0.740056 0.752450
vt 0.745272 0.751400
vt 0.745272 0.752450
vt 0.739242 0.752450
vt 0.732586 0.751400
vt 0.739242 0.751400
vt 0.740056 0.751400
vt 0.745272 0.750351
vt 0.732586 0.750351
vt 0.739242 0.750351
vt 0.740056 0.750351
vt 0.745272 0.749301
vt 0.732586 0.749301
vt 0.739242 0.749301
vt 0.740056 0.749301
vt 0.745272 0.748251
vt 0.732586 0.748251
vt 0.739242 0.748251
vt 0.740056 0.748251
vt 0.745272 0.747201
vt 0.739242 0.747201
vt 0.732586 0.747201
vt 0.740056 0.747201
vt 0.745272 0.746152
vt 0.739242 0.746152
vt 0.732586 0.746152
vt 0.740056 0.746152
vt 0.745272 0.745102
vt 0.739242 0.745102
vt 0.732586 0.745102
vt 0.740056 0.745102
vt 0.745272 0.744052
vt 0.739242 0.744052
vt 0.732586 0.744052
vt 0.740056 0.744052
vt 0.745272 0.743002
vt 0.739242 0.743002
vt 0.732586 0.743002
vt 0.740056 0.743002
vt 0.745272 0.741952
vt 0.739242 0.741952
vt 0.732586 0.741952
vt 0.740056 0.741952
vt 0.745272 0.740903
vt 0.739242 0.740903
vt 0.732586 0.740903
vt 0.740056 0.740903
vt 0.745272 0.739853
vt 0.739242 0.739853
vt 0.732586 0.739853
vt 0.740056 0.739853
vt 0.745272 0.738803
vt 0.739242 0.738803
vt 0.732586 0.738803
vt 0.740056 0.738803
vt 0.745272 0.737753
vt 0.739242 0.737753
vt 0.732586 0.737753
vt 0.740056 0.737753
vt 0.745272 0.736704
vt 0.739242 0.736704
vt 0.732586 0.736704
vt 0.740056 0.736704
vt 0.745272 0.735654
vt 0.739242 0.735654
vt 0.732586 0.735654
vt 0.740056 0.735654
vt 0.745272 0.734604
vt 0.739242 0.734604
vt 0.732586 0.734604
vt 0.740056 0.734604
vt 0.745272 0.733554
vt 0.739242 0.733554
vt 0.732586 0.733554
vt 0.740056 0.733554
vt 0.745272 0.732504
vt 0.739242 0.732504
vt 0.732586 0.732504
vt 0.740056 0.732504
vt 0.745272 0.731455
vt 0.739242 0.731455
vt 0.732586 0.731455
vt 0.740056 0.731455
vt 0.745272 0.730405
vt 0.732586 0.730405
vt 0.739242 0.730405
vt 0.740056 0.730405
vt 0.745272 0.729355
vt 0.732586 0.729355
vt 0.739242 0.729355
vt 0.740056 0.729355
vt 0.745272 0.728305
vt 0.732586 0.728305
vt 0.739242 0.728305
vt 0.740056 0.728305
vt 0.745272 0.727256
vt 0.732586 0.727256
vt 0.739242 0.727256
vt 0.740056 0.727256
vt 0.745272 0.726206
vt 0.732586 0.726206
vt 0.739242 0.726206
vt 0.740056 0.726206
vt 0.745272 0.725156
vt 0.732586 0.725156
vt 0.739242 0.725156
vt 0.740056 0.725156
vt 0.745272 0.724106
vt 0.732586 0.724106
vt 0.739242 0.724106
vt 0.740056 0.724106
vt 0.745272 0.723056
vt 0.732586 0.723056
vt 0.739242 0.723056
vt 0.740056 0.723056
vt 0.745272 0.722007
vt 0.732586 0.722007
vt 0.739242 0.722007
vt 0.740056 0.722007
vt 0.745272 0.720957
vt 0.732586 0.720957
vt 0.739242 0.720957
vt 0.328962 0.729518
vt 0.324157 0.723664
vt 0.330012 0.718859
vt 0.740056 0.720957
vt 0.745272 0.719907
vt 0.732586 0.719907
vt 0.739242 0.719907
vt 0.740056 0.719907
vt 0.745272 0.718857
vt 0.732586 0.718857
vt 0.739242 0.718857
vt 0.340434 0.729518
vt 0.335630 0.723664
vt 0.341484 0.718859
vt 0.257277 0.719909
vt 0.258344 0.718859
vt 0.257277 0.718859
vt 0.257277 0.720959
vt 0.258344 0.719909
vt 0.257277 0.722008
vt 0.258344 0.720959
vt 0.257277 0.723058
vt 0.258344 0.722008
vt 0.257277 0.724108
vt 0.258344 0.723058
vt 0.257277 0.725158
vt 0.258344 0.724108
vt 0.257277 0.726208
vt 0.258344 0.725158
vt 0.257277 0.727257
vt 0.258344 0.726208
vt 0.257277 0.728307
vt 0.258344 0.727257
vt 0.257277 0.729357
vt 0.258344 0.728307
vt 0.257277 0.730407
vt 0.258344 0.729357
vt 0.257277 0.731456
vt 0.258344 0.730407
vt 0.257277 0.732506
vt 0.258344 0.731456
vt 0.257277 0.733556
vt 0.258344 0.732506
vt 0.257277 0.734606
vt 0.258344 0.733556
vt 0.257277 0.735656
vt 0.258344 0.734606
vt 0.257277 0.736705
vt 0.258344 0.735656
vt 0.257277 0.737755
vt 0.258344 0.736705
vt 0.257277 0.738805
vt 0.258344 0.737755
vt 0.257277 0.739855
vt 0.258344 0.738805
vt 0.257277 0.740904
vt 0.258344 0.739855
vt 0.658870 0.793598
vt 0.657944 0.706408
vt 0.657944 0.793598
vt 0.663894 0.706408
vt 0.662968 0.793598
vt 0.663894 0.793598
vt 0.657130 0.706408
vt 0.656204 0.793598
vt 0.657130 0.793598
vt 0.652106 0.793598
vt 0.651180 0.706408
vt 0.651180 0.793598
vt 0.661964 0.705608
vt 0.660919 0.793598
vt 0.661964 0.793598
vt 0.560559 0.705506
vt 0.564896 0.792594
vt 0.565960 0.792528
vt 0.375693 0.732431
vt 0.374626 0.733481
vt 0.375693 0.733481
vt 0.375693 0.731381
vt 0.374626 0.732431
vt 0.375693 0.730331
vt 0.374626 0.731381
vt 0.347307 0.722634
vt 0.350877 0.729313
vt 0.357556 0.725743
vt 0.375693 0.729282
vt 0.374626 0.730331
vt 0.375693 0.728232
vt 0.374626 0.729282
vt 0.319569 0.729313
vt 0.323139 0.722634
vt 0.316460 0.719064
vt 0.373812 0.733481
vt 0.372746 0.734531
vt 0.373812 0.734531
vt 0.373812 0.732431
vt 0.372746 0.733481
vt 0.373812 0.731381
vt 0.372746 0.732431
vt 0.373812 0.730331
vt 0.372746 0.731381
vt 0.373812 0.729282
vt 0.372746 0.730331
vt 0.373812 0.728232
vt 0.372746 0.729282
vt 0.655200 0.705608
vt 0.654155 0.793598
vt 0.655200 0.793598
vt 0.544933 0.799168
vt 0.551400 0.712211
vt 0.550335 0.712145
vt 0.659874 0.705608
vt 0.659874 0.793598
vt 0.653110 0.793598
vt 0.652106 0.705913
vt 0.662968 0.705913
vt 0.656204 0.705913
vt 0.658870 0.705913
vt 0.653110 0.705608
vt 0.375522 0.719495
vt 0.376567 0.727415
vt 0.376569 0.719425
vt 0.360591 0.736225
vt 0.359589 0.728235
vt 0.359563 0.736437
vt 0.373473 0.727415
vt 0.374475 0.719425
vt 0.373447 0.719213
vt 0.363688 0.728235
vt 0.362686 0.736225
vt 0.363714 0.736437
vt 0.377571 0.727415
vt 0.377598 0.719213
vt 0.361638 0.736155
vt 0.360594 0.728235
vt 0.545998 0.705572
vt 0.544933 0.705505
vt 0.374477 0.727415
vt 0.560559 0.799168
vt 0.559494 0.799234
vt 0.362683 0.728235
vt 0.378497 0.727418
vt 0.378586 0.718859
vt 0.372547 0.727418
vt 0.372458 0.718859
vt 0.364614 0.728232
vt 0.364702 0.736791
vt 0.358663 0.728232
vt 0.358574 0.736791
vt 0.255606 0.739855
vt 0.254539 0.740904
vt 0.255606 0.740904
vt 0.255606 0.738805
vt 0.254539 0.739855
vt 0.255606 0.737755
vt 0.254539 0.738805
vt 0.255606 0.736705
vt 0.254539 0.737755
vt 0.255606 0.735656
vt 0.254539 0.736705
vt 0.255606 0.734606
vt 0.254539 0.735656
vt 0.255606 0.733556
vt 0.254539 0.734606
vt 0.255606 0.732506
vt 0.254539 0.733556
vt 0.255606 0.731456
vt 0.254539 0.732506
vt 0.255606 0.730407
vt 0.254539 0.731456
vt 0.255606 0.729357
vt 0.254539 0.730407
vt 0.255606 0.728307
vt 0.254539 0.729357
vt 0.255606 0.727257
vt 0.254539 0.728307
vt 0.255606 0.726208
vt 0.254539 0.727257
vt 0.255606 0.725158
vt 0.254539 0.726208
vt 0.255606 0.724108
vt 0.254539 0.725158
vt 0.255606 0.723058
vt 0.254539 0.724108
vt 0.255606 0.722008
vt 0.254539 0.723058
vt 0.255606 0.720959
vt 0.254539 0.722008
vt 0.255606 0.719909
vt 0.254539 0.720959
vt 0.255606 0.718859
vt 0.254539 0.719909
vt 0.676496 0.705506
vt 0.677422 0.792696
vt 0.677422 0.705506
vt 0.671472 0.792696
vt 0.672398 0.705506
vt 0.671472 0.705506
vt 0.670658 0.706408
vt 0.669732 0.793598
vt 0.670658 0.793598
vt 0.665634 0.793598
vt 0.664708 0.706408
vt 0.664708 0.793598
vt 0.673402 0.793495
vt 0.674447 0.705506
vt 0.673402 0.705506
vt 0.557615 0.799234
vt 0.553279 0.712145
vt 0.552214 0.712211
vt 0.255606 0.745104
vt 0.254539 0.746153
vt 0.255606 0.746153
vt 0.255606 0.744054
vt 0.254539 0.745104
vt 0.255606 0.743004
vt 0.254539 0.744054
vt 0.297594 0.728911
vt 0.300194 0.725743
vt 0.296624 0.719064
vt 0.255606 0.741954
vt 0.254539 0.743004
vt 0.254539 0.741954
vt 0.303145 0.728328
vt 0.307067 0.729518
vt 0.306017 0.718859
vt 0.377519 0.729282
vt 0.378586 0.728232
vt 0.377519 0.728232
vt 0.377519 0.730331
vt 0.378586 0.729282
vt 0.377519 0.731381
vt 0.378586 0.730331
vt 0.377519 0.732431
vt 0.378586 0.731381
vt 0.377519 0.733481
vt 0.378586 0.732431
vt 0.377519 0.734531
vt 0.378586 0.733481
vt 0.668728 0.705608
vt 0.667683 0.793598
vt 0.668728 0.793598
vt 0.566774 0.799168
vt 0.573241 0.712211
vt 0.572176 0.712145
vt 0.675492 0.793495
vt 0.675492 0.705506
vt 0.666638 0.793598
vt 0.665634 0.705913
vt 0.672398 0.793190
vt 0.669732 0.705913
vt 0.676496 0.793190
vt 0.666638 0.705608
vt 0.361638 0.726782
vt 0.360594 0.718862
vt 0.360591 0.726852
vt 0.369628 0.719425
vt 0.370630 0.727415
vt 0.370656 0.719213
vt 0.363688 0.718862
vt 0.362686 0.726852
vt 0.363714 0.727065
vt 0.366531 0.727415
vt 0.367533 0.719425
vt 0.366505 0.719213
vt 0.359589 0.718862
vt 0.359563 0.727065
vt 0.368580 0.719495
vt 0.369625 0.727415
vt 0.567839 0.705572
vt 0.566774 0.705505
vt 0.362683 0.718862
vt 0.557615 0.705572
vt 0.558680 0.705506
vt 0.367536 0.727415
vt 0.358663 0.718859
vt 0.358574 0.727418
vt 0.364614 0.718859
vt 0.364702 0.727418
vt 0.365605 0.727418
vt 0.365516 0.718859
vt 0.371555 0.727418
vt 0.371644 0.718859
vt 0.263178 0.719380
vt 0.267131 0.718859
vt 0.267131 0.719380
vt 0.263178 0.735516
vt 0.267131 0.734995
vt 0.267131 0.735516
vt 0.263178 0.734995
vt 0.267131 0.734475
vt 0.263178 0.734475
vt 0.267131 0.733954
vt 0.263178 0.733954
vt 0.267131 0.733434
vt 0.263178 0.733434
vt 0.267131 0.732913
vt 0.263178 0.732913
vt 0.267131 0.732393
vt 0.263178 0.732393
vt 0.267131 0.731872
vt 0.263178 0.731872
vt 0.267131 0.731352
vt 0.263178 0.731352
vt 0.267131 0.730831
vt 0.263178 0.730831
vt 0.267131 0.730311
vt 0.263178 0.730311
vt 0.267131 0.729790
vt 0.263178 0.729790
vt 0.267131 0.729270
vt 0.263178 0.729270
vt 0.267131 0.728749
vt 0.263178 0.728749
vt 0.267131 0.728229
vt 0.263178 0.728229
vt 0.267131 0.727708
vt 0.263178 0.727708
vt 0.267131 0.727188
vt 0.263178 0.727188
vt 0.267131 0.726667
vt 0.263178 0.726667
vt 0.267131 0.726147
vt 0.263178 0.726147
vt 0.267131 0.725626
vt 0.263178 0.725626
vt 0.267131 0.725105
vt 0.263178 0.725105
vt 0.267131 0.724585
vt 0.263178 0.724585
vt 0.267131 0.724064
vt 0.263178 0.724064
vt 0.267131 0.723544
vt 0.263178 0.723544
vt 0.267131 0.723023
vt 0.263178 0.723023
vt 0.267131 0.722503
vt 0.263178 0.722503
vt 0.267131 0.721982
vt 0.263178 0.721982
vt 0.267131 0.721462
vt 0.263178 0.721462
vt 0.267131 0.720941
vt 0.263178 0.720941
vt 0.267131 0.720421
vt 0.321859 0.730632
vt 0.325453 0.731722
vt 0.324363 0.735316
vt 0.263178 0.720421
vt 0.267131 0.719900
vt 0.263178 0.719900
vt 0.329470 0.735616
vt 0.326567 0.733234
vt 0.328949 0.730331
vt 0.371932 0.735785
vt 0.365516 0.728232
vt 0.371932 0.728232
vt 0.296156 0.737885
vt 0.289740 0.730331
vt 0.296156 0.730331
vt 0.858875 0.700178
vt 0.851321 0.874166
vt 0.851321 0.700178
vt 0.859689 0.700178
vt 0.866104 0.874166
vt 0.859689 0.874166
vt 0.479068 0.705506
vt 0.485483 0.879494
vt 0.479068 0.879494
vt 0.696383 0.777969
vt 0.695816 0.705506
vt 0.696383 0.705506
vt 0.695816 0.777969
vt 0.695249 0.705506
vt 0.695249 0.777969
vt 0.694682 0.705506
vt 0.694682 0.777969
vt 0.694115 0.705506
vt 0.694115 0.777969
vt 0.693548 0.705506
vt 0.693548 0.777969
vt 0.692981 0.705506
vt 0.692981 0.777969
vt 0.692413 0.705506
vt 0.692413 0.777969
vt 0.691846 0.705506
vt 0.691846 0.777969
vt 0.691279 0.705506
vt 0.691279 0.777969
vt 0.690712 0.705506
vt 0.690712 0.777969
vt 0.690145 0.705506
vt 0.690145 0.777969
vt 0.689578 0.705506
vt 0.689578 0.777969
vt 0.689011 0.705506
vt 0.689011 0.777969
vt 0.688444 0.705506
vt 0.688444 0.777969
vt 0.687877 0.705506
vt 0.687877 0.777969
vt 0.687310 0.705506
vt 0.687310 0.777969
vt 0.686742 0.705506
vt 0.686742 0.777969
vt 0.686175 0.705506
vt 0.686175 0.777969
vt 0.685608 0.705506
vt 0.685608 0.777969
vt 0.685041 0.705506
vt 0.685041 0.777969
vt 0.684474 0.705506
vt 0.684474 0.777969
vt 0.683907 0.705506
vt 0.683907 0.777969
vt 0.683340 0.705506
vt 0.683340 0.777969
vt 0.682773 0.705506
vt 0.682773 0.777969
vt 0.682206 0.705506
vt 0.682206 0.777969
vt 0.681639 0.705506
vt 0.681639 0.777969
vt 0.681071 0.705506
vt 0.681071 0.777969
vt 0.680504 0.705506
vt 0.680504 0.777969
vt 0.679937 0.705506
vt 0.679937 0.777969
vt 0.679370 0.705506
vt 0.309299 0.730659
vt 0.313214 0.731847
vt 0.312027 0.735762
vt 0.679370 0.777969
vt 0.678803 0.705506
vt 0.678803 0.777969
vt 0.678236 0.705506
vt 0.306643 0.734574
vt 0.302728 0.735762
vt 0.301540 0.731847
vt 0.113477 0.718859
vt 0.115480 0.748690
vt 0.113477 0.748690
vt 0.418013 0.738543
vt 0.439870 0.738543
vt 0.442355 0.999593
vt 0.939838 0.791599
vt 0.928522 0.530549
vt 0.939838 0.530549
vt 0.439870 0.735336
vt 0.418013 0.735336
vt 0.379630 0.705506
vt 0.086656 0.727919
vt 0.056826 0.746267
vt 0.056826 0.727919
vt 0.026182 0.743153
vt 0.056012 0.724804
vt 0.056012 0.743153
vt 0.135932 0.748690
vt 0.133930 0.718859
vt 0.135932 0.718859
vt 0.115480 0.718859
vt 0.124298 0.748690
vt 0.928799 0.262271
vt 0.937604 0.523321
vt 0.928799 0.523321
vt 0.133930 0.748690
vt 0.125112 0.718859
vt 0.106828 0.718859
vt 0.091652 0.748690
vt 0.091652 0.718859
vt 0.239166 0.718859
vt 0.239225 0.720132
vt 0.236931 0.721344
vt 0.947223 0.523321
vt 0.938418 0.262271
vt 0.947223 0.262271
vt 0.928799 0.000407
vt 0.940115 0.261457
vt 0.928799 0.261457
vt 0.944228 0.000407
vt 0.946712 0.261457
vt 0.944228 0.261457
vt 0.230361 0.745686
vt 0.230361 0.743201
vt 0.236931 0.743201
vt 0.940929 0.000407
vt 0.943414 0.261457
vt 0.940929 0.261457
vt 0.147037 0.718859
vt 0.154861 0.748690
vt 0.147037 0.748690
vt 0.241636 0.724715
vt 0.904186 0.000407
vt 0.915503 0.003614
vt 0.904186 0.003614
vt 0.921415 0.000407
vt 0.927985 0.003614
vt 0.921415 0.003614
vt 0.262364 0.740717
vt 0.259157 0.718859
vt 0.262364 0.718859
vt 0.904186 0.265478
vt 0.927985 0.265478
vt 0.916668 0.268685
vt 0.921415 0.264664
vt 0.915503 0.264664
vt 0.218231 0.743201
vt 0.212318 0.721344
vt 0.218231 0.721344
vt 0.915503 0.000407
vt 0.283144 0.718859
vt 0.285628 0.730176
vt 0.283144 0.730176
vt 0.288926 0.718859
vt 0.286442 0.730176
vt 0.286442 0.718859
vt 0.256420 0.718859
vt 0.256459 0.743216
vt 0.256420 0.745701
vt 0.946435 0.791599
vt 0.943950 0.530549
vt 0.946435 0.530549
vt 0.499575 0.741404
vt 0.501071 0.740699
vt 0.514801 0.743889
vt 0.940652 0.530549
vt 0.943137 0.791599
vt 0.940652 0.791599
vt 0.532844 0.768231
vt 0.532844 0.741404
vt 0.544120 0.747229
vt 0.086656 0.724359
vt 0.056826 0.724359
vt 0.086656 0.721235
vt 0.056826 0.721235
vt 0.086656 0.718859
vt 0.137587 0.748690
vt 0.137587 0.718859
vt 0.026182 0.746712
vt 0.056012 0.746712
vt 0.026182 0.749836
vt 0.056012 0.749836
vt 0.026182 0.752212
vt 0.111823 0.718859
vt 0.111823 0.748690
vt 0.138400 0.718859
vt 0.146224 0.748690
vt 0.138400 0.748690
vt 0.748521 0.748688
vt 0.746086 0.718857
vt 0.748521 0.718857
vt 0.111009 0.748690
vt 0.111009 0.718859
vt 0.162385 0.748690
vt 0.159950 0.718859
vt 0.162385 0.718859
vt 0.087470 0.718859
vt 0.087470 0.748690
vt 0.731056 0.735336
vt 0.727594 0.705505
vt 0.731056 0.705505
vt 0.056826 0.752212
vt 0.086656 0.746267
vt 0.086656 0.752212
vt 0.155674 0.718859
vt 0.159136 0.748690
vt 0.155674 0.748690
vt 0.056012 0.718859
vt 0.026182 0.724804
vt 0.026182 0.718859
vt 0.240913 0.720574
vt 0.241636 0.739830
vt 0.240913 0.743971
vt 0.239225 0.744413
vt 0.239166 0.745686
vt 0.947249 0.530549
vt 0.949697 0.791599
vt 0.947249 0.791599
vt 0.927708 0.791599
vt 0.923504 0.530549
vt 0.927708 0.530549
vt 0.949974 0.261457
vt 0.947526 0.000407
vt 0.949974 0.000407
vt 0.904186 0.530549
vt 0.908389 0.791599
vt 0.904186 0.791599
vt 0.923504 0.791599
vt 0.253726 0.718859
vt 0.242450 0.724715
vt 0.244920 0.718859
vt 0.229547 0.745686
vt 0.862295 0.699364
vt 0.860101 0.000407
vt 0.860101 0.699364
vt 0.864490 0.699364
vt 0.862295 0.000407
vt 0.866685 0.699364
vt 0.864490 0.000407
vt 0.868879 0.699364
vt 0.866685 0.000407
vt 0.853516 0.699364
vt 0.851321 0.000407
vt 0.851321 0.699364
vt 0.855711 0.699364
vt 0.853516 0.000407
vt 0.314356 0.731883
vt 0.318103 0.730331
vt 0.319655 0.734078
vt 0.857906 0.699364
vt 0.855711 0.000407
vt 0.857906 0.000407
vt 0.337182 0.730332
vt 0.340928 0.731883
vt 0.339376 0.735630
vt 0.711582 0.742700
vt 0.697197 0.705505
vt 0.711582 0.705505
vt 0.726780 0.742700
vt 0.712396 0.705505
vt 0.726780 0.705505
vt 0.014792 0.756053
vt 0.000407 0.718859
vt 0.014792 0.718859
vt 0.267945 0.733244
vt 0.282330 0.718859
vt 0.282330 0.733244
vt 0.015606 0.744199
vt 0.025368 0.740463
vt 0.025368 0.744199
vt 0.015606 0.740463
vt 0.025368 0.736727
vt 0.015606 0.736727
vt 0.025368 0.732992
vt 0.015606 0.732992
vt 0.025368 0.729256
vt 0.015606 0.729256
vt 0.025368 0.726719
vt 0.015606 0.746736
vt 0.015606 0.726719
vt 0.025368 0.718859
vt 0.025368 0.746736
vt 0.015606 0.754596
vt 0.806398 0.704692
vt 0.782336 0.000407
vt 0.806398 0.000407
vt 0.756647 0.718044
vt 0.732586 0.000407
vt 0.756647 0.000407
vt 0.781523 0.718044
vt 0.757461 0.000407
vt 0.781523 0.000407
vt 0.869693 0.000407
vt 0.893755 0.378813
vt 0.869693 0.378813
vt 0.013539 0.704693
vt 0.000407 0.000409
vt 0.013539 0.000409
vt 0.365681 0.704694
vt 0.000407 0.718045
vt 0.378816 0.000407
vt 0.378813 0.718045
vt 0.893755 0.379627
vt 0.869693 0.731769
vt 0.869693 0.379627
vt 0.831273 0.704692
vt 0.807211 0.000407
vt 0.831273 0.000407
vt 0.841704 0.704692
vt 0.832087 0.704692
vt 0.379630 0.000407
vt 0.903372 0.000407
vt 0.894568 0.705505
vt 0.187759 0.746052
vt 0.163199 0.746052
vt 0.601247 0.793852
vt 0.635639 0.723183
vt 0.634634 0.723488
vt 0.650366 0.705506
vt 0.639659 0.723983
vt 0.638733 0.723488
vt 0.640470 0.724649
vt 0.650366 0.793852
vt 0.641936 0.729480
vt 0.641631 0.730485
vt 0.641136 0.731411
vt 0.633709 0.723983
vt 0.632897 0.724649
vt 0.641136 0.725460
vt 0.641631 0.726386
vt 0.632231 0.725460
vt 0.631736 0.726386
vt 0.641936 0.727391
vt 0.642039 0.728435
vt 0.631432 0.727391
vt 0.631329 0.728435
vt 0.631432 0.729480
vt 0.640470 0.732222
vt 0.639659 0.732888
vt 0.631736 0.730485
vt 0.632231 0.731411
vt 0.638733 0.733383
vt 0.637729 0.733688
vt 0.632897 0.732222
vt 0.633709 0.732888
vt 0.634634 0.733383
vt 0.618718 0.723983
vt 0.617792 0.723488
vt 0.602061 0.793852
vt 0.602061 0.705505
vt 0.610491 0.729480
vt 0.612768 0.723983
vt 0.611957 0.724649
vt 0.611291 0.725460
vt 0.619530 0.724649
vt 0.620196 0.725460
vt 0.610796 0.726386
vt 0.610491 0.727391
vt 0.620691 0.726386
vt 0.620995 0.727391
vt 0.610388 0.728435
vt 0.621098 0.728435
vt 0.620995 0.729480
vt 0.610796 0.730485
vt 0.611291 0.731411
vt 0.620691 0.730485
vt 0.611957 0.732222
vt 0.612768 0.732888
vt 0.620196 0.731411
vt 0.619530 0.732222
vt 0.613694 0.733383
vt 0.614698 0.733688
vt 0.618718 0.732888
vt 0.617792 0.733383
vt 0.613694 0.723488
vt 0.616788 0.723183
vt 0.732586 0.752450
vt 0.334816 0.724713
vt 0.334611 0.725743
vt 0.334209 0.726713
vt 0.333626 0.727586
vt 0.332884 0.728328
vt 0.332011 0.728911
vt 0.331041 0.729313
vt 0.330012 0.729518
vt 0.327932 0.729313
vt 0.326962 0.728911
vt 0.326089 0.728328
vt 0.325347 0.727586
vt 0.324764 0.726713
vt 0.324362 0.725743
vt 0.324157 0.724713
vt 0.324362 0.722634
vt 0.326089 0.720049
vt 0.324764 0.721664
vt 0.325347 0.720791
vt 0.326962 0.719466
vt 0.327932 0.719064
vt 0.328962 0.718859
vt 0.331041 0.719064
vt 0.332011 0.719466
vt 0.332884 0.720049
vt 0.333626 0.720791
vt 0.334209 0.721664
vt 0.334611 0.722634
vt 0.334816 0.723663
vt 0.740056 0.718857
vt 0.346288 0.724713
vt 0.346083 0.725743
vt 0.344356 0.728328
vt 0.345682 0.726713
vt 0.345099 0.727586
vt 0.343483 0.728911
vt 0.342514 0.729313
vt 0.341484 0.729518
vt 0.339405 0.729313
vt 0.338435 0.728911
vt 0.337562 0.728328
vt 0.336819 0.727586
vt 0.336236 0.726713
vt 0.335835 0.725743
vt 0.335630 0.724713
vt 0.335835 0.722634
vt 0.336236 0.721664
vt 0.336819 0.720791
vt 0.337562 0.720049
vt 0.338435 0.719466
vt 0.339405 0.719064
vt 0.340434 0.718859
vt 0.342514 0.719064
vt 0.343483 0.719466
vt 0.344356 0.720049
vt 0.345099 0.720791
vt 0.345682 0.721664
vt 0.346083 0.722634
vt 0.346288 0.723664
vt 0.258344 0.740904
vt 0.660919 0.705506
vt 0.559494 0.705572
vt 0.357761 0.724713
vt 0.357761 0.723664
vt 0.357556 0.722634
vt 0.357154 0.721664
vt 0.356571 0.720791
vt 0.355829 0.720049
vt 0.354956 0.719466
vt 0.353986 0.719064
vt 0.352956 0.718859
vt 0.351907 0.718859
vt 0.350877 0.719064
vt 0.349907 0.719466
vt 0.349034 0.720049
vt 0.348292 0.720791
vt 0.347709 0.721664
vt 0.347102 0.723664
vt 0.347102 0.724713
vt 0.347307 0.725743
vt 0.347709 0.726713
vt 0.348292 0.727586
vt 0.349034 0.728328
vt 0.349907 0.728911
vt 0.351907 0.729518
vt 0.352956 0.729518
vt 0.353986 0.729313
vt 0.354956 0.728911
vt 0.355829 0.728328
vt 0.356571 0.727586
vt 0.357154 0.726713
vt 0.374626 0.728232
vt 0.315490 0.719466
vt 0.314617 0.720049
vt 0.313875 0.720791
vt 0.313292 0.721664
vt 0.312890 0.722634
vt 0.312685 0.723664
vt 0.312685 0.724713
vt 0.312890 0.725743
vt 0.313292 0.726713
vt 0.313875 0.727586
vt 0.314617 0.728328
vt 0.315490 0.728911
vt 0.316460 0.729313
vt 0.317489 0.729518
vt 0.318539 0.729518
vt 0.320539 0.728911
vt 0.321412 0.728328
vt 0.322154 0.727586
vt 0.322737 0.726713
vt 0.323139 0.725743
vt 0.323344 0.724713
vt 0.323344 0.723664
vt 0.322737 0.721664
vt 0.322154 0.720791
vt 0.321412 0.720049
vt 0.320539 0.719466
vt 0.319569 0.719064
vt 0.318539 0.718859
vt 0.317489 0.718859
vt 0.372746 0.728232
vt 0.654155 0.705505
vt 0.545998 0.799234
vt 0.375522 0.727415
vt 0.361638 0.728235
vt 0.254539 0.718859
vt 0.674447 0.793598
vt 0.558680 0.799168
vt 0.295594 0.718859
vt 0.292545 0.719466
vt 0.294545 0.718859
vt 0.293515 0.719064
vt 0.291672 0.720049
vt 0.290930 0.720791
vt 0.290347 0.721664
vt 0.289945 0.722634
vt 0.289740 0.723664
vt 0.289740 0.724713
vt 0.289945 0.725743
vt 0.290347 0.726713
vt 0.290930 0.727586
vt 0.291672 0.728328
vt 0.292545 0.728911
vt 0.293515 0.729313
vt 0.294545 0.729518
vt 0.295594 0.729518
vt 0.296624 0.729313
vt 0.298467 0.728328
vt 0.299209 0.727586
vt 0.299792 0.726713
vt 0.300399 0.724713
vt 0.300399 0.723664
vt 0.300194 0.722634
vt 0.299792 0.721664
vt 0.299209 0.720791
vt 0.298467 0.720049
vt 0.297594 0.719466
vt 0.308096 0.729313
vt 0.309066 0.728911
vt 0.309939 0.728328
vt 0.310681 0.727586
vt 0.311265 0.726713
vt 0.311666 0.725743
vt 0.311871 0.724713
vt 0.311871 0.723664
vt 0.311666 0.722634
vt 0.311265 0.721664
vt 0.310681 0.720791
vt 0.309939 0.720049
vt 0.309066 0.719466
vt 0.308096 0.719064
vt 0.307067 0.718859
vt 0.304987 0.719064
vt 0.304018 0.719466
vt 0.303145 0.720049
vt 0.302402 0.720791
vt 0.301819 0.721664
vt 0.301417 0.722634
vt 0.301213 0.723664
vt 0.301213 0.724713
vt 0.301417 0.725743
vt 0.301819 0.726713
vt 0.302402 0.727586
vt 0.304018 0.728911
vt 0.304987 0.729313
vt 0.306017 0.729518
vt 0.378586 0.734531
vt 0.667683 0.705505
vt 0.567839 0.799234
vt 0.361638 0.718862
vt 0.368580 0.727415
vt 0.263178 0.718859
vt 0.323882 0.735515
vt 0.323371 0.735616
vt 0.322851 0.735616
vt 0.322340 0.735515
vt 0.321859 0.735316
vt 0.321426 0.735027
vt 0.321058 0.734658
vt 0.320769 0.734226
vt 0.320570 0.733745
vt 0.320468 0.733234
vt 0.320468 0.732714
vt 0.320570 0.732203
vt 0.320769 0.731722
vt 0.321058 0.731289
vt 0.321426 0.730921
vt 0.322340 0.730433
vt 0.322851 0.730331
vt 0.323371 0.730331
vt 0.323882 0.730433
vt 0.324363 0.730632
vt 0.324795 0.730921
vt 0.325163 0.731289
vt 0.325652 0.732203
vt 0.325753 0.732714
vt 0.325753 0.733234
vt 0.325652 0.733745
vt 0.325453 0.734226
vt 0.325163 0.734658
vt 0.324795 0.735027
vt 0.329470 0.730331
vt 0.330894 0.730921
vt 0.329980 0.730433
vt 0.330461 0.730632
vt 0.331262 0.731289
vt 0.331852 0.732714
vt 0.331551 0.731722
vt 0.331751 0.732203
vt 0.331852 0.733234
vt 0.331262 0.734658
vt 0.331751 0.733745
vt 0.331551 0.734226
vt 0.330894 0.735027
vt 0.330461 0.735316
vt 0.329980 0.735515
vt 0.328949 0.735616
vt 0.327525 0.735027
vt 0.328439 0.735515
vt 0.327958 0.735316
vt 0.327157 0.734658
vt 0.326868 0.734226
vt 0.326669 0.733745
vt 0.326567 0.732714
vt 0.327157 0.731289
vt 0.326669 0.732203
vt 0.326868 0.731722
vt 0.327525 0.730921
vt 0.327958 0.730632
vt 0.328439 0.730433
vt 0.365516 0.735785
vt 0.289740 0.737885
vt 0.858875 0.874166
vt 0.866104 0.700178
vt 0.485483 0.705506
vt 0.308112 0.734574
vt 0.307895 0.734050
vt 0.307784 0.733494
vt 0.307784 0.732927
vt 0.307895 0.732371
vt 0.308112 0.731847
vt 0.308427 0.731375
vt 0.308828 0.730974
vt 0.309823 0.730442
vt 0.310380 0.730332
vt 0.310947 0.730332
vt 0.311503 0.730442
vt 0.312027 0.730659
vt 0.312498 0.730974
vt 0.312899 0.731375
vt 0.313431 0.732371
vt 0.313542 0.732927
vt 0.313542 0.733494
vt 0.313431 0.734050
vt 0.313214 0.734574
vt 0.312899 0.735046
vt 0.312498 0.735447
vt 0.311503 0.735979
vt 0.309823 0.735979
vt 0.310947 0.736089
vt 0.310380 0.736089
vt 0.309299 0.735762
vt 0.308828 0.735447
vt 0.308427 0.735046
vt 0.678236 0.777969
vt 0.305455 0.730659
vt 0.305927 0.730974
vt 0.306328 0.731375
vt 0.306643 0.731847
vt 0.306860 0.732371
vt 0.306970 0.732927
vt 0.306970 0.733494
vt 0.306860 0.734050
vt 0.306328 0.735046
vt 0.305927 0.735447
vt 0.305455 0.735762
vt 0.304931 0.735979
vt 0.304375 0.736089
vt 0.303808 0.736089
vt 0.303252 0.735979
vt 0.302256 0.735447
vt 0.301855 0.735046
vt 0.301540 0.734574
vt 0.301323 0.734050
vt 0.301213 0.733494
vt 0.301213 0.732927
vt 0.301323 0.732371
vt 0.301855 0.731375
vt 0.302256 0.730974
vt 0.302728 0.730659
vt 0.303252 0.730442
vt 0.303808 0.730331
vt 0.304375 0.730331
vt 0.304931 0.730442
vt 0.442355 0.738543
vt 0.415528 0.999593
vt 0.415529 0.738543
vt 0.928522 0.791599
vt 0.478254 0.705506
vt 0.478254 0.735336
vt 0.379630 0.735336
vt 0.124298 0.718859
vt 0.937604 0.262271
vt 0.125112 0.748690
vt 0.106828 0.748690
vt 0.230361 0.721344
vt 0.230361 0.718859
vt 0.938418 0.523321
vt 0.940115 0.000407
vt 0.946712 0.000407
vt 0.943414 0.000407
vt 0.154861 0.718859
vt 0.927985 0.000407
vt 0.259157 0.740717
vt 0.916668 0.529735
vt 0.910756 0.529735
vt 0.910756 0.268685
vt 0.904186 0.268685
vt 0.927985 0.268685
vt 0.212318 0.743201
vt 0.285628 0.718859
vt 0.288926 0.730176
vt 0.256463 0.721345
vt 0.943950 0.791599
vt 0.486297 0.747229
vt 0.487017 0.743110
vt 0.491002 0.743889
vt 0.488754 0.741404
vt 0.486297 0.762406
vt 0.488754 0.768231
vt 0.487017 0.766525
vt 0.491002 0.765746
vt 0.504508 0.801704
vt 0.503485 0.795848
vt 0.514801 0.804129
vt 0.503485 0.777499
vt 0.506978 0.804129
vt 0.503485 0.765746
vt 0.514801 0.765746
vt 0.502339 0.770945
vt 0.503187 0.773952
vt 0.501071 0.768936
vt 0.499575 0.768231
vt 0.497572 0.765746
vt 0.497572 0.768231
vt 0.503485 0.732136
vt 0.503485 0.713787
vt 0.514801 0.705505
vt 0.504508 0.707931
vt 0.506978 0.705505
vt 0.503187 0.735683
vt 0.497572 0.741404
vt 0.502339 0.738690
vt 0.943137 0.530549
vt 0.515615 0.804129
vt 0.515615 0.705505
vt 0.527230 0.735683
vt 0.523438 0.705505
vt 0.525909 0.707931
vt 0.526932 0.732136
vt 0.526932 0.713787
vt 0.523438 0.804129
vt 0.525909 0.801704
vt 0.526932 0.795848
vt 0.526932 0.777499
vt 0.527230 0.773952
vt 0.528077 0.738690
vt 0.528077 0.770945
vt 0.529346 0.740699
vt 0.529346 0.768936
vt 0.530842 0.741404
vt 0.530842 0.768231
vt 0.541662 0.741404
vt 0.543400 0.743110
vt 0.543400 0.766525
vt 0.541662 0.768231
vt 0.544120 0.762406
vt 0.056826 0.718859
vt 0.056012 0.752212
vt 0.146224 0.718859
vt 0.746086 0.748688
vt 0.159950 0.748690
vt 0.727594 0.735336
vt 0.159136 0.718859
vt 0.949697 0.530549
vt 0.947526 0.261457
vt 0.908389 0.530549
vt 0.253726 0.745686
vt 0.242450 0.739830
vt 0.244920 0.745686
vt 0.243174 0.743971
vt 0.243174 0.720574
vt 0.218231 0.718859
vt 0.229547 0.718859
vt 0.218231 0.745686
vt 0.868879 0.000407
vt 0.315908 0.735630
vt 0.314356 0.734078
vt 0.315908 0.730331
vt 0.319654 0.731883
vt 0.318103 0.735630
vt 0.337182 0.735630
vt 0.335630 0.734078
vt 0.335630 0.731883
vt 0.339376 0.730331
vt 0.340928 0.734078
vt 0.697197 0.742700
vt 0.712396 0.742700
vt 0.000407 0.756053
vt 0.267945 0.718859
vt 0.015606 0.718859
vt 0.025368 0.754596
vt 0.782336 0.704692
vt 0.732586 0.718044
vt 0.757461 0.718044
vt 0.893755 0.000407
vt 0.365684 0.000407
vt 0.893755 0.731769
vt 0.807211 0.704692
s 0
usemtl Door
f 7/1/1 6/2/1 8/3/1
f 1/4/2 4/5/2 2/6/2
f 7/7/3 4/8/3 3/9/3
f 5/10/4 3/11/4 1/12/4
f 2/13/5 8/14/5 6/15/5
f 11/16/1 13/17/1 9/18/1
f 23/19/2 17/20/2 21/21/2
f 19/22/3 9/23/3 17/24/3
f 9/25/5 83/26/5 81/27/5
f 17/28/5 106/29/5 104/30/5
f 19/31/4 131/32/4 132/33/4
f 11/34/4 114/35/4 117/36/4
f 12/37/6 128/38/6 124/39/6
f 10/40/6 97/41/6 14/42/6
f 16/43/7 127/44/7 128/38/7
f 14/42/7 101/45/7 18/46/7
f 20/47/8 126/48/8 127/44/8
f 18/46/8 99/49/8 22/50/8
f 24/51/9 135/52/9 126/48/9
f 22/50/9 109/53/9 25/54/9
f 26/55/10 130/56/10 135/52/10
f 27/57/10 109/53/10 103/58/10
f 28/59/11 134/60/11 130/56/11
f 29/61/11 103/58/11 107/62/11
f 30/63/12 133/64/12 134/60/12
f 31/65/12 107/62/12 105/66/12
f 32/67/13 131/68/13 133/64/13
f 33/69/13 105/66/13 104/70/13
f 34/71/14 132/72/14 131/68/14
f 35/73/14 104/70/14 106/74/14
f 36/75/15 129/76/15 132/72/15
f 37/77/15 106/74/15 108/78/15
f 38/79/16 142/80/16 129/76/16
f 39/81/16 108/78/16 102/82/16
f 40/83/17 144/84/17 142/80/17
f 41/85/17 102/82/17 110/86/17
f 42/87/18 141/88/18 144/84/18
f 43/89/18 110/86/18 98/90/18
f 44/91/19 143/92/19 141/88/19
f 45/93/19 98/90/19 100/94/19
f 46/95/20 139/96/20 143/92/20
f 47/97/20 100/94/20 96/98/20
f 48/99/21 140/100/21 139/96/21
f 49/101/21 96/98/21 111/102/21
f 50/103/22 137/104/22 140/100/22
f 51/105/22 111/102/22 90/106/22
f 52/107/23 138/108/23 137/104/23
f 53/109/23 90/106/23 91/110/23
f 54/111/24 118/112/24 138/108/24
f 55/113/24 91/110/24 93/114/24
f 56/115/25 120/116/25 118/112/25
f 57/117/25 93/114/25 88/118/25
f 58/119/26 122/120/26 120/116/26
f 57/117/26 86/121/26 59/122/26
f 60/123/27 115/124/27 122/120/27
f 59/122/27 84/125/27 61/126/27
f 62/127/28 113/128/28 115/124/28
f 61/126/28 82/129/28 63/130/28
f 64/131/29 114/132/29 113/128/29
f 63/130/29 81/133/29 65/134/29
f 66/135/30 117/136/30 114/132/30
f 65/134/30 83/137/30 67/138/30
f 68/139/31 116/140/31 117/136/31
f 67/138/31 87/141/31 69/142/31
f 70/143/32 123/144/32 116/140/32
f 69/142/32 85/145/32 71/146/32
f 72/147/33 121/148/33 123/144/33
f 71/146/33 95/149/33 73/150/33
f 74/151/34 119/152/34 121/148/34
f 73/150/34 89/153/34 75/154/34
f 76/155/35 136/156/35 119/152/35
f 75/154/35 94/157/35 77/158/35
f 48/159/4 32/160/4 80/161/4
f 78/162/36 125/163/36 136/156/36
f 77/158/36 92/164/36 79/165/36
f 80/166/37 124/167/37 125/163/37
f 79/165/37 112/168/37 10/169/37
f 29/170/5 45/171/5 61/172/5
f 147/173/38 146/174/38 145/175/38
f 149/176/39 148/177/39 147/173/39
f 151/178/40 150/179/40 149/176/40
f 153/180/41 152/181/41 151/178/41
f 155/182/42 154/183/42 153/180/42
f 157/184/43 156/185/43 155/182/43
f 159/186/44 158/187/44 157/184/44
f 161/188/45 160/189/45 159/186/45
f 163/190/46 162/191/46 161/188/46
f 165/192/47 164/193/47 163/190/47
f 167/194/48 166/195/48 165/192/48
f 169/196/49 168/197/49 167/194/49
f 171/198/50 170/199/50 169/196/50
f 173/200/51 172/201/51 171/198/51
f 175/202/52 174/203/52 173/200/52
f 177/204/53 176/205/53 175/202/53
f 179/206/54 178/207/54 177/204/54
f 181/208/55 180/209/55 179/206/55
f 183/210/56 182/211/56 181/208/56
f 185/212/57 184/213/57 183/210/57
f 187/214/58 186/215/58 185/212/58
f 232/216/5 222/217/5 231/218/5
f 210/219/5 230/220/5 227/221/5
f 221/222/4 228/223/4 229/224/4
f 223/225/4 209/226/4 226/227/4
f 214/228/5 225/229/5 224/230/5
f 209/231/59 227/232/59 226/233/59
f 201/234/60 200/235/60 199/236/60
f 203/237/61 202/238/61 201/234/61
f 205/239/62 204/240/62 203/237/62
f 178/241/5 194/242/5 146/243/5
f 207/244/63 206/245/63 205/239/63
f 145/246/64 208/247/64 207/244/64
f 179/248/4 163/249/4 147/250/4
f 211/251/65 210/252/65 209/253/65
f 213/254/66 212/255/66 211/251/66
f 215/256/67 214/257/67 213/254/67
f 217/258/68 216/259/68 215/256/68
f 219/260/69 218/261/69 217/258/69
f 221/262/70 220/263/70 219/260/70
f 217/264/4 233/265/4 234/266/4
f 222/267/71 229/268/71 231/269/71
f 225/229/5 218/270/5 235/271/5
f 236/272/4 211/273/4 223/225/4
f 212/274/5 224/230/5 230/220/5
f 219/275/4 234/266/4 228/223/4
f 235/271/5 220/276/5 232/216/5
f 233/265/4 213/277/4 236/272/4
f 193/278/72 236/279/72 191/280/72
f 196/281/73 232/282/73 198/283/73
f 228/284/74 195/285/74 197/286/74
f 230/287/75 192/288/75 190/289/75
f 191/280/76 223/290/76 189/291/76
f 194/292/77 235/293/77 196/281/77
f 231/269/71 199/294/71 200/295/71
f 234/296/78 193/278/78 195/285/78
f 187/297/59 227/232/59 188/298/59
f 224/299/79 194/292/79 192/288/79
f 189/291/80 226/300/80 187/301/80
f 229/302/81 197/286/81 199/303/81
f 227/304/82 190/289/82 188/305/82
f 198/283/83 231/306/83 200/307/83
f 239/308/84 238/309/84 237/310/84
f 241/311/85 240/312/85 239/308/85
f 243/313/86 242/314/86 241/311/86
f 245/315/87 244/316/87 243/313/87
f 247/317/88 246/318/88 245/315/88
f 249/319/89 248/320/89 247/317/89
f 251/321/90 250/322/90 249/319/90
f 253/323/91 252/324/91 251/321/91
f 255/325/92 254/326/92 253/323/92
f 257/327/93 256/328/93 255/325/93
f 259/329/94 258/330/94 257/327/94
f 261/331/95 260/332/95 259/329/95
f 263/333/96 262/334/96 261/331/96
f 265/335/97 264/336/97 263/333/97
f 267/337/98 266/338/98 265/335/98
f 269/339/99 268/340/99 267/337/99
f 271/341/100 270/342/100 269/339/100
f 273/343/101 272/344/101 271/341/101
f 275/345/102 274/346/102 273/343/102
f 277/347/103 276/348/103 275/345/103
f 279/349/104 278/350/104 277/347/104
f 324/351/5 314/352/5 323/353/5
f 302/354/5 322/355/5 319/356/5
f 313/357/4 320/358/4 321/359/4
f 315/360/4 301/361/4 318/362/4
f 306/363/5 317/364/5 316/365/5
f 301/366/105 319/367/105 318/368/105
f 293/369/106 292/370/106 291/371/106
f 295/372/107 294/373/107 293/369/107
f 297/374/108 296/375/108 295/372/108
f 278/376/5 286/377/5 238/378/5
f 299/379/109 298/380/109 297/374/109
f 237/310/110 300/381/110 299/379/110
f 247/382/4 239/383/4 271/384/4
f 303/385/111 302/386/111 301/387/111
f 305/388/112 304/389/112 303/385/112
f 307/390/113 306/391/113 305/388/113
f 309/392/114 308/393/114 307/390/114
f 311/394/115 310/395/115 309/392/115
f 313/396/116 312/397/116 311/394/116
f 309/398/4 325/399/4 326/400/4
f 314/401/117 321/402/117 323/403/117
f 317/364/5 310/404/5 327/405/5
f 328/406/4 303/407/4 315/360/4
f 304/408/5 316/365/5 322/355/5
f 311/409/4 326/400/4 320/358/4
f 327/405/5 312/410/5 324/351/5
f 325/399/4 305/411/4 328/406/4
f 285/412/118 328/413/118 283/414/118
f 288/415/119 324/416/119 290/417/119
f 320/418/120 287/419/120 289/420/120
f 322/421/121 284/422/121 282/423/121
f 283/414/122 315/424/122 281/425/122
f 286/426/123 327/427/123 288/415/123
f 323/403/117 291/428/117 292/429/117
f 326/430/124 285/412/124 287/419/124
f 279/431/105 319/367/105 280/432/105
f 316/433/125 286/426/125 284/422/125
f 281/425/126 318/434/126 279/435/126
f 321/436/127 289/420/127 291/437/127
f 319/438/128 282/423/128 280/439/128
f 290/417/129 323/440/129 292/441/129
f 330/442/100 331/443/100 329/444/100
f 332/445/101 333/446/101 331/447/101
f 334/448/102 335/449/102 333/446/102
f 336/450/103 337/451/103 335/449/103
f 338/452/104 339/453/104 337/451/104
f 340/454/111 341/455/111 339/453/111
f 342/456/112 343/457/112 341/455/112
f 344/458/113 345/459/113 343/457/113
f 346/460/114 347/461/114 345/459/114
f 348/462/115 349/463/115 347/461/115
f 350/464/116 351/465/116 349/463/116
f 352/466/130 353/467/130 351/465/130
f 354/468/107 355/469/107 353/467/107
f 356/470/108 357/471/108 355/469/108
f 358/472/131 359/473/131 357/471/131
f 360/474/132 361/475/132 359/473/132
f 362/476/84 363/477/84 361/475/84
f 364/478/85 365/479/85 363/477/85
f 366/480/86 367/481/86 365/479/86
f 368/482/133 369/483/133 367/481/133
f 370/484/88 371/485/88 369/483/88
f 372/486/89 373/487/89 371/485/89
f 374/488/134 375/489/134 373/487/134
f 376/490/91 377/491/91 375/489/91
f 378/492/92 379/493/92 377/491/92
f 380/494/135 381/495/135 379/493/135
f 382/496/94 383/497/94 381/495/94
f 384/498/95 385/499/95 383/497/95
f 386/500/96 387/501/96 385/499/96
f 388/502/97 389/503/97 387/501/97
f 366/504/4 350/505/4 334/506/4
f 390/507/136 391/508/136 389/503/136
f 392/509/137 329/444/137 391/508/137
f 359/510/5 375/511/5 391/512/5
f 394/513/1 395/514/1 393/515/1
f 400/516/2 397/517/2 399/518/2
f 398/519/3 393/520/3 397/521/3
f 399/522/5 393/523/5 395/524/5
f 396/525/4 398/526/4 400/527/4
f 402/528/6 403/529/6 401/530/6
f 404/531/7 405/532/7 403/529/7
f 406/533/8 407/534/8 405/532/8
f 408/535/9 409/536/9 407/534/9
f 410/537/10 411/538/10 409/536/10
f 412/539/11 413/540/11 411/538/11
f 414/541/12 415/542/12 413/540/12
f 416/543/13 417/544/13 415/542/13
f 418/545/138 419/546/138 417/544/138
f 420/547/15 421/548/15 419/546/15
f 422/549/16 423/550/16 421/548/16
f 424/551/139 425/552/139 423/550/139
f 426/553/18 427/554/18 425/552/18
f 428/555/19 429/556/19 427/554/19
f 430/557/20 431/558/20 429/556/20
f 432/559/21 433/560/21 431/558/21
f 434/561/22 435/562/22 433/560/22
f 436/563/23 437/564/23 435/562/23
f 438/565/24 439/566/24 437/564/24
f 440/567/25 441/568/25 439/566/25
f 442/569/26 443/570/26 441/568/26
f 444/571/27 445/572/27 443/570/27
f 446/573/28 447/574/28 445/572/28
f 448/575/29 449/576/29 447/574/29
f 450/577/140 451/578/140 449/576/140
f 452/579/31 453/580/31 451/578/31
f 454/581/32 455/582/32 453/580/32
f 456/583/33 457/584/33 455/582/33
f 458/585/34 459/586/34 457/584/34
f 460/587/35 461/588/35 459/586/35
f 454/589/4 438/590/4 422/591/4
f 462/592/36 463/593/36 461/588/36
f 464/594/37 401/595/37 463/593/37
f 415/596/5 431/597/5 447/598/5
f 466/528/6 467/529/6 465/530/6
f 468/531/7 469/532/7 467/529/7
f 470/533/8 471/534/8 469/532/8
f 472/535/9 473/536/9 471/534/9
f 474/537/10 475/538/10 473/536/10
f 476/539/11 477/540/11 475/538/11
f 478/541/12 479/542/12 477/540/12
f 480/543/13 481/544/13 479/542/13
f 482/545/138 483/546/138 481/544/138
f 484/547/15 485/548/15 483/546/15
f 486/549/16 487/550/16 485/548/16
f 488/551/139 489/552/139 487/550/139
f 490/553/18 491/554/18 489/552/18
f 492/555/19 493/556/19 491/554/19
f 494/557/20 495/558/20 493/556/20
f 496/559/21 497/560/21 495/558/21
f 498/561/22 499/562/22 497/560/22
f 500/563/23 501/564/23 499/562/23
f 502/565/24 503/566/24 501/564/24
f 504/567/25 505/568/25 503/566/25
f 506/569/26 507/570/26 505/568/26
f 508/571/27 509/572/27 507/570/27
f 510/573/28 511/574/28 509/572/28
f 512/575/29 513/576/29 511/574/29
f 514/577/140 515/578/140 513/576/140
f 516/579/31 517/580/31 515/578/31
f 518/581/32 519/582/32 517/580/32
f 520/583/33 521/584/33 519/582/33
f 522/585/34 523/586/34 521/584/34
f 524/587/35 525/588/35 523/586/35
f 518/589/4 502/590/4 486/591/4
f 526/592/36 527/593/36 525/588/36
f 528/594/37 465/595/37 527/593/37
f 479/596/5 495/597/5 511/598/5
s 1
f 577/599/141 546/600/142 568/601/143
f 552/602/144 563/603/145 534/604/146
f 533/605/147 538/606/148 539/607/149
f 552/602/144 556/608/150 563/603/145
f 556/608/150 553/609/151 529/610/149
f 582/611/152 602/612/153 573/613/154
f 567/614/155 608/615/156 578/616/157
f 572/617/158 541/618/159 583/619/160
f 545/620/161 587/621/162 546/600/142
f 544/622/163 617/623/162 547/624/149
f 543/625/164 596/626/165 541/618/159
f 597/627/166 588/628/167 593/629/156
f 617/630/162 619/631/1 564/632/168
f 548/633/169 611/634/170 542/635/146
f 537/636/169 532/637/171 534/638/146
f 547/639/149 562/640/146 544/641/163
f 548/642/169 566/643/172 559/644/173
f 531/645/174 551/646/175 538/647/148
f 530/648/176 605/649/170 536/650/146
f 559/644/173 564/632/168 618/651/167
f 556/652/150 554/653/177 563/654/145
f 557/655/159 559/656/173 566/657/172
f 559/658/173 560/659/178 564/660/168
f 560/661/178 553/662/151 551/663/175
f 554/653/177 561/664/171 549/665/179
f 549/666/179 562/667/146 550/668/178
f 555/669/159 566/657/172 554/653/177
f 537/670/169 554/671/177 540/672/180
f 539/673/149 551/674/175 552/675/144
f 544/676/163 561/677/171 542/678/146
f 540/679/180 549/680/179 532/681/171
f 577/682/141 579/683/181 553/684/151
f 542/685/146 566/686/172 548/687/169
f 543/688/164 546/689/142 588/690/167
f 573/613/154 584/691/182 582/611/152
f 576/692/183 585/693/184 584/691/182
f 575/694/185 586/695/186 585/693/184
f 574/696/187 583/619/160 586/697/186
f 578/616/157 569/698/188 567/614/155
f 581/699/189 570/700/190 569/698/188
f 580/701/191 571/702/192 570/700/190
f 579/703/181 568/601/143 571/704/192
f 535/705/193 599/706/162 529/707/149
f 591/708/194 598/709/195 596/710/165
f 592/711/196 597/627/166 598/712/195
f 594/713/197 589/714/198 587/715/162
f 595/716/199 588/628/167 589/717/198
f 603/718/194 607/719/195 605/720/170
f 604/721/196 606/722/166 607/723/195
f 609/724/197 601/725/198 599/726/162
f 610/727/199 600/728/167 601/729/198
f 617/630/162 620/730/198 619/631/1
f 620/730/198 618/651/167 619/631/1
f 621/731/153 624/732/196 623/733/1
f 624/732/196 622/734/200 623/733/1
f 615/735/197 620/736/198 617/737/162
f 616/738/199 618/739/167 620/740/198
f 622/741/200 613/742/195 611/743/170
f 624/744/196 612/745/166 613/746/195
f 612/745/166 618/739/167 614/747/156
f 544/748/163 614/749/156 615/750/197
f 534/751/146 549/666/179 550/668/178
s 0
f 627/752/201 626/753/201 625/754/201
f 629/755/202 628/756/202 627/752/202
f 631/757/203 630/758/203 629/755/203
f 633/759/204 632/760/204 631/757/204
f 635/761/205 634/762/205 633/763/205
f 637/764/206 636/765/206 635/761/206
f 626/766/4 638/767/4 634/768/4
f 639/769/207 638/770/207 637/764/207
f 625/754/208 640/771/208 639/769/208
f 631/772/5 635/773/5 639/774/5
f 642/775/1 643/776/1 641/777/1
f 648/778/2 645/779/2 647/780/2
f 646/781/3 641/782/3 645/783/3
f 647/784/5 641/785/5 643/786/5
f 651/776/2 650/775/2 649/777/2
f 653/779/1 656/778/1 655/780/1
f 649/782/3 654/781/3 653/783/3
f 649/785/5 655/784/5 651/786/5
f 659/776/1 658/775/1 657/777/1
f 661/779/2 664/778/2 663/780/2
f 657/782/3 662/781/3 661/783/3
f 657/785/4 663/784/4 659/786/4
f 666/775/2 667/776/2 665/777/2
f 672/778/1 669/779/1 671/780/1
f 670/781/3 665/782/3 669/783/3
f 671/784/4 665/785/4 667/786/4
f 674/787/207 675/788/207 673/789/207
f 676/790/208 677/791/208 675/788/208
f 678/792/201 679/793/201 677/791/201
f 680/794/202 681/795/202 679/793/202
f 682/796/209 685/797/209 681/795/209
f 673/789/210 684/798/210 674/787/210
f 686/799/3 689/800/3 685/797/3
f 683/801/3 688/802/3 684/798/3
f 693/788/207 692/787/207 691/789/207
f 695/791/208 694/790/208 693/788/208
f 697/793/201 696/792/201 695/791/201
f 699/795/202 698/794/202 697/793/202
f 703/797/209 700/796/209 699/795/209
f 702/798/210 691/789/210 692/787/210
f 707/800/3 704/799/3 703/797/3
f 706/802/3 701/801/3 702/798/3
f 711/803/1 710/804/1 712/805/1
f 719/806/2 723/807/2 724/808/2
f 721/809/1 717/810/1 718/811/1
f 722/812/4 720/813/4 719/814/4
f 715/815/3 718/816/3 716/817/3
f 711/818/3 721/819/3 715/815/3
f 711/818/3 723/820/3 720/821/3
f 711/822/5 713/823/5 709/824/5
f 713/825/2 716/826/2 714/827/2
f 7/1/1 5/828/1 6/2/1
f 1/4/2 3/829/2 4/5/2
f 7/7/3 8/830/3 4/8/3
f 5/10/4 7/831/4 3/11/4
f 2/13/5 4/832/5 8/14/5
f 11/16/1 15/833/1 13/17/1
f 23/19/2 19/834/2 17/20/2
f 19/22/3 11/835/3 9/23/3
f 82/836/5 84/837/5 9/25/5
f 9/25/5 13/838/5 83/26/5
f 13/838/5 85/839/5 87/840/5
f 13/838/5 87/840/5 83/26/5
f 81/27/211 82/836/211 9/25/211
f 95/841/212 85/839/212 13/838/212
f 13/838/5 21/842/5 97/843/5
f 21/842/5 17/28/5 104/30/5
f 101/844/5 21/842/5 99/845/5
f 9/25/5 84/837/5 86/846/5
f 9/25/5 86/846/5 88/847/5
f 89/848/5 95/841/5 13/838/5
f 94/849/5 89/848/5 13/838/5
f 9/25/5 88/847/5 93/850/5
f 9/25/5 93/850/5 91/851/5
f 92/852/5 94/849/5 13/838/5
f 112/853/212 92/852/212 13/838/212
f 9/25/5 91/851/5 90/854/5
f 9/25/5 90/854/5 111/855/5
f 97/843/213 112/853/213 13/838/213
f 101/844/5 97/843/5 21/842/5
f 17/28/5 9/25/5 96/856/5
f 9/25/211 111/855/211 96/856/211
f 99/845/5 21/842/5 109/857/5
f 109/857/5 21/842/5 103/858/5
f 17/28/5 96/856/5 100/859/5
f 17/28/5 100/859/5 98/860/5
f 103/858/5 21/842/5 107/861/5
f 107/861/5 21/842/5 105/862/5
f 17/28/5 98/860/5 110/863/5
f 17/28/5 110/863/5 102/864/5
f 105/862/5 21/842/5 104/30/5
f 17/28/5 102/864/5 108/865/5
f 17/28/5 108/865/5 106/29/5
f 122/866/4 115/867/4 11/34/4
f 19/31/4 23/868/4 131/32/4
f 23/868/4 15/869/4 128/870/4
f 15/869/4 123/871/4 121/872/4
f 15/869/4 121/872/4 119/873/4
f 120/874/4 122/866/4 11/34/4
f 118/875/4 120/874/4 11/34/4
f 15/869/4 119/873/4 136/876/4
f 15/869/214 136/876/214 125/877/214
f 138/878/4 118/875/4 11/34/4
f 137/879/215 138/878/215 11/34/215
f 15/869/4 125/877/4 124/880/4
f 15/869/4 124/880/4 128/870/4
f 140/881/4 137/879/4 11/34/4
f 139/882/4 140/881/4 11/34/4
f 23/868/4 128/870/4 127/883/4
f 23/868/4 127/883/4 126/884/4
f 139/882/4 11/34/4 19/31/4
f 143/885/4 139/882/4 19/31/4
f 23/868/4 126/884/4 135/886/4
f 23/868/4 135/886/4 130/887/4
f 141/888/4 143/885/4 19/31/4
f 144/889/4 141/888/4 19/31/4
f 23/868/4 130/887/4 134/890/4
f 23/868/4 134/890/4 133/891/4
f 142/892/4 144/889/4 19/31/4
f 129/893/4 142/892/4 19/31/4
f 23/868/4 133/891/4 131/32/4
f 132/33/4 129/893/4 19/31/4
f 123/871/4 15/869/4 116/894/4
f 15/869/4 11/34/4 117/36/4
f 116/894/4 15/869/4 117/36/4
f 11/34/4 115/867/4 113/895/4
f 11/34/4 113/895/4 114/35/4
f 12/37/6 16/43/6 128/38/6
f 10/40/6 112/896/6 97/41/6
f 16/43/7 20/47/7 127/44/7
f 14/42/7 97/41/7 101/45/7
f 20/47/8 24/51/8 126/48/8
f 18/46/8 101/45/8 99/49/8
f 24/51/9 26/55/9 135/52/9
f 22/50/9 99/49/9 109/53/9
f 26/55/10 28/59/10 130/56/10
f 27/57/10 25/54/10 109/53/10
f 28/59/11 30/63/11 134/60/11
f 29/61/11 27/57/11 103/58/11
f 30/63/12 32/67/12 133/64/12
f 31/65/12 29/61/12 107/62/12
f 32/67/13 34/71/13 131/68/13
f 33/69/13 31/65/13 105/66/13
f 34/71/14 36/75/14 132/72/14
f 35/73/14 33/69/14 104/70/14
f 36/75/15 38/79/15 129/76/15
f 37/77/15 35/73/15 106/74/15
f 38/79/16 40/83/16 142/80/16
f 39/81/16 37/77/16 108/78/16
f 40/83/17 42/87/17 144/84/17
f 41/85/17 39/81/17 102/82/17
f 42/87/18 44/91/18 141/88/18
f 43/89/18 41/85/18 110/86/18
f 44/91/19 46/95/19 143/92/19
f 45/93/19 43/89/19 98/90/19
f 46/95/20 48/99/20 139/96/20
f 47/97/20 45/93/20 100/94/20
f 48/99/21 50/103/21 140/100/21
f 49/101/21 47/97/21 96/98/21
f 50/103/22 52/107/22 137/104/22
f 51/105/22 49/101/22 111/102/22
f 52/107/23 54/111/23 138/108/23
f 53/109/23 51/105/23 90/106/23
f 54/111/24 56/115/24 118/112/24
f 55/113/24 53/109/24 91/110/24
f 56/115/25 58/119/25 120/116/25
f 57/117/25 55/113/25 93/114/25
f 58/119/26 60/123/26 122/120/26
f 57/117/26 88/118/26 86/121/26
f 60/123/27 62/127/27 115/124/27
f 59/122/27 86/121/27 84/125/27
f 62/127/28 64/131/28 113/128/28
f 61/126/28 84/125/28 82/129/28
f 64/131/29 66/135/29 114/132/29
f 63/130/29 82/129/29 81/133/29
f 66/135/30 68/139/30 117/136/30
f 65/134/30 81/133/30 83/137/30
f 68/139/31 70/143/31 116/140/31
f 67/138/31 83/137/31 87/141/31
f 70/143/32 72/147/32 123/144/32
f 69/142/32 87/141/32 85/145/32
f 72/147/33 74/151/33 121/148/33
f 71/146/33 85/145/33 95/149/33
f 74/151/34 76/155/34 119/152/34
f 73/150/34 95/149/34 89/153/34
f 76/155/35 78/162/35 136/156/35
f 75/154/35 89/153/35 94/157/35
f 64/897/216 62/898/216 60/899/216
f 60/899/217 58/900/217 56/901/217
f 56/901/218 54/902/218 52/903/218
f 52/903/4 50/904/4 48/159/4
f 48/159/4 46/905/4 44/906/4
f 44/906/219 42/907/219 40/908/219
f 40/908/220 38/909/220 36/910/220
f 36/910/4 34/911/4 40/908/4
f 34/911/221 32/160/221 40/908/221
f 32/160/4 30/912/4 24/913/4
f 30/912/222 28/914/222 24/913/222
f 28/914/219 26/915/219 24/913/219
f 24/913/222 20/916/222 16/917/222
f 16/917/4 12/918/4 80/161/4
f 80/161/4 78/919/4 76/920/4
f 76/920/217 74/921/217 72/922/217
f 72/922/220 70/923/220 68/924/220
f 68/924/4 66/925/4 72/922/4
f 66/925/4 64/897/4 72/922/4
f 64/897/4 60/899/4 48/159/4
f 60/899/4 56/901/4 48/159/4
f 56/901/4 52/903/4 48/159/4
f 48/159/4 44/906/4 32/160/4
f 44/906/4 40/908/4 32/160/4
f 24/913/4 16/917/4 80/161/4
f 80/161/215 76/920/215 72/922/215
f 32/160/4 24/913/4 80/161/4
f 80/161/214 72/922/214 64/897/214
f 64/897/4 48/159/4 80/161/4
f 78/162/36 80/166/36 125/163/36
f 77/158/36 94/157/36 92/164/36
f 80/166/37 12/926/37 124/167/37
f 79/165/37 92/164/37 112/168/37
f 77/927/5 79/928/5 18/929/5
f 79/928/5 10/930/5 18/929/5
f 10/930/5 14/931/5 18/929/5
f 18/929/5 22/932/5 29/170/5
f 22/932/5 25/933/5 29/170/5
f 25/933/223 27/934/223 29/170/223
f 29/170/224 31/935/224 33/936/224
f 33/936/5 35/937/5 37/938/5
f 37/938/223 39/939/223 41/940/223
f 41/940/5 43/941/5 37/938/5
f 43/941/225 45/171/225 37/938/225
f 45/171/5 47/942/5 49/943/5
f 49/943/5 51/944/5 45/171/5
f 51/944/5 53/945/5 45/171/5
f 53/945/5 55/946/5 57/947/5
f 57/947/5 59/948/5 53/945/5
f 59/948/5 61/172/5 53/945/5
f 61/172/5 63/949/5 65/950/5
f 65/950/226 67/951/226 69/952/226
f 69/952/227 71/953/227 73/954/227
f 73/954/5 75/955/5 69/952/5
f 75/955/5 77/927/5 69/952/5
f 29/170/211 33/936/211 45/171/211
f 33/936/212 37/938/212 45/171/212
f 61/172/5 65/950/5 77/927/5
f 65/950/5 69/952/5 77/927/5
f 77/927/5 18/929/5 29/170/5
f 45/171/5 53/945/5 61/172/5
f 77/927/5 29/170/5 61/172/5
f 147/173/38 148/177/38 146/174/38
f 149/176/39 150/179/39 148/177/39
f 151/178/40 152/181/40 150/179/40
f 153/180/228 154/183/228 152/181/228
f 155/182/42 156/185/42 154/183/42
f 157/184/43 158/187/43 156/185/43
f 159/186/229 160/189/229 158/187/229
f 161/188/45 162/191/45 160/189/45
f 163/190/46 164/193/46 162/191/46
f 165/192/230 166/195/230 164/193/230
f 167/194/231 168/197/231 166/195/231
f 169/196/49 170/199/49 168/197/49
f 171/198/232 172/201/232 170/199/232
f 173/200/51 174/203/51 172/201/51
f 175/202/52 176/205/52 174/203/52
f 177/204/53 178/207/53 176/205/53
f 179/206/54 180/209/54 178/207/54
f 181/208/55 182/211/55 180/209/55
f 183/210/56 184/213/56 182/211/56
f 185/212/233 186/215/233 184/213/233
f 187/214/58 188/956/58 186/215/58
f 232/216/5 220/276/5 222/217/5
f 210/219/5 212/274/5 230/220/5
f 221/222/4 219/275/4 228/223/4
f 223/225/4 211/273/4 209/226/4
f 214/228/5 216/957/5 225/229/5
f 209/231/59 210/958/59 227/232/59
f 201/234/60 202/238/60 200/235/60
f 203/237/234 204/240/234 202/238/234
f 205/239/62 206/245/62 204/240/62
f 146/243/225 148/959/225 150/960/225
f 150/960/5 152/961/5 154/962/5
f 154/962/5 156/963/5 158/964/5
f 158/964/224 160/965/224 162/966/224
f 162/966/226 164/967/226 166/968/226
f 166/968/223 168/969/223 170/970/223
f 170/970/5 172/971/5 174/972/5
f 174/972/5 176/973/5 178/241/5
f 178/241/213 180/974/213 182/975/213
f 182/975/5 184/976/5 186/977/5
f 186/977/5 188/978/5 190/979/5
f 190/979/5 192/980/5 194/242/5
f 194/242/5 196/981/5 198/982/5
f 198/982/227 200/983/227 202/984/227
f 202/984/5 204/985/5 206/986/5
f 206/986/5 208/987/5 202/984/5
f 208/987/5 146/243/5 202/984/5
f 146/243/211 150/960/211 162/966/211
f 150/960/5 154/962/5 162/966/5
f 154/962/5 158/964/5 162/966/5
f 162/966/5 166/968/5 178/241/5
f 166/968/5 170/970/5 178/241/5
f 170/970/5 174/972/5 178/241/5
f 178/241/5 182/975/5 194/242/5
f 182/975/212 186/977/212 194/242/212
f 186/977/5 190/979/5 194/242/5
f 194/242/5 198/982/5 146/243/5
f 198/982/5 202/984/5 146/243/5
f 146/243/5 162/966/5 178/241/5
f 207/244/63 208/247/63 206/245/63
f 145/246/64 146/988/64 208/247/64
f 147/250/215 145/989/215 207/990/215
f 207/990/219 205/991/219 203/992/219
f 203/992/219 201/993/219 199/994/219
f 199/994/235 197/995/235 203/992/235
f 197/995/4 195/996/4 203/992/4
f 195/996/4 193/997/4 191/998/4
f 191/998/4 189/999/4 195/996/4
f 189/999/235 187/1000/235 195/996/235
f 187/1000/217 185/1001/217 183/1002/217
f 183/1002/218 181/1003/218 179/248/218
f 179/248/4 177/1004/4 175/1005/4
f 175/1005/4 173/1006/4 179/248/4
f 173/1006/214 171/1007/214 179/248/214
f 171/1007/217 169/1008/217 167/1009/217
f 167/1009/216 165/1010/216 163/249/216
f 163/249/220 161/1011/220 159/1012/220
f 159/1012/4 157/1013/4 163/249/4
f 157/1013/221 155/1014/221 163/249/221
f 155/1014/219 153/1015/219 151/1016/219
f 151/1016/222 149/1017/222 147/250/222
f 147/250/4 207/990/4 195/996/4
f 207/990/4 203/992/4 195/996/4
f 187/1000/215 183/1002/215 195/996/215
f 183/1002/4 179/248/4 195/996/4
f 171/1007/4 167/1009/4 179/248/4
f 167/1009/4 163/249/4 179/248/4
f 155/1014/214 151/1016/214 163/249/214
f 151/1016/4 147/250/4 163/249/4
f 147/250/4 195/996/4 179/248/4
f 211/251/65 212/255/65 210/252/65
f 213/254/236 214/257/236 212/255/236
f 215/256/67 216/259/67 214/257/67
f 217/258/68 218/261/68 216/259/68
f 219/260/237 220/263/237 218/261/237
f 221/262/238 222/1018/238 220/263/238
f 217/264/4 215/1019/4 233/265/4
f 222/267/71 221/1020/71 229/268/71
f 225/229/5 216/957/5 218/270/5
f 236/272/4 213/277/4 211/273/4
f 212/274/5 214/228/5 224/230/5
f 219/275/4 217/264/4 234/266/4
f 235/271/5 218/270/5 220/276/5
f 233/265/4 215/1019/4 213/277/4
f 193/278/239 233/1021/239 236/279/239
f 196/281/240 235/293/240 232/282/240
f 228/284/241 234/296/241 195/285/241
f 230/287/240 224/299/240 192/288/240
f 191/280/242 236/279/242 223/290/242
f 194/292/243 225/1022/243 235/293/243
f 231/269/71 229/268/71 199/294/71
f 234/296/239 233/1021/239 193/278/239
f 187/297/59 226/233/59 227/232/59
f 224/299/243 225/1022/243 194/292/243
f 189/291/244 223/290/244 226/300/244
f 229/302/244 228/284/244 197/286/244
f 227/304/245 230/287/245 190/289/245
f 198/283/245 232/282/245 231/306/245
f 239/308/84 240/312/84 238/309/84
f 241/311/85 242/314/85 240/312/85
f 243/313/86 244/316/86 242/314/86
f 245/315/87 246/318/87 244/316/87
f 247/317/246 248/320/246 246/318/246
f 249/319/89 250/322/89 248/320/89
f 251/321/134 252/324/134 250/322/134
f 253/323/91 254/326/91 252/324/91
f 255/325/92 256/328/92 254/326/92
f 257/327/93 258/330/93 256/328/93
f 259/329/94 260/332/94 258/330/94
f 261/331/247 262/334/247 260/332/247
f 263/333/96 264/336/96 262/334/96
f 265/335/248 266/338/248 264/336/248
f 267/337/98 268/340/98 266/338/98
f 269/339/99 270/342/99 268/340/99
f 271/341/100 272/344/100 270/342/100
f 273/343/101 274/346/101 272/344/101
f 275/345/102 276/348/102 274/346/102
f 277/347/103 278/350/103 276/348/103
f 279/349/249 280/1023/249 278/350/249
f 324/351/5 312/410/5 314/352/5
f 302/354/5 304/408/5 322/355/5
f 313/357/4 311/409/4 320/358/4
f 315/360/4 303/407/4 301/361/4
f 306/363/5 308/1024/5 317/364/5
f 301/366/105 302/1025/105 319/367/105
f 293/369/130 294/373/130 292/370/130
f 295/372/250 296/375/250 294/373/250
f 297/374/251 298/380/251 296/375/251
f 238/378/5 240/1026/5 246/1027/5
f 240/1026/5 242/1028/5 246/1027/5
f 242/1028/5 244/1029/5 246/1027/5
f 246/1027/5 248/1030/5 250/1031/5
f 250/1031/5 252/1032/5 246/1027/5
f 252/1032/5 254/1033/5 246/1027/5
f 254/1033/5 256/1034/5 258/1035/5
f 258/1035/224 260/1036/224 262/1037/224
f 262/1037/223 264/1038/223 266/1039/223
f 266/1039/5 268/1040/5 262/1037/5
f 268/1040/5 270/1041/5 262/1037/5
f 270/1041/5 272/1042/5 278/376/5
f 272/1042/5 274/1043/5 278/376/5
f 274/1043/5 276/1044/5 278/376/5
f 278/376/5 280/1045/5 282/1046/5
f 282/1046/5 284/1047/5 278/376/5
f 284/1047/5 286/377/5 278/376/5
f 286/377/5 288/1048/5 290/1049/5
f 290/1049/226 292/1050/226 294/1051/226
f 294/1051/227 296/1052/227 298/1053/227
f 298/1053/5 300/1054/5 294/1051/5
f 300/1054/5 238/378/5 294/1051/5
f 254/1033/5 258/1035/5 270/1041/5
f 258/1035/211 262/1037/211 270/1041/211
f 286/377/5 290/1049/5 238/378/5
f 290/1049/212 294/1051/212 238/378/212
f 238/378/5 246/1027/5 270/1041/5
f 246/1027/5 254/1033/5 270/1041/5
f 270/1041/5 278/376/5 238/378/5
f 299/379/109 300/381/109 298/380/109
f 237/310/110 238/309/110 300/381/110
f 239/383/4 237/1055/4 299/1056/4
f 299/1056/219 297/1057/219 295/1058/219
f 295/1058/217 293/1059/217 291/1060/217
f 291/1060/221 289/1061/221 295/1058/221
f 289/1061/235 287/1062/235 295/1058/235
f 287/1062/4 285/1063/4 283/1064/4
f 283/1064/235 281/1065/235 287/1062/235
f 281/1065/221 279/1066/221 287/1062/221
f 279/1066/4 277/1067/4 271/384/4
f 277/1067/4 275/1068/4 271/384/4
f 275/1068/222 273/1069/222 271/384/222
f 271/384/4 269/1070/4 267/1071/4
f 267/1071/217 265/1072/217 263/1073/217
f 263/1073/219 261/1074/219 259/1075/219
f 259/1075/235 257/1076/235 263/1073/235
f 257/1076/221 255/1077/221 263/1073/221
f 255/1077/4 253/1078/4 251/1079/4
f 251/1079/221 249/1080/221 255/1077/221
f 249/1080/235 247/382/235 255/1077/235
f 247/382/4 245/1081/4 239/383/4
f 245/1081/4 243/1082/4 239/383/4
f 243/1082/218 241/1083/218 239/383/218
f 239/383/214 299/1056/214 287/1062/214
f 299/1056/4 295/1058/4 287/1062/4
f 271/384/215 267/1071/215 255/1077/215
f 267/1071/4 263/1073/4 255/1077/4
f 287/1062/4 279/1066/4 239/383/4
f 279/1066/4 271/384/4 239/383/4
f 255/1077/4 247/382/4 271/384/4
f 303/385/111 304/389/111 302/386/111
f 305/388/252 306/391/252 304/389/252
f 307/390/113 308/393/113 306/391/113
f 309/392/114 310/395/114 308/393/114
f 311/394/115 312/397/115 310/395/115
f 313/396/116 314/1084/116 312/397/116
f 309/398/4 307/1085/4 325/399/4
f 314/401/117 313/1086/117 321/402/117
f 317/364/5 308/1024/5 310/404/5
f 328/406/4 305/411/4 303/407/4
f 304/408/5 306/363/5 316/365/5
f 311/409/4 309/398/4 326/400/4
f 327/405/5 310/404/5 312/410/5
f 325/399/4 307/1085/4 305/411/4
f 285/412/253 325/1087/253 328/413/253
f 288/415/254 327/427/254 324/416/254
f 320/418/255 326/430/255 287/419/255
f 322/421/254 316/433/254 284/422/254
f 283/414/256 328/413/256 315/424/256
f 286/426/257 317/1088/257 327/427/257
f 323/403/117 321/402/117 291/428/117
f 326/430/253 325/1087/253 285/412/253
f 279/431/105 318/368/105 319/367/105
f 316/433/257 317/1088/257 286/426/257
f 281/425/258 315/424/258 318/434/258
f 321/436/258 320/418/258 289/420/258
f 319/438/259 322/421/259 282/423/259
f 290/417/259 324/416/259 323/440/259
f 330/442/100 332/1089/100 331/443/100
f 332/445/101 334/448/101 333/446/101
f 334/448/102 336/450/102 335/449/102
f 336/450/260 338/452/260 337/451/260
f 338/452/104 340/454/104 339/453/104
f 340/454/111 342/456/111 341/455/111
f 342/456/112 344/458/112 343/457/112
f 344/458/261 346/460/261 345/459/261
f 346/460/114 348/462/114 347/461/114
f 348/462/262 350/464/262 349/463/262
f 350/464/116 352/466/116 351/465/116
f 352/466/130 354/468/130 353/467/130
f 354/468/107 356/470/107 355/469/107
f 356/470/108 358/472/108 357/471/108
f 358/472/131 360/474/131 359/473/131
f 360/474/132 362/476/132 361/475/132
f 362/476/84 364/478/84 363/477/84
f 364/478/85 366/480/85 365/479/85
f 366/480/86 368/482/86 367/481/86
f 368/482/87 370/484/87 369/483/87
f 370/484/88 372/486/88 371/485/88
f 372/486/89 374/488/89 373/487/89
f 374/488/134 376/490/134 375/489/134
f 376/490/91 378/492/91 377/491/91
f 378/492/92 380/494/92 379/493/92
f 380/494/93 382/496/93 381/495/93
f 382/496/94 384/498/94 383/497/94
f 384/498/247 386/500/247 385/499/247
f 386/500/96 388/502/96 387/501/96
f 388/502/97 390/507/97 389/503/97
f 334/506/214 332/1090/214 330/1091/214
f 330/1091/4 392/1092/4 390/1093/4
f 390/1093/4 388/1094/4 386/1095/4
f 386/1095/4 384/1096/4 382/1097/4
f 382/1097/263 380/1098/263 378/1099/263
f 378/1099/263 376/1100/263 374/1101/263
f 374/1101/216 372/1102/216 370/1103/216
f 370/1103/4 368/1104/4 366/504/4
f 366/504/215 364/1105/215 362/1106/215
f 362/1106/4 360/1107/4 358/1108/4
f 358/1108/216 356/1109/216 354/1110/216
f 354/1110/4 352/1111/4 350/505/4
f 350/505/264 348/1112/264 346/1113/264
f 346/1113/264 344/1114/264 342/1115/264
f 342/1115/220 340/1116/220 338/1117/220
f 338/1117/219 336/1118/219 334/506/219
f 334/506/4 330/1091/4 390/1093/4
f 390/1093/4 386/1095/4 382/1097/4
f 382/1097/214 378/1099/214 366/504/214
f 378/1099/215 374/1101/215 366/504/215
f 374/1101/214 370/1103/214 366/504/214
f 366/504/215 362/1106/215 358/1108/215
f 358/1108/4 354/1110/4 366/504/4
f 354/1110/4 350/505/4 366/504/4
f 350/505/215 346/1113/215 334/506/215
f 346/1113/214 342/1115/214 334/506/214
f 342/1115/215 338/1117/215 334/506/215
f 334/506/4 390/1093/4 366/504/4
f 390/1093/4 382/1097/4 366/504/4
f 390/507/136 392/509/136 391/508/136
f 392/509/137 330/442/137 329/444/137
f 391/512/211 329/1119/211 335/1120/211
f 329/1119/5 331/1121/5 335/1120/5
f 331/1121/227 333/1122/227 335/1120/227
f 335/1120/5 337/1123/5 343/1124/5
f 337/1123/5 339/1125/5 343/1124/5
f 339/1125/5 341/1126/5 343/1124/5
f 343/1124/5 345/1127/5 351/1128/5
f 345/1127/5 347/1129/5 351/1128/5
f 347/1129/5 349/1130/5 351/1128/5
f 351/1128/226 353/1131/226 355/1132/226
f 355/1132/5 357/1133/5 359/510/5
f 359/510/5 361/1134/5 367/1135/5
f 361/1134/5 363/1136/5 367/1135/5
f 363/1136/5 365/1137/5 367/1135/5
f 367/1135/5 369/1138/5 375/511/5
f 369/1138/5 371/1139/5 375/511/5
f 371/1139/5 373/1140/5 375/511/5
f 375/511/5 377/1141/5 383/1142/5
f 377/1141/5 379/1143/5 383/1142/5
f 379/1143/5 381/1144/5 383/1142/5
f 383/1142/265 385/1145/265 391/512/265
f 385/1145/266 387/1146/266 391/512/266
f 387/1146/224 389/1147/224 391/512/224
f 351/1128/5 355/1132/5 343/1124/5
f 355/1132/5 359/510/5 343/1124/5
f 391/512/5 335/1120/5 343/1124/5
f 359/510/5 367/1135/5 375/511/5
f 375/511/212 383/1142/212 391/512/212
f 391/512/5 343/1124/5 359/510/5
f 394/513/1 396/1148/1 395/514/1
f 400/516/2 398/1149/2 397/517/2
f 398/519/3 394/1150/3 393/520/3
f 399/522/5 397/1151/5 393/523/5
f 396/525/4 394/1152/4 398/526/4
f 402/528/6 404/531/6 403/529/6
f 404/531/7 406/533/7 405/532/7
f 406/533/8 408/535/8 407/534/8
f 408/535/9 410/537/9 409/536/9
f 410/537/267 412/539/267 411/538/267
f 412/539/11 414/541/11 413/540/11
f 414/541/12 416/543/12 415/542/12
f 416/543/268 418/545/268 417/544/268
f 418/545/14 420/547/14 419/546/14
f 420/547/15 422/549/15 421/548/15
f 422/549/16 424/551/16 423/550/16
f 424/551/17 426/553/17 425/552/17
f 426/553/18 428/555/18 427/554/18
f 428/555/19 430/557/19 429/556/19
f 430/557/20 432/559/20 431/558/20
f 432/559/21 434/561/21 433/560/21
f 434/561/22 436/563/22 435/562/22
f 436/563/23 438/565/23 437/564/23
f 438/565/24 440/567/24 439/566/24
f 440/567/25 442/569/25 441/568/25
f 442/569/26 444/571/26 443/570/26
f 444/571/27 446/573/27 445/572/27
f 446/573/28 448/575/28 447/574/28
f 448/575/269 450/577/269 449/576/269
f 450/577/30 452/579/30 451/578/30
f 452/579/31 454/581/31 453/580/31
f 454/581/32 456/583/32 455/582/32
f 456/583/33 458/585/33 457/584/33
f 458/585/34 460/587/34 459/586/34
f 460/587/35 462/592/35 461/588/35
f 406/1153/214 404/1154/214 402/1155/214
f 402/1155/4 464/1156/4 462/1157/4
f 462/1157/4 460/1158/4 454/589/4
f 460/1158/219 458/1159/219 454/589/219
f 458/1159/270 456/1160/270 454/589/270
f 454/589/270 452/1161/270 450/1162/270
f 450/1162/4 448/1163/4 454/589/4
f 448/1163/4 446/1164/4 454/589/4
f 446/1164/4 444/1165/4 442/1166/4
f 442/1166/4 440/1167/4 446/1164/4
f 440/1167/4 438/590/4 446/1164/4
f 438/590/215 436/1168/215 434/1169/215
f 434/1169/4 432/1170/4 430/1171/4
f 430/1171/4 428/1172/4 422/591/4
f 428/1172/4 426/1173/4 422/591/4
f 426/1173/4 424/1174/4 422/591/4
f 422/591/4 420/1175/4 414/1176/4
f 420/1175/219 418/1177/219 414/1176/219
f 418/1177/271 416/1178/271 414/1176/271
f 414/1176/271 412/1179/271 410/1180/271
f 410/1180/4 408/1181/4 414/1176/4
f 408/1181/4 406/1153/4 414/1176/4
f 406/1153/4 402/1155/4 454/589/4
f 402/1155/4 462/1157/4 454/589/4
f 438/590/4 434/1169/4 422/591/4
f 434/1169/4 430/1171/4 422/591/4
f 454/589/4 446/1164/4 438/590/4
f 422/591/4 414/1176/4 406/1153/4
f 406/1153/4 454/589/4 422/591/4
f 462/592/36 464/594/36 463/593/36
f 464/594/37 402/1182/37 401/595/37
f 463/1183/5 401/1184/5 403/1185/5
f 403/1185/272 405/1186/272 407/1187/272
f 407/1187/273 409/1188/273 411/1189/273
f 411/1189/5 413/1190/5 407/1187/5
f 413/1190/5 415/596/5 407/1187/5
f 415/596/5 417/1191/5 419/1192/5
f 419/1192/5 421/1193/5 423/1194/5
f 423/1194/5 425/1195/5 427/1196/5
f 427/1196/225 429/1197/225 431/597/225
f 431/597/5 433/1198/5 435/1199/5
f 435/1199/274 437/1200/274 439/1201/274
f 439/1201/5 441/1202/5 443/1203/5
f 443/1203/223 445/1204/223 439/1201/223
f 445/1204/5 447/598/5 439/1201/5
f 447/598/5 449/1205/5 451/1206/5
f 451/1206/273 453/1207/273 455/1208/273
f 455/1208/275 457/1209/275 459/1210/275
f 459/1210/213 461/1211/213 463/1183/213
f 463/1183/5 403/1185/5 415/596/5
f 403/1185/5 407/1187/5 415/596/5
f 415/596/5 419/1192/5 431/597/5
f 419/1192/211 423/1194/211 431/597/211
f 423/1194/211 427/1196/211 431/597/211
f 431/597/5 435/1199/5 447/598/5
f 435/1199/5 439/1201/5 447/598/5
f 447/598/5 451/1206/5 463/1183/5
f 451/1206/212 455/1208/212 463/1183/212
f 455/1208/5 459/1210/5 463/1183/5
f 463/1183/5 415/596/5 447/598/5
f 466/528/6 468/531/6 467/529/6
f 468/531/7 470/533/7 469/532/7
f 470/533/8 472/535/8 471/534/8
f 472/535/9 474/537/9 473/536/9
f 474/537/267 476/539/267 475/538/267
f 476/539/11 478/541/11 477/540/11
f 478/541/12 480/543/12 479/542/12
f 480/543/268 482/545/268 481/544/268
f 482/545/14 484/547/14 483/546/14
f 484/547/15 486/549/15 485/548/15
f 486/549/16 488/551/16 487/550/16
f 488/551/17 490/553/17 489/552/17
f 490/553/18 492/555/18 491/554/18
f 492/555/19 494/557/19 493/556/19
f 494/557/20 496/559/20 495/558/20
f 496/559/21 498/561/21 497/560/21
f 498/561/22 500/563/22 499/562/22
f 500/563/23 502/565/23 501/564/23
f 502/565/24 504/567/24 503/566/24
f 504/567/25 506/569/25 505/568/25
f 506/569/26 508/571/26 507/570/26
f 508/571/27 510/573/27 509/572/27
f 510/573/28 512/575/28 511/574/28
f 512/575/269 514/577/269 513/576/269
f 514/577/30 516/579/30 515/578/30
f 516/579/31 518/581/31 517/580/31
f 518/581/32 520/583/32 519/582/32
f 520/583/33 522/585/33 521/584/33
f 522/585/34 524/587/34 523/586/34
f 524/587/35 526/592/35 525/588/35
f 470/1153/215 468/1154/215 466/1155/215
f 466/1155/4 528/1156/4 526/1157/4
f 526/1157/218 524/1158/218 518/589/218
f 524/1158/4 522/1159/4 518/589/4
f 522/1159/276 520/1160/276 518/589/276
f 518/589/4 516/1161/4 514/1162/4
f 514/1162/4 512/1163/4 518/589/4
f 512/1163/4 510/1164/4 518/589/4
f 510/1164/277 508/1165/277 506/1166/277
f 506/1166/217 504/1167/217 510/1164/217
f 504/1167/4 502/590/4 510/1164/4
f 502/590/214 500/1168/214 498/1169/214
f 498/1169/4 496/1170/4 494/1171/4
f 494/1171/4 492/1172/4 486/591/4
f 492/1172/218 490/1173/218 486/591/218
f 490/1173/276 488/1174/276 486/591/276
f 486/591/4 484/1175/4 478/1176/4
f 484/1175/222 482/1177/222 478/1176/222
f 482/1177/4 480/1178/4 478/1176/4
f 478/1176/277 476/1179/277 474/1180/277
f 474/1180/4 472/1181/4 478/1176/4
f 472/1181/222 470/1153/222 478/1176/222
f 470/1153/4 466/1155/4 518/589/4
f 466/1155/4 526/1157/4 518/589/4
f 502/590/4 498/1169/4 486/591/4
f 498/1169/4 494/1171/4 486/591/4
f 518/589/4 510/1164/4 502/590/4
f 486/591/4 478/1176/4 470/1153/4
f 470/1153/4 518/589/4 486/591/4
f 526/592/36 528/594/36 527/593/36
f 528/594/37 466/1182/37 465/595/37
f 527/1183/5 465/1184/5 467/1185/5
f 467/1185/5 469/1186/5 471/1187/5
f 471/1187/5 473/1188/5 475/1189/5
f 475/1189/225 477/1190/225 471/1187/225
f 477/1190/5 479/596/5 471/1187/5
f 479/596/5 481/1191/5 483/1192/5
f 483/1192/5 485/1193/5 487/1194/5
f 487/1194/5 489/1195/5 491/1196/5
f 491/1196/211 493/1197/211 495/597/211
f 495/597/5 497/1198/5 499/1199/5
f 499/1199/225 501/1200/225 503/1201/225
f 503/1201/5 505/1202/5 507/1203/5
f 507/1203/213 509/1204/213 503/1201/213
f 509/1204/5 511/598/5 503/1201/5
f 511/598/5 513/1205/5 515/1206/5
f 515/1206/5 517/1207/5 519/1208/5
f 519/1208/5 521/1209/5 523/1210/5
f 523/1210/211 525/1211/211 527/1183/211
f 527/1183/5 467/1185/5 479/596/5
f 467/1185/211 471/1187/211 479/596/211
f 479/596/5 483/1192/5 495/597/5
f 483/1192/5 487/1194/5 495/597/5
f 487/1194/5 491/1196/5 495/597/5
f 495/597/5 499/1199/5 511/598/5
f 499/1199/5 503/1201/5 511/598/5
f 511/598/5 515/1206/5 527/1183/5
f 515/1206/5 519/1208/5 527/1183/5
f 519/1208/5 523/1210/5 527/1183/5
f 527/1183/5 479/596/5 511/598/5
s 1
f 577/599/141 545/620/161 546/600/142
f 563/603/145 537/1212/169 534/604/146
f 534/604/146 533/1213/147 552/602/144
f 533/1213/147 539/1214/149 552/602/144
f 533/605/147 531/1215/174 538/606/148
f 552/602/144 553/609/151 556/608/150
f 529/610/149 530/1216/176 556/608/150
f 530/1216/176 536/1217/146 556/608/150
f 553/609/151 535/1218/193 529/610/149
f 582/611/152 606/722/166 602/612/153
f 567/614/155 600/728/167 608/615/156
f 572/617/158 543/625/164 541/618/159
f 545/620/161 594/1219/197 587/621/162
f 544/622/163 615/1220/197 617/623/162
f 543/625/164 591/1221/194 596/626/165
f 597/627/166 590/1222/153 588/628/167
f 565/1223/278 547/1224/149 564/632/168
f 547/1224/149 617/630/162 564/632/168
f 548/633/169 622/1225/200 611/634/170
f 537/636/169 540/1226/180 532/637/171
f 547/639/149 565/1227/278 562/640/146
f 559/644/173 623/733/1 622/734/200
f 622/734/200 548/642/169 559/644/173
f 531/645/174 550/1228/178 551/646/175
f 530/648/176 603/1229/194 605/649/170
f 564/632/168 619/631/1 618/651/167
f 618/651/167 621/731/153 559/644/173
f 621/731/153 623/733/1 559/644/173
f 556/652/150 555/669/159 554/653/177
f 557/655/159 558/1230/179 559/656/173
f 559/658/173 558/1231/179 560/659/178
f 551/663/175 550/1232/178 562/1233/146
f 565/1234/278 564/1235/168 560/661/178
f 551/663/175 562/1233/146 565/1234/278
f 553/662/151 552/1236/144 551/663/175
f 565/1234/278 560/661/178 551/663/175
f 554/653/177 566/657/172 561/664/171
f 549/666/179 561/1237/171 562/667/146
f 555/669/159 557/655/159 566/657/172
f 537/670/169 563/1238/145 554/671/177
f 539/673/149 538/1239/148 551/674/175
f 544/676/163 562/1240/146 561/677/171
f 540/679/180 554/1241/177 549/680/179
f 593/1242/156 595/1243/199 560/1244/178
f 595/1243/199 594/1245/197 560/1244/178
f 597/1246/166 593/1242/156 560/1244/178
f 596/1247/165 598/1248/195 558/1249/179
f 598/1248/195 597/1246/166 558/1249/179
f 607/1250/195 606/1251/166 536/1252/146
f 606/1251/166 582/1253/152 536/1252/146
f 536/1252/146 605/1254/170 607/1250/195
f 555/1255/159 556/1256/150 585/1257/184
f 556/1256/150 536/1252/146 582/1253/152
f 556/1256/150 582/1253/152 584/1258/182
f 556/1256/150 584/1258/182 585/1257/184
f 555/1255/159 585/1257/184 586/1259/186
f 555/1255/159 586/1259/186 583/1260/160
f 557/1261/159 555/1255/159 583/1260/160
f 557/1261/159 583/1260/160 541/1262/159
f 558/1249/179 557/1261/159 541/1262/159
f 578/1263/157 608/1264/156 535/1265/193
f 608/1264/156 610/1266/199 535/1265/193
f 610/1266/199 609/1267/197 535/1265/193
f 558/1249/179 541/1262/159 596/1247/165
f 560/1244/178 558/1249/179 597/1246/166
f 581/1268/189 578/1263/157 553/684/151
f 578/1263/157 535/1265/193 553/684/151
f 560/1244/178 594/1245/197 545/1269/161
f 580/1270/191 581/1268/189 553/684/151
f 553/684/151 560/1244/178 577/682/141
f 560/1244/178 545/1269/161 577/682/141
f 579/683/181 580/1270/191 553/684/151
f 542/685/146 561/1271/171 566/686/172
f 530/1272/176 529/1273/149 569/1274/188
f 529/1273/149 599/1275/162 601/1276/198
f 567/1277/155 529/1273/149 600/1278/167
f 601/1276/198 600/1278/167 529/1273/149
f 603/1279/194 530/1272/176 604/1280/196
f 529/1273/149 567/1277/155 569/1274/188
f 602/1281/153 604/1280/196 530/1272/176
f 573/1282/154 602/1281/153 530/1272/176
f 530/1272/176 569/1274/188 576/1283/183
f 576/1283/183 573/1282/154 530/1272/176
f 576/1283/183 569/1274/188 570/1284/190
f 575/1285/185 576/1283/183 570/1284/190
f 575/1285/185 570/1284/190 571/1286/192
f 574/1287/187 575/1285/185 571/1286/192
f 574/1287/187 571/1286/192 568/1288/143
f 572/1289/158 574/1287/187 568/1288/143
f 546/689/142 587/1290/162 588/690/167
f 587/1290/162 589/1291/198 588/690/167
f 572/1289/158 568/1288/143 546/689/142
f 592/1292/196 591/1293/194 590/1294/153
f 591/1293/194 543/688/164 590/1294/153
f 543/688/164 572/1289/158 546/689/142
f 588/690/167 590/1294/153 543/688/164
f 573/613/154 576/692/183 584/691/182
f 576/692/183 575/694/185 585/693/184
f 575/694/185 574/1295/187 586/695/186
f 574/696/187 572/617/158 583/619/160
f 578/616/157 581/699/189 569/698/188
f 581/699/189 580/701/191 570/700/190
f 580/701/191 579/1296/181 571/702/192
f 579/703/181 577/599/141 568/601/143
f 535/705/193 609/1297/197 599/706/162
f 591/708/194 592/1298/196 598/709/195
f 592/711/196 590/1222/153 597/627/166
f 594/713/197 595/1299/199 589/714/198
f 595/716/199 593/629/156 588/628/167
f 603/718/194 604/1300/196 607/719/195
f 604/721/196 602/612/153 606/722/166
f 609/724/197 610/1301/199 601/725/198
f 610/727/199 608/615/156 600/728/167
f 615/735/197 616/1302/199 620/736/198
f 616/738/199 614/747/156 618/739/167
f 622/741/200 624/1303/196 613/742/195
f 624/744/196 621/1304/153 612/745/166
f 612/745/166 621/1304/153 618/739/167
f 544/748/163 542/1305/146 612/1306/166
f 542/1305/146 611/1307/170 612/1306/166
f 611/1307/170 613/1308/195 612/1306/166
f 612/1306/166 614/749/156 544/748/163
f 614/749/156 616/1309/199 615/750/197
f 531/1310/174 533/1311/147 550/668/178
f 533/1311/147 534/751/146 550/668/178
f 534/751/146 532/1312/171 549/666/179
s 0
f 627/752/201 628/756/201 626/753/201
f 629/755/202 630/758/202 628/756/202
f 631/757/203 632/760/203 630/758/203
f 633/759/204 634/1313/204 632/760/204
f 635/761/205 636/765/205 634/762/205
f 637/764/206 638/770/206 636/765/206
f 630/1314/4 628/1315/4 626/766/4
f 626/766/4 640/1316/4 638/767/4
f 638/767/4 636/1317/4 634/768/4
f 634/768/4 632/1318/4 630/1314/4
f 630/1314/4 626/766/4 634/768/4
f 639/769/207 640/771/207 638/770/207
f 625/754/208 626/753/208 640/771/208
f 639/774/5 625/1319/5 627/1320/5
f 627/1320/5 629/1321/5 631/772/5
f 631/772/5 633/1322/5 635/773/5
f 635/773/5 637/1323/5 639/774/5
f 639/774/5 627/1320/5 631/772/5
f 642/775/1 644/1324/1 643/776/1
f 648/778/2 646/1325/2 645/779/2
f 646/781/3 642/1326/3 641/782/3
f 647/784/5 645/1327/5 641/785/5
f 651/776/2 652/1324/2 650/775/2
f 653/779/1 654/1325/1 656/778/1
f 649/782/3 650/1326/3 654/781/3
f 649/785/5 653/1327/5 655/784/5
f 659/776/1 660/1324/1 658/775/1
f 661/779/2 662/1325/2 664/778/2
f 657/782/3 658/1326/3 662/781/3
f 657/785/4 661/1327/4 663/784/4
f 666/775/2 668/1324/2 667/776/2
f 672/778/1 670/1325/1 669/779/1
f 670/781/3 666/1326/3 665/782/3
f 671/784/4 669/1327/4 665/785/4
f 674/787/207 676/790/207 675/788/207
f 676/790/208 678/792/208 677/791/208
f 678/792/201 680/794/201 679/793/201
f 680/794/202 682/796/202 681/795/202
f 682/796/209 686/799/209 685/797/209
f 673/789/210 683/801/210 684/798/210
f 686/799/3 690/1328/3 689/800/3
f 683/801/3 687/1329/3 688/802/3
f 693/788/207 694/790/207 692/787/207
f 695/791/208 696/792/208 694/790/208
f 697/793/201 698/794/201 696/792/201
f 699/795/202 700/796/202 698/794/202
f 703/797/209 704/799/209 700/796/209
f 702/798/210 701/801/210 691/789/210
f 707/800/3 708/1328/3 704/799/3
f 706/802/3 705/1329/3 701/801/3
f 711/803/1 709/1330/1 710/804/1
f 719/806/2 720/1331/2 723/807/2
f 721/809/1 722/1332/1 717/810/1
f 722/812/4 721/1333/4 720/813/4
f 715/815/3 721/819/3 718/816/3
f 711/818/3 720/821/3 721/819/3
f 711/818/3 712/1334/3 723/820/3
f 711/822/5 715/1335/5 713/823/5
f 713/825/2 715/1336/2 716/826/2
