# Blender 4.4.0
# www.blender.org
mtllib Meshy_AI_Golf_Cart_0304202048_texture.mtl
o Meshy_AI_Golf_Cart_0304202048_texture
v -0.027915 0.393236 -0.229521
v -0.014321 0.393820 -0.236149
v -0.030102 0.391060 -0.249669
v -0.011863 0.393695 -0.245268
v 0.002767 0.391496 -0.254276
v 0.067697 0.389057 -0.250916
v 0.008494 0.391210 -0.243178
v -0.014410 0.393586 -0.254657
v 0.004837 0.387615 -0.245963
v -0.012017 0.388010 -0.242989
v -0.045681 0.388341 -0.237979
v -0.126906 0.391577 -0.253626
v -0.094099 0.388091 -0.238197
v -0.095309 0.433531 -0.235798
v -0.059262 0.413712 -0.230324
v -0.044172 0.390201 -0.227190
v -0.052933 0.395732 -0.225379
v -0.068430 0.395055 -0.224318
v -0.039131 0.432613 -0.235277
v -0.029866 0.398626 -0.227408
v -0.133931 0.388203 -0.246541
v -0.051323 0.392299 -0.255406
v -0.056662 0.388298 -0.237915
v -0.062875 0.388596 -0.246371
v -0.094752 0.389058 -0.247316
v -0.070162 0.391846 -0.254749
v -0.084769 0.388211 -0.230649
v 0.188416 0.095858 0.625570
v 0.189584 0.097845 0.585576
v 0.183183 0.068005 0.571483
v 0.020663 0.300791 0.650362
v 0.019101 0.309753 0.640307
v 0.025221 0.300611 0.650375
v 0.205605 0.129844 0.625567
v 0.214695 0.147910 0.634345
v 0.211719 0.127353 0.622978
v 0.213692 0.122627 0.619725
v 0.223911 0.479157 0.438650
v 0.225468 0.467286 0.436514
v -0.191676 0.114579 0.609475
v -0.216102 0.119362 0.617534
v -0.017217 0.486460 -0.232795
v -0.047492 0.486491 -0.235439
v 0.040713 0.483752 -0.232417
v 0.024584 0.476994 -0.236185
v -0.049830 0.477497 -0.249440
v 0.002409 0.477345 -0.237976
v 0.012042 0.482382 -0.233049
v 0.020616 0.480836 -0.232600
v 0.013039 0.477698 -0.244019
v -0.246233 0.549765 -0.257633
v -0.246958 0.549181 -0.280548
v -0.257705 0.547544 -0.296592
v 0.206357 0.280339 0.469706
v 0.213180 0.260258 0.448818
v 0.188551 0.306383 0.538169
v 0.195867 0.295858 0.497567
v 0.178447 0.264770 0.491905
v 0.189367 0.225364 0.438776
v 0.224030 0.416426 -0.226395
v 0.227295 0.399609 -0.220897
v 0.211336 0.390895 -0.213037
v 0.202622 0.416931 -0.230705
v 0.195840 0.388603 -0.212419
v 0.176307 0.404494 -0.221748
v 0.097134 0.426763 0.399447
v 0.089371 0.435971 0.408237
v 0.079957 0.405283 0.412177
v 0.099139 0.416828 0.409191
v 0.091384 0.438710 0.434099
v 0.097674 0.442439 0.441023
v 0.097506 0.432701 0.440541
v 0.073834 0.429937 0.440671
v 0.064079 0.421761 0.428217
v 0.105625 0.447305 0.417256
v 0.141954 0.453314 0.439925
v 0.147555 0.457478 0.419645
v 0.132645 0.451850 0.411994
v 0.151446 0.461848 0.433572
v 0.103075 0.445278 0.396275
v 0.071333 0.392307 0.421809
v 0.059127 0.407802 0.406880
v 0.067130 0.418186 0.439382
v 0.077215 0.388065 0.420319
v 0.084765 0.393880 0.418177
v 0.047485 0.405724 0.400429
v 0.026228 0.395397 0.429971
v 0.028303 0.392586 0.420234
v 0.046371 0.409969 0.434348
v 0.051002 0.415367 0.420775
v 0.065748 0.414354 0.411591
v 0.061010 0.389948 0.412142
v -0.222253 0.318006 -0.501184
v -0.221922 0.304736 -0.501548
v -0.019170 0.396801 0.407774
v -0.037462 0.402777 0.428228
v -0.036682 0.398188 0.389320
v -0.057536 0.413662 0.394641
v -0.054983 0.419937 0.374537
v -0.046351 0.402188 0.410937
v -0.057445 0.405087 0.427949
v -0.066901 0.398402 0.416403
v -0.228244 0.408927 -0.213613
v -0.199069 0.397551 -0.219064
v -0.203766 0.391292 -0.218445
v -0.217616 0.390100 -0.213259
v -0.212363 0.280444 0.468073
v -0.194290 0.298562 0.514401
v -0.183004 0.273188 0.502555
v -0.185390 0.237146 0.454577
v -0.195333 0.216814 0.434106
v -0.182073 0.246594 0.474911
v -0.211047 0.252584 0.445559
v -0.181049 0.287305 0.552189
v -0.216515 0.214645 0.427146
v -0.084617 0.429242 0.406427
v -0.095637 0.408254 0.432124
v -0.087155 0.411732 0.414144
v -0.119682 0.462783 0.416636
v -0.115434 0.429432 0.438618
v -0.100163 0.450650 0.404980
v -0.088272 0.433284 0.388822
v -0.082516 0.393060 0.424478
v 0.250653 0.436375 -0.301145
v -0.027209 0.304750 0.633816
v -0.019904 0.313528 0.647228
v 0.196456 0.173192 0.634547
v 0.213313 0.452349 0.444394
v -0.214410 0.304911 -0.481952
v -0.211483 0.303059 -0.492098
v -0.209102 0.298853 -0.488573
v 0.252108 0.462628 -0.274729
v 0.252866 0.439981 -0.276919
v 0.247227 0.448110 -0.280299
v 0.110249 0.999696 -0.044144
v 0.244087 0.999198 -0.002405
v 0.226880 0.999239 -0.090817
v 0.302366 0.942517 -0.394992
v 0.315314 0.942656 -0.403649
v 0.317516 0.944284 -0.349939
v 0.119216 0.154863 0.557099
v 0.121474 0.172429 0.560968
v 0.140500 0.162165 0.557881
v 0.302493 0.087755 0.607259
v 0.313796 0.088854 0.643101
v 0.309644 0.075189 0.606770
v 0.295532 0.147533 0.634645
v -0.279216 0.402995 -0.456034
v -0.102109 0.267193 -0.676521
v -0.118807 0.267682 -0.718493
v 0.213584 0.341299 -0.505318
v -0.251852 0.360031 0.556026
v -0.242264 0.354143 0.540126
v -0.292110 0.165833 0.033871
v -0.260042 0.914467 -0.362192
v 0.277667 0.317996 0.594398
v 0.269702 0.314724 0.610481
v -0.172359 0.182018 -0.492107
v -0.167154 0.194547 -0.469408
v 0.221897 0.265923 -0.656189
v 0.215310 0.973992 -0.367730
v 0.227052 0.974434 -0.359920
v -0.272769 0.304496 -0.576942
v -0.278093 0.323484 -0.553122
v 0.277498 0.516250 -0.446411
v 0.305921 0.531249 -0.443022
v 0.301662 0.510806 -0.445313
v 0.296486 0.044666 0.470630
v 0.312228 0.034212 0.512331
v 0.068287 0.630986 -0.327375
v 0.177008 0.645718 -0.329868
v 0.200433 0.589319 -0.319194
v -0.269681 0.109243 0.177666
v 0.018724 0.973656 -0.382528
v -0.110266 0.372171 -0.011546
v -0.024414 0.372011 -0.011331
v 0.216763 0.019607 -0.546302
v 0.238874 0.029609 -0.567656
v 0.243381 0.010612 -0.528335
v -0.075490 0.528369 -0.353409
v -0.003797 0.525208 -0.363997
v -0.068971 0.527833 -0.361732
v 0.314981 0.993838 0.021291
v -0.240071 0.140611 0.287858
v -0.225188 0.150190 0.248388
v -0.120195 0.203022 0.556501
v -0.117402 0.177770 0.543582
v 0.289976 0.154630 0.152323
v 0.059905 0.163057 -0.003732
v -0.008271 0.176697 -0.034745
v -0.247250 0.517166 -0.399330
v -0.254792 0.445656 -0.395455
v -0.254019 0.497525 -0.388438
v -0.168152 0.484774 -0.336277
v -0.102822 0.486709 -0.336636
v -0.086954 0.473992 -0.348967
v 0.187422 0.011488 0.557733
v 0.202177 0.003012 0.565032
v -0.228056 0.531038 -0.381880
v -0.230035 0.501041 -0.378406
v 0.084493 0.175519 -0.434333
v 0.019401 0.185256 -0.440008
v 0.289424 0.370212 -0.441724
v 0.295538 0.391282 -0.463145
v 0.001444 0.198218 0.624294
v -0.114810 0.158875 0.611919
v -0.003922 0.158661 0.612314
v -0.060196 0.615866 0.228410
v -0.044673 0.596986 0.242179
v 0.204705 0.389892 -0.622766
v 0.173693 0.349919 0.655352
v 0.194455 0.354257 0.661412
v -0.149784 0.333780 0.675881
v -0.106289 0.328483 0.672412
v -0.108085 0.334335 0.689603
v -0.243180 0.446759 -0.148978
v -0.233929 0.457406 -0.144364
v 0.151582 0.448666 -0.368562
v -0.218514 0.357809 0.644824
v -0.208258 0.351184 0.631205
v -0.006353 0.971147 0.352992
v 0.023455 0.973627 0.348041
v 0.041416 0.970726 0.351123
v -0.039007 0.533416 0.268428
v -0.301391 0.975417 -0.164764
v -0.301307 0.975942 -0.261648
v 0.042511 0.678819 -0.285271
v 0.069522 0.704104 -0.311694
v 0.259604 0.431038 -0.237754
v -0.310451 0.060461 -0.588392
v -0.292887 0.092339 -0.621022
v -0.291659 0.070187 -0.607397
v -0.286500 0.153531 0.417827
v -0.268339 0.185628 0.417951
v 0.260910 0.665242 0.401318
v 0.265089 0.589883 0.421858
v 0.265117 0.612362 0.405357
v -0.260178 0.949972 -0.370979
v -0.254165 0.975083 -0.381746
v -0.254667 0.912537 -0.378997
v 0.230825 0.497417 -0.128300
v 0.227718 0.509292 -0.141944
v 0.249446 0.518266 -0.160318
v -0.195464 0.184003 0.721441
v -0.182282 0.136211 0.703491
v 0.196968 0.397583 -0.244777
v -0.319810 0.984202 0.066296
v -0.319631 0.945377 0.161473
v -0.227441 0.556146 -0.207355
v 0.137103 0.385633 -0.233919
v -0.317082 0.120984 -0.388586
v 0.065169 0.608551 0.188024
v 0.053693 0.618903 0.174302
v 0.093956 0.608769 0.175971
v 0.054923 0.391517 -0.215411
v 0.098597 0.402468 -0.221168
v -0.254698 0.279839 -0.615635
v -0.211874 0.269862 -0.643200
v -0.207967 0.295894 -0.593938
v 0.258254 0.228821 0.716841
v 0.269800 0.190033 0.729394
v 0.288249 0.206872 0.724189
v 0.091975 0.348346 0.689991
v 0.219717 0.644347 -0.326365
v 0.222186 0.614212 -0.320904
v -0.069980 0.384678 -0.629733
v 0.049637 0.384172 -0.630053
v 0.176216 0.233426 -0.388292
v 0.016482 0.994038 0.361890
v 0.154304 0.987708 0.366546
v 0.259278 0.395074 0.460223
v -0.195106 0.205170 0.641947
v -0.183656 0.247766 0.619482
v -0.181341 0.218324 0.659226
v 0.177140 0.269266 0.630438
v 0.180587 0.273479 0.651992
v -0.238534 0.202939 0.348483
v -0.140758 0.209610 0.359701
v -0.195843 0.162722 0.495752
v -0.194578 0.195710 0.498292
v -0.190034 0.172811 0.503885
v -0.194099 0.319134 0.402762
v -0.135389 0.259072 0.380947
v 0.237345 0.536193 -0.381902
v 0.246980 0.510412 -0.379272
v 0.240843 0.446076 -0.164754
v 0.225654 0.974560 -0.369638
v -0.301838 0.218424 0.543661
v -0.185195 0.039520 -0.548757
v -0.195429 0.048529 -0.578304
v 0.236411 0.474083 -0.096565
v 0.251815 0.480887 -0.096359
v 0.017025 0.681304 0.221158
v 0.049285 0.673484 0.212358
v -0.041905 0.267982 -0.668876
v -0.039527 0.267450 -0.676164
v -0.318663 0.990584 0.095866
v 0.249110 0.519509 0.421849
v 0.287533 0.159209 0.366010
v 0.084596 0.679309 0.241933
v 0.204758 0.391219 0.652082
v 0.102966 0.599288 0.132562
v 0.128477 0.613014 0.156298
v 0.113738 0.585472 0.143697
v 0.298986 0.138598 0.725779
v 0.317559 0.984528 -0.312089
v -0.066135 0.695488 0.247178
v -0.035032 0.718866 0.244611
v -0.040338 0.701908 0.258565
v 0.114169 0.631054 0.199851
v 0.201749 0.409351 0.437012
v 0.273174 0.156133 -0.491986
v 0.285287 0.167263 -0.491081
v 0.288972 0.152667 -0.479589
v 0.030201 0.401232 0.706719
v 0.078756 0.406382 0.690710
v 0.298132 0.014672 -0.523753
v 0.222680 0.464513 -0.355558
v 0.221355 0.441091 -0.352405
v -0.074849 0.196556 -0.376351
v -0.086828 0.201097 -0.411514
v -0.040742 0.988820 0.366271
v -0.145359 0.945275 -0.457886
v -0.105555 0.946179 -0.458292
v -0.203964 0.187949 0.623234
v 0.179832 0.019524 0.577123
v 0.197084 0.008614 0.609380
v 0.302995 0.170465 0.491111
v -0.116424 0.137378 0.593835
v 0.118956 0.181275 0.564962
v 0.119076 0.177541 0.579395
v 0.119166 0.178009 0.571821
v 0.186196 0.211613 0.544903
v 0.215316 0.206623 0.537861
v 0.215479 0.220913 0.566216
v -0.155505 0.222327 -0.609183
v -0.153814 0.182300 -0.593142
v 0.299298 0.124073 0.628590
v 0.318076 0.044903 -0.433178
v 0.309912 0.053788 -0.373408
v 0.309438 0.031077 -0.403469
v -0.228514 0.594951 -0.317954
v -0.181435 0.086765 -0.403313
v -0.180027 0.060631 -0.440796
v 0.128886 0.463959 0.595062
v 0.122204 0.454773 0.614253
v -0.050905 0.669823 -0.264276
v -0.025089 0.673439 -0.275678
v -0.230057 0.464848 0.541663
v -0.216780 0.485896 0.516016
v -0.182992 0.275496 0.643824
v -0.268201 0.231688 -0.027039
v -0.267406 0.287252 -0.027781
v 0.276341 0.158823 0.414897
v 0.251283 0.552447 -0.304945
v -0.313674 0.176931 -0.329852
v -0.297916 0.171647 -0.318884
v -0.298517 0.219651 -0.331008
v 0.104315 0.390298 0.402527
v 0.097050 0.378096 0.423249
v 0.237786 0.465209 0.456130
v 0.242341 0.469350 0.436616
v 0.252974 0.482655 0.449683
v 0.040448 0.389627 -0.218737
v -0.275753 0.103880 0.617014
v 0.006556 0.464626 -0.067544
v 0.093301 0.464173 -0.049725
v -0.242789 0.136277 -0.249573
v -0.273058 0.411535 -0.261641
v 0.246719 0.967595 -0.444318
v 0.265633 0.942166 -0.440278
v 0.258289 0.974598 -0.442910
v -0.313829 0.245839 0.527986
v -0.303227 0.242238 0.559565
v 0.220268 0.191118 0.728362
v 0.196623 0.176705 0.726633
v 0.225581 0.145231 0.730774
v -0.297074 0.366368 -0.491505
v -0.291095 0.371107 -0.441438
v 0.303810 0.953068 -0.051261
v 0.095066 0.412142 0.667464
v 0.120409 0.402513 0.689757
v 0.150719 0.410686 0.660405
v 0.204420 0.999316 -0.182123
v 0.299373 0.998719 -0.110714
v 0.302736 0.998774 -0.199165
v 0.065487 0.660917 0.234566
v 0.232610 0.538551 -0.399321
v 0.240937 0.525770 -0.410539
v 0.057498 0.317131 0.400608
v 0.238184 0.450951 -0.426583
v 0.156732 0.450188 0.444424
v 0.057070 0.674752 0.229411
v -0.305331 0.945135 0.090658
v 0.144029 0.201471 0.336683
v -0.210852 0.209287 -0.731603
v -0.165901 0.202068 -0.728925
v -0.202000 0.199398 -0.721793
v -0.239857 0.266871 0.385354
v -0.311103 0.145810 -0.623846
v -0.311964 0.104929 -0.613261
v -0.319880 0.119477 -0.600365
v 0.283549 0.111401 -0.053014
v 0.284450 0.111542 -0.174891
v -0.212080 0.158075 -0.150798
v -0.173047 0.169081 -0.221735
v -0.304165 0.967281 -0.168507
v -0.303936 0.965942 -0.070088
v 0.306681 0.124132 -0.529119
v 0.247724 0.184977 0.729808
v -0.257882 0.445283 -0.354028
v -0.259844 0.438147 -0.370997
v 0.181622 0.145296 -0.488753
v 0.182297 0.158883 -0.496837
v -0.238300 0.448707 -0.405796
v -0.120662 0.597876 0.143020
v -0.092458 0.567963 0.130785
v -0.117661 0.583645 0.150327
v 0.208388 0.989975 -0.457028
v 0.264205 0.987923 -0.457703
v 0.249425 0.716844 -0.352439
v 0.249727 0.843750 -0.353403
v 0.118256 0.143518 0.554182
v 0.118660 0.143733 0.571309
v 0.238218 0.748281 0.376310
v 0.236103 0.697711 0.387456
v 0.244771 0.716467 0.390397
v -0.270246 0.114456 0.424021
v -0.286124 0.105993 0.427563
v 0.245810 0.249454 -0.609348
v 0.278747 0.253921 -0.605962
v 0.274331 0.229279 -0.620620
v -0.266482 0.636180 0.397661
v -0.257819 0.590862 0.399591
v -0.274577 0.360640 -0.112230
v -0.273767 0.322977 -0.060486
v -0.273557 0.355494 -0.049283
v -0.172124 0.489490 0.520755
v -0.176839 0.503711 0.485604
v -0.211895 0.250634 -0.732409
v -0.183656 0.285576 -0.423078
v -0.181399 0.252143 -0.385417
v -0.180492 0.257565 -0.419336
v -0.032299 0.549643 0.117397
v 0.262768 0.200369 0.141493
v 0.263998 0.200492 0.041825
v 0.220056 0.452913 -0.033731
v 0.224186 0.081255 0.708987
v 0.276557 0.084528 0.711878
v -0.270041 0.223571 0.368262
v -0.266468 0.211050 0.359037
v -0.024934 0.392983 0.428569
v 0.055193 0.534872 0.453015
v -0.315075 0.987902 -0.413452
v -0.320251 0.945020 -0.393927
v -0.211378 0.311028 0.619669
v -0.210853 0.288856 0.665777
v -0.197579 0.293030 0.647438
v -0.247374 0.463346 0.465818
v -0.252043 0.431955 0.458943
v -0.260253 0.620822 -0.363707
v -0.260225 0.721501 -0.368066
v -0.259680 0.631041 -0.371358
v 0.256212 0.942485 -0.458373
v 0.303595 0.098821 0.552699
v 0.298074 0.100671 0.599639
v 0.185936 0.217708 -0.496973
v 0.186705 0.237247 -0.485884
v 0.257807 0.909156 0.324388
v 0.251938 0.878291 0.338339
v 0.263132 0.879326 0.320473
v 0.186552 0.179088 0.579092
v -0.290304 0.167314 0.197854
v -0.196116 0.944896 0.353332
v -0.139088 0.943428 0.353323
v 0.246034 0.975025 -0.437450
v -0.251163 0.547962 -0.314377
v 0.192284 0.399705 -0.278457
v -0.237675 0.632888 0.394191
v -0.261905 0.001031 0.590009
v -0.231073 0.002755 0.599056
v 0.117705 0.135895 0.570196
v -0.156133 0.326444 -0.544298
v -0.158023 0.342871 -0.482261
v 0.282776 0.168562 -0.634544
v 0.281042 0.120709 -0.631444
v -0.179843 0.245703 0.657590
v -0.184408 0.252523 0.672232
v -0.180590 0.214486 0.680125
v 0.259860 0.075943 -0.339755
v 0.277135 0.059815 -0.352651
v 0.275640 0.079399 -0.338898
v 0.023572 0.139205 0.558861
v 0.059619 0.134907 0.576462
v -0.271299 0.998741 -0.444167
v -0.203174 0.224344 -0.488150
v 0.049160 0.575900 0.260848
v 0.068086 0.549740 0.292428
v 0.065955 0.565651 0.268303
v -0.221709 0.294437 0.370829
v 0.217018 0.527445 -0.230672
v 0.222398 0.523200 -0.202494
v 0.224034 0.535177 -0.234937
v 0.233981 0.488877 -0.248140
v 0.240892 0.496205 -0.270991
v -0.237374 0.543654 -0.341422
v -0.105671 0.349202 0.684688
v -0.067395 0.348165 0.692144
v -0.110969 0.351069 0.698223
v 0.224251 0.315549 -0.514899
v -0.032584 0.398972 -0.266541
v -0.075662 0.476005 0.324717
v 0.258805 0.395305 -0.131383
v 0.258182 0.386515 -0.137901
v 0.245302 0.998946 -0.442513
v 0.278658 0.998309 -0.441584
v -0.290031 0.241471 -0.285330
v -0.281209 0.196586 -0.255676
v 0.316370 0.060072 0.618116
v 0.195931 0.473994 0.428931
v 0.202382 0.445637 0.425558
v -0.160900 0.431929 0.630518
v -0.118437 0.434900 0.633809
v -0.275283 0.386303 -0.502009
v -0.316922 0.158474 0.673769
v -0.318000 0.182689 0.695553
v -0.238392 0.306714 0.514657
v -0.232746 0.316502 0.548979
v -0.229266 0.305381 0.509584
v 0.180044 0.229286 -0.356233
v 0.177538 0.195237 -0.351712
v 0.182607 0.180752 -0.333658
v 0.188539 0.118951 -0.518365
v -0.236152 0.006659 0.531294
v -0.252350 0.023013 0.494344
v -0.234585 0.024872 0.493788
v -0.289276 0.290391 0.487325
v -0.289639 0.307723 0.520792
v -0.268963 0.306278 0.510945
v 0.261748 0.999080 0.097157
v -0.221829 0.319434 -0.487366
v -0.210631 0.317941 -0.488108
v -0.248559 0.402337 0.562273
v -0.228588 0.409764 0.604686
v -0.255837 0.011939 0.632720
v -0.213025 0.684623 -0.332988
v -0.221078 0.661275 -0.331741
v 0.196101 0.298942 0.451882
v -0.285136 0.163104 0.376372
v -0.272519 0.116312 0.337941
v -0.251992 0.169692 0.379559
v 0.232615 0.455374 -0.074200
v -0.176045 0.523045 -0.358868
v -0.259072 0.368073 -0.034852
v -0.267054 0.357710 -0.029246
v 0.190229 0.410033 0.645883
v 0.167058 0.400649 0.673646
v 0.313529 0.169239 -0.333448
v 0.294775 0.162978 -0.318729
v -0.146110 0.174812 -0.435078
v 0.198710 0.219440 -0.445971
v 0.194008 0.212802 -0.464676
v 0.238249 0.488272 -0.287718
v 0.315675 0.259835 0.494007
v 0.316079 0.221924 0.485835
v 0.314770 0.229224 0.464344
v 0.245460 0.130932 0.333604
v -0.105933 0.401149 0.388401
v 0.233029 0.680663 -0.295303
v 0.250177 0.653205 -0.277418
v 0.184999 0.087323 0.698615
v 0.197165 0.130614 0.724524
v -0.255035 0.114624 0.143699
v -0.198822 0.195210 -0.475111
v 0.290743 0.128080 0.081658
v 0.247951 0.452361 0.501883
v -0.319479 0.242951 -0.376879
v -0.322059 0.177680 -0.359277
v 0.225982 0.206545 -0.430580
v -0.291175 0.116883 0.155204
v -0.286611 0.111038 0.067015
v -0.285489 0.110381 0.153393
v -0.050928 0.599034 0.188846
v -0.034789 0.602999 0.190007
v -0.262099 0.448006 -0.415664
v 0.114683 0.135706 0.589543
v 0.150176 0.999559 0.195978
v 0.051309 0.377603 0.719322
v 0.088207 0.400742 0.699255
v 0.107838 0.439134 0.639203
v 0.115937 0.433887 0.636713
v -0.162770 0.341862 0.498224
v -0.162466 0.282169 0.550159
v 0.181108 0.124116 0.707349
v 0.180525 0.175845 0.709288
v -0.290697 0.115744 -0.204423
v -0.290826 0.113732 -0.287354
v -0.027451 0.675403 -0.318001
v 0.095687 0.508087 -0.298149
v 0.106079 0.479344 -0.285486
v -0.262986 0.200428 0.333653
v -0.231663 0.149900 0.011580
v -0.232737 0.148894 -0.062656
v -0.135118 0.613335 0.168735
v 0.314802 0.512372 -0.436924
v 0.322722 0.523256 -0.418930
v 0.004320 0.228652 0.024308
v -0.043865 0.411513 -0.298149
v 0.087306 0.487146 0.434840
v 0.059860 0.508802 0.436918
v 0.085454 0.493384 0.437194
v -0.189195 0.029651 -0.406332
v -0.115888 0.526942 -0.354141
v 0.166318 0.503237 0.422745
v 0.207163 0.491260 0.428076
v 0.200189 0.482843 0.421837
v 0.200371 0.313175 -0.510655
v 0.220159 0.305388 -0.514161
v -0.296808 0.518573 -0.399511
v -0.258566 0.513900 -0.396030
v -0.061609 0.267881 -0.717820
v -0.012084 0.268043 -0.718723
v 0.131938 0.495637 0.436601
v -0.054909 0.205430 -0.444511
v 0.012292 0.170684 0.406831
v 0.095460 0.167534 0.398072
v 0.120662 0.179070 0.431189
v -0.163431 0.175477 -0.125183
v -0.126314 0.187254 -0.131937
v -0.213216 0.012733 -0.532960
v -0.196018 0.023106 -0.541775
v -0.196004 0.007984 -0.491574
v 0.317020 0.061228 -0.499615
v 0.317631 0.055229 -0.480456
v 0.317448 0.051219 -0.533604
v -0.264577 0.221157 -0.626667
v -0.252148 0.262901 -0.599218
v -0.245966 0.237913 -0.615965
v -0.225008 0.307104 -0.490562
v -0.297661 0.974598 -0.041987
v -0.293278 0.974376 -0.084249
v -0.255495 0.973625 -0.013664
v -0.027964 0.336025 0.698204
v -0.184817 0.388294 -0.249520
v -0.011350 0.973913 0.346990
v -0.156751 0.189135 -0.640326
v -0.236765 0.451123 -0.196266
v -0.248183 0.430057 -0.178211
v 0.305288 0.105843 -0.432285
v 0.306768 0.083855 -0.439500
v -0.286395 0.009677 0.622523
v -0.285987 0.002293 0.586285
v -0.233508 0.499227 0.434017
v 0.313051 0.281612 -0.395289
v 0.318786 0.250379 -0.391789
v -0.312324 0.307401 -0.495212
v -0.295852 0.314709 -0.515193
v -0.312093 0.267874 -0.578698
v -0.310032 0.294111 -0.546563
v -0.148561 0.141193 0.577419
v -0.117753 0.145110 0.564311
v -0.116193 0.141320 0.579365
v -0.304942 0.967069 0.131788
v -0.305026 0.957568 0.129653
v 0.233593 0.839213 0.336303
v 0.142465 0.316405 -0.665913
v 0.121442 0.226124 0.501733
v 0.120922 0.264748 0.533047
v -0.163107 0.713091 -0.298742
v -0.177534 0.712765 -0.288813
v -0.101273 0.717533 -0.288720
v -0.178657 0.157823 0.453904
v -0.179454 0.096802 0.473913
v 0.007608 0.525698 -0.353258
v 0.001570 0.512967 -0.351692
v 0.264614 0.294064 0.441859
v 0.260621 0.295072 0.449783
v 0.217078 0.424536 -0.303040
v 0.210114 0.427730 -0.313647
v -0.034595 0.517959 -0.228815
v -0.004075 0.504379 -0.228364
v 0.071051 0.521873 -0.229383
v 0.183197 0.268291 -0.382323
v 0.211765 0.283978 -0.377189
v -0.196645 0.368536 -0.000263
v -0.162272 0.365693 0.005139
v -0.137319 0.368949 -0.000019
v 0.203100 0.213859 -0.731884
v 0.214614 0.205638 -0.726391
v -0.016417 0.597124 0.171570
v 0.009600 0.586085 0.162971
v 0.003309 0.616463 0.189199
v 0.314249 0.119212 0.664713
v 0.313928 0.151704 0.669332
v -0.075806 0.684139 0.232802
v -0.083554 0.672231 0.238165
v 0.253003 0.372631 -0.623967
v 0.179316 0.120482 -0.387346
v 0.174858 0.106986 -0.372931
v 0.152647 0.224576 -0.630049
v 0.216858 0.405059 0.440136
v 0.212845 0.384494 0.428171
v -0.273626 0.196990 -0.126602
v -0.273464 0.196653 -0.040833
v -0.316786 0.263922 0.504167
v -0.180329 0.074507 0.637759
v -0.180808 0.100769 0.661566
v -0.319113 0.945041 -0.297114
v -0.305674 0.944932 -0.359722
v 0.118020 0.189688 -0.249128
v 0.142595 0.181352 -0.251702
v 0.124898 0.187311 -0.177149
v 0.056424 0.198233 -0.472249
v -0.103194 0.208099 0.665494
v -0.063430 0.208205 0.661549
v -0.050171 0.208810 0.675312
v 0.221980 0.442067 -0.372380
v 0.224344 0.521273 -0.373472
v 0.136523 0.972787 -0.177997
v 0.156034 0.206814 -0.331803
v 0.148655 0.188364 -0.363576
v 0.151523 0.198140 -0.384985
v -0.220431 0.501546 -0.230351
v -0.077767 0.703963 0.267460
v -0.228186 0.132244 -0.419278
v -0.229044 0.184462 -0.411035
v -0.197580 0.157694 -0.413337
v -0.316695 0.116687 0.664887
v -0.055183 0.153074 0.548293
v 0.278702 0.346109 -0.463492
v 0.287761 0.347672 -0.482168
v 0.028075 0.179648 -0.581344
v 0.107534 0.186803 -0.555262
v 0.098186 0.263785 -0.729433
v 0.064747 0.268369 -0.719980
v -0.095542 0.974989 0.352460
v -0.056237 0.974336 0.342738
v -0.057258 0.975812 0.352802
v 0.277810 0.315899 0.543421
v 0.296257 0.314204 0.552134
v 0.015604 0.467928 0.396355
v 0.037348 0.460469 0.386922
v -0.231265 0.943285 -0.361578
v 0.241018 0.361015 -0.005137
v 0.222591 0.294103 0.009213
v 0.240018 0.300652 -0.001318
v 0.175820 0.054477 -0.510819
v 0.186112 0.083169 -0.503897
v -0.241550 0.319916 0.575603
v -0.250500 0.316784 0.543293
v -0.196753 0.173291 -0.431074
v -0.250547 0.477400 0.450235
v -0.264252 0.505303 0.441835
v -0.254816 0.485581 0.435262
v -0.275253 0.116692 0.614851
v -0.274945 0.145157 0.565496
v -0.034783 0.427128 0.365341
v -0.258181 0.523255 -0.135452
v -0.251343 0.540233 -0.142584
v -0.216089 0.214611 0.547902
v -0.214964 0.165404 0.516051
v 0.246418 0.432280 0.456820
v 0.314390 0.994997 0.217572
v 0.317911 0.987067 0.164042
v -0.158634 0.261339 -0.325104
v -0.155756 0.211012 -0.327779
v -0.192813 0.175145 0.589321
v -0.185474 0.163841 0.594321
v -0.199352 0.303605 -0.419757
v -0.184873 0.300497 -0.460074
v -0.256685 0.525794 -0.377980
v -0.260487 0.505650 -0.358938
v 0.096884 0.486565 -0.336170
v 0.226638 0.588299 -0.332671
v -0.180822 0.031257 -0.452643
v 0.213518 0.463826 -0.158169
v 0.210407 0.463246 -0.223420
v 0.140256 0.634336 0.186833
v 0.137239 0.642812 0.207122
v 0.131757 0.619557 0.197038
v -0.118861 0.295205 0.567418
v -0.113906 0.302885 0.598578
v -0.168241 0.157803 -0.434458
v 0.051903 0.435140 -0.236062
v 0.244310 0.131825 -0.102650
v 0.255516 0.113102 -0.074589
v 0.303850 0.244356 -0.446988
v 0.310937 0.241041 -0.429270
v 0.099292 0.984571 0.367861
v 0.262327 0.974100 0.288335
v 0.260800 0.973937 0.300571
v -0.028853 0.439412 0.382486
v -0.010555 0.432443 0.388058
v 0.304760 0.120394 -0.401798
v -0.249789 0.451423 0.505806
v -0.238389 0.443700 0.557948
v 0.214522 0.519495 -0.295934
v 0.317804 0.987056 0.070935
v 0.305151 0.207469 0.715037
v 0.305316 0.169921 0.721057
v -0.045352 0.662652 0.199187
v 0.234711 0.418202 -0.586375
v 0.243958 0.418837 -0.578188
v 0.245117 0.404033 -0.600504
v -0.239766 0.081391 0.711149
v -0.241444 0.043818 0.680752
v -0.210591 0.060980 0.694344
v 0.194334 0.137085 -0.481422
v -0.151771 0.972767 -0.054005
v -0.155733 0.283557 -0.552602
v -0.154097 0.205100 -0.556737
v -0.148901 0.191605 -0.666292
v 0.245377 0.399599 0.441001
v 0.257658 0.399553 0.445760
v 0.262543 0.343943 0.429740
v 0.152756 0.263497 -0.652321
v -0.015987 0.609159 0.159479
v -0.030939 0.605669 0.178942
v -0.185170 0.100373 0.649016
v -0.183682 0.211329 -0.600482
v -0.180726 0.184208 -0.594849
v -0.183333 0.144764 -0.610234
v 0.216189 0.442936 0.416565
v 0.226219 0.410174 0.415330
v -0.278988 0.109878 -0.145641
v -0.260295 0.446759 -0.367639
v 0.271087 0.202365 0.544960
v 0.206545 0.154014 0.356329
v 0.211629 0.152282 0.294693
v 0.062216 0.209569 0.628963
v -0.251988 0.544712 -0.249942
v -0.254489 0.545498 -0.235342
v -0.170272 0.214691 0.363833
v -0.244113 0.236564 0.373245
v 0.211604 0.063448 0.696978
v 0.196613 0.044559 0.676673
v 0.214409 0.038035 0.674029
v 0.195948 0.515352 -0.300839
v 0.200248 0.480189 -0.286127
v 0.302416 0.972859 -0.140483
v 0.303300 0.965961 -0.113283
v 0.303245 0.967191 -0.042036
v -0.264724 0.067320 0.701991
v -0.267671 0.318937 -0.635383
v -0.262421 0.367062 -0.623390
v -0.220635 0.301332 0.397816
v -0.216313 0.291470 0.393439
v -0.236291 0.311737 0.403491
v 0.089087 0.434954 0.372573
v 0.096287 0.431041 0.384695
v 0.243424 0.430903 -0.311029
v 0.253200 0.426210 -0.286018
v 0.260864 0.435241 -0.328507
v 0.102392 0.447595 -0.519762
v 0.090985 0.439481 -0.549119
v 0.119464 0.705439 -0.323069
v 0.101221 0.714432 -0.314672
v 0.136214 0.713367 -0.315638
v 0.313029 0.990692 -0.411195
v 0.316799 0.984593 -0.396917
v -0.140525 0.478343 0.554337
v -0.145515 0.474166 0.575151
v -0.267323 0.289006 0.440177
v -0.303116 0.973075 -0.163349
v -0.303441 0.973093 -0.266195
v 0.157061 0.973541 -0.349820
v 0.231607 0.974027 -0.353988
v 0.245019 0.973653 -0.253484
v 0.148812 0.202032 0.302891
v 0.254431 0.200738 0.327159
v 0.226299 0.212336 -0.713554
v 0.229060 0.254979 -0.707382
v 0.229417 0.194110 -0.661991
v 0.256345 0.936647 0.290038
v 0.123584 0.473148 -0.346265
v -0.194416 0.282154 -0.387171
v -0.221028 0.274086 -0.365842
v -0.207458 0.238003 -0.338467
v 0.071600 0.546753 0.255351
v 0.063313 0.551189 0.237899
v 0.101447 0.451651 -0.488488
v 0.213250 0.182544 0.634429
v 0.202550 0.705114 -0.302653
v 0.231443 0.689871 -0.286958
v 0.307536 0.241639 0.695400
v 0.314209 0.226434 0.689055
v 0.077520 0.486504 0.313916
v 0.091153 0.514311 0.293028
v -0.199195 0.402357 0.651717
v -0.301536 0.991457 -0.437276
v -0.305980 0.998827 -0.410255
v 0.094519 0.451266 0.364929
v -0.247327 0.872898 -0.382066
v -0.245140 0.743458 -0.382334
v -0.302456 0.975721 -0.066153
v -0.299783 0.975190 -0.097277
v -0.292391 0.128577 0.219051
v -0.290291 0.115984 0.234384
v -0.317385 0.152829 0.451714
v -0.307017 0.117646 0.431376
v 0.071103 0.306963 0.627279
v 0.085824 0.317614 0.648402
v 0.024649 0.314109 0.645719
v -0.212242 0.701695 -0.322715
v -0.233947 0.680807 -0.333595
v -0.151436 0.194368 -0.454132
v -0.093894 0.196682 -0.459326
v 0.118361 0.154919 0.594230
v 0.159386 0.151346 0.590602
v -0.188964 0.521221 -0.365622
v -0.064243 0.627718 0.175947
v -0.060512 0.611543 0.178753
v -0.252327 0.716172 -0.379802
v -0.217748 0.298292 0.396000
v 0.314326 0.050508 -0.558575
v 0.308091 0.018161 -0.517911
v 0.302168 0.039643 -0.570895
v 0.272220 0.172670 0.565418
v 0.280589 0.145194 0.567121
v -0.286750 0.058537 0.453874
v -0.319748 0.988259 -0.187371
v -0.319558 0.945358 -0.177340
v 0.252088 0.414271 -0.252872
v 0.268577 0.400815 -0.231072
v 0.236566 0.973640 0.308284
v -0.278409 0.109487 0.269075
v 0.189123 0.157409 -0.422541
v 0.191989 0.137567 -0.431700
v -0.020708 0.415421 0.376929
v -0.018309 0.428467 0.373064
v -0.215068 0.317793 0.577428
v -0.222807 0.108534 -0.505706
v -0.198168 0.107309 -0.497966
v -0.197129 0.125117 -0.519481
v 0.232288 0.423728 0.433159
v 0.231176 0.376417 0.433953
v 0.240919 0.391920 0.422183
v -0.150738 0.200746 -0.407568
v 0.229362 0.474268 -0.045974
v 0.251479 0.467097 -0.049635
v 0.245588 0.502620 -0.079905
v -0.219893 0.286410 -0.663906
v 0.241536 0.373032 -0.039977
v 0.241249 0.369466 -0.018671
v 0.255038 0.368115 -0.040270
v 0.068680 0.585780 0.139166
v 0.211979 0.303528 0.397642
v -0.304610 0.967261 -0.014035
v -0.209148 0.318634 -0.484007
v 0.184631 0.999240 -0.317818
v 0.243322 0.999106 -0.314134
v 0.314352 0.201776 0.665317
v -0.046750 0.432119 0.649389
v 0.019208 0.432800 0.649253
v 0.226157 0.151310 0.416104
v 0.232857 0.113799 0.424308
v -0.234301 0.147992 0.353343
v -0.207967 0.165720 0.375434
v -0.147169 0.144837 -0.441861
v -0.224647 0.487177 -0.270912
v -0.234237 0.974415 0.301733
v -0.231782 0.974462 0.284090
v -0.214550 0.974725 0.344399
v 0.265078 0.444448 -0.405577
v 0.265689 0.444197 -0.462783
v 0.023772 0.351152 0.712679
v 0.062311 0.359038 0.719530
v -0.064877 0.481110 0.411594
v -0.059851 0.485404 0.417674
v 0.232580 0.567247 -0.347288
v 0.240112 0.589342 -0.345988
v -0.094002 0.474797 0.338845
v -0.211271 0.355108 -0.648019
v -0.190328 0.380012 -0.632092
v -0.138865 0.351240 -0.653180
v -0.257941 0.988713 -0.458119
v 0.217364 0.700522 -0.319954
v 0.233157 0.685298 -0.327552
v 0.117067 0.482309 0.415939
v 0.137775 0.478694 0.420316
v 0.186493 0.974227 0.345302
v 0.270263 0.974574 0.346502
v 0.253297 0.971983 0.350291
v 0.184353 0.016173 -0.491160
v 0.198528 0.011537 -0.520596
v 0.202324 0.005058 -0.476427
v 0.044434 0.425144 -0.580278
v 0.004011 0.432656 -0.565893
v 0.080634 0.432953 -0.565168
v 0.060487 0.213257 0.025949
v 0.231355 0.641991 -0.351426
v 0.263769 0.002106 0.547795
v 0.278263 0.002146 0.554256
v 0.269582 0.002852 0.595111
v 0.205644 0.052893 -0.591154
v -0.081049 0.681202 0.225537
v -0.056680 0.652116 0.203355
v -0.204774 0.677781 -0.267665
v -0.218772 0.640005 -0.256963
v -0.191114 0.240792 -0.457748
v -0.302242 0.158642 0.509071
v -0.274826 0.169195 0.510607
v -0.319959 0.152832 -0.373737
v -0.320651 0.127533 -0.351016
v 0.278928 0.225962 -0.449328
v 0.276777 0.215768 -0.431823
v 0.271795 0.384846 -0.330617
v 0.294422 0.380828 -0.365292
v -0.094322 0.192360 -0.678640
v -0.232440 0.541872 -0.237142
v -0.239133 0.535951 -0.228888
v -0.220618 0.524692 -0.231328
v -0.290877 0.115068 -0.322911
v -0.268119 0.107922 -0.325922
v -0.292200 0.151637 -0.043905
v -0.291238 0.179740 -0.145698
v -0.292338 0.154626 -0.141076
v 0.162832 0.366055 0.695949
v 0.195455 0.364797 0.674746
v 0.237321 0.974376 -0.382448
v 0.280378 0.974884 -0.431735
v -0.240261 0.449013 -0.104831
v 0.234025 0.792175 0.352274
v -0.270140 0.390760 -0.564410
v -0.273467 0.355934 -0.605505
v -0.274389 0.339919 -0.573943
v -0.276897 0.944986 0.361813
v -0.272759 0.944681 0.350105
v -0.257616 0.944755 0.367137
v 0.029749 0.579166 0.109919
v 0.077173 0.591331 0.127860
v -0.210547 0.163481 -0.636553
v -0.193649 0.183029 -0.626240
v -0.299958 0.311734 -0.369659
v 0.016743 0.303259 0.646227
v -0.016750 0.688199 0.233719
v -0.013931 0.712230 0.249201
v 0.003737 0.700629 0.239770
v -0.227668 0.143469 -0.526542
v 0.297387 0.311251 -0.563068
v 0.272335 0.942079 0.347780
v 0.131047 0.967538 -0.444007
v 0.038222 0.959783 -0.444433
v 0.128268 0.959312 -0.443974
v -0.312508 0.185679 -0.621552
v 0.186502 0.140545 0.658393
v 0.189306 0.141566 0.640630
v -0.126889 0.188824 -0.202590
v 0.234579 0.745993 0.367997
v -0.291760 0.185525 -0.221408
v -0.292393 0.177350 -0.289463
v 0.315246 0.282929 0.530588
v 0.239866 0.524807 -0.201964
v 0.254338 0.515927 -0.221852
v 0.221011 0.006213 0.534876
v 0.195154 0.029871 0.494027
v 0.214625 0.020858 0.500027
v 0.299489 0.238454 0.544949
v 0.301335 0.234019 0.578008
v 0.243024 0.290265 -0.657067
v 0.259677 0.330106 -0.636505
v 0.263078 0.276173 -0.641636
v 0.215247 0.362938 0.652134
v -0.254309 0.461296 -0.298974
v -0.251288 0.463496 -0.325220
v -0.248527 0.433216 -0.316338
v -0.069706 0.539999 0.308488
v -0.068963 0.554214 0.291597
v 0.302820 0.974864 0.250242
v 0.315135 0.117507 -0.386204
v 0.317236 0.071066 -0.425157
v 0.189689 0.305554 -0.445065
v 0.199359 0.314024 -0.456705
v 0.185753 0.301690 -0.493568
v 0.216188 0.058765 0.453521
v -0.275089 0.202136 0.524964
v -0.274966 0.130344 0.533770
v 0.096770 0.532953 0.423424
v 0.066339 0.524504 0.421562
v -0.039029 0.575538 0.129179
v -0.043246 0.564308 0.139548
v -0.304526 0.112798 0.643511
v -0.303364 0.105940 0.617303
v -0.303408 0.084092 0.610812
v -0.314630 0.075863 0.624902
v -0.036336 0.199815 -0.361411
v 0.060108 0.202201 -0.357346
v -0.224330 0.392758 0.000067
v -0.214544 0.378283 -0.001607
v -0.253722 0.910679 0.329363
v -0.263559 0.942067 0.306287
v 0.146114 0.513542 0.421426
v 0.148363 0.525981 0.427877
v -0.318481 0.094099 -0.548814
v -0.320165 0.112623 -0.567737
v -0.319972 0.065251 -0.561000
v -0.211719 0.018463 -0.408051
v 0.180212 0.226774 0.692941
v -0.272116 0.181675 -0.635711
v -0.238498 0.203861 -0.631469
v -0.172563 0.250052 -0.317284
v 0.185998 0.349709 0.507529
v 0.198714 0.351379 0.552864
v -0.267226 0.064767 0.448609
v -0.246591 0.080891 0.437105
v 0.245376 0.798362 0.331936
v -0.155269 0.178891 0.572943
v 0.205487 0.450558 -0.402803
v -0.210545 0.229880 0.714858
v -0.189887 0.226733 0.702811
v 0.240099 0.534485 -0.196293
v 0.236422 0.540968 -0.215066
v 0.251596 0.541058 -0.197485
v 0.024753 0.521522 0.452961
v 0.071571 0.508461 0.491380
v -0.258861 0.945103 -0.443909
v -0.281603 0.945093 -0.436926
v -0.304205 0.945028 -0.435388
v -0.209195 0.455025 -0.328678
v -0.110427 0.208901 0.635242
v -0.034035 0.209672 0.633886
v -0.192763 0.220593 -0.614445
v -0.182834 0.254150 -0.573108
v -0.051715 0.198153 -0.463617
v -0.095685 0.610317 0.173526
v -0.068783 0.610223 0.194446
v -0.089429 0.628680 0.189650
v -0.014434 0.706394 0.259222
v -0.016321 0.672820 0.237023
v 0.004071 0.691839 0.249588
v 0.229081 0.519944 -0.108721
v 0.222807 0.517383 -0.130477
v 0.223083 0.500977 -0.103033
v 0.238709 0.532382 -0.206139
v -0.279823 0.198052 -0.415199
v -0.280892 0.219212 -0.435806
v -0.278329 0.200979 -0.427353
v -0.210902 0.033566 0.666031
v -0.194846 0.050756 0.676010
v -0.242880 0.475843 -0.048643
v -0.232883 0.505054 -0.087197
v -0.305187 0.944998 0.287811
v 0.142491 0.289880 -0.669293
v 0.074610 0.335450 0.693692
v 0.118035 0.334495 0.684845
v 0.108867 0.299532 0.647581
v 0.117424 0.283033 0.666827
v 0.286488 0.111780 -0.288793
v 0.257470 0.173786 0.385027
v 0.274419 0.166460 0.381069
v 0.273930 0.189138 0.392112
v -0.292659 0.388096 -0.365078
v -0.295531 0.386948 -0.430033
v 0.091922 0.552097 0.254754
v 0.219222 0.477734 -0.310956
v 0.208475 0.442503 -0.328693
v -0.088565 0.515150 0.465359
v 0.235284 0.472264 0.514585
v 0.236159 0.439674 0.560027
v 0.266605 0.410775 -0.517379
v 0.267832 0.394506 -0.531967
v 0.260933 0.395283 -0.585815
v -0.088653 0.710667 -0.315155
v -0.075483 0.705463 -0.310796
v 0.305658 0.998815 0.134301
v 0.304056 0.998719 0.211962
v -0.253652 0.279407 -0.650438
v -0.240112 0.329551 -0.653790
v -0.228563 0.004162 -0.445364
v -0.211243 0.003448 -0.491562
v -0.212155 0.005246 -0.447280
v -0.234810 0.355421 0.417561
v -0.203999 0.363730 0.418644
v 0.199469 0.373404 -0.010030
v 0.210409 0.370260 -0.001717
v 0.215545 0.214954 0.600525
v -0.280378 0.298686 -0.614555
v -0.278654 0.261962 -0.625068
v 0.288487 0.522985 -0.409178
v 0.275877 0.535129 -0.399853
v 0.306909 0.539370 -0.412103
v 0.102812 0.465068 -0.143648
v 0.194854 0.464425 -0.133058
v 0.198377 0.150525 -0.320807
v 0.178876 0.143468 -0.339399
v 0.077502 0.400296 -0.614482
v -0.299303 0.974819 0.183042
v -0.293618 0.973950 0.149357
v -0.299941 0.357111 -0.438192
v -0.300705 0.336588 -0.378561
v 0.023418 0.669351 -0.333107
v 0.057111 0.683322 -0.336131
v 0.155786 0.314807 0.594152
v 0.119632 0.300487 0.577221
v -0.228321 0.046395 -0.366366
v -0.212038 0.030341 -0.388995
v -0.307371 0.200578 -0.415113
v 0.200795 0.410811 -0.279678
v 0.223125 0.411430 -0.269912
v -0.187765 0.348911 0.505780
v -0.136583 0.411047 0.663861
v -0.285080 0.110958 -0.032275
v -0.272564 0.109531 -0.022085
v -0.124424 0.137868 -0.479167
v 0.095620 0.537250 0.446974
v 0.314131 0.229131 -0.406909
v -0.193564 0.221037 -0.419299
v -0.179872 0.199678 -0.374155
v 0.037951 0.574805 0.132574
v -0.113627 0.365750 0.715199
v -0.155896 0.401968 0.679818
v -0.230080 0.517295 -0.393513
v -0.227651 0.447762 -0.393698
v 0.148669 0.685611 -0.270309
v 0.071873 0.654603 -0.259656
v -0.179157 0.478469 -0.256073
v -0.110153 0.478208 -0.257060
v 0.171265 0.332025 -0.414357
v 0.251793 0.373353 -0.115372
v 0.199477 0.455541 0.584565
v 0.195767 0.446671 0.600228
v 0.215910 0.443819 0.586696
v 0.189496 0.096866 0.564883
v 0.119490 0.283903 0.551991
v -0.224770 0.424463 -0.004395
v -0.256802 0.451001 -0.236158
v -0.254945 0.465985 -0.258117
v -0.210616 0.021186 0.502564
v 0.046851 0.325987 0.672471
v 0.212608 0.657626 -0.262095
v 0.294161 0.248627 0.445557
v 0.309524 0.242390 0.456252
v 0.227027 0.487584 0.462514
v 0.244898 0.490294 0.462040
v 0.204143 0.974277 -0.430998
v 0.318313 0.126606 -0.585635
v 0.316582 0.091189 -0.545325
v 0.167287 0.476888 -0.256145
v 0.061241 0.480163 -0.245301
v -0.117719 0.425984 -0.319248
v -0.151378 0.410190 -0.296744
v 0.240330 0.660800 -0.349904
v -0.056163 0.517484 0.267468
v 0.263074 0.240086 0.421216
v 0.261684 0.218547 0.408435
v 0.270216 0.199983 0.394939
v -0.193772 0.088559 0.545754
v -0.180129 0.056561 0.561928
v 0.242412 0.612641 -0.255715
v 0.248760 0.676458 0.403766
v 0.253225 0.613395 0.422958
v 0.065766 0.392470 0.426608
v 0.102501 0.406843 0.432638
v 0.094409 0.388439 0.423971
v -0.222166 0.104162 -0.451667
v -0.197290 0.101995 -0.467995
v -0.221185 0.102204 -0.484237
v -0.208543 0.481523 -0.281371
v 0.167494 0.170430 -0.218389
v -0.041991 0.153257 0.269199
v 0.064701 0.514853 -0.361973
v 0.046287 0.515279 -0.367154
v 0.105274 0.519889 -0.370882
v 0.056256 0.201556 0.034374
v 0.054801 0.201933 0.028998
v -0.139196 0.267985 -0.668640
v -0.229153 0.201111 -0.420212
v -0.228448 0.224995 -0.456661
v -0.206710 0.203977 -0.422111
v -0.317271 0.059239 0.589446
v -0.317653 0.034353 0.613226
v -0.063391 0.654754 0.216190
v -0.055529 0.654941 0.224968
v -0.244618 0.414998 -0.074096
v -0.292925 0.284742 -0.376106
v -0.297303 0.262936 -0.356439
v -0.252020 0.258361 -0.348662
v -0.109975 0.625645 0.185245
v -0.114190 0.631535 0.203509
v 0.158287 0.485748 -0.288989
v 0.221898 0.510963 -0.207970
v 0.114628 0.205360 -0.290766
v 0.152577 0.391333 -0.214745
v -0.196153 0.678513 -0.336833
v 0.188751 0.536832 -0.357607
v 0.159653 0.525450 -0.356008
v 0.224216 0.530549 -0.356285
v -0.120419 0.591360 0.170366
v -0.117302 0.611777 0.192124
v -0.196615 0.468804 0.431815
v -0.200814 0.467400 0.422172
v -0.175646 0.498016 0.423762
v -0.217219 0.118153 0.549185
v -0.294033 0.252683 0.699756
v -0.098908 0.460412 -0.030827
v -0.011576 0.461160 -0.032228
v -0.213655 0.416165 -0.592546
v 0.082066 0.718886 0.253124
v 0.111368 0.691144 0.247534
v 0.125158 0.686792 0.215747
v -0.248058 0.297685 0.494300
v 0.293210 0.974051 -0.039508
v 0.299235 0.974797 -0.037445
v 0.251679 0.531226 -0.132536
v 0.294146 0.369731 -0.495740
v 0.300806 0.349244 -0.503409
v -0.111250 0.204467 0.353343
v -0.038491 0.206938 0.357208
v -0.060699 0.202095 0.343913
v 0.026289 0.201130 -0.507377
v 0.084682 0.206544 -0.485774
v -0.185022 0.157191 0.069255
v 0.246236 0.471179 -0.303614
v 0.244161 0.496985 -0.324722
v -0.252675 0.441544 -0.277334
v 0.276813 0.176092 -0.316100
v -0.118279 0.187378 0.459008
v -0.022615 0.176872 0.425194
v -0.063814 0.187338 0.466685
v -0.123172 0.994071 0.361763
v -0.266184 0.062530 -0.351345
v -0.265471 0.081483 -0.338602
v 0.288476 0.289057 -0.311462
v 0.288647 0.239273 -0.286077
v -0.122737 0.202008 0.029031
v -0.041439 0.202154 0.028973
v -0.002675 0.559600 0.103809
v 0.045252 0.571626 0.105292
v -0.007455 0.593341 0.147484
v 0.016869 0.607882 0.161127
v 0.235397 0.725961 0.365582
v 0.199356 0.130138 -0.424781
v 0.223880 0.143107 -0.419032
v 0.223073 0.125188 -0.424876
v 0.108826 0.423750 0.437999
v 0.118580 0.438629 0.441221
v 0.302909 0.139666 0.509125
v 0.280763 0.145545 0.510338
v 0.225678 0.541822 -0.360612
v 0.223440 0.165450 -0.450195
v 0.225054 0.131798 -0.485913
v 0.224409 0.111989 -0.437251
v -0.310739 0.109767 -0.332989
v -0.233080 0.302300 0.645645
v -0.067342 0.160900 0.381905
v 0.276190 0.013751 0.513544
v 0.273164 0.032842 0.480020
v 0.296198 0.020808 0.506378
v 0.253457 0.980221 0.368436
v -0.305124 0.944984 -0.013450
v 0.193987 0.301970 0.626813
v 0.213856 0.310824 0.622347
v -0.164555 0.229810 0.425003
v -0.163233 0.189124 0.423408
v -0.161002 0.189578 0.458360
v 0.296471 0.215228 0.537391
v -0.305169 0.969244 -0.382944
v -0.304797 0.944858 -0.318509
v 0.154430 0.256723 -0.505321
v 0.238388 0.873743 0.336814
v 0.101039 0.204795 0.533901
v 0.293260 0.973629 0.130588
v 0.299206 0.974325 0.121740
v -0.218602 0.437017 0.594558
v -0.220467 0.407948 0.618304
v -0.274129 0.094583 0.594261
v -0.275188 0.113998 0.560195
v -0.215307 0.220497 0.587550
v -0.214863 0.205133 0.616367
v 0.253904 0.149143 0.415502
v 0.278175 0.103524 0.427289
v -0.157065 0.315248 -0.409910
v -0.157341 0.262673 -0.354014
v -0.257325 0.408944 -0.060692
v 0.252244 0.378051 -0.150292
v 0.254453 0.385420 -0.172479
v 0.303909 0.198003 -0.552540
v 0.086926 0.583059 0.120835
v 0.185958 0.460894 0.442339
v -0.001294 0.657588 -0.261198
v 0.036831 0.669198 -0.264966
v -0.184250 0.094483 0.509282
v -0.180551 0.490545 -0.233543
v 0.176360 0.218262 0.487902
v 0.187205 0.215725 0.512989
v 0.271348 0.179943 0.580783
v 0.285391 0.168376 0.592393
v 0.280621 0.175020 0.569519
v 0.159763 0.288106 0.555327
v 0.159134 0.228510 0.502340
v 0.119126 0.652921 0.182326
v 0.108564 0.662801 0.200957
v 0.108489 0.689447 0.212443
v 0.181918 0.059085 0.474652
v 0.196917 0.056182 0.459664
v -0.194291 0.119754 0.718570
v -0.186524 0.091581 0.698296
v 0.128372 0.184138 -0.054153
v -0.231202 0.316182 0.607035
v -0.099858 0.424971 0.657037
v -0.092645 0.427856 0.648115
v -0.083905 0.684490 0.255292
v 0.255465 0.318007 0.595271
v 0.261066 0.319070 0.576809
v 0.189884 0.104552 -0.532942
v 0.178123 0.124710 -0.571538
v 0.267914 0.199273 -0.030035
v 0.256310 0.201820 0.001952
v 0.276027 0.196552 -0.019532
v -0.195842 0.137529 0.425285
v -0.194810 0.176656 0.423138
v -0.181791 0.153381 0.438959
v 0.258605 0.417028 -0.154052
v -0.096154 0.542969 0.277518
v -0.092107 0.504627 0.301513
v -0.001249 0.722604 0.247002
v 0.167796 0.487691 -0.233947
v -0.118742 0.166160 0.559744
v -0.218167 0.475056 0.426192
v -0.217786 0.475430 0.445254
v -0.192676 0.944624 0.367682
v 0.295255 0.969939 -0.419188
v 0.295647 0.941889 -0.420857
v -0.252503 0.115956 -0.322743
v -0.249844 0.076085 -0.340323
v 0.206723 0.463931 -0.066901
v 0.134968 0.407946 0.006586
v 0.198316 0.405699 0.005776
v -0.024082 0.182240 0.541656
v 0.295468 0.064723 0.452965
v 0.301766 0.096604 0.436203
v 0.156382 0.333686 0.610079
v -0.189739 0.308370 -0.486183
v -0.181491 0.285064 -0.514968
v 0.236954 0.951571 -0.351706
v 0.287831 0.130367 0.341335
v -0.073976 0.536421 0.269696
v -0.073060 0.556362 0.249568
v -0.065318 0.536073 0.251297
v -0.237643 0.568857 0.421640
v -0.237897 0.533741 0.436034
v -0.239268 0.547956 0.422112
v -0.234536 0.517341 -0.158342
v -0.254769 0.600062 -0.330775
v 0.196217 0.432636 -0.236719
v 0.279289 0.230113 -0.477821
v 0.296752 0.228682 -0.461016
v -0.129022 0.676031 0.200702
v -0.118408 0.694927 0.220224
v -0.098209 0.695178 0.220201
v -0.265499 0.611047 0.414986
v -0.265198 0.573998 0.411992
v -0.212611 0.283441 0.016099
v -0.241845 0.259102 0.004984
v -0.205049 0.237045 0.021237
v -0.320585 0.033853 -0.501350
v 0.262807 0.208296 0.356635
v -0.047563 0.162724 0.004886
v -0.067522 0.164580 -0.008454
v -0.206975 0.154786 -0.456529
v 0.303145 0.134368 0.492733
v -0.234653 0.910571 0.311395
v -0.304552 0.965097 0.284386
v 0.119226 0.215960 0.552474
v 0.118485 0.207874 0.527175
v 0.224364 0.550274 -0.185872
v 0.222748 0.532283 -0.160850
v 0.285867 0.177075 0.219303
v 0.245922 0.942024 -0.444651
v -0.232098 0.066907 -0.348298
v -0.210844 0.071878 -0.345550
v 0.169830 0.167105 0.392812
v -0.236384 0.274997 0.684184
v -0.024320 0.675546 0.209639
v 0.251421 0.747957 -0.376052
v 0.211835 0.167595 0.377737
v 0.205885 0.208263 0.402642
v 0.181958 0.199754 0.402706
v 0.276685 0.122002 0.521831
v 0.271590 0.147674 0.564577
v 0.274061 0.096326 0.558569
v -0.232325 0.328874 -0.408171
v -0.299189 0.142678 -0.632752
v -0.283153 0.140465 -0.635754
v -0.063287 0.559372 0.115870
v -0.081736 0.583261 0.116579
v -0.049261 0.569071 0.107266
v 0.028158 0.461814 0.381002
v -0.035801 0.521895 -0.350785
v -0.252424 0.593362 0.430060
v -0.183348 0.259798 -0.499755
v -0.178092 0.254911 0.510881
v -0.272720 0.975774 -0.441569
v -0.249169 0.970546 -0.443797
v -0.211696 0.975996 -0.440151
v -0.317136 0.992038 0.304120
v -0.320016 0.983478 0.303052
v -0.309178 0.985418 0.334861
v -0.031193 0.944486 0.353208
v -0.215104 0.361967 0.008150
v -0.232358 0.445323 -0.525811
v -0.228997 0.448934 -0.508590
v -0.108023 0.446032 -0.526655
v 0.238820 0.036678 0.476135
v 0.307693 0.061561 0.466754
v 0.212863 0.478815 -0.342069
v -0.220615 0.137165 -0.526414
v -0.197442 0.156418 -0.533335
v 0.017160 0.545824 0.439536
v 0.117862 0.190072 -0.658398
v 0.223688 0.003820 0.604209
v 0.252026 0.009553 0.624153
v 0.285395 0.175689 0.380847
v -0.260193 0.386544 -0.129167
v -0.256242 0.386324 -0.175308
v 0.189088 0.106761 -0.501716
v 0.220592 0.100003 -0.483736
v 0.223593 0.104240 -0.496361
v -0.115775 0.142644 0.554745
v 0.265948 0.165845 -0.636291
v 0.281392 0.202598 -0.630290
v 0.225378 0.562472 -0.215996
v 0.236220 0.564380 -0.195312
v 0.233460 0.568573 -0.248025
v 0.211478 0.496380 0.491872
v 0.239488 0.477576 0.475518
v 0.275399 0.201546 0.422127
v 0.276341 0.228097 0.432526
v 0.155651 0.328222 -0.515970
v 0.155820 0.312918 -0.454793
v -0.228900 0.217515 -0.501170
v -0.227609 0.165709 -0.467891
v 0.036253 0.569196 0.252680
v 0.261713 0.779132 0.345285
v 0.257087 0.801961 0.332869
v 0.213842 0.107985 0.721166
v 0.317446 0.943309 0.249211
v 0.317429 0.942711 0.309415
v 0.301105 0.974253 0.302602
v 0.293247 0.973734 0.213981
v 0.302035 0.974855 0.253971
v -0.176857 0.352324 0.675977
v -0.154082 0.354808 0.692982
v -0.155445 0.366483 0.700861
v -0.038236 0.464682 -0.223097
v -0.255493 0.636008 -0.275099
v -0.255338 0.591634 -0.257657
v -0.247742 0.520402 -0.296587
v -0.244691 0.486950 -0.278878
v -0.097333 0.607962 0.172894
v -0.096026 0.584221 0.163413
v -0.090267 0.593250 0.157356
v 0.122682 0.485547 0.540485
v -0.273398 0.167112 0.557649
v 0.095226 0.386606 -0.236660
v -0.199266 0.212634 0.362006
v 0.109847 0.204843 -0.332441
v -0.259801 0.540398 -0.370349
v -0.254637 0.592638 -0.378809
v 0.228479 0.101956 -0.328566
v 0.209987 0.085574 -0.335739
v -0.218320 0.421299 -0.313689
v 0.305205 0.243749 -0.497219
v 0.305380 0.226311 -0.496588
v 0.306827 0.215129 -0.526158
v 0.304434 0.223312 -0.530336
v -0.231402 0.973198 0.044409
v -0.306824 0.520057 -0.428028
v -0.310509 0.510606 -0.433556
v -0.265760 0.511473 -0.430411
v 0.243029 0.158908 0.368479
v 0.254587 0.121488 0.341802
v 0.231481 0.615843 -0.378985
v -0.270634 0.312313 -0.536841
v 0.248375 0.510993 -0.347739
v 0.252111 0.492237 -0.335172
v 0.238660 0.476472 -0.342527
v -0.230946 0.371098 -0.019825
v -0.253444 0.500239 -0.345833
v -0.240178 0.465647 -0.339419
v 0.221930 0.474871 -0.262620
v -0.037069 0.474270 0.354071
v 0.273579 0.175429 0.512037
v 0.298412 0.169942 0.508596
v -0.161434 0.161191 0.382032
v -0.208728 0.154073 0.353032
v 0.195702 0.014181 0.524985
v 0.195616 0.166952 0.556784
v 0.198606 0.159916 0.556408
v -0.195610 0.438791 -0.550270
v -0.290752 0.176108 0.010297
v -0.280358 0.192997 0.094623
v 0.114840 0.220076 -0.735394
v -0.261086 0.405216 0.501720
v -0.262432 0.380927 0.472548
v -0.289273 0.185727 0.418663
v -0.242245 0.262660 -0.652790
v 0.317776 0.112625 -0.356070
v 0.318163 0.081737 -0.383419
v 0.060818 0.156050 0.088613
v -0.026452 0.153070 0.146193
v 0.225537 0.286185 -0.340975
v 0.289394 0.117613 -0.164355
v 0.289394 0.117612 -0.287675
v 0.023069 0.602481 0.168443
v 0.299133 0.974906 -0.366592
v 0.302839 0.972702 -0.359959
v 0.127722 0.624915 -0.251460
v 0.205518 0.622925 -0.251957
v 0.247822 0.973721 0.277421
v 0.278106 0.009128 0.621618
v -0.072057 0.203777 0.534187
v -0.089986 0.195781 0.538480
v -0.092321 0.411270 0.671911
v -0.083942 0.402751 0.700772
v 0.254489 0.052410 -0.593031
v 0.278087 0.042711 -0.582449
v 0.140625 0.154106 0.362326
v -0.163838 0.974859 -0.431537
v -0.253005 0.974975 -0.405826
v -0.209436 0.012072 0.627890
v -0.194204 0.027320 0.645838
v -0.304614 0.959101 -0.004459
v -0.304742 0.950589 -0.048674
v 0.306282 0.190784 -0.544674
v 0.249335 0.223706 -0.623513
v -0.197272 0.354939 0.660268
v -0.182173 0.351192 0.651963
v 0.151604 0.358750 -0.648579
v 0.116954 0.379547 -0.633664
v 0.300755 0.075124 -0.604083
v -0.177975 0.314131 -0.378113
v -0.197260 0.333885 -0.425309
v -0.009823 0.463971 -0.045793
v 0.317642 0.943740 -0.279977
v -0.249134 0.958200 -0.350814
v -0.210481 0.158902 0.021670
v -0.035322 0.578315 0.224677
v -0.157212 0.321008 -0.389683
v -0.158136 0.305324 -0.364854
v -0.317790 0.288316 -0.519624
v 0.243122 0.799869 -0.350820
v -0.204549 0.221150 -0.445984
v -0.199732 0.201533 -0.433580
v -0.252268 0.379103 0.409247
v -0.239496 0.406024 0.418566
v -0.228144 0.405534 0.411949
v -0.087641 0.559183 0.244318
v -0.095657 0.565758 0.256021
v -0.076209 0.582827 0.245178
v 0.064110 0.698522 -0.280270
v 0.228381 0.480358 -0.243309
v 0.227589 0.444291 -0.223941
v -0.276805 0.317251 0.556930
v 0.314718 0.994107 -0.104594
v -0.030636 0.454166 0.354037
v -0.195851 0.015875 0.525360
v -0.101241 0.484714 -0.285809
v -0.028758 0.504441 -0.296682
v 0.217914 0.588200 -0.245259
v -0.276100 0.264417 0.692507
v -0.273381 0.234896 0.712889
v 0.174955 0.242193 0.488352
v 0.175398 0.177085 0.453771
v -0.194207 0.427785 -0.573929
v -0.089151 0.428397 -0.574359
v 0.255555 0.206052 -0.630393
v 0.176133 0.053781 0.510120
v 0.169017 0.338081 0.409702
v 0.097190 0.458485 0.406095
v 0.135574 0.466989 0.414253
v 0.311760 0.082910 0.691150
v 0.313815 0.122058 0.705131
v 0.299729 0.067110 0.696290
v 0.303253 0.109941 0.717560
v 0.189731 0.155819 0.424656
v 0.015171 0.452541 -0.014501
v 0.100673 0.453403 -0.015907
v -0.252410 0.408959 -0.016537
v -0.242498 0.409305 -0.034043
v -0.243546 0.378333 -0.024951
v -0.020905 0.190874 -0.486472
v 0.036133 0.196692 -0.477454
v 0.151990 0.211270 -0.540223
v 0.142257 0.198546 -0.520687
v 0.150692 0.193719 -0.567678
v 0.184239 0.193522 -0.478225
v 0.187885 0.192488 -0.451239
v -0.234677 0.003376 -0.494059
v -0.234742 0.017973 -0.546546
v 0.071418 0.464680 0.380948
v -0.129949 0.316459 0.631338
v -0.105657 0.306129 0.611714
v -0.093937 0.305954 0.625404
v 0.291016 0.161156 -0.130323
v 0.290078 0.180727 -0.117666
v 0.317942 0.280821 -0.510659
v 0.318111 0.276285 -0.449735
v -0.072595 0.315348 0.647657
v 0.259001 0.109906 -0.127512
v 0.276458 0.109785 -0.153447
v 0.277793 0.109799 -0.039993
v 0.204108 0.482415 -0.250399
v -0.243642 0.560151 -0.174287
v -0.308257 0.944899 -0.013341
v -0.313409 0.945009 0.051471
v 0.206658 0.153338 -0.482045
v 0.188365 0.234919 0.587639
v 0.188782 0.224887 0.563124
v 0.187875 0.213219 0.605985
v 0.223602 0.124841 -0.527022
v 0.095518 0.367550 0.419660
v 0.314313 0.023417 0.575729
v 0.301259 0.009762 0.602794
v 0.299891 0.006959 0.551706
v 0.216886 0.285055 0.376716
v 0.232000 0.654279 -0.268596
v 0.225864 0.688369 -0.279974
v 0.011142 0.361064 0.009567
v 0.242467 0.662069 -0.307689
v 0.245575 0.645589 -0.294745
v 0.239737 0.584772 -0.310295
v -0.206210 0.177236 -0.462145
v 0.216224 0.323724 -0.551401
v 0.288484 0.331636 -0.539445
v 0.315300 0.241800 0.639395
v 0.258379 0.155688 -0.314819
v -0.217783 0.472521 -0.325532
v -0.119379 0.153690 0.603377
v 0.177446 0.164294 0.674482
v -0.072526 0.449833 0.350033
v -0.068107 0.464069 0.330085
v -0.190043 0.213316 -0.505664
v -0.245106 0.080296 -0.615055
v -0.236659 0.105041 -0.627340
v -0.226602 0.060379 -0.600295
v -0.261564 0.738249 0.356699
v -0.253761 0.721347 0.356797
v 0.222843 0.221125 0.428930
v 0.248839 0.254752 0.444404
v -0.286866 0.074720 -0.341293
v -0.285886 0.034942 -0.376696
v -0.131886 0.451850 -0.483874
v -0.090583 0.453104 -0.459677
v -0.086829 0.702582 -0.329162
v -0.151973 0.705326 -0.319307
v -0.125058 0.712171 -0.318614
v -0.303908 0.975645 0.310687
v -0.302577 0.975637 0.271612
v -0.287169 0.974990 0.335006
v 0.263192 0.109619 -0.222643
v -0.312170 0.301349 -0.424911
v -0.319047 0.282778 -0.443586
v -0.237505 0.486270 0.461828
v -0.238729 0.472279 0.461720
v 0.230468 0.433145 0.423182
v -0.259474 0.436817 -0.331574
v -0.251939 0.436909 -0.344008
v -0.250485 0.952281 0.283444
v -0.247568 0.899460 0.301062
v -0.220725 0.178943 -0.530697
v -0.198089 0.182075 -0.528485
v -0.201139 0.206367 -0.514803
v -0.245831 0.945183 -0.458227
v -0.168120 0.945146 -0.443876
v 0.162769 0.342544 0.556479
v 0.158741 0.336951 0.586696
v -0.281099 0.155377 -0.407402
v -0.319678 0.067617 0.654470
v 0.008957 0.999877 -0.160922
v 0.065535 0.680827 -0.268798
v 0.279572 0.157228 -0.534292
v 0.270268 0.138546 -0.497935
v 0.273172 0.125160 -0.514781
v -0.304654 0.093329 0.584166
v -0.289735 0.340494 -0.355267
v -0.289763 0.363050 -0.398473
v -0.250363 0.173596 0.414364
v -0.230527 0.156914 0.416688
v -0.252618 0.568192 -0.255322
v -0.247603 0.573092 -0.263570
v -0.244928 0.049676 0.460421
v -0.233226 0.063490 0.449816
v -0.226986 0.039498 0.472049
v -0.231470 0.364597 0.386286
v 0.212190 0.318306 -0.464403
v 0.026757 0.406912 -0.294270
v -0.265268 0.199741 0.099974
v -0.253658 0.200691 0.108365
v -0.263181 0.200299 0.032144
v 0.088430 0.295987 0.663650
v 0.244437 0.709013 0.360462
v 0.260725 0.711733 0.365302
v 0.256083 0.646747 0.381841
v 0.205259 0.435754 0.444456
v -0.262383 0.358174 0.490724
v -0.149559 0.191492 -0.549303
v -0.129844 0.197387 -0.527450
v -0.299670 0.944628 -0.411552
v 0.308985 0.180605 0.484378
v 0.309146 0.225220 0.505666
v 0.301562 0.190284 0.494112
v -0.317703 0.106250 0.695051
v 0.161728 0.428891 0.632949
v 0.153554 0.454415 0.598084
v -0.072801 0.586752 0.246667
v -0.260706 0.856060 -0.367982
v -0.273199 0.281329 -0.268012
v -0.273194 0.207069 -0.251648
v -0.006699 0.564485 0.138233
v 0.025278 0.562123 0.135452
v 0.068188 0.717940 0.239926
v 0.295508 0.941948 0.325187
v -0.245274 0.382539 -0.005512
v -0.219082 0.153369 0.166333
v -0.230889 0.148983 0.108258
v -0.215391 0.153959 0.136645
v -0.239941 0.472803 0.502726
v -0.218979 0.488914 0.507241
v 0.190709 0.265349 -0.324904
v 0.010303 0.203481 0.511443
v 0.260071 0.995207 0.360693
v 0.237135 0.201055 0.061417
v 0.267599 0.373958 -0.584863
v 0.269365 0.345888 -0.560578
v -0.307655 0.120262 -0.400630
v -0.307904 0.083413 -0.443904
v -0.318719 0.083527 -0.413493
v -0.107533 0.944376 0.353303
v -0.116846 0.944082 0.367610
v -0.100761 0.464946 -0.204749
v -0.132580 0.463674 -0.226141
v 0.277208 0.263497 -0.321016
v 0.296934 0.252953 -0.319178
v 0.251339 0.409375 -0.050973
v 0.239331 0.406008 -0.028521
v -0.181711 0.400316 -0.278215
v -0.151568 0.692843 -0.338837
v -0.170234 0.661672 -0.332238
v -0.235599 0.689278 -0.282197
v -0.250219 0.660682 -0.282506
v -0.246832 0.657206 -0.267665
v -0.179346 0.265940 -0.454767
v 0.219365 0.495192 -0.231724
v 0.199565 0.504200 -0.228573
v -0.320593 0.247917 -0.559529
v -0.320338 0.264445 -0.511210
v 0.118585 0.999613 -0.196051
v 0.298300 0.255686 -0.599806
v 0.296385 0.294265 -0.559810
v 0.200793 0.355085 -0.648767
v 0.015028 0.389115 -0.250965
v -0.044411 0.638974 0.219066
v 0.176033 0.169815 -0.365872
v -0.194364 0.260589 0.684302
v 0.053853 0.351361 0.709872
v 0.291097 0.327568 -0.575807
v 0.298926 0.336038 -0.547106
v 0.293652 0.312392 -0.587677
v 0.311579 0.017336 -0.496414
v 0.236260 0.783086 -0.350682
v 0.294134 0.098894 -0.450016
v 0.303920 0.120298 -0.418375
v -0.092333 0.568429 0.148158
v -0.215851 0.404301 0.416329
v -0.255626 0.113610 0.251997
v 0.215341 0.174186 0.588329
v -0.254368 0.241553 -0.005950
v -0.254989 0.201318 0.005176
v -0.142229 0.206035 -0.496183
v -0.075487 0.202118 -0.506566
v -0.100883 0.207323 -0.482570
v -0.181933 0.184588 0.442432
v -0.276413 0.217420 0.603206
v -0.276182 0.224546 0.562760
v -0.292102 0.095683 0.717281
v 0.184473 0.170986 -0.622928
v 0.201603 0.177952 -0.633278
v 0.152099 0.202356 0.205372
v -0.142714 0.973028 0.156016
v 0.023215 0.972418 0.121147
v -0.300806 0.998895 -0.112917
v -0.306426 0.998927 -0.177843
v -0.182399 0.178609 0.671515
v -0.271453 0.534497 -0.399766
v -0.273920 0.534860 -0.385065
v -0.278811 0.196408 -0.153695
v -0.263493 0.154268 0.417118
v -0.251728 0.119845 0.422115
v 0.056793 0.585995 -0.318389
v 0.279566 0.047927 0.463632
v -0.113880 0.608350 0.141202
v -0.099585 0.607788 0.143291
v -0.071918 0.591516 0.126996
v -0.262420 0.952906 0.293697
v -0.258959 0.974771 0.279815
v -0.223990 0.375495 -0.006954
v 0.239590 0.435727 -0.342927
v 0.253942 0.436101 -0.349921
v 0.286851 0.163426 -0.544450
v -0.242235 0.568176 -0.199894
v 0.007752 0.197686 -0.458053
v -0.298545 0.944522 0.320860
v -0.273045 0.974714 0.348407
v -0.117904 0.206486 0.518379
v -0.121298 0.225517 0.504403
v -0.122550 0.203438 0.481389
v 0.271677 0.199322 -0.103718
v 0.276714 0.197811 -0.135414
v -0.087382 0.365836 -0.644338
v 0.001910 0.350530 -0.653725
v -0.239477 0.330056 0.371626
v -0.213573 0.304888 0.372126
v -0.262905 0.684493 0.392777
v 0.243301 0.999078 -0.412039
v -0.121457 0.170984 0.590442
v -0.318341 0.270804 0.608743
v -0.313373 0.255618 0.589643
v -0.318380 0.236844 0.661991
v 0.188488 0.118372 -0.408868
v -0.273738 0.375712 -0.326051
v -0.275968 0.397697 -0.362446
v -0.079635 0.515485 0.421643
v -0.088037 0.503570 0.428050
v -0.286408 0.260968 0.452814
v -0.273554 0.222681 0.429941
v 0.218486 0.006837 -0.511572
v -0.273211 0.293046 -0.193819
v 0.202786 0.370749 -0.638561
v 0.235844 0.370469 -0.634957
v 0.187418 0.241367 -0.431753
v 0.189768 0.200856 -0.436786
v -0.215943 0.453781 0.576471
v -0.201273 0.432626 0.614574
v -0.135565 0.628775 0.168537
v -0.126059 0.642746 0.173203
v 0.217331 0.311287 -0.533442
v -0.258925 0.390481 -0.607577
v 0.217589 0.377735 -0.003973
v 0.219239 0.399517 0.002368
v 0.272172 0.378907 -0.511452
v 0.295385 0.383224 -0.492355
v 0.293731 0.356291 -0.536118
v -0.278744 0.168935 -0.488556
v 0.110415 0.211660 0.678013
v 0.255990 0.560248 -0.210152
v 0.254733 0.537234 -0.171214
v -0.241856 0.757109 0.374079
v -0.235971 0.730358 0.372259
v -0.237046 0.736435 0.360843
v -0.304104 0.998863 0.051267
v 0.247083 0.466168 -0.378025
v 0.248980 0.446015 -0.399061
v -0.255770 0.572596 -0.313392
v -0.249366 0.582396 -0.334368
v -0.180709 0.098805 -0.579507
v -0.180747 0.046803 -0.535416
v -0.157206 0.706002 -0.285508
v -0.098125 0.706860 -0.285166
v 0.096691 0.159515 -0.433882
v 0.186697 0.159215 -0.433367
v -0.180111 0.178965 0.472772
v 0.234617 0.973805 0.282220
v 0.208055 0.158538 -0.465896
v 0.195816 0.136732 -0.452247
v -0.146100 0.171515 0.406114
v -0.067158 0.172768 0.411474
v 0.222593 0.484047 -0.071663
v 0.221552 0.458845 -0.058078
v -0.194343 0.121793 0.506065
v 0.309952 0.306187 -0.503246
v 0.246476 0.652239 -0.264653
v 0.296988 0.312108 -0.519755
v 0.312244 0.283891 -0.553352
v -0.163589 0.510107 0.465652
v -0.302564 0.975659 0.212025
v -0.303674 0.973090 0.189210
v 0.259791 0.030276 -0.385771
v 0.278909 0.036243 -0.376183
v 0.226270 0.501175 -0.387381
v -0.308147 0.183919 -0.390209
v -0.307790 0.242840 -0.436535
v -0.303905 0.078290 0.569185
v -0.241805 0.352707 0.501450
v -0.096180 0.449504 -0.373188
v -0.307083 0.233010 -0.464731
v -0.280443 0.230295 -0.460484
v 0.262353 0.266104 0.435617
v 0.300120 0.219846 0.516090
v -0.169651 0.231139 0.420191
v 0.253453 0.970067 0.309188
v 0.260311 0.317723 0.550252
v -0.131901 0.196206 -0.288477
v 0.149595 0.497290 0.441139
v 0.163186 0.495061 0.426635
v 0.185441 0.483599 0.444248
v 0.309857 0.297110 0.618311
v 0.315543 0.285699 0.594281
v -0.291522 0.198514 0.727068
v -0.194991 0.304020 0.617125
v -0.243391 0.394187 0.429022
v 0.011495 0.428942 -0.320922
v 0.178101 0.258722 0.599611
v 0.184007 0.243963 0.540315
v 0.031914 0.973433 0.339341
v -0.214930 0.192128 -0.290404
v -0.156247 0.206896 -0.297249
v 0.315371 0.130561 0.473890
v 0.315111 0.089209 0.501183
v 0.134894 0.206376 -0.493681
v 0.255352 0.484527 -0.088643
v 0.290638 0.127123 0.018412
v 0.291048 0.134925 -0.049881
v -0.226689 0.353391 0.601772
v -0.129164 0.972863 -0.195695
v -0.303585 0.972722 0.077454
v -0.303237 0.973272 -0.034720
v -0.299869 0.975236 -0.033668
v 0.228322 0.321883 0.405012
v 0.214699 0.317774 0.387312
v -0.217230 0.490116 -0.238634
v 0.167698 0.170482 -0.496338
v -0.120592 0.961957 0.367574
v -0.004655 0.943660 0.367515
v 0.237689 0.683222 -0.313026
v 0.242859 0.543681 -0.381703
v 0.251360 0.539692 -0.376789
v -0.239414 0.668268 0.378714
v 0.180207 0.257622 -0.576567
v 0.176578 0.235408 -0.554557
v -0.204964 0.416109 -0.230567
v -0.137707 0.409560 -0.228236
v 0.243873 0.185855 -0.635112
v -0.076417 0.704509 0.232088
v -0.096731 0.679363 0.223478
v -0.210579 0.002486 0.577093
v -0.307977 0.166193 -0.404543
v -0.180910 0.999294 -0.308859
v 0.129665 0.196199 -0.289248
v -0.299281 0.340950 -0.541062
v -0.299881 0.302333 -0.570381
v -0.300818 0.335860 -0.517030
v 0.231580 0.892473 -0.379192
v 0.156085 0.315131 -0.376942
v -0.180274 0.027772 0.569854
v -0.074865 0.332800 -0.661964
v -0.215678 0.131375 0.522979
v -0.162939 0.495677 0.524869
v -0.166783 0.476914 0.549272
v -0.182726 0.193152 -0.345777
v 0.316311 0.075637 0.667857
v 0.176472 0.216338 0.663679
v 0.175601 0.195068 0.687201
v 0.229641 0.149142 0.245158
v -0.003600 0.440349 -0.547211
v 0.179518 0.185475 -0.385395
v 0.189517 0.143958 -0.400790
v -0.273736 0.332889 -0.148177
v -0.062119 0.583591 0.207395
v -0.037720 0.644597 -0.329725
v -0.295085 0.392268 -0.457981
v 0.216665 0.117891 0.584486
v 0.213691 0.097652 0.560014
v 0.209791 0.087673 0.576826
v 0.006795 0.973101 -0.306089
v -0.291907 0.347408 -0.313296
v -0.294790 0.375348 -0.363887
v -0.293971 0.337646 -0.320604
v 0.198016 0.249140 0.700520
v 0.196508 0.264924 0.687006
v 0.050298 0.348525 0.697219
v -0.225170 0.540441 -0.344481
v -0.221753 0.501983 -0.326964
v -0.182124 0.071122 0.673210
v -0.083287 0.187732 -0.554426
v 0.267753 0.376832 -0.168303
v -0.231143 0.625195 -0.323372
v 0.115593 0.185443 0.456828
v 0.160853 0.175314 0.423011
v 0.216432 0.156181 0.071339
v 0.178125 0.161312 0.476293
v 0.176141 0.104361 0.465501
v 0.176947 0.115799 0.484634
v -0.279301 0.320250 -0.496125
v 0.130731 0.669968 0.224532
v -0.299390 0.298836 -0.335641
v -0.289752 0.287739 -0.308203
v 0.114099 0.195146 -0.375307
v 0.053585 0.210873 0.362731
v 0.224621 0.260078 -0.651391
v 0.177816 0.250879 -0.651411
v 0.227788 0.243289 -0.651767
v -0.197782 0.477150 0.442881
v -0.176240 0.450005 -0.013007
v -0.092502 0.452247 -0.015136
v -0.259687 0.111179 0.723525
v -0.216880 0.119182 0.725928
v -0.236233 0.145924 0.731143
v -0.205527 0.464559 -0.224680
v -0.214946 0.463696 -0.151718
v -0.293765 0.142889 -0.317435
v 0.018942 0.204134 0.026673
v -0.198505 0.454351 0.587225
v -0.262638 0.772160 0.364693
v -0.265581 0.681016 0.381971
v -0.303161 0.215787 0.609463
v -0.303356 0.196794 0.626240
v -0.137672 0.666053 0.210505
v -0.141496 0.641739 0.189688
v -0.103929 0.209478 0.677760
v -0.295257 0.308155 0.622083
v -0.309458 0.283788 0.655278
v 0.052149 0.222720 0.681241
v -0.179499 0.224403 0.487357
v -0.180449 0.218772 0.459002
v 0.248133 0.407971 -0.022197
v 0.243635 0.384185 -0.001437
v 0.240886 0.386052 -0.023710
v 0.246910 0.456854 -0.229996
v -0.154590 0.226487 -0.469275
v 0.053508 0.553976 0.134443
v -0.225704 0.438469 -0.364853
v -0.206331 0.448901 -0.375514
v 0.216073 0.123091 -0.632215
v 0.223066 0.119482 -0.630625
v -0.279479 0.342756 -0.436910
v -0.173122 0.531634 -0.376020
v -0.070301 0.495381 0.294741
v 0.234164 0.616984 -0.260996
v 0.120489 0.209044 0.485878
v 0.255023 0.512218 -0.129650
v 0.190142 0.174462 -0.532991
v 0.207870 0.159991 -0.534371
v -0.260361 0.876722 0.334742
v 0.208611 0.433453 -0.333819
v -0.214939 0.100868 0.556382
v -0.195822 0.103602 0.565243
v -0.190163 0.105651 0.552486
v 0.085191 0.268333 -0.668367
v -0.240777 0.341103 0.483979
v -0.163467 0.307128 0.460864
v 0.302364 0.198970 -0.417178
v -0.215960 0.138925 0.577856
v -0.167232 0.146315 0.563166
v -0.024837 0.402960 -0.281570
v -0.276468 0.122098 0.575220
v -0.199250 0.187248 -0.418121
v -0.190513 0.203902 -0.424219
v -0.256055 0.360079 0.389793
v -0.208527 0.355271 0.614068
v -0.081024 0.191778 -0.273586
v -0.030264 0.193051 -0.288362
v -0.027412 0.189139 -0.198987
v -0.263257 0.316790 0.545558
v -0.003416 0.483171 0.409947
v 0.211767 0.313392 -0.441868
v -0.065156 0.378427 0.422681
v -0.088565 0.366884 0.408758
v -0.262418 0.030632 0.665566
v 0.166622 0.713850 -0.288676
v 0.188807 0.707504 -0.317732
v 0.233344 0.447938 -0.016038
v -0.014360 0.208434 0.662615
v -0.232590 0.947753 0.298850
v -0.236802 0.949770 0.288380
v -0.102239 0.357737 0.712134
v -0.246042 0.711875 0.390720
v -0.241174 0.672096 0.399846
v -0.084952 0.453716 0.409588
v -0.272708 0.988299 -0.456346
v -0.256639 0.493279 -0.081681
v -0.248211 0.513825 -0.097420
v -0.257365 0.512516 -0.106130
v -0.068880 0.462334 0.378646
v -0.061799 0.490126 0.357349
v -0.081217 0.197984 -0.724127
v -0.238347 0.889362 0.309124
v -0.250532 0.405070 0.440636
v 0.092199 0.577278 0.255505
v 0.088195 0.565685 0.237631
v -0.313083 0.223942 -0.607583
v -0.202168 0.159413 -0.286332
v -0.160990 0.176170 -0.288086
v -0.186160 0.447065 -0.366257
v 0.177230 0.276688 -0.501400
v 0.181777 0.258487 -0.487675
v -0.191542 0.230057 0.555245
v -0.192706 0.217860 0.574921
v -0.191481 0.214192 0.550210
v -0.309532 0.011620 -0.492906
v -0.306481 0.010309 -0.443006
v -0.296727 0.210809 -0.300657
v -0.269395 0.217244 -0.298832
v -0.126588 0.290662 -0.670099
v -0.200876 0.323540 -0.662084
v 0.245053 0.578570 0.434381
v 0.237338 0.575589 0.427815
v 0.237203 0.511711 0.454088
v 0.217380 0.478354 0.446258
v 0.044533 0.427998 0.359402
v 0.037112 0.504165 0.442194
v 0.037549 0.486071 0.433276
v 0.003988 0.707318 0.269757
v -0.209603 0.048838 0.464699
v -0.194714 0.057140 0.464637
v -0.193252 0.035890 0.490901
v -0.303085 0.242053 0.592454
v -0.298319 0.225756 0.567959
v -0.248449 0.657886 -0.320732
v -0.251851 0.643969 -0.332592
v 0.229333 0.308029 0.368290
v -0.319757 0.984515 -0.326510
v -0.320248 0.988713 -0.391381
v 0.317717 0.959033 -0.212152
v -0.291406 0.005866 -0.508938
v -0.293403 0.020040 -0.548176
v -0.267699 0.013899 -0.540320
v -0.031331 0.663312 0.228030
v -0.273881 0.318463 0.586988
v 0.167911 0.215806 0.420127
v -0.221675 0.460058 -0.335558
v 0.256393 0.519739 -0.244496
v 0.204035 0.261895 0.430263
v 0.142864 0.418756 0.437214
v 0.197001 0.085275 0.707880
v -0.125102 0.998643 0.354100
v 0.157324 0.187279 0.457932
v 0.288440 0.343342 -0.507100
v 0.089137 0.529716 0.314690
v 0.299193 0.193984 -0.628565
v 0.155765 0.410755 -0.600879
v 0.050998 0.365375 0.725626
v 0.091347 0.366670 0.719242
v 0.176576 0.036969 -0.505907
v 0.184539 0.015783 -0.458919
v 0.072032 0.953033 0.351328
v 0.034195 0.941170 0.351770
v -0.286152 0.181566 0.386577
v -0.247906 0.130274 -0.286229
v 0.242887 0.204986 0.421796
v 0.255562 0.179441 0.415512
v -0.179121 0.137882 0.685726
v -0.309457 0.275124 0.484721
v 0.212027 0.152147 0.204474
v 0.190029 0.153232 0.294750
v 0.253778 0.536864 -0.373199
v -0.314357 0.137641 0.478811
v -0.220999 0.459518 -0.225517
v -0.240459 0.831504 0.350088
v -0.234643 0.807173 0.346379
v 0.224181 0.400575 0.622630
v 0.231436 0.409177 0.592331
v -0.318791 0.527822 -0.443815
v -0.304951 0.529631 -0.440815
v 0.178125 0.260154 -0.525481
v -0.196409 0.150520 -0.436599
v -0.232228 0.147871 0.160370
v 0.111236 0.307955 0.610336
v 0.149720 0.329581 0.647723
v -0.218177 0.165139 -0.470380
v -0.205082 0.160337 -0.480556
v -0.196658 0.999454 -0.061451
v 0.080038 0.711478 -0.284651
v -0.323679 0.535890 -0.406273
v -0.193045 0.149121 -0.392782
v -0.190242 0.196066 -0.394294
v -0.182079 0.141435 -0.378634
v -0.100851 0.396339 0.377558
v -0.069653 0.372390 0.401509
v 0.023804 0.509071 -0.298698
v 0.235741 0.000000 0.570484
v -0.276053 0.528563 -0.431806
v 0.316462 0.173711 -0.377603
v 0.317117 0.136582 -0.372981
v 0.182122 0.223069 -0.470770
v 0.188626 0.204804 -0.472838
v -0.305264 0.009727 0.606140
v 0.089901 0.500838 0.342438
v -0.201832 0.370756 -0.011475
v -0.149294 0.372371 -0.011229
v 0.156960 0.279223 -0.336682
v 0.180374 0.310334 -0.371236
v -0.267088 0.198358 -0.013222
v -0.273013 0.217185 -0.051108
v -0.027869 0.471842 0.578014
v 0.030073 0.459045 0.602553
v -0.214153 0.100883 0.591451
v -0.193518 0.106622 0.593907
v 0.253848 0.735454 0.351964
v -0.059851 0.454398 0.401430
v -0.239073 0.863712 -0.352186
v -0.234527 0.200840 0.017219
v -0.200662 0.201128 0.029783
v 0.292900 0.974224 -0.314319
v 0.113699 0.193269 0.481733
v -0.001389 0.511103 -0.358098
v 0.077463 0.517606 -0.355563
v 0.009425 0.209442 0.630189
v -0.034067 0.621593 0.169204
v -0.217636 0.496857 -0.339075
v -0.319967 0.984400 0.206079
v -0.319772 0.945431 0.253702
v -0.282596 0.229338 -0.491317
v -0.069532 0.985639 0.367732
v -0.028572 0.965940 0.367660
v 0.107389 0.671989 0.244445
v 0.125443 0.654061 0.225405
v -0.001315 0.405064 0.405086
v 0.239610 0.341995 0.421628
v 0.088459 0.703771 -0.320668
v -0.101430 0.389238 0.412559
v 0.285529 0.317754 -0.374314
v 0.298931 0.336157 -0.412901
v 0.297582 0.303788 -0.360289
v -0.042537 0.462679 0.596891
v -0.189873 0.228322 -0.456973
v -0.074509 0.496443 0.306965
v -0.244636 0.603570 0.397020
v -0.257616 0.644032 0.382932
v 0.238309 0.945073 0.314324
v 0.232502 0.899608 0.317618
v 0.015013 0.191281 -0.669942
v 0.252628 0.713817 0.390823
v -0.252609 0.518405 -0.380678
v -0.223556 0.483539 0.453902
v -0.236381 0.481392 0.472102
v -0.207895 0.500361 0.464093
v -0.208709 0.489633 0.450507
v 0.164346 0.312522 0.464055
v 0.255609 0.329446 0.472131
v -0.125194 0.185362 -0.056669
v 0.245690 0.974136 -0.351655
v 0.255600 0.930843 -0.360417
v 0.287177 0.114142 -0.026944
v 0.121543 0.626691 0.156197
v 0.137742 0.658293 0.191019
v 0.206595 0.447951 -0.358780
v 0.316517 0.989781 -0.039690
v -0.309155 0.111756 -0.525619
v -0.307177 0.114874 -0.543791
v -0.229463 0.198453 -0.692527
v 0.274412 0.210516 0.588298
v -0.219799 0.388163 0.425472
v 0.237266 0.660324 -0.334805
v -0.059327 0.297309 -0.668137
v -0.045734 0.280379 -0.668124
v 0.130477 0.197544 -0.722544
v -0.135689 0.393306 -0.221607
v -0.114290 0.396919 -0.223637
v -0.260547 0.002217 -0.468699
v -0.247335 0.006707 -0.434960
v 0.282410 0.227498 0.574834
v 0.277119 0.222528 0.555704
v 0.297846 0.222206 0.550668
v 0.298841 0.225888 0.574222
v 0.114903 0.208463 0.671765
v 0.267256 0.534061 -0.441552
v 0.251808 0.535246 -0.427078
v -0.253910 0.496921 -0.325920
v -0.222235 0.471689 -0.302269
v -0.250041 0.512542 -0.332562
v 0.293436 0.292220 0.657166
v 0.279882 0.308493 0.632004
v -0.018722 0.306853 0.642230
v -0.141694 0.973718 0.263268
v -0.118149 0.209263 0.626084
v 0.264267 0.713068 0.379165
v 0.260204 0.770477 0.368652
v -0.252142 0.614856 -0.316090
v -0.160518 0.244281 0.021675
v -0.201701 0.203096 0.026813
v -0.081652 0.532040 0.269751
v 0.025092 0.440726 0.366944
v 0.029950 0.416216 0.368523
v -0.279568 0.102912 -0.442981
v -0.240917 0.365022 0.606194
v -0.118410 0.305959 0.586744
v 0.261245 0.122112 -0.320786
v -0.227113 0.422748 -0.219622
v -0.234592 0.379526 -0.629314
v 0.258197 0.438532 -0.368394
v 0.255658 0.772652 -0.360997
v 0.255662 0.735223 -0.368141
v -0.212950 0.153212 0.278084
v 0.036132 0.467068 0.331736
v 0.041267 0.491612 0.340941
v -0.175381 0.201482 0.038154
v -0.181622 0.169584 0.702843
v 0.263091 0.372204 -0.610687
v -0.234259 0.528854 -0.120618
v -0.014272 0.389807 -0.225217
v -0.009775 0.387627 -0.227234
v 0.039301 0.386372 -0.221947
v -0.016174 0.489954 -0.232222
v -0.249320 0.853228 0.314728
v -0.016824 0.135856 0.590904
v -0.068631 0.437147 -0.323212
v 0.163269 0.291302 0.473593
v 0.163031 0.271601 0.509394
v 0.163181 0.216740 0.466555
v 0.231593 0.187800 -0.318342
v 0.194525 0.191837 -0.325057
v 0.195691 0.155008 -0.501450
v -0.199056 0.149691 -0.500016
v -0.195146 0.136897 -0.480144
v -0.225143 0.518759 -0.139394
v -0.251470 0.440496 -0.053020
v -0.232130 0.446694 -0.222298
v -0.203063 0.445340 -0.238270
v -0.194933 0.235732 0.599409
v -0.190891 0.214553 0.618455
v -0.191794 0.213987 0.595968
v -0.230598 0.195006 -0.657683
v -0.225286 0.210095 -0.654736
v -0.313598 0.018926 0.567869
v -0.303046 0.009013 0.541959
v 0.268687 0.423003 -0.289104
v 0.094059 0.464471 -0.329345
v 0.149447 0.468256 -0.331946
v -0.018280 0.621220 0.210906
v -0.186372 0.166950 -0.061302
v -0.144059 0.179245 -0.041460
v -0.097954 0.670902 0.233557
v -0.233093 0.211077 0.723712
v -0.269364 0.206066 0.725290
v -0.248361 0.181160 0.731303
v -0.303671 0.119817 0.500919
v -0.302442 0.128223 0.515620
v -0.230390 0.974561 -0.373054
v -0.231287 0.943658 -0.368489
v 0.245985 0.878183 0.305974
v 0.271225 0.239566 -0.256360
v 0.283399 0.200118 -0.260090
v -0.182490 0.150896 -0.578334
v 0.198080 0.156860 -0.245161
v -0.309421 0.033153 -0.394037
v 0.296204 0.106378 -0.328164
v -0.120579 0.222252 0.368239
v 0.083897 0.509333 0.426649
v -0.154491 0.488047 0.439167
v -0.167645 0.494407 0.429751
v -0.130896 0.493491 0.438845
v -0.182266 0.134395 0.670116
v 0.099535 0.272681 0.680875
v -0.256539 0.025376 -0.562246
v -0.253567 0.007934 -0.520150
v 0.089383 0.595599 0.160925
v -0.304047 0.101282 0.543037
v -0.279398 0.115859 0.525532
v 0.225006 0.490777 -0.347040
v 0.221144 0.522307 -0.361213
v -0.135204 0.423061 0.004452
v -0.102832 0.435648 -0.001276
v 0.045092 0.460852 0.327934
v 0.049079 0.501159 0.285623
v 0.068992 0.479003 0.311023
v -0.192370 0.182526 0.573795
v 0.031813 0.664246 0.199614
v -0.038986 0.351045 0.711247
v -0.064521 0.365097 0.725378
v 0.267219 0.372688 -0.150753
v 0.270912 0.378013 -0.188886
v 0.058859 0.565992 0.221863
v -0.250954 0.371390 -0.046522
v -0.288271 0.289347 -0.610294
v -0.293858 0.274913 -0.596411
v 0.011291 0.573085 0.131850
v -0.054852 0.701086 0.270488
v 0.176029 0.237244 0.664239
v 0.177840 0.246998 0.633814
v -0.117528 0.149972 0.590828
v -0.173639 0.998848 0.327867
v 0.270455 0.334931 -0.168597
v 0.270774 0.214606 -0.199401
v 0.303365 0.215481 -0.409329
v 0.316577 0.211582 -0.389307
v -0.260472 0.305650 0.639627
v -0.260946 0.314542 0.613108
v -0.280348 0.304311 0.640115
v -0.054093 0.202255 0.082536
v 0.293359 0.366430 -0.340521
v 0.287207 0.341248 -0.304422
v 0.293034 0.325105 -0.305971
v -0.161774 0.341457 0.559760
v -0.160019 0.308337 0.583351
v -0.225623 0.309404 -0.541176
v -0.246860 0.044190 -0.367869
v -0.034013 0.449425 -0.375147
v 0.035860 0.449472 -0.372962
v 0.196654 0.196666 -0.477277
v 0.201259 0.181838 -0.464549
v -0.011517 0.203907 0.533510
v -0.259311 0.500400 0.429156
v -0.194500 0.158304 0.645097
v -0.193700 0.122212 0.645738
v -0.121029 0.458088 0.597915
v 0.185679 0.114536 0.436308
v -0.295959 0.974646 0.242166
v 0.304648 0.520145 -0.421567
v -0.053139 0.682039 -0.295718
v -0.160763 0.453745 -0.362684
v -0.122316 0.448459 -0.372302
v 0.236562 0.511060 -0.298863
v 0.226158 0.498018 -0.292648
v 0.028469 0.941313 0.367842
v -0.279642 0.236568 -0.615902
v -0.278478 0.212126 -0.628076
v -0.208641 0.162509 -0.531833
v 0.225852 0.152522 -0.421278
v 0.223455 0.654652 -0.336228
v -0.256162 0.844535 -0.354875
v 0.267929 0.217625 -0.042949
v -0.276677 0.147410 -0.287134
v 0.176608 0.079054 -0.543344
v 0.177471 0.055526 -0.553539
v 0.091577 1.000000 0.042072
v -0.029990 0.216905 0.366413
v 0.139621 0.268459 -0.666013
v 0.192438 0.286384 -0.666397
v -0.309996 0.235926 0.700750
v 0.070017 0.476921 -0.279783
v 0.024851 0.391779 0.411731
v -0.003413 0.403999 0.427873
v -0.287556 0.175839 -0.476296
v -0.286921 0.148378 -0.472674
v -0.279664 0.167827 -0.464145
v -0.280073 0.177036 -0.473516
v -0.146756 0.349017 0.670317
v -0.294326 0.314707 -0.588912
v 0.269372 0.046478 0.464394
v 0.039798 0.204929 0.356400
v 0.301552 0.241974 0.583552
v 0.315672 0.258587 0.533856
v 0.240641 0.887730 -0.382168
v -0.252253 0.284750 -0.375490
v -0.212601 0.400164 0.641465
v -0.302951 0.168924 0.638155
v -0.234821 0.241024 0.710213
v 0.210882 0.434233 -0.001392
v 0.220018 0.424943 0.001060
v -0.264237 0.829461 0.340622
v -0.257383 0.821896 0.355205
v 0.244510 0.132202 0.057399
v 0.256422 0.110882 0.057094
v 0.053488 0.651442 0.206418
v 0.272274 0.432146 -0.367761
v -0.259175 0.413273 -0.112346
v 0.170311 0.267727 -0.662609
v 0.201991 0.276444 -0.662973
v 0.144109 0.162678 -0.002606
v 0.241869 0.416167 -0.081186
v 0.303030 0.214804 -0.512409
v -0.172656 0.153349 0.149982
v -0.291918 0.155772 0.140746
v -0.188277 0.364653 0.682179
v -0.097253 0.489987 0.436693
v -0.042693 0.489420 0.439240
v 0.231586 0.149059 0.347287
v 0.237944 0.658635 0.402425
v 0.245055 0.630350 0.417446
v -0.066600 0.515264 -0.353688
v -0.088573 0.515368 -0.361995
v -0.026902 0.512052 -0.366884
v 0.247816 0.599406 -0.272202
v 0.252496 0.570578 -0.254152
v 0.033267 0.268234 -0.668409
v 0.178802 0.288519 -0.456695
v -0.049499 0.455320 -0.236663
v 0.112277 0.461691 -0.233387
v 0.047030 0.453262 -0.236473
v 0.040763 0.627640 0.168482
v 0.275035 0.121481 0.342534
v -0.255962 0.056002 -0.596984
v -0.194754 0.082097 0.582156
v -0.125701 0.686110 0.227310
v -0.086757 0.713883 0.256534
v 0.271761 0.432777 -0.330515
v -0.292338 0.188440 -0.284431
v 0.175815 0.464032 -0.058748
v 0.210190 0.462610 -0.052335
v 0.301531 0.971004 -0.401209
v 0.301421 0.975919 -0.399711
v 0.297953 0.028069 0.656138
v 0.313417 0.031627 0.629186
v 0.308845 0.059019 0.678520
v 0.189242 0.111254 -0.439074
v 0.121713 0.439627 -0.003411
v -0.223047 0.317905 -0.489698
v -0.074242 0.201569 0.034325
v -0.154865 0.702973 -0.331566
v -0.311379 0.944631 0.113377
v -0.305780 0.944797 0.161618
v -0.188294 0.344327 0.650683
v -0.237398 0.401475 0.601507
v -0.093570 0.633657 -0.253718
v -0.207047 0.434073 0.421628
v 0.303354 0.942951 0.251883
v 0.226216 0.548678 -0.215017
v 0.226270 0.532932 -0.182159
v -0.045583 0.524949 -0.368279
v -0.159379 0.468439 -0.348998
v 0.009616 0.672271 -0.323902
v -0.142612 0.266850 -0.724368
v -0.203432 0.267351 -0.717176
v 0.019932 0.512262 0.428255
v -0.166725 0.408318 0.433958
v -0.120070 0.716400 -0.306865
v 0.275927 0.139197 0.730062
v -0.223522 0.999332 0.076215
v 0.229284 0.538574 -0.377557
v -0.136221 0.179121 -0.576769
v -0.240595 0.792753 -0.381476
v -0.245598 0.726230 -0.381945
v 0.305754 0.163580 -0.388714
v -0.319795 0.945740 0.194309
v -0.315871 0.287166 0.544821
v -0.315501 0.291948 0.596496
v 0.187592 0.239854 -0.518109
v 0.188525 0.215076 -0.540617
v 0.183879 0.205740 -0.523593
v -0.317071 0.262051 0.523952
v 0.307081 0.274504 0.666836
v -0.294184 0.384255 -0.483971
v 0.118461 0.214566 0.659701
v 0.022187 0.984762 -0.458412
v 0.031365 0.945097 -0.458564
v 0.247648 0.126497 -0.178078
v 0.255065 0.395426 -0.049414
v 0.251293 0.377754 -0.044066
v -0.063010 0.190724 -0.446524
v 0.010305 0.674164 0.241617
v 0.038061 0.657674 0.225684
v -0.245327 0.132595 0.007769
v -0.236814 0.679977 -0.313517
v 0.187827 0.225468 0.624107
v 0.177024 0.179429 -0.580299
v 0.176002 0.159270 -0.602012
v -0.259265 0.378862 -0.074778
v -0.256783 0.373625 -0.107309
v 0.313124 0.995838 -0.122272
v -0.260982 0.975392 -0.362699
v -0.155095 0.268544 -0.646978
v 0.093663 0.546834 0.277328
v 0.095508 0.488474 0.324727
v -0.030542 0.998294 -0.447647
v 0.175819 0.058241 -0.433571
v 0.177115 0.042239 -0.424253
v -0.273396 0.333385 -0.289341
v -0.002746 0.402991 -0.611737
v 0.203466 0.035180 -0.570242
v -0.278710 0.190253 0.318350
v -0.088491 0.485636 0.424600
v -0.026261 0.487475 0.429536
v 0.218746 0.146695 -0.284894
v 0.255862 0.156329 -0.287633
v -0.239387 0.566501 -0.238811
v 0.225174 0.448206 -0.398084
v 0.232048 0.449438 -0.403745
v 0.215552 0.315300 0.540433
v 0.302810 0.108417 0.535163
v -0.284680 0.168381 0.562808
v -0.283037 0.171253 0.595459
v 0.212628 0.111381 0.603837
v -0.285388 0.145181 0.566425
v -0.004210 0.348883 0.698447
v 0.311017 0.242819 -0.353466
v 0.255346 0.409635 -0.099697
v 0.060368 0.429058 0.375872
v -0.120984 0.258338 0.530705
v -0.281240 0.194265 -0.006291
v -0.284320 0.191477 -0.014675
v 0.225822 0.885565 -0.368497
v -0.240930 0.551056 -0.345798
v -0.236964 0.613625 -0.350429
v -0.320812 0.104110 -0.385577
v 0.209152 0.413420 0.425869
v 0.232370 0.148823 -0.032969
v 0.203867 0.161306 0.011648
v -0.307201 0.102792 -0.436146
v -0.319627 0.945729 0.312978
v 0.295393 0.023355 -0.547844
v -0.117937 0.446349 0.626092
v -0.195489 0.123665 -0.546639
v -0.259827 0.034217 -0.378758
v -0.150291 0.180209 -0.270558
v -0.127017 0.192667 -0.286613
v -0.124891 0.190865 -0.273336
v -0.006944 0.383945 0.002663
v 0.050065 0.377850 -0.002763
v 0.107750 0.386287 0.003788
v -0.197001 0.089521 0.439477
v 0.210536 0.300109 0.375401
v 0.015362 0.707055 0.258329
v 0.025391 0.706283 0.269668
v 0.062563 0.204843 -0.440451
v 0.136441 0.204780 -0.442252
v 0.069338 0.972321 0.349964
v 0.090982 0.967495 0.351202
v 0.001664 0.571772 0.102938
v 0.223337 0.186625 -0.415926
v 0.221511 0.179835 -0.412912
v -0.290613 0.119388 0.327048
v -0.284495 0.110594 0.299438
v 0.137344 0.196277 -0.452439
v 0.116799 0.185690 -0.440605
v -0.049964 0.664847 0.231289
v -0.013491 0.506613 0.501343
v 0.272089 0.189185 -0.501265
v 0.275790 0.179574 -0.487507
v 0.308589 0.121980 -0.330891
v -0.033149 0.207371 -0.293882
v 0.029572 0.154245 0.363266
v -0.139622 0.154541 0.362132
v 0.314604 0.132686 0.448524
v 0.300909 0.139871 0.423507
v 0.253584 0.449871 -0.054469
v 0.246729 0.430679 -0.044375
v 0.242793 0.452938 -0.070842
v 0.112957 0.452744 -0.431712
v 0.173765 0.452914 -0.451368
v 0.248315 0.919296 0.325181
v -0.255708 0.525663 -0.421836
v -0.236107 0.516811 -0.441511
v -0.246180 0.523281 -0.417321
v 0.225313 0.521737 -0.428284
v 0.254616 0.512659 -0.426360
v 0.248458 0.526447 -0.420933
v -0.198124 0.998532 0.353373
v -0.279459 0.098791 0.547399
v -0.201256 0.529596 -0.359880
v -0.194221 0.698306 -0.321799
v -0.248269 0.833465 0.352833
v 0.232838 0.438049 -0.548465
v 0.240666 0.448413 -0.504650
v 0.244226 0.434421 -0.544688
v 0.018191 0.409875 0.682260
v 0.060884 0.432759 0.646075
v -0.122708 0.279609 0.548731
v 0.317680 0.961849 0.232945
v 0.303649 0.943184 -0.023144
v 0.303970 0.943154 -0.129129
v 0.027103 0.209625 -0.732888
v 0.015292 0.634575 0.216300
v 0.303580 0.215607 -0.425767
v -0.301114 0.223666 0.592403
v 0.221602 0.259872 -0.350727
v 0.274143 0.224616 -0.329557
v 0.092993 0.453076 -0.459481
v 0.104275 0.614217 0.153797
v 0.287415 0.510239 -0.442402
v 0.147813 0.213898 -0.490159
v -0.261365 0.200038 0.274383
v -0.053153 0.317859 0.014322
v 0.004405 0.304355 0.015931
v 0.208041 0.281901 0.390298
v 0.225715 0.294382 0.399117
v -0.250549 0.448887 -0.485952
v -0.062779 0.211972 0.363314
v -0.095473 0.484468 -0.239229
v -0.292704 0.317026 0.575786
v -0.051465 0.143791 -0.443383
v 0.157516 0.342325 -0.483697
v 0.222031 0.344659 -0.482408
v 0.186603 0.343994 -0.462273
v 0.247539 0.278968 -0.622359
v 0.267647 0.288608 -0.600811
v 0.126077 0.533561 -0.356976
v 0.109669 0.533320 -0.366597
v -0.156484 0.445802 -0.236699
v -0.084831 0.445362 -0.237115
v -0.110203 0.698678 -0.274893
v 0.315692 0.226413 -0.555334
v 0.264795 0.535200 -0.384723
v -0.116241 0.999654 -0.146772
v 0.023039 0.999453 -0.312020
v 0.286345 0.294356 -0.278093
v 0.289337 0.259910 -0.272760
v 0.317384 0.986827 -0.229744
v -0.303612 0.976385 -0.387885
v -0.299449 0.975475 -0.409807
v 0.005807 0.414616 0.389139
v 0.183544 0.176603 0.563885
v 0.195988 0.181684 0.576813
v 0.291058 0.185949 -0.289169
v 0.189598 0.214855 -0.299298
v -0.232200 0.972537 0.367552
v 0.157515 0.344890 -0.463379
v 0.157378 0.341643 -0.445004
v 0.155678 0.340596 -0.471351
v -0.198663 0.516116 -0.229011
v 0.236247 0.446934 -0.064494
v -0.008616 0.451905 -0.326314
v 0.116375 0.200139 0.623521
v 0.299203 0.974024 0.023968
v -0.232149 0.998605 0.352650
v 0.069576 0.529297 -0.353641
v 0.173500 0.151393 0.560288
v 0.269567 0.299715 -0.111692
v 0.269361 0.217779 -0.104993
v -0.210560 0.177698 0.729254
v 0.149689 0.189870 -0.290135
v 0.274788 0.512618 -0.429483
v 0.059002 0.973925 0.345309
v 0.114480 0.353539 0.703486
v 0.317521 0.986480 -0.133914
v 0.317661 0.983826 -0.099739
v -0.210314 0.040469 -0.578074
v -0.194117 0.201549 0.217018
v -0.069514 0.557392 0.134736
v 0.057855 0.191119 -0.446400
v 0.038253 0.972748 0.368281
v 0.132873 0.976313 0.368376
v 0.067095 0.627674 0.206155
v 0.193021 0.243025 -0.343685
v 0.040827 0.532484 0.258921
v 0.054741 0.529795 0.254625
v 0.238932 0.240954 0.004100
v 0.099068 0.717011 -0.288401
v 0.245327 0.640269 -0.316139
v 0.249101 0.589070 -0.313135
v 0.252262 0.583815 -0.320365
v -0.275345 0.198733 0.623918
v -0.275459 0.169365 0.636784
v -0.023763 0.321616 0.665372
v 0.244912 0.767366 0.374063
v 0.083905 0.481097 0.411715
v -0.217491 0.413145 -0.284970
v 0.277014 0.190362 0.310589
v -0.228438 0.164296 -0.637419
v -0.225803 0.129080 -0.634006
v -0.245206 0.139161 -0.635836
v -0.015246 0.317120 -0.666115
v 0.075011 0.292375 -0.668616
v 0.215084 0.152796 0.559891
v 0.203578 0.143714 0.565245
v 0.181497 0.143234 0.568195
v 0.013206 0.583972 0.147971
v 0.200519 0.195363 -0.420423
v -0.254843 0.407792 -0.047456
v -0.253528 0.388364 -0.038460
v 0.227592 0.530508 -0.379157
v -0.308531 0.248116 -0.466503
v 0.288144 0.995738 0.347189
v 0.273637 0.981602 0.363133
v 0.290600 0.981932 0.352933
v 0.150197 0.335331 -0.660254
v 0.199113 0.328962 -0.660203
v 0.039382 0.564442 0.225037
v 0.029627 0.604900 0.183136
v 0.049251 0.591424 0.197028
v -0.152427 0.159482 0.037795
v 0.005705 0.160022 0.033519
v 0.065959 0.378899 0.391661
v -0.247032 0.445017 -0.219499
v 0.305855 0.108767 -0.542628
v 0.206784 0.158771 -0.021224
v 0.232742 0.149176 -0.068548
v 0.255731 0.894895 -0.370421
v 0.275510 0.019199 0.647017
v 0.046957 0.713778 0.275043
v 0.002239 0.728871 0.276450
v 0.246345 0.354668 0.383639
v 0.250936 0.974528 -0.380482
v 0.256970 0.974262 -0.361555
v 0.032662 0.192271 -0.288603
v 0.006921 0.206093 -0.290158
v -0.070450 0.213692 0.026020
v 0.243304 0.368419 0.422405
v -0.319558 0.945241 -0.220699
v -0.303925 0.970951 -0.317439
v -0.304313 0.966356 -0.253599
v 0.260780 0.309517 0.630143
v 0.269504 0.292486 0.663047
v 0.281300 0.186790 -0.536719
v -0.161049 0.944094 0.365651
v 0.059817 0.617864 0.226902
v 0.068798 0.580707 0.249889
v 0.178098 0.086904 -0.364425
v 0.269338 0.129813 -0.479212
v 0.283278 0.101127 -0.499932
v 0.308933 0.246926 -0.596682
v -0.081023 0.400798 0.369112
v 0.062677 0.424698 0.004106
v -0.004687 0.453184 -0.460184
v 0.252810 0.600472 -0.254578
v 0.252883 0.608842 -0.269296
v 0.280515 0.109956 0.200212
v 0.277924 0.109700 0.316811
v 0.152939 0.284713 -0.613583
v 0.153431 0.274692 -0.633636
v -0.194686 0.707573 -0.317205
v -0.210174 0.705776 -0.297134
v -0.238771 0.233398 0.434084
v 0.237588 0.659766 -0.381716
v 0.258048 0.049727 -0.361343
v 0.154132 0.253526 -0.435474
v -0.215717 0.325151 -0.547717
v -0.285430 0.342214 -0.509371
v -0.214125 0.188812 0.632932
v 0.316606 0.030571 -0.455930
v -0.019368 0.535039 0.452419
v 0.065825 0.203947 0.026228
v 0.238784 0.428827 0.443207
v -0.225311 0.438864 -0.271691
v 0.265016 0.671188 0.385473
v 0.211012 0.355163 0.010859
v 0.190144 0.125091 0.620930
v -0.256847 0.975763 0.352253
v -0.154753 0.218007 -0.386984
v -0.127545 0.579358 -0.240408
v 0.015248 0.544201 -0.232773
v 0.017649 0.577106 -0.239714
v 0.196385 0.255732 -0.599358
v -0.182538 0.387073 -0.232103
v -0.119045 0.388738 -0.225628
v 0.276022 0.519400 -0.384880
v -0.253348 0.761251 0.376547
v -0.241658 0.410417 0.558850
v 0.081224 0.623540 0.177001
v -0.201014 0.341919 -0.457453
v -0.156953 0.341913 -0.449038
v -0.282551 0.982351 0.359405
v 0.253534 0.399200 -0.202489
v -0.249783 0.593748 -0.249000
v 0.103763 0.369714 -0.001427
v 0.112070 0.372993 -0.010404
v -0.230376 0.444403 0.423233
v -0.220381 0.437368 0.416951
v 0.270522 0.360601 -0.122545
v -0.246320 0.168842 -0.636738
v 0.056383 0.989921 -0.457422
v -0.091038 0.484150 0.359272
v -0.093552 0.513865 0.325937
v 0.317642 0.945027 -0.247069
v 0.175455 0.152247 0.693996
v 0.176393 0.101665 0.664966
v 0.176636 0.077511 0.668720
v -0.089491 0.579345 0.260199
v -0.252572 0.228348 -0.330318
v -0.195329 0.161298 -0.505750
v -0.181938 0.178433 -0.496120
v -0.177773 0.159273 -0.498152
v -0.104187 0.691761 0.253971
v -0.113596 0.664837 0.237562
v 0.246029 0.641823 -0.281902
v 0.077942 0.526465 0.276374
v -0.258663 0.685564 0.370074
v -0.165421 0.946087 0.367533
v -0.160388 0.213375 0.025670
v -0.110246 0.226843 0.024239
v -0.278152 0.131950 -0.414449
v -0.207164 0.451588 -0.018039
v 0.000287 0.448795 0.385778
v -0.082024 0.167988 -0.434476
v -0.064581 0.180674 -0.437458
v -0.095346 0.177624 -0.494258
v -0.303587 0.176236 0.490178
v 0.226856 0.605262 -0.356657
v 0.238725 0.412040 0.558340
v -0.268637 0.109748 0.317078
v 0.092507 0.205268 -0.461022
v -0.068522 0.578317 0.226460
v 0.242209 0.316692 -0.654288
v 0.308995 0.212678 -0.548182
v 0.308401 0.237868 -0.518553
v -0.291273 0.169634 0.084447
v -0.045269 0.671609 -0.333963
v -0.085554 0.691330 -0.338213
v -0.039842 0.677494 -0.330776
v -0.215227 0.999095 0.249067
v -0.228458 0.343209 0.398065
v 0.317771 0.985851 0.307731
v 0.194097 0.178889 -0.433152
v -0.212196 0.618391 -0.324890
v -0.051539 0.224789 -0.735473
v 0.018802 0.225319 -0.734949
v -0.302381 0.265975 -0.323973
v -0.059739 0.271170 -0.667624
v -0.162008 0.711689 -0.315977
v 0.261217 0.217064 0.426258
v -0.290961 0.281234 -0.284830
v -0.308643 0.195866 -0.552044
v -0.307792 0.219233 -0.509202
v 0.272363 0.202839 -0.234987
v 0.213713 0.124551 0.528703
v -0.275035 0.161894 0.596116
v 0.227883 0.449694 -0.281635
v -0.232902 0.876679 -0.357849
v 0.148097 0.208963 -0.432408
v -0.122617 0.404848 0.007116
v -0.051472 0.479858 -0.283629
v 0.063796 0.480828 -0.284061
v 0.118595 0.287847 0.643659
v 0.122891 0.461571 0.590665
v 0.187037 0.100846 -0.473089
v 0.184531 0.073644 -0.460786
v -0.228815 0.944634 0.353090
v -0.266563 0.038198 0.473835
v 0.297892 0.347111 -0.474278
v 0.247777 0.459698 0.466335
v 0.073224 0.520108 0.272518
v 0.217166 0.495133 -0.324929
v -0.297217 0.193271 -0.631217
v 0.203698 0.208360 0.425769
v -0.029712 0.608494 0.220161
v 0.205096 0.154390 0.117398
v 0.190365 0.157193 0.068965
v 0.281304 0.192043 -0.010562
v 0.280188 0.191420 0.089315
v 0.155518 0.260023 -0.371608
v -0.260675 0.184409 -0.315741
v 0.297261 0.248508 -0.305577
v 0.295015 0.214769 -0.299905
v -0.265065 0.313300 0.410369
v -0.177001 0.412351 0.005384
v -0.154506 0.401754 0.006682
v 0.128165 0.366127 0.709610
v -0.313250 0.219985 0.450169
v -0.166813 0.335147 0.668438
v 0.074642 0.450492 0.400079
v -0.268012 0.417144 -0.510184
v -0.116114 0.140984 0.602356
v -0.046423 0.142201 0.604367
v -0.261313 0.420236 0.455155
v -0.243683 0.424285 0.445730
v 0.119814 0.134348 -0.463692
v -0.091545 0.541233 0.303253
v 0.068376 0.202161 0.040641
v 0.158556 0.201811 0.036169
v 0.176671 0.286140 -0.617164
v 0.213139 0.267998 -0.642156
v 0.221229 0.275176 -0.628053
v -0.098441 0.216117 0.681412
v 0.280180 0.019494 -0.548223
v 0.033563 0.466450 0.360312
v -0.155006 0.294838 -0.600288
v -0.303928 0.232856 0.617519
v -0.315465 0.223850 0.653570
v -0.159040 0.338172 0.603490
v -0.157353 0.317324 0.602903
v 0.169175 0.142982 0.582086
v 0.215876 0.143916 0.588048
v -0.045144 0.558527 0.228774
v -0.255595 0.695045 0.395957
v -0.208518 0.122381 -0.322725
v -0.193652 0.084954 -0.344492
v 0.046786 0.659673 0.197913
v -0.323869 0.516485 -0.428086
v -0.306226 0.516155 -0.447210
v 0.028665 0.967501 -0.444404
v 0.089743 0.972498 -0.442319
v 0.217746 0.413281 0.616783
v -0.116592 0.196440 0.536914
v 0.319715 0.533201 -0.436832
v -0.222642 0.246913 -0.650334
v -0.228855 0.262058 -0.652760
v -0.055990 0.460802 -0.327944
v -0.249794 0.607237 -0.349073
v 0.102912 0.943632 -0.444575
v 0.168490 0.943373 -0.458291
v -0.287984 0.975303 -0.429314
v -0.250472 0.809682 0.328062
v -0.261438 0.795745 0.338490
v 0.259454 0.284517 -0.031472
v 0.266135 0.238514 -0.047747
v -0.190171 0.410919 -0.296788
v 0.298983 0.285925 -0.326784
v -0.305027 0.944804 -0.088607
v -0.190575 0.134832 0.625358
v 0.187473 0.454618 -0.021778
v 0.247870 0.486608 -0.270882
v 0.292164 0.268178 -0.358501
v -0.253593 0.974905 -0.351421
v 0.040629 0.538806 0.287928
v -0.262334 0.963679 -0.458531
v -0.151726 0.957989 -0.458583
v -0.260131 0.434937 -0.240919
v -0.134051 0.271499 -0.667468
v -0.145520 0.268322 -0.665455
v 0.274092 0.121709 0.632070
v 0.273143 0.171582 0.635775
v -0.276338 0.315796 0.604939
v -0.291481 0.131852 0.341883
v -0.285773 0.191685 -0.159661
v -0.290693 0.180329 -0.063339
v 0.115545 0.202148 0.029166
v 0.202181 0.201372 0.027336
v 0.238250 0.266299 -0.641091
v 0.237785 0.270332 -0.654581
v 0.276468 0.263439 -0.625286
v 0.118544 0.142966 0.582170
v -0.119982 0.205782 0.528260
v 0.250339 0.525316 -0.281218
v -0.192200 0.400978 0.005087
v 0.188049 0.148613 0.492351
v 0.289607 0.152190 0.288455
v 0.230141 0.256102 -0.675901
v 0.287500 0.315800 -0.328947
v 0.265475 0.356782 -0.050532
v 0.255641 0.356901 -0.028165
v -0.312131 0.265445 -0.367299
v 0.277079 0.165973 -0.417062
v 0.282084 0.138133 -0.405926
v 0.102341 0.706999 -0.284687
v 0.242859 0.614387 0.393451
v 0.243371 0.664092 0.376397
v 0.228503 0.181707 0.416009
v -0.137945 0.196019 -0.475900
v 0.305514 0.518388 -0.406638
v 0.313325 0.529042 -0.402510
v -0.258442 0.563986 -0.240725
v -0.116450 0.999229 -0.391747
v 0.015127 0.522605 0.422149
v 0.279981 0.035579 0.671453
v 0.276702 0.060363 0.696239
v -0.319501 0.084403 -0.369486
v -0.261874 0.109764 -0.095119
v -0.261021 0.109643 -0.183124
v -0.236564 0.762102 -0.378864
v 0.299259 0.330259 -0.536276
v 0.118757 0.155245 0.547892
v -0.149249 0.195993 -0.374774
v -0.114290 0.202605 -0.347316
v 0.045766 0.207989 0.670753
v 0.237634 0.366359 0.609805
v 0.236684 0.401906 0.594601
v 0.229168 0.220775 0.720641
v 0.221715 0.354001 0.406947
v 0.226150 0.350338 0.416084
v -0.209865 0.423112 0.441737
v -0.230066 0.252108 -0.711277
v 0.066112 0.571271 0.147011
v -0.238329 0.451880 -0.480670
v 0.315420 0.254478 -0.518924
v 0.163517 0.386234 0.426838
v 0.229626 0.456732 -0.199179
v 0.239378 0.435528 -0.203002
v 0.255065 0.556948 -0.239822
v -0.077362 0.431613 0.371051
v -0.058046 0.430362 0.363276
v 0.299208 0.973964 0.150397
v -0.273745 0.432939 -0.367669
v -0.224641 0.307607 -0.366659
v -0.215159 0.283462 -0.338663
v -0.304803 0.966567 0.198392
v -0.304940 0.944880 -0.034409
v 0.251092 0.554783 -0.178303
v -0.315758 0.994123 -0.192059
v -0.241535 0.973405 0.146580
v -0.230922 0.179509 0.417253
v 0.271120 0.335856 -0.287407
v -0.308742 0.066182 -0.355807
v -0.063938 0.187462 -0.640304
v 0.008363 0.464007 -0.359536
v -0.151321 0.250933 -0.733305
v -0.081324 0.248200 -0.733420
v 0.192651 0.212621 -0.499668
v -0.194838 0.013568 -0.438731
v 0.245547 0.447192 0.521222
v 0.243695 0.418581 0.515100
v -0.256310 0.529169 -0.378380
v -0.294295 0.026286 0.657174
v 0.183681 0.337237 0.487380
v 0.239153 0.351671 0.500795
v -0.274472 0.522244 -0.445094
v -0.048049 0.999834 0.001071
v 0.175160 0.080505 -0.401819
v 0.110387 0.631936 0.179265
v 0.106203 0.620083 0.184192
v -0.321713 0.208749 -0.580025
v -0.221454 0.265850 -0.659785
v -0.217650 0.267321 -0.702562
v 0.096292 0.383127 0.389735
v 0.085227 0.366387 0.406919
v 0.191428 0.971640 0.350976
v -0.179667 0.277120 0.584856
v -0.182830 0.261109 0.566120
v -0.206037 0.463347 -0.053070
v -0.163720 0.464026 -0.049686
v -0.259449 0.148438 -0.314658
v 0.187009 0.178117 0.618303
v 0.188133 0.183279 0.650074
v -0.028435 0.461320 0.393701
v -0.049959 0.172204 -0.496457
v 0.019592 0.179644 -0.494564
v 0.069733 0.171694 -0.496630
v -0.100189 0.398052 -0.264811
v -0.303794 0.228708 0.601893
v -0.242367 0.314030 0.618099
v 0.246744 0.221309 -0.300562
v -0.119585 0.673979 -0.265741
v -0.237657 0.786323 0.341871
v 0.272082 0.191745 -0.447126
v 0.278209 0.160542 -0.467945
v 0.271839 0.288228 -0.268341
v -0.310300 0.240600 -0.515500
v 0.248483 0.125706 0.178285
v -0.231228 0.552542 -0.172179
v 0.194315 0.179856 -0.288780
v -0.300079 0.135185 0.636410
v -0.248091 0.314217 0.393887
v 0.060257 0.531586 0.308186
v 0.253903 0.544700 -0.260448
v 0.311499 0.252442 -0.455818
v 0.271093 0.402837 -0.255180
v -0.085383 0.715569 0.236528
v 0.189869 0.388147 -0.249020
v -0.041825 0.139247 0.560967
v 0.290393 0.121934 -0.063672
v 0.226665 0.546133 -0.240030
v 0.186409 0.220734 -0.735055
v 0.232909 0.514015 -0.435933
v -0.319725 0.945325 0.090283
v 0.295532 0.021842 -0.401747
v 0.278600 0.013999 -0.412430
v 0.300828 0.008838 -0.438986
v -0.231136 0.470938 -0.278619
v 0.249528 0.441302 -0.379173
v 0.110190 0.307145 0.015775
v 0.307418 0.998197 -0.106134
v 0.269794 0.202504 -0.087323
v 0.271669 0.199931 -0.222113
v -0.275692 0.140274 0.512598
v -0.093835 0.395846 -0.618871
v -0.224584 0.405886 -0.605842
v -0.205159 0.395967 -0.617438
v 0.303594 0.959561 0.239483
v 0.123029 0.198997 -0.468114
v -0.117182 0.297492 0.636291
v 0.244543 0.552221 -0.345791
v 0.119333 0.179695 -0.581402
v 0.232652 0.451664 -0.479532
v -0.186295 0.168311 -0.333490
v -0.211718 0.167568 -0.317906
v -0.190166 0.125251 -0.330106
v 0.069686 0.565161 0.241499
v 0.241477 0.555521 -0.254848
v -0.238053 0.657400 -0.338902
v 0.164351 0.344224 0.498314
v 0.271311 0.337996 -0.609796
v 0.266507 0.198757 0.240183
v 0.278516 0.192681 0.152491
v 0.267154 0.287216 -0.576898
v -0.258722 0.342616 0.400269
v 0.154993 0.177401 -0.138220
v -0.256269 0.439132 -0.509249
v -0.243306 0.135736 0.087599
v 0.077273 0.365323 0.418583
v 0.260235 0.855368 0.320533
v 0.263499 0.836836 0.334345
v 0.209923 0.156178 0.416688
v 0.240201 0.877454 -0.350996
v 0.197872 0.110214 -0.625101
v 0.203250 0.155933 -0.634913
v 0.044474 0.732584 0.261027
v -0.093605 0.203363 0.509543
v -0.227096 0.450410 -0.280989
v -0.017117 0.584698 0.154828
v 0.013620 0.542729 0.447092
v -0.035756 0.545958 0.437113
v -0.098413 0.279164 0.681496
v 0.216866 0.507764 -0.337449
v 0.237980 0.429797 -0.048970
v 0.237644 0.414137 -0.040707
v 0.205562 0.271148 0.018320
v 0.102732 0.386368 -0.220891
v 0.186132 0.385335 -0.219318
v 0.230974 0.365120 0.386606
v 0.246321 0.378115 0.400713
v -0.305785 0.945832 0.198635
v -0.305243 0.945207 0.234160
v -0.318947 0.041063 0.574608
v -0.317312 0.060659 0.508491
v -0.320534 0.050917 -0.424521
v -0.257401 0.515453 -0.139114
v -0.249366 0.504548 -0.135953
v 0.199135 0.172581 -0.411854
v 0.299084 0.133454 -0.630322
v 0.191850 0.020847 0.636200
v 0.244960 0.585698 -0.332381
v 0.165286 0.705400 -0.285523
v 0.164660 0.700464 -0.278840
v 0.200330 0.698563 -0.283584
v 0.179951 0.289403 0.609382
v 0.186938 0.304898 0.592356
v -0.222219 0.123829 -0.520371
v 0.213350 0.443996 0.439063
v -0.306488 0.299330 0.523669
v -0.271772 0.188504 0.391795
v -0.265094 0.002910 -0.491729
v 0.048068 0.999261 -0.413007
v -0.253896 0.397966 -0.211358
v 0.235607 0.646746 0.393225
v -0.273776 0.117484 -0.498830
v -0.213786 0.157065 -0.026549
v 0.270908 0.061657 0.453189
v -0.308427 0.179099 -0.538728
v -0.230796 0.223226 -0.710776
v 0.120983 0.507076 -0.228341
v 0.113037 0.449512 -0.371293
v -0.274330 0.430625 -0.327492
v -0.260573 0.264378 0.693786
v 0.208840 0.060167 -0.353275
v 0.221180 0.306375 0.509160
v 0.066975 0.419769 -0.231327
v 0.224283 0.354613 0.619985
v 0.232104 0.354205 0.580589
v -0.205198 0.198729 -0.323852
v -0.192472 0.236521 -0.346113
v -0.235124 0.523401 -0.401318
v -0.231302 0.530005 -0.432791
v -0.118710 0.160644 0.592894
v 0.250670 0.146761 -0.636607
v 0.237131 0.102545 -0.625974
v -0.099168 0.192362 -0.288502
v -0.264716 0.003654 0.546257
v -0.185707 0.226318 0.509204
v 0.077682 0.430005 -0.322193
v 0.132002 0.422771 -0.314767
v -0.192945 0.149066 -0.541897
v 0.176777 0.693157 -0.339004
v -0.037612 0.464469 0.326594
v 0.288418 0.344052 -0.348749
v 0.290250 0.336239 -0.357704
v 0.163376 0.333399 0.482162
v 0.091754 0.458555 0.350094
v 0.016360 0.486166 0.417279
v -0.158651 0.199130 -0.658671
v -0.207361 0.316247 -0.503344
v -0.195954 0.303095 -0.529371
v -0.303139 0.973189 -0.098164
v -0.146382 0.224324 -0.735903
v -0.292047 0.131387 -0.044000
v -0.292380 0.125343 0.054523
v 0.223399 0.302023 -0.553299
v 0.227093 0.282169 -0.582327
v -0.223693 0.318630 -0.446922
v -0.214463 0.304898 -0.409762
v 0.315720 0.253471 0.656989
v -0.199532 0.312592 -0.455329
v 0.178078 0.289655 0.556035
v 0.299987 0.191522 0.629482
v -0.207320 0.263247 -0.728581
v 0.144646 0.661798 -0.262044
v 0.071703 0.396378 -0.265106
v 0.117018 0.388796 -0.250643
v 0.279118 0.119436 -0.415922
v 0.274545 0.126427 -0.451399
v -0.226336 0.459535 0.439716
v 0.156575 0.224741 -0.652989
v 0.112552 0.206080 -0.305008
v -0.278307 0.204395 -0.489784
v -0.126641 0.477326 -0.279400
v -0.247679 0.517488 0.422589
v 0.228365 0.842771 -0.357140
v 0.228230 0.719830 -0.357198
v 0.243781 0.020076 -0.401648
v 0.237348 0.549281 0.420121
v -0.222890 0.475019 -0.343970
v -0.319166 0.063477 -0.454039
v 0.117551 0.142012 0.601511
v -0.274115 0.197045 -0.204091
v 0.253745 0.665635 -0.357733
v 0.253898 0.571621 -0.354398
v 0.255429 0.633478 -0.362251
v 0.138900 0.202417 0.347400
v 0.243181 0.204051 0.348441
v -0.242979 0.439907 -0.088945
v 0.283218 0.134391 -0.536353
v 0.315941 0.267517 0.571114
v 0.306923 0.080234 -0.493246
v -0.224473 0.504179 -0.365619
v -0.291863 0.177920 -0.199487
v -0.189386 0.950687 0.367435
v -0.194218 0.182943 -0.411902
v -0.077755 0.376714 -0.002608
v -0.209345 0.075588 -0.610974
v -0.153330 0.493647 0.515248
v -0.269981 0.236216 0.416394
v -0.222037 0.399763 -0.255815
v -0.194143 0.310963 0.573243
v -0.291585 0.371813 -0.513423
v -0.291765 0.344871 -0.553206
v -0.247049 0.491143 0.427544
v -0.239222 0.465591 0.439446
v -0.110934 0.945154 -0.451824
v -0.105669 0.945091 -0.457903
v -0.050527 0.945129 -0.444155
v 0.242269 0.651651 -0.381921
v -0.265089 0.011542 0.518219
v -0.119604 0.282490 0.667295
v -0.119806 0.214377 0.661328
v 0.255871 0.456333 -0.249804
v -0.085616 0.532941 0.452996
v 0.224370 0.320658 -0.494211
v -0.195952 0.076005 0.699079
v -0.258301 0.110749 -0.287281
v -0.210985 0.153194 0.226989
v -0.319595 0.945213 0.029205
v -0.155387 0.328410 0.654169
v 0.177087 0.699941 -0.323397
v -0.209896 0.091391 0.713646
v 0.293342 0.974049 -0.154833
v 0.299236 0.974508 -0.164879
v 0.192798 0.194244 -0.521955
v 0.171293 0.943269 -0.445025
v -0.112669 0.290891 0.669213
v 0.313842 0.133161 -0.611207
v 0.314226 0.089625 -0.593846
v -0.184936 0.696945 -0.331923
v -0.258551 0.536463 -0.355622
v -0.232662 0.480610 -0.102094
v -0.228615 0.459017 -0.074948
v 0.272880 0.195061 -0.475452
v -0.191580 0.102031 -0.508337
v -0.195045 0.079017 -0.469740
v -0.208169 0.288172 0.385363
v 0.155196 0.491481 0.529267
v 0.173458 0.482273 0.534512
v 0.168622 0.500032 0.499716
v -0.184076 0.389882 -0.220327
v 0.278203 0.008493 -0.517386
v 0.270175 0.002761 -0.491310
v -0.304513 0.092686 0.524295
v -0.315082 0.088198 0.507263
v -0.315369 0.062590 0.551261
v 0.156041 0.356447 0.692961
v 0.239017 0.062354 -0.348012
v 0.215982 0.444647 -0.529789
v -0.250821 0.769598 0.340494
v 0.185599 0.187632 -0.419884
v 0.311123 0.179811 -0.618242
v 0.225533 0.216263 -0.441719
v 0.295807 0.056440 -0.357513
v -0.235396 0.037213 -0.576412
v -0.300412 0.345233 -0.475153
v 0.177572 0.386651 0.003824
v 0.211600 0.389722 0.004594
v -0.036760 0.298693 0.654474
v -0.246361 0.439238 -0.530590
v 0.294805 0.274728 0.679546
v 0.228183 0.560122 -0.325020
v 0.237178 0.614816 -0.338529
v 0.007216 0.451462 -0.494420
v 0.222776 0.435781 -0.231392
v 0.206323 0.070431 -0.605555
v 0.185071 0.073434 -0.594281
v -0.251795 0.351460 -0.009949
v 0.282261 0.274719 -0.621588
v 0.140817 0.479189 0.433369
v 0.098936 0.458488 -0.362322
v 0.240212 0.444426 -0.093243
v -0.182262 0.086030 -0.361229
v 0.139529 0.505125 0.490389
v -0.285204 0.011255 0.518779
v -0.285869 0.002821 0.551060
v -0.318960 0.264457 -0.447454
v -0.113400 0.354079 0.010325
v -0.039005 0.362468 0.008472
v -0.240868 0.449045 -0.338407
v -0.211444 0.310193 0.522822
v -0.206655 0.411449 -0.280574
v 0.162850 0.201884 -0.728917
v 0.260583 0.997581 -0.449096
v 0.143333 0.408201 -0.296406
v 0.191386 0.019685 -0.415066
v 0.200556 0.008175 -0.441976
v 0.219314 0.010006 -0.425397
v 0.096032 0.503209 0.434756
v 0.271867 0.419951 -0.294413
v -0.243120 0.571721 0.433414
v 0.308684 0.284652 0.499497
v 0.185011 0.134197 -0.622388
v 0.175763 0.109668 -0.593034
v 0.232702 0.513016 0.437014
v 0.223520 0.421022 -0.257907
v 0.268621 0.307929 -0.544521
v 0.235624 0.613234 0.405470
v -0.004098 0.419525 0.405894
v 0.088471 0.552198 0.290742
v 0.266689 0.363010 -0.092264
v -0.315210 0.178073 -0.382892
v -0.317919 0.235453 -0.403084
v 0.119456 0.173742 0.587343
v 0.055313 0.695953 0.256750
v 0.153869 0.283517 -0.599226
v 0.271569 0.319897 -0.563789
v 0.193364 0.205744 -0.477896
v 0.317074 0.229193 -0.585242
v -0.088638 0.376924 0.422628
v -0.315500 0.994604 -0.080637
v 0.235921 0.523208 -0.331778
v 0.252735 0.510901 -0.336503
v 0.317893 0.182712 -0.581758
v 0.315991 0.131113 -0.571108
v 0.297063 0.227957 -0.616527
v 0.098746 0.202491 -0.414248
v -0.254052 0.345144 -0.484000
v -0.181325 0.218755 -0.570260
v -0.114625 0.473589 -0.332735
v -0.214648 0.415234 0.430002
v 0.186103 0.345084 0.645882
v 0.290731 0.190113 -0.278058
v 0.084151 0.635051 0.192144
v -0.037874 0.570051 0.249957
v 0.317429 0.203052 0.472155
v 0.225601 0.402534 -0.608966
v 0.213449 0.424486 -0.579275
v -0.291088 0.115874 0.033942
v -0.290597 0.117321 -0.084364
v -0.229713 0.545965 -0.355880
v -0.161391 0.975676 -0.439767
v 0.260102 0.942594 0.351631
v 0.158864 0.333323 -0.524324
v -0.212472 0.463012 -0.348956
v -0.192749 0.173428 -0.560601
v 0.200564 0.130384 0.423292
v -0.259877 0.319970 0.586085
v 0.025979 0.374436 -0.007877
v 0.262060 0.015597 -0.410345
v -0.318635 0.179409 -0.575655
v -0.163898 0.191101 -0.448260
v 0.237604 0.057312 0.694145
v 0.122244 0.463169 -0.037606
v 0.251800 0.516366 -0.107468
v -0.247344 0.625937 -0.259728
v 0.021174 0.204747 -0.332066
v 0.281038 0.974128 0.335983
v 0.296520 0.973841 0.320408
v 0.009421 0.267423 -0.723071
v 0.231462 0.107245 0.721768
v -0.231814 0.414389 0.437521
v 0.053059 0.722277 0.270983
v -0.192415 0.251977 -0.596230
v -0.209329 0.221974 0.410321
v -0.221253 0.279667 0.439022
v -0.208100 0.266946 -0.660136
v 0.151460 0.188915 -0.640905
v 0.176167 0.264963 -0.654498
v 0.227122 0.248353 0.706916
v 0.221762 0.279657 0.679608
v 0.289319 0.117044 0.092916
v -0.210349 0.121119 -0.632194
v -0.198044 0.084649 -0.610596
v 0.278930 0.284888 -0.337800
v -0.318630 0.989571 0.041451
v -0.319410 0.989468 -0.062067
v -0.319926 0.984262 -0.031897
v 0.148479 0.425567 -0.578834
v 0.182009 0.053664 0.666352
v 0.264613 0.998726 0.348902
v 0.307085 0.990822 0.332733
v 0.304748 0.998520 0.307822
v -0.315180 0.995959 -0.390949
v -0.307404 0.999070 -0.291322
v 0.072164 0.145923 -0.440770
v -0.225889 0.020343 -0.550419
v -0.273289 0.319687 -0.456480
v 0.218848 0.103072 -0.326247
v 0.085189 0.683838 0.226361
v 0.252538 0.499687 0.426160
v 0.317350 0.943989 -0.160719
v 0.074759 0.699179 -0.334478
v -0.308771 0.998266 -0.095408
v -0.251976 0.309714 -0.415221
v -0.225242 0.451930 -0.351012
v -0.304409 0.133218 -0.530917
v -0.283086 0.110114 -0.511116
v -0.277788 0.131027 -0.528760
v 0.114861 0.206630 0.625852
v 0.219051 0.213775 -0.326494
v 0.149136 0.424281 0.003911
v 0.285377 0.183910 -0.408527
v 0.197700 0.195972 -0.659948
v 0.218366 0.199896 -0.718583
v -0.228769 0.207195 -0.516810
v -0.228183 0.194110 -0.527210
v 0.267004 0.123854 -0.286720
v 0.037050 0.334260 -0.660784
v 0.004960 0.713262 0.248037
v 0.262757 0.911717 0.310065
v -0.292436 0.397859 -0.426402
v -0.277973 0.403501 -0.401906
v 0.229584 0.538215 -0.346053
v -0.226412 0.492632 -0.094135
v -0.209397 0.702512 -0.288569
v 0.224644 0.499494 -0.229660
v 0.035331 0.465321 -0.159686
v -0.231653 0.318702 -0.503077
v 0.161914 0.333045 0.523926
v 0.245069 0.557737 -0.275723
v 0.310407 0.068438 0.563740
v -0.184335 0.023668 -0.494943
v -0.088064 0.431170 0.376247
v -0.105730 0.975706 -0.440937
v -0.207516 0.474054 -0.332466
v -0.149903 0.392702 0.005475
v -0.086515 0.384581 0.003081
v -0.235550 0.457110 0.451876
v -0.278570 0.112250 -0.430892
v 0.162923 0.172705 -0.027945
v 0.256685 0.110766 0.191167
v 0.303819 0.943143 -0.429487
v 0.002208 0.174480 -0.434132
v 0.271439 0.942661 0.363382
v -0.242869 0.643930 -0.349294
v -0.253554 0.200571 0.165069
v -0.244041 0.200776 0.254496
v 0.111209 0.485028 -0.235530
v -0.250446 0.285710 0.473687
v 0.317949 0.985561 0.227722
v 0.198647 0.978094 0.368129
v 0.185911 0.175209 -0.542841
v 0.186665 0.148485 -0.532551
v 0.083375 0.271283 -0.666411
v 0.285979 0.112728 -0.209548
v -0.105989 0.494014 0.523854
v 0.220123 0.649729 -0.328240
v -0.264627 0.766485 0.356117
v 0.189051 0.507702 0.443360
v 0.245887 0.069003 -0.347512
v 0.248990 0.094469 -0.331648
v 0.215737 0.141018 0.579308
v 0.211403 0.157272 -0.070626
v -0.219000 0.580472 -0.243067
v -0.180910 0.620259 -0.250821
v -0.198425 0.163040 -0.006321
v -0.152147 0.161977 0.011111
v 0.212974 0.157426 -0.145415
v 0.270539 0.100973 -0.327130
v -0.100529 0.529910 -0.230194
v -0.131552 0.534455 0.443529
v -0.155610 0.514217 0.456795
v 0.257435 0.110400 -0.287063
v 0.257068 0.111111 -0.193629
v 0.242860 0.132971 -0.286021
v 0.299474 0.328807 -0.370315
v 0.131185 0.327613 0.657202
v -0.161921 0.333191 -0.661155
v -0.121777 0.315202 -0.667554
v 0.286848 0.113090 0.067198
v -0.268983 0.386940 -0.189176
v -0.255115 0.377564 -0.145594
v -0.075539 0.984584 -0.458022
v -0.017693 0.953636 -0.458498
v 0.313781 0.942670 0.321045
v -0.247197 0.423512 -0.134894
v 0.144531 0.178397 -0.578415
v -0.274491 0.415188 -0.353865
v -0.249975 0.317958 0.591276
v -0.015751 0.139066 -0.448589
v 0.303689 0.942928 0.124113
v -0.120195 0.178021 0.589927
v 0.284812 0.111883 -0.521056
v -0.110235 0.622402 0.158798
v -0.299916 0.330220 -0.399936
v 0.278253 0.216629 -0.299111
v -0.293619 0.973853 0.025098
v 0.219377 0.436681 -0.278584
v -0.036303 0.974656 -0.431514
v -0.081292 0.975584 -0.441061
v -0.195277 0.239038 0.564674
v -0.194795 0.218765 0.520724
v 0.118556 0.292363 0.600648
v 0.118343 0.218272 0.608554
v -0.182496 0.027131 0.610739
v -0.221148 0.518013 -0.204964
v -0.094200 0.995089 -0.454139
v -0.009215 0.991314 -0.456921
v -0.232788 0.945213 -0.373720
v -0.233199 0.821604 -0.373958
v 0.127403 0.599942 0.166423
v 0.061593 0.697368 0.266986
v -0.236011 0.873802 0.331672
v -0.235691 0.858194 0.321752
v -0.255116 0.472518 -0.377052
v 0.263593 0.543086 0.421154
v 0.252382 0.572218 0.404981
v 0.273495 0.003222 -0.449135
v -0.147654 0.209948 -0.734112
v -0.225648 0.526424 -0.203379
v -0.249035 0.508181 -0.212005
v -0.033399 0.209067 -0.480060
v -0.003786 0.207234 -0.484754
v 0.294744 0.312173 0.609852
v -0.253160 0.371732 -0.118310
v -0.267692 0.364923 -0.061778
v 0.160601 0.263755 -0.729769
v 0.096803 0.249024 -0.733326
v 0.180567 0.249496 -0.733120
v -0.231234 0.794726 -0.368314
v -0.231091 0.800993 -0.362630
v -0.231039 0.720264 -0.363008
v 0.194600 0.300683 -0.535208
v 0.298985 0.149022 0.653672
v 0.257383 0.066263 0.446989
v 0.275552 0.069814 0.445614
v 0.213795 0.408568 0.417697
v -0.224052 0.458447 -0.245723
v 0.220140 0.312040 -0.424875
v 0.177815 0.258083 -0.431418
v 0.178282 0.227092 -0.403484
v 0.220274 0.153435 0.147125
v 0.233378 0.145515 0.055790
v 0.240472 0.137879 0.153190
v 0.032340 0.502489 0.510192
v 0.045440 0.475486 0.568313
v 0.302020 0.526792 -0.431538
v -0.319134 0.989547 0.227388
v 0.236356 0.657203 -0.315325
v -0.259395 0.562117 -0.210387
v 0.168896 0.245873 0.426551
v -0.162417 0.524651 0.442400
v -0.157417 0.520095 0.425839
v -0.230083 0.305891 0.399256
v -0.162042 0.218128 0.492040
v 0.248762 0.549772 -0.283385
v -0.209785 0.494832 0.441157
v -0.216159 0.143905 0.565094
v 0.304272 0.943307 -0.213411
v 0.315252 0.943714 -0.215168
v -0.249339 0.540470 -0.346831
v 0.029445 0.144590 0.604974
v -0.180488 0.459410 -0.030183
v 0.032294 0.395529 -0.264714
v 0.174791 0.984815 -0.458263
v -0.193128 0.235548 -0.512862
v 0.095320 0.501893 0.328024
v -0.247328 0.553554 0.410892
v 0.158103 0.377661 -0.003048
v -0.115971 0.667561 0.195909
v -0.104689 0.665096 0.213498
v -0.050985 0.495687 -0.230481
v -0.124383 0.504484 -0.228116
v -0.187373 0.429760 0.000689
v 0.216906 0.370478 0.406310
v 0.220029 0.338101 0.385478
v 0.245543 0.843068 0.316682
v 0.235729 0.821816 0.331934
v -0.307605 0.222508 -0.440210
v -0.193162 0.093430 -0.474095
v -0.194356 0.103469 -0.410749
v 0.213812 0.972845 0.029750
v -0.238617 0.430691 -0.562768
v -0.169201 0.305638 0.015020
v 0.025160 0.369252 -0.641800
v 0.290200 0.185632 -0.223212
v 0.250282 0.003072 -0.447982
v 0.221116 0.003149 -0.453634
v -0.051709 0.675401 0.215803
v 0.221011 0.088148 0.435145
v -0.065937 0.571720 0.148162
v 0.011445 0.447099 -0.236949
v 0.188047 0.099687 -0.425232
v 0.284800 0.191100 -0.147332
v 0.283494 0.094808 -0.470937
v -0.256691 0.958199 -0.355248
v -0.082457 0.712077 -0.282728
v 0.249204 0.663901 -0.353348
v -0.231705 0.298962 0.388228
v -0.052339 0.998741 0.353035
v 0.115562 0.995762 0.359844
v 0.196771 0.132960 -0.465729
v -0.292170 0.130243 -0.155118
v 0.225999 0.494321 -0.284481
v 0.197068 0.417298 -0.306602
v 0.158679 0.429128 -0.323818
v -0.272422 0.200217 0.359978
v -0.021661 0.264828 -0.728516
v 0.003814 0.251833 -0.732707
v 0.173666 0.169228 -0.284961
v -0.194659 0.096680 -0.527471
v -0.180834 0.062238 -0.503701
v -0.156375 0.361220 0.009090
v 0.315370 0.077379 0.476280
v 0.315782 0.054517 0.537327
v -0.239062 0.522175 0.447082
v 0.187960 0.204083 0.430622
v -0.301465 0.189097 0.516110
v 0.254687 0.343617 0.398845
v -0.007234 0.374477 0.724157
v 0.058467 0.470672 0.380400
v 0.317684 0.957248 -0.284115
v -0.194498 0.090903 0.615942
v 0.188201 0.478539 -0.284458
v -0.191082 0.178164 0.563546
v -0.193041 0.162584 0.558418
v -0.288241 0.305928 -0.285706
v -0.286317 0.251173 -0.269025
v 0.287849 0.174648 0.119794
v 0.316260 0.293216 -0.456801
v -0.194253 0.050247 -0.371692
v -0.015263 0.401728 0.707267
v -0.202178 0.460513 -0.233761
v -0.115852 0.459473 -0.232642
v 0.265923 0.312926 -0.050755
v 0.199217 0.435914 -0.557651
v 0.248434 0.569443 -0.241569
v -0.236274 0.642276 0.400322
v -0.201832 0.488771 0.424246
v 0.288734 0.990011 -0.447671
v 0.280853 0.942739 -0.451311
v -0.320119 0.069081 -0.516723
v 0.254501 0.251081 0.705013
v -0.099339 0.439701 -0.548807
v 0.267484 0.233667 -0.068595
v -0.218014 0.366015 0.651816
v 0.309722 0.078174 -0.352937
v -0.240964 0.963277 -0.382171
v 0.263998 0.521201 0.444495
v 0.260835 0.560954 0.436916
v -0.054375 0.489934 -0.333881
v -0.004346 0.485062 -0.339090
v 0.317640 0.943612 -0.003724
v -0.240854 0.616426 0.417908
v 0.161418 0.998706 0.348119
v 0.193861 0.145095 -0.438993
v -0.002175 0.363556 0.728209
v 0.242224 0.959086 -0.382594
v 0.247090 0.941780 -0.381167
v 0.265799 0.517886 -0.399245
v -0.182623 0.055381 0.488695
v -0.247214 0.451644 -0.451428
v -0.263782 0.446778 -0.454123
v -0.131606 0.171372 -0.495931
v 0.044904 0.996320 -0.452257
v -0.069721 0.569854 0.263035
v -0.015719 0.552759 0.129990
v -0.235834 0.429534 0.434491
v -0.155244 0.984380 -0.458235
v -0.113819 0.989920 -0.457410
v 0.069322 0.373110 0.420636
v -0.035885 0.202120 0.040720
v -0.212588 0.194273 -0.631844
v -0.183544 0.125696 0.485743
v -0.246462 0.320297 -0.387646
v -0.285715 0.096101 -0.478675
v 0.173081 0.510843 0.462421
v 0.076488 0.523617 -0.370344
v 0.004913 0.145390 0.552277
v 0.243005 0.830604 -0.381772
v 0.250997 0.881500 -0.377777
v -0.264874 0.285414 0.670060
v 0.190224 0.201992 -0.407456
v -0.320750 0.206492 -0.376954
v -0.247265 0.961243 -0.382448
v -0.292560 0.002307 -0.470709
v -0.288842 0.009079 -0.427600
v 0.272156 0.150242 0.593549
v 0.174950 0.052304 0.557352
v -0.182548 0.090963 -0.553131
v -0.254336 0.529088 -0.405783
v -0.156712 0.331402 -0.493265
v -0.203547 0.006092 0.602091
v -0.314016 0.219263 -0.341604
v 0.303072 0.971702 0.146951
v 0.206065 0.306949 -0.419816
v 0.007459 0.543950 0.427892
v -0.051243 0.537383 0.422684
v 0.271496 0.200198 0.355288
v 0.099268 0.487812 -0.333012
v 0.118945 0.188534 0.539647
v -0.297759 0.233071 0.439157
v -0.307064 0.179141 0.427939
v 0.021683 0.438255 -0.002163
v 0.296163 0.537844 -0.394311
v -0.046323 0.521073 0.454191
v 0.025968 0.513819 0.477760
v -0.287757 0.043731 -0.583912
v 0.255068 0.424483 -0.542114
v -0.306658 0.112914 -0.516910
v 0.204918 0.451043 -0.236258
v -0.189482 0.501006 0.455498
v -0.142243 0.456645 0.440660
v 0.262423 0.813120 0.350653
v 0.307696 0.304772 -0.428927
v 0.288953 0.363752 -0.396233
v 0.249920 0.399376 0.546321
v 0.257987 0.356339 0.495707
v -0.231326 0.584805 -0.328324
v -0.226277 0.547909 -0.314973
v -0.207852 0.491962 -0.290989
v -0.089052 0.449613 0.356312
v 0.278484 0.222512 0.597916
v -0.102346 0.967728 -0.443552
v -0.019048 0.967219 -0.443503
v -0.016723 0.973124 -0.441892
v 0.249807 0.535909 -0.344135
v 0.255163 0.493416 -0.354884
v 0.179107 0.211858 -0.607459
v 0.176406 0.274229 0.550646
v -0.192981 0.104127 -0.435783
v -0.067579 0.196340 -0.476692
v -0.137432 0.189039 -0.486662
v -0.187893 0.379400 0.000072
v 0.119644 0.452371 -0.237564
v 0.305532 0.235988 -0.462671
v -0.280275 0.195254 -0.053148
v -0.318892 0.989991 -0.302820
v 0.227050 0.534725 -0.426732
v 0.226256 0.529649 -0.437967
v 0.232520 0.319510 0.563826
v 0.289419 0.974394 -0.398162
v -0.295004 0.265920 -0.594318
v -0.211738 0.164009 -0.538831
v -0.210731 0.171963 -0.543999
v -0.209989 0.172849 -0.532557
v -0.257157 0.537721 0.416610
v 0.274176 0.199838 0.624651
v 0.300834 0.185020 0.639569
v 0.275903 0.109620 0.722470
v 0.261301 0.029064 -0.566919
v -0.029433 0.376713 -0.002694
v 0.211057 0.299819 -0.586698
v -0.305264 0.945119 -0.224876
v -0.117932 0.216447 0.669356
v -0.192467 0.195107 0.612977
v -0.180919 0.251372 -0.531553
v -0.179230 0.126536 -0.357050
v 0.136876 0.475806 0.560285
v 0.097588 0.462287 0.592466
v 0.306251 0.159849 -0.403699
v -0.277259 0.184067 0.730941
v -0.271389 0.130896 0.728753
v 0.035365 0.456886 0.401844
v 0.214298 0.204298 0.615543
v 0.279507 0.145715 -0.315948
v 0.305453 0.103010 -0.500308
v 0.305401 0.094941 -0.467627
v -0.312009 0.029936 0.516470
v -0.306874 0.060770 0.462936
v -0.300365 0.030749 0.492118
v 0.311218 0.183437 0.437378
v 0.214819 0.479658 0.529354
v -0.306629 0.199570 -0.528314
v 0.276085 0.144833 -0.471444
v 0.176991 0.034852 0.616207
v 0.178942 0.461166 -0.353934
v 0.030271 0.592718 0.217624
v -0.194153 0.188981 -0.448872
v 0.256416 0.952231 -0.369309
v -0.301110 0.218481 0.513696
v -0.287049 0.111916 -0.198330
v -0.281055 0.110591 -0.287384
v -0.193948 0.133844 -0.627319
v 0.225489 0.165889 -0.636274
v 0.175036 0.104397 -0.575968
v 0.316078 0.038414 0.577909
v 0.117538 0.156156 0.610703
v 0.035484 0.972313 -0.025175
v -0.306910 0.308159 0.581986
v 0.247525 0.707670 -0.379307
v 0.250074 0.631093 -0.377937
v 0.079438 0.485616 0.419688
v -0.275886 0.434736 -0.429673
v 0.190482 0.215443 -0.449785
v -0.316112 0.204028 0.477262
v 0.286510 0.004150 0.581786
v -0.065092 0.694121 -0.317687
v 0.223044 0.446680 -0.385013
v -0.251848 0.419198 0.489600
v -0.281313 0.205267 -0.524116
v -0.284292 0.055975 0.693310
v -0.263607 0.369294 -0.118449
v -0.126870 0.145057 -0.488652
v -0.073935 0.136813 -0.479537
v -0.072787 0.547030 -0.309601
v 0.077383 0.542413 0.435221
v 0.164216 0.282394 0.445283
v 0.241720 0.135294 -0.037184
v 0.137343 0.198100 -0.401948
v -0.245312 0.642003 -0.312472
v -0.245389 0.587586 -0.309387
v -0.229648 0.092462 -0.332999
v 0.228804 0.974313 -0.377715
v 0.262794 0.940181 0.299011
v 0.254937 0.892025 0.302846
v -0.231574 0.249895 -0.655722
v -0.300210 0.339572 -0.424522
v 0.292956 0.166458 0.728566
v 0.026111 0.307528 0.632419
v 0.216970 0.197655 -0.632112
v 0.219224 0.163379 -0.637772
v 0.203564 0.689951 -0.275158
v -0.221591 0.459095 -0.053336
v -0.215954 0.171586 0.562543
v -0.150001 0.204982 -0.507859
v 0.025603 0.441506 0.382823
v -0.169699 0.203536 0.025825
v -0.086452 0.203773 0.026150
v 0.161509 0.973611 0.338333
v -0.028962 0.505575 0.439797
v 0.196261 0.179412 0.419941
v 0.159282 0.520920 -0.229539
v 0.239806 0.313388 0.404152
v 0.264186 0.315368 0.414797
v -0.042645 0.145620 -0.489622
v 0.081048 0.151903 -0.492904
v 0.198750 0.295177 0.650943
v 0.242576 0.302413 0.646745
v 0.054575 0.202482 0.077425
v -0.132445 0.647005 0.178061
v 0.037483 0.525019 -0.366729
v -0.230477 0.019448 0.646784
v 0.000395 0.202165 -0.728229
v 0.306132 0.158637 -0.563572
v -0.252759 0.508263 0.458166
v 0.196157 0.222014 0.714983
v 0.106813 0.555191 -0.234844
v 0.227560 0.973213 0.210947
v -0.038055 0.476757 -0.280669
v 0.105854 0.972419 0.085704
v 0.301739 0.942402 0.311354
v 0.190190 0.460251 -0.232883
v -0.156234 0.254959 -0.408771
v 0.300484 0.218497 0.604113
v -0.241880 0.000195 0.562713
v -0.185149 0.095759 -0.600074
v -0.253197 0.333384 0.380466
v -0.260537 0.975085 0.303361
v -0.245141 0.887236 0.336427
v -0.005283 0.465738 0.403954
v 0.286189 0.112367 0.190011
v 0.275601 0.194893 0.071879
v 0.013921 0.447653 0.380584
v 0.238158 0.116425 -0.321547
v -0.188764 0.223764 -0.484914
v 0.177208 0.270094 -0.416681
v 0.081851 0.188482 -0.193347
v -0.243679 0.945993 0.316942
v 0.043355 0.515969 0.316335
v 0.062918 0.491778 0.353851
v 0.226175 0.841430 -0.362764
v -0.283612 0.187759 -0.536069
v 0.189081 0.167117 -0.560737
v 0.260207 0.234756 -0.030326
v -0.016811 0.411737 -0.228395
v -0.319764 0.945319 -0.093818
v 0.301393 0.113410 0.643457
v 0.240115 0.544040 0.443573
v 0.253928 0.537716 0.447912
v -0.256773 0.661107 -0.354510
v 0.231965 0.948463 0.302978
v 0.196396 0.972977 -0.050707
v -0.238900 0.444810 -0.063319
v -0.066003 0.208223 -0.732994
v 0.313494 0.996282 0.074991
v -0.104037 0.148608 0.550269
v 0.244083 0.544549 -0.237940
v -0.155489 0.283378 -0.623770
v -0.232167 0.727588 -0.372041
v -0.231929 0.280502 0.466819
v 0.264046 0.745439 0.362659
v 0.295222 0.254530 0.697103
v 0.253245 0.492107 -0.326826
v 0.253822 0.467692 -0.306471
v -0.141641 0.429437 -0.235279
v -0.038013 0.730519 0.269283
v 0.004755 0.735742 0.255636
v -0.308791 0.998337 0.153788
v -0.304587 0.998572 0.297905
v -0.296991 0.528419 -0.390550
v 0.109195 0.212917 0.026101
v -0.244827 0.438826 -0.010079
v -0.254810 0.468625 -0.052422
v -0.255647 0.440017 -0.037051
v 0.178352 0.967628 -0.444788
v 0.144882 0.476231 0.570095
v 0.175126 0.264850 0.528326
v -0.094128 0.974323 0.341443
v 0.151139 0.486091 -0.336025
v 0.249172 0.420356 -0.008434
v 0.190831 0.125953 -0.550115
v 0.288983 0.229067 0.714583
v 0.276467 0.274545 0.684776
v 0.224954 0.478337 -0.089512
v -0.192117 0.705622 -0.286701
v 0.226367 0.673031 -0.362389
v 0.273459 0.433657 -0.427183
v 0.273236 0.428973 -0.461737
v -0.216498 0.973832 -0.442617
v 0.079111 0.583487 0.253742
v -0.288844 0.168600 0.362686
v -0.157420 0.201567 0.341303
v 0.279574 0.188280 0.205905
v -0.133475 0.662629 0.221133
v -0.138620 0.632603 0.199467
v -0.129000 0.630812 0.208377
v -0.104086 0.506439 0.493383
v -0.260403 0.014931 -0.411098
v 0.088918 0.292349 0.672171
v -0.259891 0.110034 0.198665
v -0.255913 0.114387 0.003447
v 0.133915 0.470560 0.580584
v -0.179426 0.062055 0.624474
v 0.217112 0.236963 -0.615942
v 0.195508 0.216483 -0.621468
v 0.227051 0.492348 -0.257080
v -0.102269 0.204193 -0.439137
v -0.128101 0.202215 -0.413862
v -0.231159 0.150707 -0.152598
v -0.242751 0.135605 -0.051964
v 0.265522 0.200965 0.337368
v 0.090675 0.424413 0.651718
v 0.108520 0.444789 0.620514
v -0.189799 0.146045 0.659403
v -0.211506 0.004427 0.547175
v -0.225866 0.254008 -0.606436
v -0.259035 0.534450 -0.261734
v 0.215153 0.112733 0.424807
v -0.303411 0.146238 0.655590
v 0.228628 0.661364 -0.337785
v -0.209958 0.163519 -0.532691
v 0.243559 0.298934 -0.395561
v 0.292456 0.298115 -0.397770
v 0.274685 0.314956 -0.430958
v -0.138339 0.264929 -0.728533
v -0.125292 0.674443 0.234413
v -0.222920 0.379018 0.399304
v -0.295616 0.995137 0.342174
v -0.277975 0.998482 0.350136
v -0.028001 0.198030 -0.471194
v 0.153741 0.293487 -0.597660
v -0.234301 0.670832 -0.376517
v -0.230525 0.621990 -0.367143
v 0.157541 0.225048 0.369456
v -0.175165 0.534978 -0.358618
v 0.100080 0.414681 0.384791
v 0.186905 0.119753 0.530396
v 0.214444 0.154930 0.516985
v 0.222042 0.472401 0.423766
v -0.308887 0.945235 0.210060
v 0.194277 0.159195 0.595189
v -0.317516 0.226572 -0.550414
v 0.009856 0.999999 -0.007185
v 0.036946 0.999762 0.215336
v 0.242364 0.655276 -0.320229
v 0.248627 0.344943 0.485832
v 0.238701 0.328084 -0.400453
v -0.256274 0.974401 0.255056
v -0.244500 0.133920 -0.154386
v 0.266770 0.558095 0.426970
v 0.040882 0.725427 0.245945
v -0.253241 0.521099 -0.207916
v 0.160063 0.171570 0.561100
v -0.142550 0.178234 0.426588
v -0.046688 0.461904 0.403959
v -0.223972 0.461521 -0.200787
v 0.210966 0.679659 -0.337720
v -0.037859 0.476618 -0.238431
v 0.072390 0.192081 -0.288577
v 0.232233 0.013215 0.514058
v -0.254404 0.532313 -0.221133
v -0.263051 0.004724 -0.445469
v 0.040970 0.974126 -0.437676
v 0.158197 0.236977 -0.309739
v -0.152675 0.450085 -0.381251
v -0.192360 0.697329 -0.277497
v 0.019286 0.155949 0.547449
v 0.216374 0.128104 0.552207
v -0.304731 0.998891 0.163818
v 0.006710 0.942892 0.366802
v -0.257705 0.546223 -0.164859
v -0.290188 0.520970 -0.407924
v -0.312640 0.116686 0.712182
v -0.320132 0.539953 -0.415104
v 0.072990 0.144618 -0.487775
v -0.235305 0.540851 -0.208222
v -0.213849 0.518879 -0.301785
v -0.018843 0.520333 -0.302156
v 0.085125 0.401459 0.367990
v 0.147911 0.710839 -0.285459
v 0.012244 0.617139 -0.249463
v 0.303658 0.077655 0.561287
v 0.175879 0.067441 0.624744
v -0.232677 0.557192 -0.244446
v -0.095476 0.449467 -0.507043
v -0.259633 0.109909 0.308283
v 0.253898 0.450107 -0.464825
v -0.269578 0.425328 -0.282797
v -0.255055 0.429671 -0.290883
v 0.225628 0.539000 -0.151414
v -0.107500 0.139552 -0.447227
v -0.269509 0.511301 -0.443996
v -0.260176 0.414263 -0.196230
v -0.186775 0.077627 0.611981
v -0.157952 0.265859 -0.653872
v -0.201891 0.266261 -0.655530
v 0.023394 0.416735 -0.306944
v 0.048561 0.643883 0.215232
v 0.032297 0.600868 0.226078
v 0.054076 0.608184 0.236144
v 0.294847 0.278431 -0.594865
v 0.224602 0.327439 0.371826
v -0.059404 0.697466 -0.280718
v -0.225481 0.356345 0.582945
v -0.231114 0.354076 0.553122
v -0.257904 0.539224 -0.183626
v -0.069115 0.562826 0.144642
v -0.210495 0.159836 0.416192
v 0.064778 0.512651 0.335511
v 0.198940 0.448956 -0.508109
v 0.317775 0.956993 -0.044714
v 0.101022 0.615272 0.175026
v -0.297200 0.224374 -0.619708
v 0.225128 0.220861 -0.496776
v -0.268751 0.288234 -0.340045
v 0.277121 0.311435 -0.598532
v 0.003075 0.159178 -0.496100
v -0.119754 0.174504 0.565371
v -0.119664 0.177416 0.582469
v -0.285461 0.027645 0.488900
v -0.037729 0.409150 0.682747
v -0.238453 0.124784 0.421862
v 0.256411 0.539766 -0.360616
v 0.256511 0.497300 -0.364295
v 0.244328 0.431786 -0.190728
v 0.295151 0.199927 -0.527985
v 0.158722 0.460356 0.585819
v -0.251386 0.630543 -0.283167
v -0.174451 0.144738 -0.490154
v -0.070307 0.157505 -0.434847
v -0.207508 0.223635 -0.302736
v -0.119210 0.406924 -0.606618
v -0.064110 0.416719 -0.593556
v 0.099763 0.994202 -0.454565
v 0.229081 0.939064 -0.376750
v 0.301919 0.998887 -0.409286
v 0.231589 0.999084 0.236192
v -0.236394 0.945834 -0.378820
v 0.299913 0.193436 0.646599
v -0.190727 0.193018 -0.469610
v 0.313138 0.073686 0.527809
v 0.140335 0.525955 0.453164
v 0.091083 0.519175 0.454357
v 0.163391 0.512733 0.457613
v -0.110824 0.206279 -0.290857
v 0.303338 0.998851 -0.310759
v 0.115240 0.610824 0.189282
v 0.290314 0.156900 0.048130
v 0.196043 0.198837 -0.466084
v 0.198612 0.162223 -0.444606
v -0.042263 0.204213 -0.469893
v 0.184450 0.972641 -0.442657
v -0.216710 0.165248 0.534671
v 0.110771 0.286381 0.390377
v -0.267965 0.536326 0.427746
v 0.302600 0.177661 -0.538623
v 0.156012 0.327486 -0.540950
v 0.201058 0.314904 0.581015
v -0.180497 0.452699 -0.451835
v -0.088335 0.452975 -0.437434
v 0.246794 0.508720 -0.399766
v -0.292385 0.126742 -0.218602
v 0.216717 0.094050 -0.621121
v 0.205101 0.035035 -0.380347
v 0.188052 0.100786 0.518976
v 0.176744 0.083155 0.504563
v -0.214760 0.149327 -0.255944
v -0.150054 0.541943 -0.232550
v 0.296381 0.269470 0.462745
v 0.212726 0.355513 0.609348
v 0.251607 0.951385 -0.378269
v 0.273885 0.248138 0.706416
v 0.202680 0.943106 0.351482
v 0.144986 0.942072 0.351424
v -0.209229 0.196504 -0.659143
v 0.297710 0.152850 -0.407837
v -0.090632 0.542017 0.439693
v 0.296430 0.942657 0.345870
v -0.184006 0.027234 0.531481
v 0.240355 0.137932 0.221600
v -0.083176 0.203192 0.625677
v -0.162957 0.246881 0.493421
v -0.121353 0.155151 0.558990
v 0.131376 0.448207 0.612348
v -0.292541 0.136522 -0.286504
v -0.303316 0.180258 0.652678
v -0.228286 0.538731 -0.366779
v -0.261294 0.398009 0.444414
v -0.191866 0.161149 0.518317
v -0.191129 0.127058 0.524818
v 0.186448 0.037904 -0.559972
v 0.288525 0.162867 -0.475198
v 0.000344 0.198089 -0.722836
v 0.290575 0.129434 0.142335
v 0.227357 0.525972 -0.398843
v 0.231963 0.511577 -0.401216
v -0.289836 0.348871 -0.481807
v 0.035773 0.998851 0.347893
v -0.069712 0.625731 0.206207
v -0.065233 0.639635 0.191547
v 0.052344 0.419704 0.395603
v 0.055410 0.415402 0.397182
v -0.193473 0.204583 -0.543305
v -0.234519 0.366084 0.621980
v -0.252914 0.644268 0.413546
v 0.179197 0.169511 0.437185
v 0.177938 0.235220 0.464237
v 0.177599 0.974653 -0.437453
v 0.258973 0.398650 0.500596
v 0.161474 0.701825 -0.329427
v -0.091310 0.536652 0.268208
v -0.225027 0.449070 -0.026035
v -0.158029 0.464779 -0.124657
v -0.008355 0.488881 0.437313
v -0.247665 0.974976 0.309544
v 0.296752 0.190181 0.423293
v 0.268930 0.314846 -0.526983
v 0.295240 0.317815 -0.467415
v 0.222003 0.101539 -0.455872
v -0.308505 0.531622 -0.423366
v -0.112015 0.135891 0.572951
v -0.233319 0.362884 0.003791
v 0.100754 0.191667 -0.485535
v 0.200173 0.545724 -0.309151
v 0.221964 0.571013 -0.313784
v -0.062752 0.390422 0.387817
v -0.305078 0.950490 -0.013061
v -0.248382 0.127022 0.284447
v -0.044050 0.463997 -0.230020
v -0.056878 0.718062 0.239846
v 0.064078 0.201988 0.342566
v -0.239440 0.142218 0.333600
v 0.303401 0.966710 0.072876
v 0.302572 0.972666 0.121980
v 0.302474 0.972979 -0.037245
v -0.005055 0.217132 -0.734761
v -0.226187 0.450358 -0.412657
v 0.303819 0.966467 -0.272407
v -0.257273 0.482905 -0.088962
v -0.191775 0.207699 -0.448090
v 0.259997 0.417592 -0.225413
v 0.261343 0.408741 -0.196078
v -0.053771 0.569225 0.269117
v -0.005294 0.400107 -0.220936
v 0.023531 0.944232 -0.444852
v 0.154478 0.192642 -0.296102
v 0.157196 0.196950 -0.292860
v 0.228668 0.071131 -0.345371
v -0.163509 0.269539 0.438694
v 0.166826 0.208694 -0.732470
v 0.073578 0.536243 -0.306787
v 0.253017 0.428799 -0.189163
v 0.261326 0.420615 -0.200580
v -0.250843 0.338445 0.415635
v 0.095192 0.464748 -0.228302
v 0.184239 0.464510 -0.226269
v -0.259920 0.896072 0.306116
v -0.252192 0.573105 -0.304862
v 0.229025 0.459580 -0.116738
v -0.274959 0.431178 -0.459097
v 0.050431 0.709828 0.243855
v -0.004674 0.134401 -0.464137
v 0.020851 0.389103 -0.251027
v 0.017967 0.271087 -0.666558
v 0.165681 0.202025 0.094203
v -0.111155 0.649676 0.194270
v -0.117711 0.637874 0.172950
v 0.271840 0.152099 0.536171
v -0.249924 0.467700 -0.085075
v 0.283469 0.110756 -0.021710
v -0.225094 0.522453 -0.365308
v -0.187050 0.522577 -0.375716
v 0.123479 0.196867 -0.477036
v -0.190737 0.449829 0.444130
v 0.189138 0.174444 -0.434373
v 0.067252 0.416381 -0.593692
v -0.197504 0.206094 -0.487421
v -0.248085 0.761041 -0.351174
v -0.240019 0.740447 -0.352285
v 0.027235 0.390592 0.005298
v 0.152425 0.971460 0.351068
v 0.205506 0.219415 0.024304
v 0.220688 0.459137 -0.347333
v -0.118111 0.183553 0.618088
v 0.263648 0.503263 0.443479
v -0.321544 0.160137 -0.592948
v -0.118207 0.999437 0.177215
v -0.276677 0.151881 -0.482052
v -0.017009 0.206210 0.627463
v -0.308862 0.998154 0.013277
v 0.233015 0.676024 -0.379845
v 0.237057 0.754322 -0.381677
v -0.245299 0.419629 0.001307
v 0.000828 0.446434 -0.525597
v -0.003404 0.577247 0.129086
v -0.014721 0.574042 0.136526
v -0.273073 0.210242 -0.179331
v 0.289322 0.117455 -0.039308
v -0.273895 0.116428 -0.461202
v -0.243853 0.210174 0.424325
v 0.226269 0.527481 -0.309411
v -0.137409 0.197560 -0.464798
v 0.047848 0.972779 0.252368
v -0.315077 0.994728 0.037148
v -0.022804 0.269229 0.383670
v -0.100296 0.295666 0.665530
v -0.157737 0.333342 -0.421646
v 0.020243 0.187277 0.464612
v 0.035108 0.487954 -0.331536
v 0.276887 0.408132 -0.429858
v 0.252934 0.641143 -0.373832
v -0.048030 0.461811 -0.234241
v -0.252888 0.765915 -0.352727
v -0.257167 0.750111 -0.356459
v -0.227755 0.494307 -0.283605
v 0.274971 0.108845 0.206111
v 0.279331 0.109623 0.068399
v -0.232673 0.019979 -0.403106
v -0.247411 0.535730 -0.382528
v -0.124103 0.202224 0.156785
v 0.273717 0.214660 -0.460280
v 0.299402 0.193995 0.517583
v 0.299833 0.219772 0.631580
v -0.161379 0.973333 -0.441867
v 0.093793 0.474855 0.369070
v -0.301292 0.290646 -0.343369
v 0.113853 0.136340 -0.473936
v 0.220798 0.019201 0.646187
v 0.258325 0.037033 0.674675
v -0.191570 0.186188 0.393415
v -0.265015 0.150800 -0.637583
v 0.176184 0.346195 0.583949
v -0.294204 0.974554 -0.191474
v 0.267131 0.247153 0.417215
v -0.046297 0.975422 -0.438847
v 0.060934 0.401765 0.371020
v -0.064780 0.551005 0.281814
v 0.247056 0.560633 -0.319667
v 0.015174 0.450705 -0.382587
v 0.050511 0.453114 -0.437938
v -0.318652 0.029398 -0.445811
v -0.144019 0.208290 -0.480980
v -0.188074 0.394424 -0.261088
v 0.267528 0.246369 0.378059
v -0.110417 0.207071 0.628045
v -0.228480 0.124174 -0.320152
v -0.190725 0.209204 0.520778
v -0.319965 0.984389 -0.244583
v -0.308110 0.131730 -0.410858
v 0.090510 0.581636 0.160916
v -0.228671 0.032982 -0.381086
v -0.181765 0.055321 -0.390287
v -0.216062 0.141222 0.635960
v 0.222404 0.170919 -0.533656
v 0.222938 0.464324 0.548611
v -0.319924 0.984446 -0.117143
v -0.312416 0.028765 -0.541087
v 0.024008 0.202801 0.204053
v -0.073002 0.515231 0.334856
v 0.256093 0.538598 -0.367350
v 0.252914 0.471295 -0.374493
v 0.207688 0.668183 -0.333511
v -0.281634 0.152161 -0.535366
v 0.257026 0.110378 -0.016072
v 0.258865 0.109835 -0.042962
v 0.240786 0.561695 -0.294797
v 0.113654 0.153103 0.139978
v 0.225711 0.213339 0.361507
v -0.233424 0.379791 0.429345
v 0.228426 0.618753 -0.374545
v 0.228188 0.724675 -0.373886
v 0.182000 0.152967 0.205921
v -0.048881 0.716041 0.275008
v 0.277135 0.399430 -0.465925
v -0.165241 0.145358 0.586686
v -0.034856 0.423375 0.004701
v -0.183197 0.101362 0.450132
v 0.204759 0.524463 -0.377332
v -0.296480 0.146135 0.728661
v -0.250800 0.126423 0.343730
v -0.133986 0.135199 -0.463432
v -0.266706 0.560668 0.430619
v -0.310543 0.517837 -0.414998
v -0.258917 0.514948 -0.229693
v -0.306873 0.179109 0.723488
v -0.245064 0.713975 0.360040
v 0.226071 0.401345 -0.236352
v -0.229144 0.092121 0.431712
v -0.214189 0.109350 0.426110
v -0.068018 0.725206 0.249018
v -0.008584 0.205550 0.527306
v 0.121874 0.268409 -0.695631
v -0.255767 0.114563 -0.198540
v 0.025856 0.187917 -0.550686
v 0.159373 0.196135 -0.659624
v 0.148338 0.197002 -0.716374
v 0.240807 0.497981 -0.241474
v -0.182477 0.288877 0.606340
v 0.109067 0.401786 -0.285392
v -0.232218 0.538055 -0.374993
v 0.088493 0.500313 -0.228671
v 0.237703 0.340042 -0.650068
v -0.251178 0.802492 -0.351692
v -0.216207 0.143866 0.587226
v 0.096271 0.207733 0.670185
v 0.152614 0.228096 -0.512216
v 0.163738 0.161491 -0.496809
v -0.213356 0.283117 0.383443
v 0.298877 0.341856 -0.433743
v 0.137493 0.501293 0.428771
v -0.239322 0.260746 0.449303
v 0.290452 0.122272 -0.190614
v 0.290454 0.125510 -0.287089
v -0.037912 0.210715 0.679248
v 0.197759 0.178055 -0.496709
v -0.332066 0.531745 -0.426768
v -0.319792 0.521627 -0.406526
v 0.241228 0.136371 -0.248546
v 0.294271 0.973549 0.022860
v -0.317163 0.084845 0.476571
v -0.274472 0.363829 -0.129772
v -0.273405 0.398261 -0.223030
v -0.046571 0.331650 0.405448
v -0.013812 0.194289 -0.449882
v 0.091872 0.360820 0.009599
v 0.194336 0.359863 0.010308
v 0.283709 0.196775 -0.228840
v 0.114856 0.165007 -0.496714
v -0.239359 0.325106 0.468466
v -0.274987 0.354188 -0.553090
v -0.251446 0.533600 -0.184934
v 0.290846 0.177388 -0.052720
v 0.288449 0.175412 0.032531
v -0.276994 0.126037 0.633163
v 0.022375 0.225405 0.369536
v 0.220053 0.550190 -0.307472
v 0.106208 0.700327 -0.276881
v 0.221752 0.227441 -0.465017
v 0.272761 0.172203 0.544610
v -0.287615 0.178083 0.152454
v 0.192824 0.173269 0.588622
v 0.066914 0.606034 0.220733
v 0.240338 0.943257 0.367471
v -0.072955 0.287839 0.677148
v 0.114804 0.653618 0.224110
v -0.072055 0.179621 -0.582730
v -0.279826 0.109493 0.054724
v 0.082142 0.699587 0.265154
v -0.226522 0.540075 -0.186277
v -0.290102 0.306077 -0.410486
v 0.166134 0.231621 0.429448
v 0.250398 0.371918 -0.073667
v -0.222051 0.986228 0.367843
v -0.093410 0.972584 0.023641
v 0.042872 0.138958 -0.480750
v 0.177895 0.138502 -0.480527
v 0.254159 0.810029 0.358559
v 0.260841 0.855067 0.339082
v 0.076108 0.688989 0.235323
v -0.006758 0.944816 -0.457895
v 0.177571 0.305811 -0.578138
v 0.126540 0.392119 0.005366
v -0.308615 0.067513 0.692594
v -0.258668 0.519009 -0.264445
v 0.217418 0.267463 -0.717393
v 0.054542 0.999195 -0.443906
v -0.243894 0.590613 -0.335298
v 0.143320 0.176478 -0.494954
v -0.307697 0.094996 -0.476108
v -0.247033 0.993951 0.361848
v 0.195600 0.114715 -0.326289
v 0.220548 0.316215 0.601381
v 0.297848 0.217083 -0.330416
v 0.284931 0.177607 0.321849
v -0.232821 0.666508 -0.274524
v 0.101728 0.574263 0.153734
v -0.115526 0.159941 -0.496142
v 0.256841 0.382001 -0.091629
v 0.138275 0.527990 -0.374909
v 0.290855 0.159331 -0.232737
v 0.217963 0.995651 -0.453221
v -0.260205 0.808562 -0.371376
v -0.295341 0.975738 -0.374447
v -0.273526 0.386049 -0.207033
v -0.274413 0.375391 -0.160964
v -0.074236 0.402049 -0.224873
v 0.210496 0.308477 -0.447491
v 0.222713 0.317792 -0.443581
v -0.127916 0.532923 -0.364007
v -0.109828 0.529203 -0.369442
v 0.126235 0.535022 0.437028
v 0.228188 0.542071 -0.314422
v 0.230959 0.689453 -0.353342
v -0.303925 0.945235 0.341071
v 0.050246 0.687261 -0.322344
v -0.213609 0.224532 -0.622768
v -0.306603 0.088932 -0.509210
v 0.304619 0.943753 -0.331412
v -0.071877 0.134428 -0.464127
v 0.186683 0.292250 -0.411693
v 0.231823 0.817008 -0.379430
v -0.161903 0.249348 0.521493
v 0.225570 0.602193 -0.366876
v 0.004890 0.158184 -0.433759
v 0.244305 0.502278 -0.215186
v -0.126686 0.437729 0.440692
v -0.290829 0.974624 -0.309024
v -0.258119 0.973837 -0.157420
v 0.010281 0.671855 -0.281095
v 0.130922 0.162980 0.593865
v 0.148501 0.145708 -0.440854
v 0.214608 0.152379 -0.201503
v 0.234154 0.149215 -0.153241
v -0.209649 0.043650 -0.370999
v -0.174363 0.169991 0.401352
v -0.115825 0.189112 0.477704
v -0.253466 0.987233 0.367210
v -0.218019 0.988802 0.366733
v 0.064538 0.531812 0.314596
v -0.195308 0.137701 -0.449866
v -0.205824 0.145503 -0.469744
v -0.195176 0.132644 -0.464115
v -0.233834 0.325500 0.406974
v -0.120122 0.293750 0.615789
v -0.250875 0.533412 -0.434461
v -0.234691 0.532924 -0.399702
v 0.120935 0.476447 -0.277593
v 0.282470 0.077666 -0.612986
v 0.155515 0.331911 -0.414420
v -0.258115 0.426427 -0.541222
v -0.111053 0.209711 0.676791
v -0.079494 0.463967 -0.046982
v -0.050089 0.999186 0.288074
v -0.314699 0.995421 -0.286820
v 0.263635 0.109724 0.190395
v -0.155537 0.246350 -0.651050
v -0.017816 0.202962 -0.422810
v 0.007361 0.204838 -0.442090
v 0.291767 0.302858 0.507861
v -0.233438 0.732488 -0.356940
v 0.180159 0.268039 -0.719662
v -0.240058 0.542864 -0.381751
v 0.018086 0.209363 0.676920
v -0.079739 0.401039 -0.277217
v 0.223044 0.212811 -0.513377
v -0.215320 0.285386 -0.577067
v -0.260408 0.835734 -0.362277
v 0.270613 0.371541 -0.241409
v 0.215797 0.179211 0.566190
v -0.128343 0.199673 -0.317378
v -0.156475 0.197687 -0.723057
v -0.276704 0.109356 -0.253070
v 0.029361 0.196821 -0.715451
v 0.186867 0.241329 -0.457194
v -0.251831 0.550950 0.444170
v -0.042335 0.628856 0.168269
v -0.218875 0.431586 -0.326482
v -0.196424 0.423012 -0.314055
v -0.139437 0.430358 -0.322966
v 0.303763 0.965400 -0.191134
v -0.207108 0.538088 -0.307235
v 0.074779 0.461715 -0.033984
v -0.262245 0.999131 -0.240596
v -0.263100 0.999172 -0.391202
v -0.041941 0.973593 0.267748
v 0.302739 0.998841 0.035768
v 0.152983 0.492370 0.516291
v 0.000090 0.204448 -0.465333
v 0.188286 0.167745 0.627617
v 0.125267 0.432734 -0.236292
v 0.183947 0.283626 -0.545586
v 0.220758 0.339868 -0.433965
v 0.255366 0.613811 -0.367993
v 0.308831 0.997945 -0.376839
v -0.254892 0.777785 -0.379108
v 0.275813 0.292503 0.485707
v 0.270072 0.273934 0.460529
v -0.259973 0.684548 -0.362636
v -0.307543 0.139416 -0.534706
v -0.194240 0.133489 -0.416698
v -0.043317 0.135087 0.573559
v 0.309302 0.303749 0.565472
v -0.044290 0.186104 -0.055656
v -0.165445 0.201575 0.305071
v 0.076049 0.562589 0.121021
v 0.000229 0.407135 0.006898
v -0.066020 0.394249 0.005993
v -0.033730 0.634933 0.169131
v 0.126207 0.410575 -0.227268
v 0.041045 0.539085 0.422826
v 0.275248 0.404904 -0.385649
v 0.295538 0.392332 -0.404631
v 0.210835 0.491812 -0.334910
v -0.213453 0.535015 -0.232492
v 0.230986 0.726856 -0.377815
v 0.300705 0.136212 0.643591
v 0.090295 0.671946 0.230760
v -0.239133 0.140712 -0.282031
v 0.221938 0.453118 0.439306
v 0.065889 0.600874 0.205983
v 0.018940 0.192826 0.538382
v 0.261707 0.329447 0.467332
v -0.223951 0.440140 0.443252
v 0.182568 0.028946 0.519007
v -0.190023 0.190885 -0.528496
v 0.239608 0.309965 0.517178
v 0.236051 0.549749 -0.158170
v -0.263553 0.904775 0.318245
v -0.262616 0.853548 0.323188
v 0.313336 0.173500 0.707719
v 0.198005 0.194755 0.616955
v 0.304112 0.091959 0.519744
v -0.277124 0.254340 -0.316109
v 0.171685 0.163427 0.382467
v -0.303657 0.122802 0.631583
v -0.184663 0.535964 -0.364856
v 0.310611 0.997131 0.000474
v -0.121988 0.477110 0.413778
v 0.318856 0.202158 -0.364628
v 0.237564 0.818497 0.352857
v -0.253721 0.597948 -0.269786
v 0.223497 0.320037 -0.459436
v 0.317989 0.959811 0.108316
v -0.237885 0.357571 0.595083
v -0.297412 0.316271 -0.451393
v 0.302675 0.972756 -0.235629
v -0.037094 0.580259 0.115924
v -0.313283 0.228010 0.501381
v 0.237646 0.758861 0.349101
v 0.133237 0.484700 0.435256
v 0.203250 0.549621 -0.234412
v 0.179313 0.536268 -0.375159
v -0.255576 0.726016 -0.377437
v -0.149257 0.520238 -0.372344
v -0.102039 0.519760 -0.369801
v 0.309064 0.997590 -0.216740
v 0.314204 0.995150 -0.344728
v 0.151010 0.519199 -0.365266
v -0.260554 0.109936 0.053802
v -0.238680 0.955427 -0.351699
v -0.232814 0.974299 -0.354533
v 0.035489 0.549875 0.120796
v 0.151394 0.219273 -0.446172
v 0.169521 0.182119 -0.491913
v -0.287562 0.112460 -0.108602
v -0.042452 0.293348 0.671067
v 0.022928 0.295963 0.664882
v 0.028344 0.196787 -0.377989
v -0.033944 0.214981 0.681300
v 0.100164 0.210133 0.678070
v -0.304885 0.944860 -0.169858
v -0.178234 0.175847 0.586948
v 0.310791 0.191701 -0.332929
v -0.234972 0.469934 -0.238490
v -0.316142 0.254709 0.669364
v -0.243142 0.500822 -0.262631
v 0.039372 0.495214 0.302079
v -0.308406 0.146080 -0.556333
v 0.243609 0.923602 0.291962
v 0.234777 0.900157 0.306126
v 0.248726 0.609611 -0.329743
v 0.048703 0.185449 -0.055501
v 0.195225 0.286495 -0.566045
v -0.155890 0.315368 -0.564733
v -0.107863 0.975746 0.352908
v 0.215698 0.165870 0.558821
v 0.199584 0.228202 -0.461364
v -0.162814 0.196544 -0.675502
v -0.306467 0.158749 -0.538553
v 0.052741 0.197301 -0.459273
v -0.134127 0.973904 -0.365268
v 0.000570 0.718947 0.278651
v 0.258167 0.412478 0.450256
v 0.314727 0.177290 -0.569863
v -0.279857 0.191276 0.204258
v -0.289173 0.169850 0.252783
v 0.182499 0.068479 -0.364977
v -0.137111 0.520084 0.422481
v -0.061158 0.155037 0.107842
v -0.100843 0.472848 0.572069
v 0.264656 0.109544 0.079042
v -0.227094 0.114042 -0.474311
v -0.287377 0.192131 -0.219829
v 0.277997 0.109829 -0.263475
v -0.216265 0.178368 0.583055
v -0.215743 0.169192 0.620243
v -0.215789 0.153562 0.593092
v 0.252753 0.573829 -0.311571
v 0.100683 0.215434 0.681020
v -0.190945 0.278626 -0.568901
v -0.304672 0.998942 -0.018410
v 0.152243 0.215826 -0.602047
v 0.290038 0.130507 0.323813
v 0.287215 0.113584 0.313604
v 0.290160 0.121594 0.260873
v -0.181199 0.053858 0.653002
v -0.210754 0.967199 -0.443904
v -0.068919 0.450562 -0.384509
v 0.253856 0.200852 0.177790
v -0.308132 0.043052 0.670524
v -0.299263 0.974562 0.046426
v -0.201256 0.394894 -0.239121
v 0.290913 0.129002 0.234518
v 0.289464 0.117184 0.198910
v -0.038873 0.508904 0.299630
v -0.041848 0.503439 0.326350
v -0.277940 0.945163 -0.454081
v -0.302088 0.975894 -0.317874
v -0.233330 0.495071 -0.257079
v -0.119766 0.198409 -0.376543
v -0.034006 0.368438 0.000251
v 0.238431 0.313373 0.618955
v -0.152204 0.474585 0.419737
v 0.040712 0.554673 0.111200
v -0.218760 0.995053 -0.453904
v -0.234405 0.624599 -0.334444
v -0.201406 0.173585 -0.500405
v -0.315552 0.994929 0.201769
v 0.206126 0.692001 -0.329438
v 0.014234 0.618097 0.208719
v 0.316041 0.165392 -0.607057
v -0.228654 0.320129 -0.487372
v 0.247078 0.827755 0.354581
v -0.057754 0.535045 0.299266
v -0.056278 0.499387 0.339389
v -0.237532 0.143550 -0.211724
v 0.047785 0.153053 0.255501
v -0.148395 0.192967 -0.291197
v -0.001983 0.465704 0.394464
v -0.195526 0.497988 -0.294240
v -0.212741 0.317851 -0.485974
v 0.316292 0.990902 -0.368256
v 0.262051 0.321106 -0.466113
v 0.059675 0.138080 -0.450293
v -0.255119 0.412964 -0.242303
v 0.154491 0.306916 -0.572766
v 0.261513 0.307562 0.511859
v 0.117969 0.207074 0.360579
v -0.213469 0.412105 0.002061
v 0.247109 0.317185 0.395748
v 0.246530 0.326489 0.374791
v 0.116365 0.209190 0.628532
v -0.149372 0.460019 0.587645
v 0.108521 0.204602 0.513102
v 0.224219 0.157351 -0.528542
v 0.144534 0.177787 0.568542
v 0.232676 0.373989 -0.024240
v -0.086563 0.463378 0.395291
v -0.093649 0.467229 0.377788
v -0.092915 0.453216 0.399459
v -0.208874 0.251533 -0.605762
v 0.164375 0.203827 0.026064
v -0.256455 0.113154 0.330852
v 0.157361 0.334195 0.673064
v 0.223916 0.190014 -0.526117
v 0.224178 0.187365 -0.494063
v 0.299572 0.350799 -0.423214
v -0.273493 0.296357 -0.051269
v -0.148035 0.206057 -0.455130
v 0.104623 0.287694 0.677235
v -0.194373 0.007760 0.567674
v 0.068597 0.449081 0.347716
v 0.064546 0.428912 0.372855
v 0.256604 0.437995 -0.217990
v -0.044014 0.536806 0.291052
v 0.236265 0.884545 -0.381676
v -0.235916 0.492809 -0.233655
v 0.253009 0.834215 -0.373694
v -0.187967 0.164243 0.612333
v -0.007472 0.279581 0.681320
v -0.231828 0.647110 -0.358386
v -0.204725 0.342115 -0.491838
v 0.303824 0.950496 0.128740
v 0.274485 0.097014 0.595657
v -0.045888 0.520807 0.423310
v 0.215670 0.255305 -0.727759
v 0.195627 0.098360 0.434251
v -0.290877 0.290519 -0.569106
v 0.050201 0.476648 -0.262481
v 0.231301 0.846511 -0.353299
v -0.214043 0.313317 0.388144
v 0.199340 0.428566 -0.326133
v 0.274407 0.108834 0.040764
v 0.137121 0.698939 -0.338942
v -0.158497 0.177145 0.425872
v 0.100047 0.616195 0.182047
v 0.317782 0.983922 -0.013841
v -0.189667 0.350210 0.596435
v -0.193067 0.348494 0.538359
v 0.300747 0.224362 0.539084
v -0.153087 0.267431 -0.671386
v -0.221527 0.155692 -0.530698
v 0.249775 0.285200 0.472238
v -0.258515 0.426098 -0.189756
v -0.152105 0.214122 -0.501477
v -0.005722 0.669898 -0.327422
v -0.241777 0.694821 -0.381738
v -0.028243 0.972460 -0.164010
v 0.303420 0.968034 -0.365802
v 0.104084 0.667025 0.216530
v 0.244124 0.420661 -0.130410
v 0.226065 0.737999 -0.368532
v 0.227808 0.850522 -0.373871
v -0.262172 0.200120 0.210821
v -0.311306 0.997335 0.290973
v 0.215929 0.132839 0.620119
v -0.266672 0.107088 -0.627641
v 0.187025 0.178261 0.521583
v 0.187320 0.147845 0.519344
v -0.191481 0.201404 0.534045
v -0.099265 0.411513 0.406088
v 0.272764 0.145962 -0.448588
v -0.260991 0.109448 0.127191
v -0.238166 0.611617 -0.262016
v -0.227559 0.266717 -0.325858
v 0.303273 0.149011 -0.538183
v -0.064258 0.202311 0.239325
v 0.078217 0.206119 0.526142
v -0.178920 0.046791 0.533119
v 0.256733 0.110557 0.319886
v -0.228422 0.528701 -0.361556
v 0.242129 0.042952 -0.368412
v 0.277379 0.206599 0.530199
v -0.191198 0.178047 0.636594
v -0.214444 0.585336 -0.318199
v -0.210265 0.998927 -0.442506
v 0.295305 0.005128 -0.486360
v -0.134494 0.501327 0.427100
v 0.123860 0.191310 -0.288269
v -0.158351 0.281563 -0.338806
v -0.120295 0.213695 0.615738
v -0.120378 0.281819 0.569906
v -0.291551 0.286951 0.665350
v -0.242795 0.137020 0.171071
v 0.162070 0.524517 0.443034
v 0.165243 0.351979 0.679752
v 0.316882 0.156796 0.693900
v -0.028072 0.165480 -0.496695
v 0.307798 0.159610 -0.551673
v 0.257208 0.255121 0.379905
v 0.232506 0.064621 -0.604545
v 0.276046 0.217274 -0.510097
v -0.155428 0.247964 -0.514895
v 0.091513 0.446259 0.402248
v 0.200450 0.225582 -0.483003
v 0.251909 0.279870 0.680147
v 0.115218 0.227467 0.023976
v 0.223921 0.201404 0.020235
v -0.303182 0.214368 0.634555
v -0.197661 0.107474 -0.443676
v -0.298787 0.998666 0.326361
v -0.200564 0.165337 0.635176
v -0.247453 0.629726 -0.381936
v -0.247857 0.473694 -0.242338
v 0.004370 0.201930 0.338589
v -0.061620 0.504625 0.435978
v 0.276786 0.199253 -0.501942
v -0.035610 0.999597 0.157519
v -0.189951 0.477475 -0.281082
v -0.264064 0.355234 0.430272
v -0.149670 0.629641 -0.327095
v -0.064300 0.587589 -0.318779
v 0.229028 0.149099 -0.315868
v 0.249047 0.135683 0.729400
v -0.193218 0.195711 -0.463680
v 0.314302 0.994673 -0.234421
v -0.109089 0.283219 0.678341
v -0.101938 0.538207 0.428344
v -0.225743 0.998060 -0.447452
v 0.200287 0.707591 -0.286333
v -0.045288 0.463028 0.377212
v -0.090106 0.999007 -0.442291
vn -0.0097 0.8639 -0.5035
vn 0.4838 0.8631 0.1451
vn -0.1090 0.9920 0.0636
vn 0.0551 0.9687 0.2421
vn 0.3202 0.9039 0.2836
vn -0.3970 0.0467 0.9166
vn 0.0533 0.8841 0.4642
vn -0.0007 0.9531 0.3026
vn -0.1392 -0.9892 0.0464
vn 0.0909 0.9620 0.2574
vn 0.6591 0.6783 0.3249
vn -0.0292 0.9919 -0.1233
vn 0.0053 0.9615 0.2747
vn -0.0157 0.9229 0.3848
vn -0.0013 0.9964 0.0849
vn 0.4599 0.7434 -0.4857
vn 0.1406 0.9443 -0.2977
vn -0.0035 -0.2275 -0.9738
vn -0.0471 -0.2868 -0.9568
vn -0.0378 -0.2564 -0.9658
vn -0.0022 0.7065 -0.7077
vn 0.0184 0.2373 -0.9713
vn -0.0661 0.4587 -0.8861
vn 0.0132 -0.2048 -0.9787
vn 0.0331 -0.0238 -0.9992
vn -0.0235 0.9860 0.1651
vn -0.0344 0.9309 0.3637
vn 0.2003 0.9792 0.0312
vn 0.1345 0.9903 -0.0360
vn 0.1487 0.9424 0.2996
vn -0.0063 0.9236 0.3834
vn -0.0401 0.9637 -0.2638
vn -0.9684 0.1994 -0.1498
vn -0.5025 0.7599 -0.4123
vn -0.9431 0.3326 -0.0001
vn 0.2764 0.8924 0.3566
vn 0.4316 0.2944 0.8527
vn 0.2826 0.0955 0.9545
vn 0.0038 0.9086 0.4176
vn -0.9616 0.0923 -0.2584
vn -0.1025 0.5785 -0.8092
vn -0.1154 0.3037 -0.9457
vn -0.4574 0.2025 -0.8659
vn -0.4866 0.5346 -0.6909
vn 0.6008 0.4805 -0.6389
vn -0.1063 0.9879 -0.1130
vn -0.3951 0.2764 -0.8760
vn 0.6715 -0.0469 -0.7395
vn 0.5675 0.6020 -0.5618
vn 0.3549 0.3305 -0.8746
vn 0.8471 0.1663 -0.5048
vn 0.8794 0.3567 -0.3154
vn -0.0389 -0.3894 0.9203
vn -0.1558 -0.6010 0.7839
vn -0.1384 -0.8401 0.5244
vn 0.0688 -0.6630 0.7454
vn -0.0249 -0.8991 0.4370
vn 0.0263 -0.9954 0.0920
vn -0.1055 -0.9636 0.2456
vn 0.0538 -0.8269 0.5597
vn -0.0824 -0.7137 0.6956
vn -0.0652 -0.5593 0.8264
vn -0.0085 -0.9951 0.0985
vn -0.0143 -0.3802 0.9248
vn -0.9293 0.2028 -0.3088
vn -0.9170 0.3361 0.2146
vn -0.9075 0.4167 0.0527
vn -0.9946 0.1022 0.0158
vn -0.8633 0.2959 -0.4089
vn -0.3939 0.6853 -0.6125
vn -0.2341 0.5933 -0.7702
vn -0.8917 0.3618 -0.2721
vn -0.6649 0.7321 -0.1480
vn -0.4594 0.7874 -0.4111
vn -0.4770 0.4386 -0.7617
vn -0.6914 -0.3508 -0.6316
vn -0.9000 0.2054 -0.3846
vn -0.3272 0.5553 -0.7646
vn 0.0774 -0.4248 -0.9020
vn -0.3523 0.5130 -0.7827
vn -0.0145 -0.5051 -0.8630
vn 0.7889 0.1308 0.6005
vn 0.6218 -0.7096 0.3315
vn 0.0891 -0.5454 0.8335
vn -0.0743 0.4057 0.9110
vn 0.1771 0.4776 0.8605
vn 0.5848 0.4366 0.6837
vn 0.5568 -0.7712 -0.3086
vn 0.4081 -0.5004 -0.7636
vn 0.1730 -0.0349 -0.9843
vn 0.6220 -0.7824 0.0300
vn 0.5124 -0.8587 0.0063
vn 0.4361 -0.5853 -0.6836
vn 0.3767 -0.9263 0.0003
vn 0.3028 -0.8187 -0.4878
vn 0.7920 -0.2464 -0.5586
vn 0.3931 -0.4112 -0.8224
vn 0.6048 -0.1747 -0.7770
vn 0.9506 -0.2763 -0.1412
vn 0.0170 0.6035 0.7972
vn -0.7898 0.0670 0.6097
vn 0.3955 -0.2494 -0.8839
vn 0.6286 -0.4483 -0.6356
vn 0.6714 0.3481 -0.6543
vn 0.2469 0.6944 0.6760
vn 0.6209 -0.7354 -0.2714
vn 0.2123 -0.7234 -0.6570
vn -0.7708 -0.6032 -0.2047
vn 0.0319 -0.1185 -0.9924
vn 0.2339 -0.9576 0.1683
vn 0.2903 0.6856 -0.6676
vn -0.9748 0.0724 0.2110
vn 0.0925 0.9825 -0.1615
vn 0.0099 0.9272 -0.3745
vn 0.0825 0.1810 -0.9800
vn 0.2717 0.9486 -0.1625
vn 0.1269 -0.9613 -0.2447
vn -0.0341 -0.7380 -0.6739
vn -0.1518 -0.9883 -0.0119
vn -0.0352 -0.8750 -0.4828
vn 0.2261 -0.9420 -0.2482
vn 0.1049 -0.6514 -0.7514
vn 0.4095 -0.7713 -0.4872
vn 0.8217 -0.5516 -0.1437
vn -0.1051 -0.9572 -0.2696
vn 0.1495 -0.1716 -0.9738
vn -0.1553 -0.2138 -0.9645
vn -0.0666 0.6966 -0.7144
vn 0.2423 0.9456 -0.2172
vn -0.2115 -0.3826 -0.8994
vn 0.3965 0.7208 -0.5686
vn 0.6732 0.6786 -0.2939
vn 0.8707 0.4002 -0.2860
vn 0.2974 0.5567 -0.7757
vn 0.7924 0.3577 -0.4942
vn 0.5536 0.3077 -0.7738
vn 0.8881 0.3401 -0.3092
vn 0.9630 0.2646 -0.0510
vn 0.1507 0.3064 -0.9399
vn -0.9072 -0.2299 -0.3523
vn -0.5475 -0.1093 -0.8296
vn -0.6303 -0.0227 -0.7761
vn -0.9589 0.1975 0.2038
vn -0.4109 -0.3316 -0.8492
vn -0.4294 -0.2157 -0.8770
vn -0.8390 0.5176 0.1679
vn -0.9692 0.2037 0.1386
vn -0.9225 0.1623 0.3501
vn -0.2598 -0.1296 -0.9569
vn -0.4889 -0.4344 -0.7564
vn 0.7216 0.6734 -0.1607
vn 0.8879 -0.2572 -0.3815
vn 0.8702 0.4928 0.0030
vn -0.0536 0.9464 0.3186
vn -0.2016 0.1242 0.9716
vn -0.4187 -0.1759 0.8909
vn -0.0830 -0.8258 0.5579
vn -0.5427 -0.0203 -0.8397
vn -0.4696 -0.4872 -0.7363
vn 0.5006 -0.2637 -0.8245
vn 0.3444 -0.5897 -0.7305
vn -0.3957 -0.5176 -0.7587
vn -0.4177 -0.2471 0.8744
vn 0.8997 -0.4341 -0.0452
vn 0.2762 0.2261 -0.9341
vn 0.4515 0.3351 0.8270
vn 0.2306 0.9640 -0.1321
vn -0.3117 0.4991 0.8085
vn -0.7701 0.6284 -0.1098
vn 0.8772 0.1243 -0.4637
vn 0.9482 0.0593 -0.3120
vn 0.8514 0.4228 -0.3104
vn 0.0034 1.0000 -0.0013
vn 0.0056 1.0000 -0.0006
vn 0.0051 1.0000 -0.0004
vn -0.6866 -0.7205 0.0971
vn 0.6961 -0.6990 -0.1637
vn 0.8068 -0.5909 -0.0030
vn 0.6166 -0.3294 -0.7151
vn 0.4602 0.5340 -0.7093
vn -0.0154 0.1059 -0.9943
vn 0.9298 0.3495 -0.1153
vn 0.9223 0.2974 -0.2470
vn 0.8849 0.4444 -0.1395
vn 0.5344 0.0546 -0.8435
vn 0.9951 0.0424 -0.0888
vn 0.7312 0.3663 -0.5755
vn -0.8358 0.5437 0.0760
vn -0.7786 0.6116 -0.1408
vn -0.7357 0.6770 0.0220
vn -0.0089 0.9986 -0.0524
vn -0.0025 0.9982 -0.0601
vn -0.0023 0.9994 -0.0356
vn 0.5582 -0.7631 0.3256
vn 0.0351 -0.9662 0.2555
vn 0.5436 -0.8152 0.2001
vn -0.8687 -0.4580 0.1888
vn -0.2576 -0.9647 0.0548
vn -0.5699 -0.7972 0.1991
vn -0.9986 0.0524 0.0075
vn -0.9977 0.0680 0.0004
vn -0.9988 -0.0489 -0.0013
vn -0.9668 -0.0022 0.2555
vn -0.9998 0.0010 -0.0203
vn -0.9632 -0.0002 0.2688
vn 0.1911 0.9139 0.3580
vn 0.1029 0.9897 0.0994
vn 0.0214 0.9796 0.2000
vn -0.0303 0.7193 -0.6940
vn -0.1042 0.9789 -0.1757
vn -0.0488 0.7685 -0.6380
vn 0.1029 -0.3147 0.9436
vn 0.3816 0.8808 0.2804
vn 0.1067 0.7223 -0.6833
vn 0.0521 -0.9982 -0.0293
vn -0.8465 -0.4744 0.2416
vn -0.3216 -0.8137 0.4843
vn 0.1456 -0.7671 0.6248
vn -0.0099 -0.8907 0.4546
vn 0.1433 -0.8410 0.5217
vn -0.0963 -0.1897 -0.9771
vn -0.0877 0.6922 -0.7164
vn 0.2440 -0.6356 -0.7324
vn 0.4284 -0.6848 -0.5895
vn 0.7669 -0.4203 -0.4850
vn 0.8669 -0.4396 -0.2351
vn -0.0020 -0.1779 -0.9840
vn 0.0014 -0.1796 -0.9837
vn 0.0456 -0.1948 -0.9798
vn -0.0553 -0.9985 0.0051
vn 0.0089 -1.0000 -0.0014
vn 0.2848 -0.9583 0.0224
vn -0.0021 -1.0000 -0.0096
vn -0.0046 -0.9928 0.1196
vn 0.0033 -1.0000 -0.0058
vn 0.0052 -0.8020 0.5973
vn 0.0026 -0.3568 0.9342
vn -0.0247 0.5366 0.8434
vn -0.0994 -0.9051 -0.4133
vn -0.0370 -0.8101 -0.5851
vn -0.0036 -0.9399 -0.3413
vn 0.0304 0.8678 0.4961
vn 0.0087 0.6858 0.7277
vn 0.0113 0.8936 -0.4488
vn 0.0635 0.9824 -0.1757
vn 0.5587 0.8294 -0.0002
vn 0.8121 0.5836 -0.0019
vn 0.8813 0.4725 -0.0008
vn 0.7168 -0.6973 0.0021
vn 0.5535 -0.8328 -0.0053
vn 0.4043 -0.9146 0.0032
vn -0.9952 -0.0791 -0.0575
vn -0.6705 -0.2178 -0.7092
vn -0.6110 0.5850 -0.5334
vn 0.0011 0.0912 0.9958
vn 0.0019 0.1087 0.9941
vn 0.0001 0.1771 0.9842
vn 0.9501 0.3119 0.0113
vn 0.9964 0.0844 0.0053
vn 0.9983 0.0581 0.0077
vn -0.0030 -0.9621 -0.2727
vn 0.0004 -0.9133 -0.4073
vn -0.0083 -0.9674 -0.2531
vn -0.2408 -0.4756 -0.8460
vn -0.7898 0.5880 -0.1747
vn -0.9678 -0.0919 -0.2342
vn 0.0036 0.9908 -0.1355
vn -0.0529 0.9756 0.2133
vn -0.0254 0.6893 -0.7240
vn -0.6372 -0.7661 -0.0839
vn -0.4240 -0.8556 -0.2970
vn -0.2510 -0.9664 -0.0556
vn 0.6837 0.2681 -0.6788
vn 0.4981 -0.8003 0.3337
vn 0.9818 -0.0249 -0.1881
vn -0.0070 0.2101 0.9776
vn 0.0004 0.2438 0.9698
vn -0.0029 0.6280 0.7782
vn -0.0357 0.8003 0.5986
vn -0.2173 0.8264 0.5194
vn -0.1187 0.3484 0.9298
vn 0.9930 0.0924 0.0730
vn 0.9136 0.4001 -0.0727
vn 0.9510 0.3056 0.0468
vn 0.0022 -0.3210 0.9471
vn -0.2587 -0.3460 0.9019
vn 0.0033 -0.3672 0.9301
vn -0.3657 0.5831 0.7254
vn 0.4424 0.4780 0.7588
vn -0.0420 -0.0330 0.9986
vn 0.0066 0.7346 -0.6785
vn 0.0420 0.6806 -0.7314
vn 0.0100 0.6371 -0.7707
vn 0.4855 -0.6607 0.5726
vn 0.3783 -0.9125 0.1558
vn 0.3609 -0.8671 0.3433
vn -0.3596 -0.2567 0.8971
vn -0.0750 -0.9359 0.3442
vn -0.1863 -0.2942 0.9374
vn -0.8800 0.4749 -0.0067
vn -0.8291 0.5566 0.0522
vn -0.5952 0.8036 -0.0045
vn 0.0457 0.7091 -0.7037
vn 0.0962 0.5880 -0.8031
vn 0.0615 0.8950 -0.4418
vn -0.5681 -0.7368 0.3665
vn -0.0105 -0.9999 -0.0046
vn -0.2700 -0.9453 0.1828
vn -0.0339 -0.6150 -0.7878
vn -0.0123 -0.9478 -0.3186
vn -0.0164 -0.4084 -0.9127
vn 0.7739 0.4419 0.4537
vn 0.9890 -0.0798 -0.1243
vn 0.9472 -0.2683 -0.1755
vn -0.0029 -0.0251 -0.9997
vn 0.0001 0.0845 -0.9964
vn -0.0017 0.1020 -0.9948
vn 0.4940 -0.8695 -0.0074
vn 0.3668 -0.9303 -0.0044
vn -0.1087 -0.9941 -0.0013
vn -0.4424 0.8494 -0.2876
vn -0.4747 0.8709 0.1274
vn -0.5108 0.8265 -0.2367
vn 0.9961 -0.0100 -0.0880
vn 0.9344 0.3504 0.0650
vn -0.6810 -0.4970 -0.5378
vn -0.3092 -0.3803 -0.8717
vn -0.1472 -0.5765 -0.8038
vn -0.2089 -0.0852 -0.9742
vn -0.0613 0.1535 -0.9862
vn -0.0618 -0.0913 -0.9939
vn 0.7758 0.2016 0.5979
vn 0.8641 0.1731 0.4727
vn 0.9569 -0.0717 -0.2814
vn -0.9622 0.0100 -0.2720
vn -0.3534 -0.5293 -0.7713
vn -0.6114 -0.0099 -0.7912
vn -0.0102 0.9975 0.0704
vn 0.0052 0.9755 0.2200
vn -0.0068 0.9929 -0.1188
vn -0.5302 -0.7023 -0.4751
vn -0.6381 -0.6746 -0.3712
vn 0.5104 -0.7379 -0.4416
vn 0.6532 0.1050 0.7498
vn 0.9145 -0.0634 0.3995
vn 0.9348 0.0540 0.3510
vn -0.7795 0.5510 0.2978
vn -0.4814 0.8411 0.2465
vn -0.8302 0.5257 0.1855
vn -0.9976 0.0698 -0.0013
vn -0.9965 0.0833 -0.0007
vn -0.6281 -0.7781 0.0042
vn 0.4394 0.4351 0.7859
vn 0.9703 0.2389 -0.0381
vn 0.7328 -0.0126 0.6803
vn 0.0062 0.9963 0.0853
vn -0.3689 0.9126 0.1764
vn 0.0095 0.9564 0.2919
vn -0.8624 0.1641 -0.4789
vn -0.9231 -0.0625 -0.3794
vn -0.9643 0.1345 -0.2280
vn -0.9067 -0.3409 0.2484
vn -0.9312 -0.2468 0.2683
vn -0.9622 -0.2084 0.1750
vn 0.5385 -0.8047 -0.2499
vn 0.1937 -0.5682 -0.7998
vn -0.7048 -0.6939 0.1471
vn 0.0509 0.3403 -0.9389
vn 0.1335 -0.1415 -0.9809
vn 0.0087 -0.5429 -0.8397
vn 0.2260 -0.8211 0.5241
vn 0.0563 -0.9036 0.4247
vn 0.0424 -0.8659 0.4984
vn 0.0241 0.4066 0.9133
vn 0.0379 0.1706 0.9846
vn 0.2750 0.2505 0.9282
vn 0.2165 -0.5548 0.8033
vn 0.2751 -0.8733 0.4021
vn -0.6603 -0.1838 -0.7281
vn -0.7066 -0.1531 -0.6909
vn -0.3896 -0.1767 -0.9039
vn -0.0030 0.6560 -0.7548
vn 0.0006 0.7478 -0.6639
vn 0.0018 0.6645 -0.7473
vn -0.8943 0.2061 0.3973
vn -0.9997 0.0244 0.0043
vn -0.9796 0.0559 0.1929
vn 0.0008 0.7320 0.6813
vn 0.0023 0.4368 0.8996
vn 0.0017 0.8815 0.4721
vn 0.9992 0.0395 -0.0088
vn 0.9696 0.2214 0.1040
vn 0.8176 -0.4925 0.2984
vn 0.9901 -0.0610 -0.1266
vn 0.9347 -0.3129 -0.1686
vn 0.9628 -0.1558 -0.2209
vn -0.9027 0.4118 0.1246
vn -0.9969 0.0738 0.0277
vn -0.8677 0.4113 0.2791
vn 0.0279 0.8993 -0.4365
vn 0.0102 0.7439 -0.6683
vn 0.0011 0.8963 -0.4434
vn 0.9917 0.0236 0.1264
vn 0.9945 -0.0732 0.0744
vn 0.9692 -0.0123 -0.2461
vn -0.0364 0.3463 -0.9374
vn -0.0038 0.3419 -0.9397
vn -0.0080 0.3316 -0.9434
vn -0.0543 0.2512 -0.9664
vn 0.7862 -0.0715 -0.6138
vn 0.9863 -0.1402 -0.0869
vn 0.7070 0.6876 -0.1654
vn 0.5601 0.8284 0.0074
vn 0.9008 0.4338 -0.0186
vn -0.7909 -0.5874 -0.1718
vn -0.9902 -0.0007 -0.1396
vn -0.9776 0.0001 0.2104
vn -0.6090 -0.6913 0.3888
vn -0.7026 -0.2994 0.6456
vn 0.8690 -0.4258 -0.2519
vn 0.5355 -0.7582 -0.3719
vn 0.5520 -0.6252 -0.5517
vn -0.0957 -0.7659 -0.6358
vn 0.6325 -0.6160 -0.4696
vn 0.2939 -0.7175 -0.6315
vn 0.0680 0.7226 -0.6879
vn 0.4834 0.8733 -0.0613
vn 0.1475 0.9315 -0.3326
vn -0.0633 0.8250 -0.5615
vn 0.0014 0.8291 -0.5591
vn -0.0048 0.9998 -0.0173
vn -0.9198 0.3924 -0.0035
vn 0.1568 -0.3014 -0.9405
vn 0.8052 -0.1873 -0.5627
vn -0.2510 -0.2028 -0.9465
vn 0.9943 0.1065 0.0099
vn 0.8984 -0.2416 0.3668
vn 0.9953 -0.0809 0.0524
vn -0.4202 -0.8987 -0.1258
vn -0.7319 -0.0123 -0.6813
vn -0.3003 -0.6932 0.6552
vn 0.7438 0.4569 0.4878
vn 0.6810 0.4013 0.6126
vn 0.9183 -0.1731 0.3561
vn 0.2577 0.4751 -0.8414
vn 0.8310 0.0352 -0.5551
vn 0.7630 -0.4255 -0.4867
vn 0.9058 -0.0800 0.4161
vn 0.4618 -0.1149 0.8795
vn 0.5255 -0.3063 0.7937
vn 0.9058 0.4226 -0.0290
vn 0.9981 0.0616 -0.0043
vn 0.9917 0.1023 -0.0777
vn 0.5457 -0.6370 -0.5445
vn 0.1332 -0.1516 -0.9794
vn 0.3219 -0.9042 -0.2808
vn -0.8576 -0.3060 0.4135
vn -0.3704 -0.4493 0.8130
vn 0.2642 -0.5221 0.8109
vn 0.9990 -0.0438 0.0004
vn 0.9996 -0.0295 0.0021
vn 0.9381 -0.3463 0.0045
vn 0.1385 0.3261 -0.9351
vn 0.0499 0.1008 -0.9937
vn -0.2305 0.6808 -0.6953
vn 0.7804 -0.2918 -0.5530
vn 0.7425 0.1591 -0.6507
vn 0.8154 -0.5258 -0.2422
vn 0.0337 0.8916 0.4515
vn 0.0467 0.7599 0.6483
vn 0.0577 0.9260 0.3731
vn 0.3215 -0.9419 -0.0973
vn 0.3142 -0.9039 -0.2904
vn 0.6412 -0.7227 -0.2579
vn -0.9991 0.0393 -0.0134
vn -0.9099 0.4144 -0.0169
vn -0.5596 0.6388 -0.5279
vn -0.0150 -0.9979 0.0636
vn -0.0087 -0.9931 -0.1172
vn -0.0015 -0.9998 0.0195
vn -0.0010 0.7766 0.6300
vn 0.0029 0.5460 0.8378
vn 0.0040 -0.8210 -0.5709
vn -0.0004 -0.0160 -0.9999
vn -0.1453 -0.3224 -0.9354
vn -0.6311 -0.4122 -0.6571
vn -0.2235 -0.2802 -0.9336
vn -0.5936 -0.1807 -0.7842
vn -0.8835 -0.4679 0.0234
vn -0.4037 -0.8943 0.1931
vn 0.8152 -0.1077 0.5691
vn 0.8802 -0.1531 0.4493
vn 0.9422 0.0128 0.3349
vn -0.7012 -0.7098 0.0669
vn -0.0086 -0.9884 -0.1515
vn 0.0010 -0.9490 0.3154
vn 0.9823 0.1502 -0.1118
vn 0.6924 0.7138 0.1046
vn 0.6519 0.7515 -0.1020
vn -0.7119 -0.5403 0.4486
vn -0.8683 -0.3160 0.3825
vn -0.4375 -0.8534 0.2835
vn -0.9923 -0.1132 0.0496
vn -0.9999 -0.0031 0.0138
vn -0.8370 -0.5420 0.0750
vn 0.4101 0.4777 -0.7770
vn 0.5828 0.7488 -0.3158
vn 0.9922 -0.1099 0.0595
vn 0.8389 -0.4022 0.3667
vn 0.7564 -0.5694 0.3220
vn -0.0181 0.2481 0.9686
vn -0.0164 0.1975 0.9802
vn -0.0047 0.2209 0.9753
vn -0.0082 -0.4090 -0.9125
vn -0.0606 -0.3968 -0.9159
vn -0.0014 -0.3023 -0.9532
vn 0.4042 -0.0985 -0.9094
vn -0.0746 -0.1803 -0.9808
vn 0.0118 -0.1827 -0.9831
vn 0.9702 0.1768 -0.1656
vn 0.9525 -0.2410 0.1862
vn 0.9939 0.1098 -0.0040
vn 0.0532 0.8777 0.4763
vn 0.0272 0.8609 0.5080
vn 0.2915 0.7441 0.6011
vn 0.0806 0.4497 0.8895
vn 0.0125 0.5829 0.8124
vn 0.2746 0.9104 0.3094
vn -0.6306 0.6670 0.3968
vn -0.3370 0.8496 0.4057
vn -0.7665 0.6027 0.2217
vn 0.9155 0.3939 0.0817
vn 0.8972 0.3737 0.2353
vn 0.9998 -0.0126 -0.0123
vn -0.9405 0.0491 0.3362
vn -0.8091 0.1024 0.5786
vn -0.9019 0.0161 0.4317
vn 0.1432 -0.0107 -0.9896
vn 0.1318 0.2644 -0.9554
vn 0.4537 0.2207 -0.8634
vn 0.9048 0.1399 0.4021
vn 0.9699 -0.1153 -0.2144
vn 0.6736 -0.3971 -0.6234
vn -0.7669 0.0520 0.6397
vn -0.3494 0.1130 0.9301
vn -0.3231 0.3747 0.8690
vn 0.9909 -0.1336 -0.0182
vn 0.6476 -0.4672 -0.6020
vn 0.9822 -0.0527 -0.1804
vn 0.5840 -0.5943 -0.5529
vn 0.8671 -0.4775 0.1420
vn -0.4801 0.8315 0.2795
vn -0.8390 0.5161 0.1721
vn -0.9542 0.2899 0.0744
vn 0.2720 -0.6509 -0.7088
vn 0.4084 -0.9126 -0.0194
vn 0.2218 -0.5844 -0.7806
vn 0.1041 0.5870 -0.8029
vn -0.4515 0.3799 -0.8074
vn -0.9994 -0.0054 -0.0337
vn -0.5119 0.7067 -0.4884
vn -0.3688 -0.9295 0.0001
vn 0.2345 -0.9721 -0.0018
vn -0.0004 0.9999 0.0165
vn -0.0004 0.9978 0.0670
vn 0.0041 1.0000 0.0035
vn 0.7743 0.0177 -0.6326
vn 0.6906 0.7228 -0.0262
vn 0.7226 0.6123 -0.3209
vn 0.7088 -0.7054 0.0013
vn 0.5703 -0.8199 0.0505
vn 0.8261 -0.5635 -0.0026
vn -0.8576 0.4749 0.1976
vn -0.8119 0.5353 0.2331
vn -0.4314 0.8638 0.2605
vn -0.0752 -0.1156 0.9904
vn -0.2711 -0.6108 0.7440
vn -0.1520 -0.5761 0.8031
vn -0.9833 -0.1741 0.0522
vn -0.9117 -0.3963 0.1080
vn -0.1012 0.1759 0.9792
vn -0.4755 0.0575 0.8778
vn -0.0662 -0.0947 0.9933
vn -0.9994 -0.0196 0.0295
vn -0.9851 0.1682 -0.0357
vn -0.9877 0.1317 0.0845
vn -0.9998 -0.0190 -0.0000
vn -0.6837 -0.7298 -0.0020
vn -0.8321 -0.5546 -0.0010
vn 0.1079 0.8502 0.5153
vn 0.1675 0.8131 0.5575
vn 0.1486 0.8435 0.5162
vn 0.0045 1.0000 -0.0003
vn 0.0259 0.9997 -0.0002
vn 0.0741 0.9972 0.0006
vn -0.0126 -0.9998 -0.0123
vn -0.0206 -0.4767 0.8788
vn -0.8882 0.0850 -0.4516
vn -0.3898 0.8878 -0.2445
vn -0.1379 -0.0814 -0.9871
vn 0.0014 0.3204 -0.9473
vn 0.0181 0.3327 -0.9429
vn 0.0945 0.9937 0.0602
vn 0.7721 0.6290 -0.0912
vn 0.4064 0.9072 0.1091
vn 0.0336 0.0410 -0.9986
vn 0.0904 -0.2455 -0.9652
vn 0.0333 0.0520 0.9981
vn -0.5582 0.6319 0.5377
vn 0.9735 -0.1168 -0.1964
vn 0.7130 -0.7012 -0.0004
vn 0.4175 -0.8091 -0.4136
vn 0.0337 0.9994 -0.0046
vn 0.0055 0.9994 -0.0338
vn 0.2344 0.9608 -0.1480
vn -0.3500 -0.4258 -0.8344
vn -0.0252 -0.6924 -0.7211
vn -0.1538 -0.8807 -0.4480
vn -0.0692 0.3773 -0.9235
vn -0.4645 0.0185 -0.8854
vn -0.1560 -0.5210 -0.8392
vn -0.7867 -0.0690 -0.6135
vn -0.7299 -0.2429 -0.6389
vn -0.9644 -0.0811 -0.2517
vn 0.4955 -0.8685 -0.0122
vn 0.5417 -0.8406 0.0011
vn 0.8918 -0.4525 -0.0041
vn 0.3516 -0.9356 0.0329
vn 0.3748 -0.9270 0.0133
vn 0.9937 -0.1121 -0.0018
vn 0.9972 -0.0745 0.0023
vn 0.7774 -0.6291 -0.0024
vn 0.9843 0.0432 0.1712
vn 0.2879 0.2354 0.9283
vn 0.5816 0.4492 0.6782
vn -0.0040 0.0887 0.9960
vn -0.0482 0.3303 0.9427
vn -0.9424 -0.1006 0.3191
vn -0.9690 -0.0188 -0.2463
vn -0.8614 0.5061 0.0423
vn -0.1022 -0.6461 -0.7564
vn -0.0036 -0.4476 -0.8942
vn -0.1235 -0.1499 -0.9810
vn 0.0828 0.8330 -0.5470
vn -0.7531 -0.1085 -0.6489
vn -0.5833 -0.6957 -0.4192
vn -0.7457 -0.6582 -0.1038
vn 0.0012 0.0959 -0.9954
vn 0.0029 0.4274 -0.9041
vn 0.1566 0.3870 -0.9087
vn 0.1808 0.0060 0.9835
vn 0.5634 -0.0032 0.8262
vn 0.5415 0.0045 0.8407
vn 0.5923 -0.5499 -0.5889
vn 0.6772 -0.7149 -0.1744
vn 0.6949 -0.7128 -0.0950
vn -0.7282 0.2016 0.6550
vn -0.8884 0.1200 0.4432
vn -0.3577 0.2696 0.8941
vn -0.0239 -0.2855 -0.9581
vn -0.1697 -0.3599 -0.9174
vn -0.0109 0.5655 -0.8247
vn 0.1159 0.5694 -0.8138
vn 0.0766 0.4305 -0.8993
vn -0.9655 -0.0655 -0.2520
vn -0.3857 -0.2753 -0.8806
vn -0.3813 -0.2676 -0.8849
vn -0.9177 0.3951 0.0416
vn -0.9999 -0.0095 0.0089
vn -0.9644 0.2213 0.1447
vn -0.0017 0.1443 0.9895
vn -0.3879 0.8820 0.2676
vn -0.3346 0.8528 0.4010
vn -0.1576 0.9513 0.2649
vn -0.8530 0.4552 -0.2553
vn -0.3878 0.9038 -0.1807
vn -0.4777 0.2395 -0.8452
vn 0.9233 0.3477 0.1629
vn 0.9566 0.2040 0.2079
vn 0.9948 -0.0771 -0.0661
vn -0.2311 -0.9603 0.1563
vn -0.0873 -0.9602 -0.2653
vn 0.0143 -0.7535 0.6572
vn 0.2120 0.9773 0.0030
vn 0.6523 0.7578 0.0138
vn 0.1959 0.9806 0.0096
vn -0.2284 0.8267 0.5142
vn 0.1323 0.4780 0.8684
vn 0.1321 0.3809 0.9151
vn -0.0249 -0.3326 0.9427
vn -0.0498 -0.4919 0.8692
vn 0.0903 -0.4589 0.8839
vn -0.7177 0.3426 -0.6062
vn -0.2808 0.6654 -0.6917
vn -0.7992 0.5829 -0.1466
vn 0.0310 0.1285 -0.9912
vn 0.0174 0.3883 0.9214
vn 0.0081 0.6138 0.7894
vn 0.0247 0.6543 0.7558
vn -0.8847 0.3351 -0.3240
vn -0.5704 -0.7160 -0.4024
vn -0.7871 -0.6060 -0.1147
vn 0.9461 0.0832 -0.3130
vn 0.8896 0.0683 -0.4516
vn 0.2607 0.9236 0.2810
vn 0.2376 0.7698 0.5925
vn 0.5667 0.7172 0.4055
vn 0.6219 0.0010 -0.7831
vn 0.8709 0.0021 -0.4914
vn 0.6220 -0.1747 -0.7633
vn -0.9730 0.1964 0.1209
vn -0.8693 0.3999 -0.2904
vn -0.8771 0.3559 -0.3225
vn -0.0026 0.9552 -0.2958
vn -0.0008 0.9997 -0.0264
vn -0.0042 0.9987 -0.0506
vn -0.9935 -0.0005 0.1135
vn -0.9998 -0.0022 -0.0212
vn -0.9433 -0.0023 -0.3321
vn -0.0096 -0.8857 -0.4641
vn 0.0700 -0.7013 -0.7094
vn 0.7396 0.6646 0.1068
vn -0.9395 -0.3426 0.0018
vn -0.9988 0.0019 -0.0480
vn -0.9934 -0.1120 0.0252
vn 0.7521 0.1919 0.6305
vn 0.4024 0.2892 0.8686
vn 0.9848 0.0697 0.1588
vn 0.6922 0.4768 0.5417
vn -0.0727 0.9737 0.2158
vn -0.9837 0.1794 0.0115
vn -0.9891 0.1466 0.0116
vn -0.0017 -0.5618 -0.8273
vn -0.0179 -0.5589 -0.8291
vn -0.0031 -0.9009 -0.4341
vn 0.0065 -0.9966 0.0821
vn 0.0091 -0.6668 0.7452
vn -0.9990 -0.0037 -0.0453
vn -0.5720 -0.4132 -0.7086
vn 0.0045 0.9270 0.3751
vn -0.3837 0.8517 0.3569
vn -0.0143 0.8356 0.5492
vn 0.6922 -0.2273 -0.6850
vn 0.9088 -0.1470 -0.3905
vn 0.5525 -0.2547 -0.7936
vn -0.0387 -0.9933 0.1089
vn 0.0186 -0.9975 -0.0675
vn 0.0470 -0.9789 0.1986
vn -0.0026 -0.9006 -0.4346
vn 0.0021 -0.9973 -0.0738
vn -0.0300 -0.9854 0.1677
vn -0.6997 -0.6760 0.2312
vn -0.5262 -0.8479 0.0648
vn 0.0684 0.0577 -0.9960
vn 0.1547 0.0294 -0.9875
vn 0.1126 -0.2017 -0.9729
vn 0.9990 0.0163 0.0409
vn 0.9119 0.2591 0.3184
vn 0.9942 0.0540 0.0928
vn -0.0466 -0.5425 0.8388
vn 0.0565 -0.6377 0.7682
vn 0.1179 -0.5115 0.8512
vn -0.1025 0.9256 -0.3644
vn -0.0034 1.0000 -0.0036
vn -0.0005 0.9973 -0.0739
vn -0.4533 -0.8254 -0.3366
vn -0.6126 -0.7784 0.1375
vn -0.0650 -0.7581 0.6488
vn -0.3280 0.6443 0.6908
vn -0.2429 0.7553 0.6087
vn 0.0071 0.7641 0.6450
vn 0.1411 -0.9742 -0.1759
vn -0.4376 -0.5318 -0.7251
vn 0.7016 0.0384 -0.7115
vn -0.4595 0.2030 0.8647
vn -0.5795 0.4395 0.6863
vn -0.1981 0.6957 0.6905
vn -0.3325 -0.7500 0.5718
vn 0.2566 0.7462 0.6143
vn 0.9716 -0.0530 -0.2305
vn 0.0611 0.5679 0.8208
vn 0.9000 0.4009 0.1711
vn 0.8746 0.3280 0.3570
vn -0.2707 -0.2907 0.9177
vn -0.1144 -0.5636 0.8181
vn -0.0771 -0.9584 0.2747
vn -0.2820 0.9561 0.0796
vn -0.1897 0.9674 -0.1678
vn 0.0507 0.9760 -0.2120
vn 0.0158 0.9279 0.3726
vn -0.0070 0.9394 0.3428
vn -0.9429 -0.2408 -0.2299
vn -0.3695 -0.6258 -0.6869
vn -0.5870 -0.5975 -0.5463
vn 0.9995 0.0176 0.0275
vn 0.9552 -0.2935 0.0372
vn 0.9581 -0.2849 -0.0304
vn 0.0116 0.9959 -0.0892
vn 0.0045 1.0000 -0.0041
vn 0.1716 0.9287 -0.3287
vn -0.7922 0.1071 0.6008
vn -0.9633 0.0385 0.2655
vn -0.8816 0.3616 0.3033
vn 0.9977 0.0668 0.0147
vn 0.9885 0.1465 -0.0379
vn 0.9968 -0.0799 0.0044
vn -0.8258 -0.5607 -0.0603
vn -0.9370 -0.2037 -0.2838
vn -0.1643 0.7966 0.5817
vn -0.1358 0.8734 0.4676
vn -0.3735 0.6653 0.6464
vn -0.9225 0.3514 -0.1598
vn -0.9605 0.2493 -0.1238
vn -0.8263 0.4947 -0.2693
vn -0.9894 -0.1003 -0.1054
vn -0.9413 -0.0273 -0.3366
vn -0.9797 0.0404 0.1964
vn -0.4212 -0.9068 -0.0203
vn 0.2791 -0.9598 -0.0296
vn -0.1495 -0.7633 -0.6285
vn 0.0174 0.9414 -0.3369
vn 0.0526 0.9790 -0.1968
vn 0.0121 0.9144 -0.4046
vn -0.8040 0.0849 0.5885
vn -0.6154 0.4954 0.6131
vn -0.6096 0.3481 0.7122
vn -0.0821 0.1697 0.9821
vn 0.0388 -0.9429 -0.3307
vn 0.0080 -0.8546 -0.5193
vn 0.0296 -0.8527 -0.5216
vn -0.3017 0.7982 -0.5214
vn -0.2759 0.9138 -0.2979
vn -0.0617 0.9243 -0.3767
vn 0.0036 1.0000 0.0030
vn 0.0055 1.0000 0.0006
vn 0.0024 1.0000 -0.0003
vn -0.3314 0.8456 -0.4185
vn 0.4133 0.3481 -0.8414
vn -0.0339 0.7850 0.6185
vn -0.8701 0.4388 0.2245
vn -0.8248 0.4032 0.3965
vn -0.7806 0.5013 0.3733
vn -0.0055 -0.9273 0.3743
vn -0.0301 0.3512 -0.9358
vn -0.0928 0.0370 -0.9950
vn 0.2190 -0.1900 -0.9570
vn 0.7631 -0.2877 0.5787
vn 0.0235 -0.4689 0.8829
vn 0.0418 -0.5364 0.8429
vn -0.5566 -0.4862 0.6737
vn -0.1615 -0.8147 0.5569
vn 0.0479 -0.5994 0.7990
vn 0.4466 0.1359 -0.8843
vn -0.2575 0.5411 -0.8006
vn -0.3604 0.3214 -0.8757
vn -0.0890 0.2156 -0.9724
vn -0.0826 -0.5684 0.8186
vn -0.0534 -0.9958 0.0739
vn -0.0654 -0.8105 0.5821
vn -0.4401 0.8693 0.2250
vn -0.7990 0.4248 0.4256
vn -0.4218 0.5670 0.7075
vn 0.4058 0.6999 0.5878
vn 0.3748 0.6250 0.6848
vn 0.7907 -0.4592 -0.4049
vn 0.8981 -0.0326 -0.4385
vn 0.7145 -0.0063 -0.6996
vn 0.8629 0.0148 0.5052
vn 0.4176 0.0160 0.9085
vn 0.7237 -0.1615 0.6710
vn -0.0229 0.7655 0.6430
vn 0.0179 0.2449 0.9694
vn -0.0095 0.4956 0.8685
vn 0.4408 -0.8720 -0.2129
vn 0.4052 -0.7778 -0.4804
vn 0.8899 -0.4150 0.1895
vn -0.8430 0.5359 0.0466
vn 0.4958 0.2911 -0.8181
vn -0.0116 0.9351 -0.3543
vn -0.0031 0.9165 -0.4001
vn 0.9796 0.1512 -0.1326
vn 0.9792 -0.1176 0.1656
vn 0.9778 0.1045 -0.1818
vn -0.5008 -0.8473 0.1767
vn -0.7806 -0.6250 0.0025
vn -0.8246 -0.5634 0.0511
vn -0.8587 -0.1013 0.5023
vn -0.9919 0.0762 -0.1013
vn -0.4727 -0.8798 0.0497
vn 0.8676 0.4940 -0.0561
vn 0.7185 0.6889 0.0958
vn 0.9647 0.1985 -0.1732
vn -0.8534 -0.1033 0.5109
vn -0.7562 -0.3240 0.5685
vn -0.4471 -0.1998 0.8719
vn 0.4502 -0.8929 -0.0008
vn 0.7799 -0.6259 -0.0020
vn -0.8851 0.2800 -0.3718
vn 0.4787 0.8196 -0.3148
vn 0.1402 0.5979 -0.7892
vn 0.9985 -0.0552 0.0015
vn 0.9530 -0.3031 -0.0001
vn 0.9797 0.1759 0.0966
vn 0.9543 0.2707 0.1266
vn 0.9334 0.2293 -0.2760
vn -0.9893 0.1117 0.0934
vn -0.9951 0.0265 0.0955
vn -0.8429 0.2152 0.4931
vn 0.8744 0.0482 -0.4828
vn -0.9699 0.0443 -0.2396
vn -0.7010 -0.4841 -0.5237
vn -0.9994 0.0080 0.0326
vn -0.9099 -0.4148 0.0039
vn -0.5549 -0.8319 -0.0016
vn -0.0529 -0.7023 -0.7099
vn 0.4948 -0.8406 -0.2201
vn 0.3343 -0.6812 -0.6513
vn -0.3339 0.9386 0.0866
vn 0.2261 -0.9579 0.1767
vn -0.0006 1.0000 0.0038
vn 0.0943 0.4933 0.8648
vn 0.1477 0.6542 0.7418
vn -0.0340 0.8128 0.5816
vn 0.3811 0.6495 0.6579
vn -0.6615 -0.6756 0.3257
vn -0.6432 -0.4785 0.5978
vn -0.8499 -0.3789 0.3661
vn -0.8712 0.0727 0.4855
vn -0.9304 -0.3663 0.0095
vn -0.7546 -0.4411 -0.4858
vn -0.5094 -0.8605 0.0032
vn 0.2740 0.9615 -0.0213
vn -0.0514 0.9741 0.2202
vn -0.0141 -0.5607 -0.8279
vn -0.0091 -0.3749 -0.9270
vn -0.0173 -0.7054 -0.7086
vn -0.3155 0.9489 -0.0014
vn -0.2379 0.9616 -0.1370
vn -0.0288 0.9996 0.0002
vn 0.5967 -0.8025 -0.0012
vn 0.8300 -0.5577 0.0017
vn 0.6569 -0.7540 -0.0002
vn -0.9643 0.1589 -0.2119
vn -0.9453 -0.3060 -0.1133
vn -0.8720 -0.3341 0.3578
vn -0.5917 -0.7977 -0.1167
vn 0.3106 -0.9460 0.0925
vn 0.8791 -0.3821 0.2851
vn -0.0006 0.1102 0.9939
vn 0.0004 0.1143 0.9934
vn 0.0047 0.1199 0.9928
vn 0.0093 0.8437 0.5367
vn 0.0172 0.9351 0.3540
vn 0.0554 0.7055 -0.7065
vn -0.0484 -0.3665 -0.9292
vn 0.0375 0.0942 -0.9948
vn 0.7319 -0.5990 0.3248
vn -0.0081 0.7640 0.6452
vn -0.0517 0.0182 0.9985
vn 0.0336 0.0168 -0.9993
vn 0.5252 0.6786 -0.5134
vn -0.1938 -0.0046 -0.9810
vn -0.3326 0.9408 -0.0658
vn -0.4356 0.8740 0.2152
vn -0.1546 -0.9481 0.2779
vn -0.3025 -0.6909 -0.6566
vn -0.8699 -0.4418 0.2191
vn -0.0035 0.9967 -0.0809
vn -0.0064 0.9978 -0.0659
vn 0.0284 -0.3701 -0.9286
vn 0.2056 0.7503 -0.6283
vn -0.0008 -0.9993 -0.0367
vn 0.0062 -0.9993 -0.0357
vn -0.0047 -0.9958 -0.0917
vn -0.0006 -0.9405 0.3399
vn 0.0064 -0.9411 0.3381
vn -0.0114 -0.9558 0.2938
vn 0.3114 -0.9503 0.0014
vn 0.1734 -0.9847 -0.0148
vn 0.1915 -0.9072 -0.3745
vn 0.5937 -0.8002 -0.0845
vn 0.9513 0.2944 0.0913
vn 0.9814 0.1909 -0.0211
vn 0.9969 -0.0697 -0.0363
vn -0.0327 0.4115 -0.9108
vn -0.0241 0.6242 -0.7809
vn 0.0116 0.4893 -0.8720
vn -0.3808 -0.0757 0.9215
vn -0.0108 -0.6811 0.7321
vn 0.0206 -0.9996 0.0169
vn -0.0814 -0.9967 -0.0013
vn -0.0144 -0.9999 -0.0028
vn -0.0263 -0.5544 0.8318
vn 0.1775 0.9483 0.2631
vn 0.2406 0.9436 0.2273
vn 0.1219 0.9921 -0.0309
vn -0.0030 -0.9973 0.0737
vn -0.0047 -1.0000 0.0073
vn -0.0202 -0.9959 -0.0881
vn -0.8379 0.0034 0.5459
vn -0.4266 -0.6243 0.6545
vn -0.6366 -0.7644 -0.1019
vn -0.7902 0.5984 -0.1324
vn -0.7977 0.5973 0.0835
vn 0.8530 0.4631 -0.2409
vn 0.9577 0.2795 -0.0687
vn 0.8655 0.5002 -0.0256
vn -0.1305 -0.9495 0.2854
vn -0.1289 -0.9898 0.0614
vn 0.8725 -0.1106 -0.4759
vn 0.9395 0.1502 0.3079
vn 0.8573 0.1151 -0.5018
vn 0.8402 0.4461 0.3083
vn 0.9990 0.0384 0.0212
vn 0.9953 -0.0897 -0.0371
vn -0.7904 0.6101 -0.0551
vn -0.3373 0.9361 0.0995
vn -0.3460 0.9104 -0.2267
vn -0.7500 0.4607 -0.4746
vn -0.6868 0.6512 -0.3229
vn -0.2063 0.7944 -0.5713
vn 0.0097 -0.9997 -0.0210
vn -0.2751 -0.7638 -0.5839
vn -0.6230 -0.7779 0.0823
vn 0.9945 -0.1049 0.0005
vn 0.9994 -0.0354 0.0021
vn 0.9996 -0.0263 0.0056
vn -0.9746 0.0554 0.2171
vn -0.8280 -0.1781 -0.5317
vn -0.9942 0.0229 0.1053
vn -0.0016 0.0003 -1.0000
vn 0.0051 0.1902 -0.9817
vn 0.0249 0.1924 -0.9810
vn 0.6831 -0.4865 0.5446
vn 0.5479 -0.5726 0.6099
vn 0.6883 -0.4791 0.5447
vn -0.0908 0.9936 -0.0673
vn -0.1269 0.8342 0.5367
vn 0.0789 0.9621 0.2609
vn 0.8860 -0.2037 -0.4166
vn 0.9985 -0.0027 -0.0544
vn 1.0000 -0.0003 0.0061
vn 0.0300 -0.5375 0.8427
vn -0.0257 0.7371 0.6753
vn 0.9179 -0.1526 0.3662
vn 0.3906 -0.4260 0.8161
vn 0.5937 -0.3498 0.7247
vn 0.8144 0.5793 -0.0345
vn 0.9780 0.1988 -0.0625
vn 0.7879 0.5415 -0.2933
vn -0.2541 0.8411 0.4775
vn -0.7518 0.5341 0.3866
vn -0.7418 0.5358 0.4034
vn 0.0006 -0.0965 0.9953
vn 0.5633 -0.6007 0.5673
vn -0.7241 0.6207 0.3007
vn -0.8257 0.4339 0.3604
vn -0.2508 0.7646 0.5937
vn -0.0447 0.9237 0.3806
vn -0.0052 0.7801 0.6257
vn -0.0001 0.9290 0.3700
vn 0.0910 -0.4115 -0.9068
vn 0.4590 0.1910 -0.8677
vn 0.4825 -0.3604 -0.7983
vn -0.0672 -0.8681 0.4917
vn 0.2763 -0.8091 0.5187
vn -0.0517 -0.8577 0.5116
vn 0.9167 0.1410 -0.3739
vn 0.9152 0.0331 -0.4015
vn 0.9038 0.0145 -0.4278
vn 0.0407 0.8948 0.4446
vn -0.5985 -0.3452 0.7230
vn 0.2066 0.0836 0.9748
vn 0.2209 0.5725 -0.7896
vn 0.4867 0.6662 -0.5650
vn 0.5870 0.4461 -0.6756
vn -0.9322 0.1420 -0.3328
vn -0.9967 0.0547 -0.0598
vn -1.0000 0.0037 -0.0002
vn 0.7739 -0.6332 0.0125
vn 0.9991 -0.0096 0.0415
vn 0.9992 -0.0404 0.0039
vn -0.8414 0.0533 -0.5377
vn -0.9945 0.0361 0.0988
vn -0.7489 0.6627 0.0049
vn -0.6572 0.7514 0.0593
vn -0.9905 0.1189 -0.0690
vn 0.9766 0.1727 -0.1279
vn 0.9792 0.0950 -0.1791
vn 0.9682 -0.1915 0.1612
vn -0.6011 -0.7992 0.0015
vn 0.5513 -0.8339 0.0270
vn -0.1180 -0.9921 -0.0422
vn -0.3735 -0.9271 -0.0310
vn -0.2321 -0.9726 -0.0106
vn 0.9849 0.1731 -0.0002
vn 0.9827 0.1852 -0.0001
vn -0.0017 0.9948 -0.1020
vn -0.0025 0.9708 0.2400
vn 0.0337 0.9993 -0.0151
vn -0.0381 -0.9985 0.0403
vn 0.0051 -1.0000 -0.0077
vn 0.0002 -0.9825 0.1863
vn -0.5819 -0.6546 -0.4827
vn -0.9744 0.0300 -0.2226
vn -0.0010 -1.0000 -0.0027
vn 0.0040 -1.0000 -0.0025
vn 0.9872 -0.1538 -0.0426
vn 0.3717 -0.9254 -0.0740
vn 0.8417 -0.5144 -0.1639
vn 0.2180 -0.3979 0.8912
vn -0.1784 -0.9066 0.3825
vn -0.0356 -0.6379 0.7693
vn -0.3355 -0.0772 0.9389
vn -0.2394 0.2164 0.9465
vn -0.5578 0.6975 0.4499
vn 0.6311 0.4118 -0.6574
vn 0.3974 -0.1866 -0.8985
vn 0.5462 0.0241 -0.8373
vn -0.9339 0.0984 -0.3438
vn -0.9309 0.1678 -0.3246
vn -0.0352 -0.4490 -0.8928
vn -0.0037 -0.3221 -0.9467
vn -0.0027 -0.6065 -0.7951
vn 0.0157 -0.9946 -0.1022
vn 0.0256 -0.9988 0.0422
vn -0.0105 -0.9978 0.0652
vn 0.0006 -0.9587 0.2843
vn -0.0010 -0.9953 0.0965
vn -0.0158 -0.9598 0.2801
vn 0.0148 0.9847 -0.1735
vn 0.0069 1.0000 -0.0035
vn -0.0013 0.5712 -0.8208
vn 0.0008 0.9757 -0.2193
vn 0.0388 0.6444 -0.7637
vn -0.0212 -0.8729 -0.4874
vn -0.0209 -0.8161 -0.5776
vn 0.1041 0.9814 -0.1610
vn 0.4512 0.8848 -0.1162
vn 0.1478 0.9862 0.0748
vn 0.0977 0.9660 -0.2394
vn -0.1021 0.9944 -0.0260
vn 0.9505 -0.0204 0.3101
vn 0.8201 0.0012 0.5723
vn 0.9836 -0.0003 0.1805
vn 0.5751 0.3922 0.7180
vn 0.4602 0.0554 0.8861
vn 0.7283 0.0387 0.6841
vn -0.9861 0.1648 0.0230
vn -0.9789 0.1978 0.0507
vn -0.9710 0.1977 0.1341
vn -0.0120 0.9999 -0.0032
vn 0.0103 0.9864 -0.1640
vn -0.4851 0.2931 0.8239
vn -0.8846 -0.2163 0.4132
vn -0.4004 -0.4598 0.7926
vn -0.8313 -0.4076 0.3780
vn -0.9620 -0.2084 0.1763
vn -0.7524 -0.5177 -0.4072
vn -0.9638 -0.1582 0.2146
vn -0.9742 -0.1990 -0.1069
vn -0.0044 -0.9983 -0.0580
vn 0.2556 -0.5871 -0.7681
vn -0.9728 0.1966 0.1227
vn -0.5437 0.7210 0.4296
vn -0.9159 0.3579 0.1819
vn 0.0013 0.4862 0.8739
vn -0.0065 0.8736 0.4866
vn 0.7281 -0.6036 0.3249
vn 0.4380 -0.1242 0.8904
vn 0.5456 -0.4863 0.6825
vn 0.8671 0.3521 -0.3524
vn 0.6510 0.7591 -0.0019
vn 0.6940 0.7199 0.0103
vn 0.9791 0.2031 0.0009
vn -0.3384 -0.4284 -0.8378
vn -0.8236 -0.3013 -0.4804
vn -0.9792 -0.1996 -0.0356
vn -0.0394 0.6359 0.7708
vn 0.2943 -0.1494 0.9439
vn 0.0026 0.2883 0.9575
vn 0.5379 0.7926 0.2871
vn 0.8668 0.4908 0.0880
vn -0.9393 -0.0018 0.3432
vn -0.9465 0.0006 0.3228
vn -0.9848 0.0153 0.1728
vn 0.0049 0.7932 -0.6089
vn 0.0100 0.8747 0.4846
vn 0.0152 0.8047 -0.5935
vn -0.6025 -0.1411 -0.7856
vn 0.1719 -0.0321 -0.9846
vn 0.3840 -0.8767 0.2899
vn 0.9497 -0.3092 0.0499
vn 0.1725 0.9850 -0.0087
vn 0.3540 0.8358 -0.4196
vn 0.9873 -0.1560 -0.0286
vn 0.9063 -0.1629 0.3900
vn 0.5599 -0.6145 0.5558
vn -0.4986 -0.7710 0.3962
vn -0.7789 -0.4515 0.4354
vn -0.8720 0.4593 0.1690
vn 0.0244 -0.2468 0.9688
vn -0.0036 -0.2349 0.9720
vn -0.0039 -0.1353 -0.9908
vn 0.0008 0.1433 -0.9897
vn 0.0020 0.1540 -0.9881
vn -0.8313 -0.5558 -0.0041
vn -0.8507 -0.5256 -0.0060
vn -0.7713 -0.6365 -0.0048
vn 0.9327 -0.3428 -0.1118
vn 0.8220 -0.5654 -0.0680
vn 0.7942 -0.5173 -0.3189
vn -0.0018 0.2534 0.9674
vn 0.5784 -0.7652 -0.2827
vn 0.8098 -0.2932 0.5082
vn 0.9597 -0.0868 -0.2674
vn 0.7271 0.5464 -0.4157
vn -0.1165 0.2454 -0.9624
vn 0.4000 -0.1980 -0.8948
vn 0.5656 0.4531 -0.6891
vn 0.9301 -0.0254 -0.3665
vn 0.9498 0.1958 -0.2440
vn -0.8547 0.3868 0.3463
vn -0.5341 -0.2517 -0.8071
vn -0.3482 -0.3453 -0.8715
vn -0.1853 -0.3984 -0.8983
vn -0.0006 -1.0000 -0.0058
vn 0.9709 0.2396 -0.0009
vn 0.7048 0.2272 0.6721
vn 0.6796 0.0555 0.7314
vn 0.9221 0.0501 0.3837
vn -0.0054 -0.8374 -0.5465
vn 0.1436 0.9894 -0.0232
vn -0.2833 0.8871 -0.3644
vn -0.3568 0.6666 -0.6544
vn 0.2158 0.8259 -0.5209
vn 0.5427 0.7414 -0.3947
vn 0.0364 0.9243 -0.3799
vn 0.3165 0.8606 -0.3989
vn 0.0291 -0.5030 0.8638
vn 0.0309 -0.7200 0.6933
vn 0.2041 -0.6242 0.7541
vn -0.0350 -0.8740 -0.4846
vn 0.2668 -0.8129 -0.5176
vn -0.0131 -0.9999 -0.0020
vn -0.0057 -1.0000 -0.0008
vn -0.9989 -0.0477 -0.0021
vn -0.9999 -0.0106 -0.0067
vn -0.2681 -0.9606 -0.0735
vn 0.2002 0.2126 -0.9564
vn 0.7884 0.2039 -0.5804
vn 0.6632 0.3159 -0.6785
vn 0.5518 -0.4238 0.7183
vn -0.0155 -0.9612 0.2753
vn -0.4048 0.1837 -0.8958
vn -0.8593 -0.4992 0.1117
vn -0.4958 -0.7524 -0.4337
vn 0.8796 0.4382 -0.1852
vn 0.8795 0.3052 -0.3650
vn 0.9480 0.1034 -0.3010
vn 0.9982 0.0241 -0.0550
vn 0.9401 -0.0182 -0.3404
vn -0.5190 0.2172 -0.8267
vn -0.1659 0.0490 -0.9849
vn 0.5509 0.2821 -0.7855
vn -0.0874 -0.9961 -0.0089
vn -0.1388 -0.9903 0.0003
vn -0.9995 -0.0252 0.0195
vn 0.4987 -0.6193 0.6065
vn 0.9848 -0.1489 0.0898
vn 0.7670 -0.1755 0.6171
vn -0.0216 -0.9592 0.2818
vn -0.1229 -0.9924 0.0082
vn 0.0034 -0.9273 0.3743
vn 0.4997 -0.5262 0.6881
vn 0.5802 -0.8068 0.1115
vn -0.9392 0.3362 0.0695
vn -0.9755 0.1323 -0.1757
vn -0.7567 -0.6504 -0.0661
vn 0.0122 0.5399 -0.8416
vn -0.0116 0.4302 -0.9027
vn 0.0064 0.4077 -0.9131
vn -0.1311 -0.5726 0.8093
vn -0.4528 -0.6312 0.6297
vn -0.1216 -0.7654 0.6319
vn 0.1056 -0.3279 -0.9388
vn 0.2642 -0.7520 -0.6040
vn -0.0213 -0.9902 -0.1378
vn 0.1284 -0.9881 -0.0848
vn 0.1535 -0.9641 -0.2166
vn -0.8592 -0.5116 -0.0004
vn -0.9980 -0.0638 -0.0019
vn -0.9956 -0.0936 0.0008
vn -0.8107 -0.5854 -0.0019
vn -0.0042 -0.5794 0.8150
vn -0.7841 0.1420 -0.6041
vn -0.6636 0.3804 -0.6441
vn -0.3648 0.2639 -0.8929
vn 0.2464 0.7629 -0.5977
vn 0.5985 -0.4314 -0.6751
vn 0.0630 0.9854 0.1582
vn 0.0002 0.9743 -0.2253
vn 0.0034 0.9817 -0.1902
vn 0.0054 0.9439 -0.3303
vn -0.0020 0.8665 -0.4991
vn -0.1754 0.8725 -0.4560
vn 0.0479 0.8774 -0.4773
vn 0.8578 0.4285 -0.2839
vn 0.2015 0.9251 0.3218
vn -0.1024 0.8793 0.4652
vn 0.1044 0.8992 0.4249
vn -0.8932 0.1969 -0.4043
vn -0.6977 0.3015 -0.6498
vn -0.7461 -0.3263 0.5804
vn 0.8614 -0.5078 -0.0052
vn 0.9265 -0.3763 -0.0026
vn 0.0079 -1.0000 -0.0025
vn 0.0072 0.9999 0.0095
vn 0.8849 -0.1656 -0.4354
vn 0.9429 0.2024 -0.2644
vn 0.9015 -0.4036 0.1561
vn 0.5486 -0.2216 -0.8062
vn 0.0028 0.9935 -0.1139
vn -0.0086 0.7984 -0.6021
vn -0.0008 0.9740 -0.2267
vn 0.0026 0.9619 -0.2733
vn 0.0257 0.6351 -0.7720
vn 0.5766 0.6388 0.5093
vn 0.1641 0.7233 0.6708
vn 0.2486 0.5308 0.8102
vn -0.1745 -0.0216 0.9844
vn 0.7836 -0.1805 -0.5945
vn 0.5075 -0.5354 -0.6751
vn 0.6703 -0.4461 -0.5930
vn -0.0001 0.9955 -0.0947
vn 0.0041 0.9966 -0.0826
vn -0.8533 -0.3742 -0.3632
vn -0.4275 -0.4118 -0.8048
vn 0.4050 0.9091 -0.0973
vn 0.7149 0.3707 0.5929
vn 0.9627 0.1349 0.2346
vn 0.4670 -0.6332 -0.6172
vn 0.5243 -0.5799 -0.6236
vn 0.6379 -0.5376 -0.5515
vn -0.9761 -0.0517 0.2111
vn -0.3907 0.7134 0.5818
vn -0.4402 0.6309 0.6389
vn -0.6279 0.4508 -0.6345
vn -0.3570 0.9219 -0.1502
vn 0.9223 -0.2720 -0.2745
vn 0.7866 0.4697 0.4009
vn -0.2238 -0.0018 -0.9746
vn 0.2703 0.0700 -0.9602
vn -0.0398 -0.0098 -0.9992
vn 0.6062 -0.7953 -0.0014
vn 0.2609 -0.9653 0.0078
vn -0.7487 -0.0177 0.6627
vn -0.8764 -0.4589 0.1461
vn -0.9576 -0.1974 0.2097
vn -0.9988 -0.0477 0.0074
vn -0.9128 -0.4084 0.0081
vn -0.9894 -0.0875 -0.1155
vn -0.9881 -0.0004 -0.1541
vn -0.6782 -0.2277 -0.6987
vn -0.0979 0.9924 0.0750
vn -0.2412 0.9637 0.1148
vn 0.0407 0.9981 0.0459
vn 0.4548 0.0080 0.8906
vn 0.3217 -0.8945 0.3105
vn 0.1287 0.6044 0.7862
vn 0.0953 -0.9261 0.3650
vn 0.0721 -0.8605 0.5043
vn -0.3404 0.7872 -0.5142
vn -0.6136 0.5255 -0.5894
vn -0.8661 0.4996 -0.0168
vn -0.0467 0.9961 0.0752
vn -0.0540 0.9519 0.3016
vn -0.0117 0.9406 0.3394
vn 0.6151 -0.2700 0.7408
vn -0.0099 -0.4903 0.8715
vn -0.0345 0.1786 0.9833
vn 0.0113 -0.7543 -0.6564
vn -0.0268 -0.9253 -0.3783
vn -0.3082 0.4484 -0.8390
vn -0.2135 -0.0100 -0.9769
vn -0.1972 -0.6042 -0.7720
vn -0.7450 -0.0044 -0.6670
vn -0.5737 -0.0046 -0.8190
vn -0.4248 -0.0040 -0.9053
vn 0.8950 0.4360 0.0942
vn 0.8921 -0.3594 -0.2739
vn 0.5439 -0.6708 -0.5042
vn 0.9959 0.0836 -0.0334
vn 0.9290 0.2544 -0.2688
vn 0.8442 -0.4744 -0.2496
vn 0.5217 -0.0883 0.8485
vn -0.0021 0.0664 0.9978
vn -0.2361 -0.6182 -0.7497
vn -0.7257 -0.4565 -0.5148
vn -0.9682 0.2500 -0.0005
vn -0.7101 -0.7041 -0.0002
vn -0.7175 -0.6966 -0.0009
vn 0.9666 0.2445 0.0765
vn 0.7156 0.6562 0.2392
vn -0.3651 -0.8072 0.4639
vn -0.4133 -0.8128 -0.4104
vn -0.9999 0.0058 -0.0157
vn -0.7242 -0.1540 -0.6722
vn -0.9660 0.1809 -0.1847
vn 0.6367 -0.4870 -0.5978
vn 0.7932 0.0917 -0.6020
vn 0.0639 0.9776 0.2003
vn 0.1812 0.9834 0.0029
vn 0.5215 0.7160 0.4641
vn 0.4515 0.8257 0.3381
vn 0.3555 0.5516 0.7545
vn 0.8378 0.0986 0.5370
vn 0.9627 0.2641 0.0583
vn 0.9450 0.2691 0.1861
vn -0.5843 -0.8053 -0.1004
vn -0.9841 -0.1764 -0.0211
vn -0.3272 -0.9407 -0.0897
vn -0.2532 0.7470 0.6147
vn 0.7693 0.4494 0.4541
vn 0.2897 0.7609 0.5806
vn -0.9080 0.2206 -0.3561
vn -0.7340 -0.4557 0.5035
vn -0.9942 0.0898 0.0585
vn -0.1277 0.9050 -0.4057
vn -0.1870 -0.0750 -0.9795
vn -0.1421 0.4888 -0.8608
vn 0.3454 0.9244 0.1617
vn 0.6149 0.7762 0.1390
vn 0.8225 0.4502 0.3475
vn 0.4755 0.8069 0.3504
vn 0.6222 0.7557 0.2046
vn -0.2784 0.7510 0.5987
vn -0.5915 0.7099 0.3824
vn -0.2189 0.8917 -0.3961
vn -0.7968 0.4533 -0.3995
vn -0.8654 0.0808 -0.4945
vn -0.2122 0.1532 -0.9651
vn 0.9918 -0.1280 0.0072
vn -0.0817 0.9471 -0.3102
vn 0.0018 1.0000 -0.0012
vn 0.0035 1.0000 -0.0002
vn 0.9897 0.1173 0.0826
vn 0.9413 -0.1114 -0.3188
vn 0.9945 -0.0313 -0.1000
vn -0.0173 0.8816 0.4716
vn -0.0486 0.8393 0.5416
vn 0.0143 0.8483 0.5293
vn -0.0410 -0.1270 -0.9911
vn -0.0053 -0.1143 -0.9934
vn -0.0146 -0.2909 -0.9566
vn 0.3944 -0.8731 0.2868
vn -0.1175 -0.7817 0.6124
vn -0.4722 -0.7392 0.4802
vn 0.0076 -0.6072 0.7945
vn -0.1115 -0.5477 -0.8292
vn -0.3040 -0.9197 -0.2484
vn 0.6692 -0.7184 -0.1899
vn 0.8467 -0.2983 0.4407
vn 0.4185 -0.8204 -0.3897
vn -0.0013 -0.9981 0.0611
vn 0.2665 0.9628 -0.0434
vn 0.6987 0.7008 -0.1441
vn 0.0038 0.0798 0.9968
vn 0.0027 0.4773 0.8788
vn 0.0036 0.3978 0.9175
vn 0.0065 -0.4386 0.8986
vn 0.0208 -0.8960 0.4436
vn 0.0952 -0.7018 0.7060
vn 0.0065 -0.8825 0.4702
vn 0.0002 -0.6299 0.7767
vn -0.0996 0.5661 -0.8183
vn -0.0222 0.9343 -0.3559
vn -0.0409 0.9392 -0.3409
vn -0.4130 0.0427 0.9097
vn 0.1939 0.0699 0.9785
vn -0.0021 0.0394 0.9992
vn -0.9843 0.1587 0.0768
vn -0.6467 -0.5509 -0.5275
vn -0.0946 0.4650 -0.8802
vn -0.0274 0.6179 -0.7858
vn -0.0163 0.4894 -0.8719
vn -0.0495 0.4081 -0.9116
vn 0.0006 0.3458 -0.9383
vn 0.0017 0.0585 -0.9983
vn 0.1735 0.7206 -0.6713
vn 0.4473 0.8678 -0.2166
vn 0.5009 0.5233 -0.6894
vn 0.0043 -0.9996 0.0290
vn -0.5963 -0.7078 -0.3786
vn 0.3274 0.2315 -0.9161
vn 0.1546 0.7011 -0.6961
vn 0.6083 0.6193 -0.4964
vn 0.8160 -0.1350 0.5621
vn 0.9027 0.1163 0.4142
vn 0.9960 -0.0038 0.0892
vn -0.7561 -0.4312 0.4923
vn -0.2064 -0.6225 0.7549
vn -0.1641 -0.5047 0.8475
vn 0.0056 -0.9699 -0.2433
vn -0.2645 -0.6768 -0.6870
vn -0.0582 -0.5441 -0.8370
vn -0.7352 -0.6698 -0.1038
vn -0.3518 -0.8911 -0.2866
vn -0.3170 -0.9481 -0.0261
vn 0.9559 0.1846 -0.2283
vn 0.9682 0.2351 -0.0858
vn 0.9759 -0.1765 0.1284
vn 0.0014 0.8662 -0.4996
vn -0.0005 0.9084 -0.4182
vn 0.0053 0.9098 -0.4149
vn 0.0018 0.0860 0.9963
vn -0.5188 0.0367 0.8541
vn -0.9025 0.0225 0.4301
vn 0.0279 -0.9840 -0.1760
vn 0.1267 -0.9869 -0.1002
vn 0.0605 -0.9914 0.1162
vn -0.7706 -0.3830 -0.5094
vn -0.2796 -0.6716 -0.6861
vn -0.7126 -0.5903 -0.3791
vn -0.7058 0.4145 -0.5744
vn -0.9964 0.0617 0.0573
vn -0.1425 0.4025 0.9042
vn -0.1599 0.3959 0.9043
vn -0.3038 0.2709 0.9134
vn 0.9908 -0.1341 -0.0154
vn 0.9912 -0.1265 0.0387
vn 0.9583 -0.2836 0.0358
vn -0.6889 0.0234 0.7245
vn -0.5888 -0.1425 0.7957
vn -0.9666 0.0164 -0.2558
vn -0.9843 -0.0465 0.1701
vn 0.3690 -0.9294 0.0030
vn 0.3718 -0.8648 -0.3376
vn 0.7615 -0.4406 -0.4754
vn 0.9820 -0.1888 -0.0014
vn 0.9368 0.2742 0.2173
vn 0.9058 0.3799 0.1876
vn 0.8757 0.4623 0.1393
vn -0.0035 0.9535 -0.3012
vn -0.1844 0.7165 0.6728
vn -0.1467 0.8020 0.5791
vn -0.0557 -0.9777 -0.2025
vn -0.0036 -0.9925 -0.1220
vn 0.2292 0.4339 0.8713
vn 0.4927 0.4373 0.7524
vn -0.1678 -0.3177 0.9332
vn -0.1254 -0.5230 0.8431
vn -0.0070 -0.3428 0.9394
vn -0.9994 0.0344 -0.0011
vn -0.9835 0.1805 0.0124
vn -0.9999 0.0128 0.0026
vn 0.4934 -0.1924 0.8482
vn 0.6175 -0.1918 0.7628
vn -0.2334 -0.6405 -0.7316
vn 0.0070 -0.9995 -0.0315
vn -0.3121 -0.8541 0.4162
vn -0.0408 0.9464 -0.3204
vn -1.0000 -0.0065 -0.0004
vn -0.8420 -0.1732 -0.5110
vn -0.6949 -0.2218 -0.6841
vn -0.9490 0.2191 -0.2266
vn -0.8171 0.4657 -0.3399
vn 0.9779 -0.1158 0.1742
vn 0.9575 -0.2297 -0.1746
vn 0.5471 -0.8265 0.1324
vn -0.2572 -0.8270 0.4999
vn 0.2069 -0.8250 -0.5259
vn -0.1078 -0.3595 0.9269
vn -0.0158 0.9816 -0.1904
vn 0.1831 0.1481 -0.9719
vn 0.2717 0.0284 -0.9620
vn 0.6874 0.1138 -0.7173
vn 0.6637 -0.1375 -0.7353
vn -0.9802 0.1720 0.0983
vn -0.4787 -0.7997 -0.3624
vn -0.4466 -0.7329 -0.5131
vn 0.0326 0.8358 0.5481
vn -0.0039 -0.3064 -0.9519
vn 0.6854 -0.1321 -0.7161
vn -0.0000 -0.3383 -0.9410
vn -0.8966 0.3973 -0.1957
vn -0.2970 -0.0267 -0.9545
vn 0.5599 0.5877 -0.5840
vn 0.8933 -0.3228 0.3128
vn 0.9795 0.2013 0.0109
vn 0.8152 0.2007 0.5433
vn 0.8312 0.3209 -0.4540
vn 0.6408 -0.6297 0.4391
vn 0.5840 -0.7434 0.3259
vn -0.4695 -0.6101 -0.6382
vn 0.0040 -0.1785 0.9839
vn 0.0020 -0.0125 0.9999
vn 0.0062 -0.0181 0.9998
vn -0.8124 0.0726 -0.5785
vn -0.9390 0.0655 -0.3376
vn -0.9739 -0.0919 -0.2073
vn -0.9970 0.0097 -0.0763
vn 0.2071 -0.9780 -0.0256
vn -0.7647 0.1963 0.6137
vn -0.9756 0.0572 0.2118
vn -0.9597 0.2803 0.0216
vn -0.7082 -0.1363 -0.6927
vn -0.9997 0.0238 0.0053
vn 0.9479 -0.2935 0.1237
vn 0.3904 -0.0711 0.9179
vn 0.4656 -0.7766 0.4245
vn 0.9305 0.1249 0.3444
vn -0.1222 -0.9504 -0.2860
vn -0.4448 -0.7735 -0.4514
vn -0.1305 -0.8442 -0.5200
vn 0.9616 -0.2528 0.1072
vn 0.9859 -0.1670 -0.0129
vn 0.9682 -0.2154 0.1271
vn -0.0109 0.8000 0.5999
vn 0.4071 0.0053 -0.9134
vn 0.7299 0.2041 -0.6523
vn 0.6311 -0.1233 -0.7658
vn 0.7741 -0.3402 0.5338
vn -0.9427 0.2410 0.2307
vn -0.9275 -0.1537 -0.3407
vn -0.8295 0.5504 -0.0954
vn -0.5450 -0.7283 0.4155
vn 0.3129 0.7053 0.6362
vn 0.4355 0.6738 0.5970
vn 0.4610 0.7350 0.4972
vn -0.7430 -0.6676 -0.0470
vn -0.1930 -0.9812 0.0098
vn -0.9234 -0.3839 0.0021
vn 0.9170 0.1388 -0.3739
vn 0.9971 -0.0602 0.0471
vn 0.9523 0.2532 -0.1702
vn -0.6913 0.7095 0.1369
vn -0.3890 0.9144 0.1118
vn -0.8082 0.5844 -0.0727
vn -0.0900 -0.6627 -0.7435
vn -0.0826 -0.4568 -0.8857
vn 0.0272 -0.6003 -0.7993
vn 0.0306 0.4951 -0.8683
vn 0.1071 0.6046 -0.7893
vn -0.0045 -0.0714 -0.9974
vn 0.1288 0.7427 0.6572
vn 0.4769 0.2431 0.8447
vn 0.2145 -0.0290 0.9763
vn -0.9714 0.2289 0.0625
vn 0.9091 -0.0813 -0.4085
vn 0.9107 -0.2001 -0.3614
vn 0.5374 -0.1711 -0.8258
vn -0.9403 0.2062 -0.2707
vn -0.7031 0.5280 -0.4763
vn -0.9563 0.2663 -0.1206
vn -0.8758 0.3930 -0.2803
vn 0.0050 -0.9938 0.1108
vn 0.0075 -0.9820 0.1887
vn -0.0097 -0.9807 0.1951
vn -0.1320 -0.1323 0.9824
vn -0.1004 -0.5527 0.8273
vn -0.1569 0.0932 0.9832
vn -0.4962 0.2621 0.8277
vn -0.9866 0.0540 0.1541
vn -0.9800 0.0691 0.1866
vn 0.0309 -0.0543 -0.9980
vn 0.2835 0.6924 -0.6635
vn -0.9364 0.2616 0.2338
vn -0.9653 0.0883 0.2458
vn -0.9898 -0.1092 -0.0918
vn 0.0375 -0.8829 0.4680
vn 0.2058 -0.8938 0.3985
vn 0.2116 -0.8073 0.5509
vn -0.4399 0.3274 0.8362
vn -0.8682 0.2573 0.4242
vn -0.0580 0.1387 -0.9886
vn 0.0349 0.2610 -0.9647
vn -0.0452 -0.4971 -0.8665
vn -0.4579 -0.5447 -0.7026
vn 0.3397 -0.9392 -0.0501
vn 0.1490 -0.9729 0.1769
vn 0.1129 -0.9933 0.0240
vn -0.0163 0.9405 -0.3393
vn -0.0375 -0.5377 -0.8423
vn -0.0109 -0.2571 -0.9663
vn -0.0169 -0.4686 -0.8833
vn -0.1296 -0.2969 -0.9461
vn -0.1218 -0.3269 -0.9372
vn -0.9227 0.3205 0.2143
vn -0.7976 -0.1576 -0.5822
vn -0.0191 0.7516 -0.6594
vn -0.0511 0.9984 0.0240
vn 0.0650 0.9962 -0.0585
vn 0.0052 0.9994 0.0352
vn 0.0198 0.9620 -0.2723
vn 0.0442 0.9950 0.0897
vn 0.2709 0.4548 0.8484
vn 0.7950 0.2648 0.5457
vn 0.0621 -0.9043 -0.4224
vn 0.0196 -0.9767 -0.2135
vn 0.7369 -0.6211 -0.2668
vn 0.0352 0.9432 0.3302
vn -0.3007 -0.6241 -0.7212
vn 0.0768 -0.6025 0.7944
vn 0.4198 -0.7199 0.5528
vn 0.4012 0.5295 0.7475
vn -0.0189 0.4178 0.9083
vn -0.1705 0.2008 0.9647
vn -0.0647 -0.9948 0.0791
vn -0.0917 -0.7449 0.6608
vn 0.0072 -0.9974 0.0719
vn 0.6499 0.3044 -0.6964
vn -0.0539 0.9507 -0.3053
vn 0.7975 -0.2415 0.5528
vn -0.4621 -0.5933 -0.6592
vn -0.7278 -0.6405 0.2452
vn -0.8398 0.4770 0.2593
vn -0.4004 -0.9143 0.0614
vn -0.5027 -0.2748 0.8196
vn 0.4523 -0.6249 0.6363
vn -0.4820 0.7466 0.4586
vn -0.9995 -0.0301 0.0108
vn -0.9993 -0.0110 -0.0370
vn 0.2033 0.7941 0.5728
vn 0.8732 0.1870 0.4500
vn -0.5668 -0.3490 -0.7463
vn -0.4240 -0.7542 -0.5015
vn -0.9959 -0.0567 -0.0711
vn 0.2111 -0.7816 0.5870
vn 0.5991 -0.5704 0.5620
vn -0.1978 0.7365 0.6469
vn 0.1137 0.8022 0.5862
vn 0.5912 0.6553 0.4702
vn -0.6951 -0.6926 0.1929
vn -0.7171 -0.6969 0.0001
vn 0.5865 -0.8088 -0.0430
vn 0.0187 -0.0334 -0.9993
vn 0.1130 -0.4692 0.8758
vn 0.1639 -0.7295 0.6641
vn 0.2107 -0.8915 -0.4010
vn 0.3894 0.8697 0.3034
vn 0.2634 0.5509 0.7919
vn 0.8771 0.2560 0.4064
vn 0.1430 0.2872 0.9471
vn 0.8507 -0.2583 -0.4578
vn 0.6656 -0.7463 0.0049
vn 0.3618 -0.6809 -0.6368
vn -0.0015 -0.5277 0.8494
vn 0.1486 -0.5821 0.7994
vn 0.5729 -0.0672 0.8169
vn -0.7922 0.5653 0.2301
vn -0.9996 -0.0269 0.0099
vn 0.7266 -0.4695 -0.5016
vn 0.9963 0.0765 0.0393
vn -0.6544 0.4407 0.6144
vn -0.5285 0.0869 0.8445
vn -0.0478 -0.9988 -0.0119
vn -0.0025 1.0000 0.0006
vn -0.0008 1.0000 -0.0002
vn -0.0002 1.0000 -0.0017
vn -0.0350 0.9530 0.3011
vn 0.0018 0.9491 0.3149
vn -0.0093 0.6274 0.7787
vn 0.7352 0.6165 0.2816
vn 0.8521 0.3750 0.3651
vn 0.9678 0.1548 0.1985
vn -0.6598 0.4766 0.5810
vn 0.9539 0.2564 -0.1557
vn 0.9829 0.1568 -0.0963
vn 0.8625 0.4376 -0.2543
vn 0.4664 0.8472 -0.2543
vn 0.2530 0.8511 -0.4599
vn 0.5549 0.8114 -0.1835
vn -0.5708 0.8180 0.0714
vn 0.5617 0.6573 0.5024
vn 0.9617 0.2231 0.1594
vn 0.1929 0.9812 0.0017
vn 0.1399 0.9902 0.0025
vn -0.5323 -0.0489 -0.8451
vn 0.0138 0.3405 -0.9401
vn -0.3961 0.1105 0.9115
vn 0.0378 -0.9830 0.1798
vn 0.1345 -0.9885 -0.0692
vn 0.2313 -0.9594 0.1614
vn 0.5476 -0.8210 -0.1615
vn 0.5560 -0.7656 -0.3236
vn 0.0253 -0.9622 -0.2711
vn 0.8623 0.3056 -0.4038
vn 0.9914 -0.1012 -0.0833
vn -0.0564 0.3523 -0.9342
vn 0.1085 -0.3448 0.9324
vn 0.1333 0.8475 0.5137
vn -0.7183 -0.6051 -0.3434
vn -0.6151 0.6775 -0.4034
vn -0.8151 0.2837 -0.5051
vn -0.7457 -0.4086 -0.5263
vn -0.4478 -0.2133 -0.8683
vn -0.1138 0.7477 -0.6542
vn -0.1568 0.9726 -0.1716
vn -0.0345 0.6112 -0.7907
vn 0.0118 0.9989 0.0448
vn 0.0164 0.9999 0.0025
vn -0.4253 -0.0098 0.9050
vn -0.9115 -0.0526 0.4080
vn -0.4992 -0.2605 0.8264
vn -0.0832 -0.9965 0.0062
vn 0.1360 -0.9906 0.0167
vn -0.0704 -0.9975 0.0027
vn -0.9846 0.1571 0.0769
vn -0.9532 0.2980 0.0510
vn -0.1734 0.4910 -0.8537
vn -0.2032 0.2316 -0.9514
vn -1.0000 -0.0044 -0.0010
vn -0.5407 -0.8412 -0.0014
vn 0.7186 -0.6212 0.3125
vn 0.6309 -0.6400 0.4386
vn 0.6797 -0.5396 0.4968
vn 0.0701 -0.7120 0.6987
vn 0.1963 -0.7307 0.6539
vn -0.7167 -0.4149 -0.5605
vn -0.4778 0.8285 0.2921
vn -0.7922 -0.6094 0.0339
vn -0.1502 -0.9667 0.2070
vn -0.3123 0.6653 0.6781
vn -0.4507 -0.8927 -0.0038
vn -0.0337 -0.9994 -0.0015
vn -0.0079 -0.9980 0.0632
vn 0.0003 -0.9199 -0.3920
vn -0.0040 -0.9077 -0.4196
vn -0.0008 0.8017 0.5977
vn 0.0990 0.8862 0.4525
vn 0.8897 -0.3256 -0.3200
vn 0.9842 -0.1389 -0.1100
vn 0.9822 -0.0734 -0.1727
vn 0.9523 -0.0794 -0.2945
vn -0.4299 -0.1905 0.8825
vn -0.2744 -0.0524 0.9602
vn 0.8460 -0.0622 -0.5295
vn 0.7281 0.6842 -0.0414
vn 0.0189 0.3866 0.9221
vn -0.0031 0.3039 0.9527
vn 0.0109 0.2950 0.9554
vn -0.0775 -0.9682 0.2380
vn -0.0062 -0.9234 -0.3837
vn -0.0162 -0.9864 0.1636
vn 0.0043 -0.9264 -0.3765
vn 0.0387 -0.9142 -0.4035
vn 0.9532 0.2951 0.0652
vn 0.9170 0.1314 0.3765
vn 0.2612 0.8390 0.4773
vn 0.3289 0.7470 0.5777
vn 0.5725 0.6426 0.5092
vn -0.6767 0.6808 0.2803
vn 0.8219 -0.4299 0.3737
vn -0.0814 0.4365 0.8960
vn -0.9966 0.0654 -0.0493
vn -0.8460 0.4402 0.3009
vn -0.9729 0.2110 -0.0950
vn 0.2069 -0.8488 -0.4865
vn -0.0156 -0.9129 0.4079
vn 0.0283 -0.9213 0.3879
vn 0.1595 0.3296 0.9305
vn 0.1689 0.5235 0.8351
vn 0.3212 0.4816 -0.8154
vn 0.8100 0.3151 -0.4945
vn 0.3238 0.8964 0.3026
vn 0.4164 -0.0089 0.9092
vn 0.9996 -0.0062 -0.0276
vn 0.9522 0.2087 0.2229
vn 0.0393 -0.9750 0.2189
vn 0.0004 -0.9586 0.2849
vn -0.0044 0.6808 0.7324
vn 0.0033 0.8543 0.5197
vn -0.6005 0.0108 0.7996
vn 0.0152 0.0186 0.9997
vn -0.2158 0.0030 0.9764
vn -0.5737 -0.5976 -0.5601
vn 0.3084 -0.6821 -0.6630
vn 0.6836 -0.4654 -0.5622
vn 0.9390 -0.1331 0.3171
vn 0.3846 -0.4561 0.8026
vn 0.3674 -0.4478 0.8151
vn 0.7999 -0.1432 0.5828
vn 0.9978 -0.0614 -0.0257
vn 0.9932 -0.0934 -0.0695
vn -0.7020 -0.0018 -0.7122
vn -0.5064 -0.0013 -0.8623
vn -0.7745 0.0004 -0.6326
vn 0.9872 0.1431 0.0709
vn 0.9541 0.2973 0.0372
vn 0.9337 0.2717 0.2331
vn 0.2871 0.3849 0.8772
vn -0.1695 0.2189 0.9609
vn 0.7222 0.1918 0.6646
vn -0.1414 0.3009 0.9431
vn 0.2956 0.3011 0.9066
vn -0.1007 0.7294 -0.6766
vn 0.0563 0.3541 -0.9335
vn -0.0240 -0.5773 -0.8162
vn 0.0109 -0.9994 0.0317
vn 0.4735 0.8466 -0.2431
vn 0.3960 0.9175 -0.0366
vn 0.4070 0.9069 0.1091
vn -0.0745 -0.8761 -0.4763
vn -0.3677 -0.9296 0.0271
vn -0.3792 -0.9226 0.0711
vn -0.3461 -0.9377 0.0321
vn -0.0000 -0.9788 0.2049
vn -0.0008 -1.0000 0.0069
vn -0.0009 -1.0000 0.0051
vn 0.0578 -0.9982 -0.0134
vn -0.0008 -0.6432 -0.7657
vn -0.0089 -0.7099 -0.7043
vn -0.0008 0.9365 0.3507
vn -0.0009 1.0000 0.0062
vn 0.0009 0.9080 0.4189
vn -0.8252 0.5191 0.2225
vn 0.0061 0.1394 -0.9902
vn 0.7351 -0.4638 -0.4945
vn 0.5151 -0.8241 -0.2355
vn -0.3098 -0.6355 -0.7073
vn -0.9961 -0.0529 0.0705
vn -0.9432 0.3272 -0.0584
vn -0.9647 -0.2492 0.0851
vn -0.6236 -0.7769 -0.0872
vn -0.3253 -0.7860 0.5257
vn -0.8399 -0.2820 -0.4637
vn -0.7232 0.6784 0.1294
vn -0.9957 0.0896 -0.0231
vn -0.2445 0.7578 0.6050
vn -0.2546 0.5885 0.7674
vn -0.0139 0.6159 0.7877
vn 0.9746 0.1751 0.1399
vn 0.9625 0.0966 -0.2534
vn 0.8100 -0.4079 0.4214
vn -0.0036 -0.4603 -0.8878
vn -0.1680 -0.7062 0.6878
vn -0.5404 -0.5490 0.6376
vn -0.0001 -0.9986 -0.0529
vn -0.2171 -0.9759 0.0236
vn -0.1259 -0.7498 -0.6496
vn 0.0296 0.1813 -0.9830
vn 0.0014 -0.1937 -0.9811
vn -0.0483 0.9886 0.1428
vn 0.1423 0.9729 0.1824
vn -0.0430 0.7698 0.6368
vn 0.0304 -0.2957 0.9548
vn -0.7370 0.1247 0.6642
vn -0.0026 -0.0210 -0.9998
vn 0.0001 -0.0052 -1.0000
vn -0.0014 -0.2468 -0.9691
vn 0.0763 -0.2640 -0.9615
vn -0.4595 -0.7326 0.5021
vn 0.4442 -0.4838 0.7541
vn -0.3216 -0.5749 0.7524
vn 0.8225 -0.5670 0.0444
vn 0.4945 -0.1505 -0.8561
vn 0.1791 -0.2764 -0.9442
vn 0.3170 0.9113 -0.2630
vn 0.9992 0.0079 0.0380
vn -0.6655 0.6349 0.3925
vn -0.3085 0.5709 0.7609
vn -0.2327 0.7686 0.5959
vn -0.9961 0.0293 0.0833
vn -0.9945 -0.0113 0.1046
vn -0.0063 0.9458 0.3247
vn -0.0020 0.9317 0.3633
vn -0.0014 0.9902 0.1394
vn -0.2634 0.8625 -0.4320
vn -0.0468 0.8369 -0.5454
vn -0.1437 0.7637 -0.6294
vn 0.5032 0.8500 0.1556
vn 0.7152 0.1727 0.6773
vn 0.6204 0.7387 -0.2636
vn 0.0072 0.8866 -0.4624
vn 0.0561 -0.9984 -0.0045
vn 0.0520 -0.9986 -0.0002
vn -0.1529 -0.9882 -0.0042
vn -0.9983 -0.0579 0.0019
vn -0.8366 -0.0279 -0.5472
vn 0.6881 0.6315 0.3574
vn -0.2127 0.8859 0.4123
vn 0.9907 0.1356 0.0146
vn 0.9838 0.1642 0.0717
vn 0.9994 0.0110 -0.0335
vn 0.0003 0.8071 -0.5904
vn -0.0013 0.9829 -0.1839
vn -0.0302 -0.9980 0.0561
vn -0.0048 -0.9642 0.2650
vn 0.0057 -0.9959 0.0898
vn 0.0165 -0.9976 -0.0678
vn -0.0024 -0.9965 -0.0832
vn -0.0004 -0.9983 -0.0581
vn 0.2458 0.6623 0.7078
vn 0.2170 0.5032 0.8365
vn -0.7998 0.5964 0.0672
vn -0.8785 0.2893 -0.3802
vn 0.1024 0.1422 0.9845
vn 0.1164 -0.1368 0.9837
vn -0.1607 -0.9414 0.2965
vn -0.0038 -0.9632 0.2689
vn 0.0019 -0.9627 0.2705
vn -0.0029 0.9542 0.2991
vn -0.0009 0.9520 0.3061
vn -0.0078 -0.6395 0.7687
vn -0.0141 -0.4967 0.8678
vn 0.9720 0.1134 0.2058
vn 0.9623 0.0589 0.2657
vn 0.9583 0.0765 0.2752
vn -0.0046 0.5905 0.8070
vn -0.0037 0.9596 0.2812
vn 0.9024 -0.4309 0.0020
vn -0.0394 -0.4265 -0.9036
vn 0.1643 -0.7249 -0.6690
vn -0.1750 0.6360 -0.7516
vn 0.3859 0.2609 -0.8849
vn -0.9416 -0.1174 -0.3157
vn -0.0689 -0.3291 -0.9418
vn 0.3504 0.2456 -0.9038
vn 0.7420 0.0215 -0.6701
vn -0.4145 0.2202 -0.8830
vn -0.5622 0.4119 -0.7171
vn -0.0274 0.2396 -0.9705
vn 0.6827 0.4405 0.5830
vn 0.7848 0.2460 0.5688
vn 0.5341 0.1480 0.8324
vn -0.8161 0.5183 0.2555
vn -0.6119 0.2982 0.7325
vn -1.0000 0.0064 0.0054
vn -0.8388 0.4362 -0.3258
vn 0.1265 -0.9899 -0.0638
vn -0.6766 -0.2481 0.6933
vn 0.0882 -0.2964 0.9510
vn 0.0528 0.8941 0.4447
vn -0.0574 -0.9285 0.3669
vn -0.0056 -0.9869 0.1613
vn -0.0030 -0.9349 0.3548
vn 0.1108 -0.9244 -0.3650
vn 0.0657 -0.8117 -0.5803
vn 0.3934 -0.8170 -0.4216
vn 0.0005 0.0725 0.9974
vn 0.1024 0.1438 0.9843
vn -0.0088 -1.0000 -0.0009
vn -0.5952 0.7644 0.2478
vn -0.3797 0.8005 0.4638
vn -0.1938 0.9371 0.2902
vn -0.9414 -0.0764 0.3286
vn -0.9005 -0.1537 0.4068
vn -0.5740 -0.7262 0.3783
vn 0.7711 -0.3290 0.5451
vn 0.4221 -0.7290 0.5388
vn -0.9989 0.0475 0.0058
vn -0.9986 0.0522 -0.0023
vn 0.9957 -0.0518 0.0766
vn 0.8798 -0.4752 -0.0065
vn 0.9996 -0.0095 -0.0277
vn 0.9992 -0.0393 -0.0046
vn 0.9922 -0.1242 0.0080
vn -0.5889 0.2405 0.7716
vn -0.0011 -0.9982 -0.0602
vn -0.0124 -0.9977 -0.0671
vn -0.0040 -0.9989 -0.0468
vn -0.0289 -0.7718 -0.6352
vn 0.7869 -0.2324 -0.5716
vn -0.0220 -0.9991 -0.0366
vn -0.2518 -0.9609 -0.1150
vn -0.6037 -0.7957 -0.0498
vn -0.6645 0.5556 0.4998
vn -0.7320 0.5037 0.4588
vn -0.6387 0.7169 0.2794
vn -0.8194 0.5698 -0.0631
vn -0.9993 0.0278 0.0236
vn 0.4993 -0.8519 -0.1577
vn 0.3929 -0.6604 -0.6398
vn 0.8883 0.4177 0.1907
vn 0.1016 -0.3637 -0.9260
vn -0.9996 -0.0230 -0.0140
vn -0.9994 -0.0322 -0.0116
vn -0.9991 -0.0266 -0.0319
vn -0.8743 0.4795 0.0757
vn -0.8725 0.4657 0.1480
vn 0.8493 0.5022 0.1625
vn 0.9932 0.0878 0.0764
vn 0.9769 -0.1758 0.1217
vn 0.9973 -0.0672 0.0286
vn 0.9997 0.0067 0.0236
vn 0.9240 -0.1625 0.3462
vn 0.3994 0.1536 -0.9038
vn 0.1166 -0.1250 -0.9853
vn -0.1919 -0.4072 -0.8930
vn 0.8221 0.4892 0.2914
vn 0.3048 0.8954 0.3246
vn -0.2159 0.6821 0.6987
vn 0.9985 -0.0504 -0.0228
vn -0.7030 0.3328 0.6285
vn -0.8217 0.1906 0.5370
vn -0.9936 -0.0721 0.0872
vn -0.9628 -0.1260 0.2391
vn -0.9802 -0.1407 0.1394
vn 0.8495 0.5046 0.1536
vn 0.8311 0.2781 0.4816
vn 0.6442 0.6011 -0.4729
vn 0.9967 -0.0413 0.0699
vn -0.3416 0.5933 -0.7289
vn -0.9389 0.0897 -0.3323
vn -0.4038 0.4797 -0.7790
vn -0.8215 -0.3858 -0.4198
vn -0.4292 -0.3768 -0.8209
vn -0.3418 -0.6215 -0.7050
vn 0.5620 -0.1959 0.8036
vn 0.8087 -0.2970 0.5078
vn -0.1251 -0.9789 -0.1614
vn 0.0051 -0.9745 -0.2241
vn 0.4883 0.7304 0.4776
vn 0.1143 0.8483 0.5170
vn 0.1835 -0.8358 0.5175
vn 0.0479 -0.7437 0.6668
vn 0.2666 -0.6803 -0.6827
vn 0.9085 -0.2893 -0.3017
vn 0.0132 0.9892 0.1463
vn 0.0419 0.9988 0.0263
vn -0.9757 0.1624 0.1470
vn -0.9484 0.1177 0.2945
vn -0.9986 0.0195 0.0495
vn 0.8470 0.5122 0.1424
vn 0.5685 0.7475 0.3435
vn 0.4135 0.9104 0.0129
vn 0.5693 -0.1654 -0.8053
vn 0.5736 0.1041 -0.8125
vn 0.8825 -0.0373 -0.4688
vn 0.8628 0.4916 0.1182
vn 0.9674 -0.2396 -0.0824
vn -0.9996 0.0258 0.0143
vn -0.6938 -0.4940 -0.5240
vn -0.0060 0.1143 -0.9934
vn -0.0094 0.9170 -0.3987
vn -0.0197 0.4390 -0.8983
vn 0.0248 -0.7629 0.6460
vn 0.0432 -0.7258 0.6865
vn 0.0049 -0.2460 0.9693
vn -0.0391 0.0800 -0.9960
vn -0.6025 0.0755 -0.7946
vn 0.7110 0.6552 0.2553
vn 0.5037 0.8419 -0.1933
vn 0.1430 0.6733 0.7254
vn 0.2048 0.9780 -0.0395
vn -0.7240 0.6889 0.0346
vn -0.7664 0.4479 -0.4604
vn -0.5300 0.7544 -0.3872
vn 0.0291 -0.7016 -0.7120
vn 0.0038 -0.9272 0.3746
vn -0.8358 -0.2483 0.4896
vn -0.5408 -0.7507 0.3794
vn -0.0083 -0.3375 0.9413
vn 0.0013 -0.5216 0.8532
vn 0.1812 0.9830 0.0284
vn -0.6165 -0.7541 0.2263
vn 0.0141 0.3091 0.9509
vn 0.0071 0.0599 0.9982
vn 0.0789 0.0764 0.9940
vn -0.0106 -0.2357 -0.9718
vn 0.3201 -0.5499 -0.7715
vn 0.6708 -0.3115 -0.6731
vn 0.9036 -0.4272 0.0334
vn 0.7404 -0.6721 0.0100
vn 0.6356 0.7670 -0.0882
vn -0.6246 0.0037 0.7810
vn -0.2082 0.0180 0.9779
vn 0.7556 -0.5272 0.3887
vn 0.3717 0.8974 0.2379
vn 0.3006 0.9324 0.2007
vn 0.3243 -0.9251 -0.1978
vn -0.4980 -0.5912 -0.6344
vn -0.5037 -0.4715 -0.7239
vn -0.5344 -0.5688 -0.6252
vn 0.9997 -0.0193 -0.0145
vn 0.3693 -0.8497 -0.3764
vn 0.4442 -0.8806 -0.1650
vn 0.9483 -0.2686 -0.1692
vn -0.8690 0.0110 -0.4946
vn -0.8457 0.1671 -0.5068
vn 0.0109 -0.0799 -0.9967
vn 0.0502 -0.2422 -0.9689
vn 0.4141 -0.8959 0.1613
vn 0.7563 -0.6174 0.2161
vn 0.3742 -0.9021 -0.2149
vn -0.4391 0.6564 -0.6134
vn -0.5495 0.7859 -0.2836
vn 0.4102 0.3711 -0.8331
vn -0.8720 0.1563 0.4639
vn -0.9150 -0.1085 -0.3886
vn -0.2134 0.0766 0.9740
vn -0.5368 0.0929 0.8386
vn -0.1825 0.1168 0.9762
vn -0.9833 -0.1782 -0.0379
vn -0.7433 -0.6090 -0.2767
vn 0.2026 0.7058 -0.6788
vn 0.7865 0.3226 -0.5267
vn 0.8182 0.5587 -0.1358
vn -0.0019 -0.9942 -0.1080
vn 0.0023 -0.9634 -0.2679
vn -0.8492 -0.5211 -0.0856
vn 0.9164 0.1179 0.3826
vn 0.9885 -0.0684 -0.1352
vn 0.8945 0.1241 0.4295
vn 0.9941 -0.1086 0.0019
vn 0.8310 -0.5562 -0.0116
vn 0.9998 -0.0106 0.0140
vn 0.7553 -0.6503 -0.0811
vn -0.9344 0.3402 0.1053
vn -0.7616 -0.5838 -0.2814
vn -0.9963 -0.0672 -0.0532
vn 0.9412 0.3377 0.0087
vn -0.0578 -0.7199 0.6916
vn 0.0396 -0.6026 0.7971
vn 0.1813 -0.5603 0.8082
vn 0.4483 -0.4337 0.7816
vn 0.5522 -0.6848 0.4755
vn 0.2269 -0.8346 0.5020
vn 0.9609 0.2711 0.0564
vn 0.9674 0.1182 0.2240
vn 0.9712 -0.1218 0.2048
vn 0.0421 0.7308 0.6813
vn -0.0967 0.2738 0.9569
vn 0.5336 -0.0009 -0.8457
vn 0.7040 -0.0085 -0.7102
vn 0.8040 -0.0009 -0.5946
vn 0.0580 -0.6796 0.7313
vn 0.0493 -0.4775 0.8773
vn 0.8261 -0.5634 0.0140
vn -0.0067 -0.8865 -0.4627
vn -0.0507 -0.9222 -0.3833
vn -0.0018 -0.9447 -0.3280
vn -0.4560 -0.0992 -0.8844
vn -0.1223 -0.1069 -0.9867
vn -0.3389 -0.6539 -0.6764
vn -0.3153 0.2373 -0.9188
vn -0.1580 0.1050 -0.9818
vn 0.1286 0.5117 -0.8495
vn -0.0114 0.0701 0.9975
vn -0.1130 0.3089 0.9444
vn -0.8589 0.1477 0.4904
vn 0.2187 0.3267 0.9195
vn 0.9997 -0.0156 0.0193
vn 0.2472 -0.3754 0.8933
vn 0.0243 -0.3215 0.9466
vn 0.0045 -0.9340 0.3572
vn -0.7629 0.6266 0.1594
vn -0.9848 0.1364 0.1071
vn -0.8288 0.2371 0.5068
vn -0.0307 -0.4638 -0.8854
vn -0.0681 0.4802 0.8745
vn -0.1472 0.9547 -0.2587
vn -0.0607 0.9863 -0.1531
vn -0.0040 0.9737 -0.2279
vn -0.0135 -0.9038 -0.4277
vn -0.0279 -0.7735 -0.6332
vn 0.9801 -0.1114 -0.1644
vn -0.2514 0.3796 -0.8904
vn 0.1948 0.1152 0.9741
vn 0.0971 0.3330 0.9379
vn 0.3817 0.0958 0.9193
vn 0.0362 0.9882 0.1489
vn 0.1006 0.9761 -0.1925
vn 0.0118 -0.9926 -0.1209
vn 0.1040 -0.9895 -0.1000
vn -0.0643 -0.9769 0.2037
vn -0.0003 -0.9489 0.3157
vn 0.9018 0.0670 0.4268
vn -0.9785 -0.2027 -0.0392
vn -0.5110 0.7977 0.3204
vn -0.4394 0.8906 0.1170
vn -0.6403 0.6972 0.3225
vn -0.0042 1.0000 0.0042
vn -0.0070 1.0000 0.0006
vn -0.0008 0.9984 -0.0559
vn -0.6109 -0.6561 -0.4431
vn -0.0143 0.8284 0.5600
vn 0.1264 0.2482 -0.9604
vn -0.9135 0.4062 0.0211
vn -0.1334 0.9630 0.2342
vn -0.2245 0.5900 0.7756
vn 0.8464 -0.4698 0.2510
vn 0.7918 0.6081 -0.0572
vn 0.1487 0.3988 -0.9049
vn 0.9760 -0.2137 0.0412
vn 0.9999 -0.0108 -0.0024
vn 0.5801 -0.7342 0.3527
vn 0.9999 0.0139 0.0072
vn -0.6592 0.2702 0.7018
vn -0.9682 0.0866 0.2349
vn -0.7454 0.6137 -0.2602
vn -0.6466 0.5960 -0.4761
vn -0.0043 -0.0997 -0.9950
vn 0.9872 -0.0426 -0.1540
vn 0.8826 -0.1569 -0.4432
vn 0.5477 -0.2732 -0.7908
vn -0.1157 -0.3625 0.9248
vn -0.6569 -0.7343 -0.1710
vn 0.6088 -0.7933 -0.0031
vn 0.7075 -0.7038 0.0642
vn -0.4823 -0.8740 -0.0595
vn 0.0522 -0.9986 0.0043
vn -0.6446 -0.7601 -0.0823
vn -0.2955 -0.8646 0.4064
vn -0.2286 -0.7971 0.5589
vn 0.0005 1.0000 -0.0013
vn 0.0030 0.9819 -0.1894
vn -0.9932 0.0983 0.0629
vn -0.8548 -0.2023 -0.4779
vn -0.9873 0.0854 0.1342
vn -0.6562 -0.4918 -0.5723
vn -0.6974 -0.0570 -0.7144
vn -0.9745 -0.1922 0.1160
vn 0.8938 0.1787 0.4113
vn 0.3520 -0.4468 0.8225
vn 0.8026 0.4718 0.3650
vn 0.0572 0.9148 0.3998
vn -0.2235 0.9294 0.2936
vn -0.0984 0.9509 0.2934
vn 0.0013 0.9806 0.1958
vn 0.0063 0.9953 0.0968
vn 0.0160 0.6444 -0.7645
vn -0.1614 -0.9811 0.1063
vn -0.9780 -0.0612 -0.1994
vn -0.6557 0.0046 -0.7550
vn -0.0093 -0.4120 0.9111
vn -0.1048 -0.5805 0.8075
vn -0.8062 -0.4294 0.4069
vn 0.5560 0.7665 0.3213
vn 0.0495 0.8310 0.5541
vn 0.9695 -0.2376 0.0609
vn -0.0077 -1.0000 -0.0002
vn -0.0899 -0.7075 -0.7010
vn 0.2527 -0.4111 0.8759
vn -0.1363 -0.9643 0.2269
vn 0.1024 -0.8318 0.5456
vn -0.1648 -0.7490 0.6418
vn -0.4283 -0.7325 0.5292
vn -0.8738 0.0040 -0.4863
vn -0.6112 0.0028 -0.7915
vn -0.5904 0.2329 -0.7728
vn -0.0643 0.9428 -0.3270
vn -0.0812 0.9935 -0.0800
vn 0.9682 -0.1037 0.2277
vn 0.9217 -0.1691 -0.3490
vn 0.9788 -0.2049 -0.0049
vn -0.5865 -0.1235 0.8005
vn -0.0974 -0.2439 0.9649
vn -0.9430 -0.0002 0.3328
vn -0.9678 -0.1190 0.2220
vn -0.9922 0.1072 0.0632
vn -0.4161 -0.3922 -0.8204
vn 0.7706 0.4871 0.4110
vn 0.4793 0.6704 0.5664
vn 0.5320 -0.0824 0.8427
vn 0.0553 -0.9671 0.2483
vn -0.8167 -0.5273 -0.2343
vn 0.0214 0.3805 -0.9245
vn 0.0453 -0.1433 -0.9886
vn -0.0235 0.9328 -0.3597
vn -0.4955 0.8684 0.0208
vn -0.9483 0.3165 0.0231
vn -0.6725 0.7400 0.0113
vn 0.0018 -0.3778 -0.9259
vn 0.0013 -0.0721 -0.9974
vn 0.0304 -0.3477 -0.9371
vn -0.9581 0.2479 0.1432
vn -0.9995 0.0311 0.0079
vn -0.7773 -0.5375 0.3269
vn -0.2562 0.1929 -0.9472
vn -0.0996 -0.9317 -0.3492
vn -0.4250 0.9052 0.0068
vn 0.9794 -0.0757 0.1870
vn 0.7843 -0.3317 0.5243
vn -0.0013 -0.9998 -0.0223
vn 0.0295 -0.5472 -0.8365
vn 0.0266 -0.6914 -0.7220
vn -0.0542 -0.5289 -0.8469
vn 0.9955 -0.0947 -0.0013
vn -0.1535 -0.9685 -0.1962
vn 0.7284 -0.5035 -0.4646
vn -0.1982 -0.9800 -0.0153
vn -0.8705 -0.4921 -0.0075
vn -0.8158 -0.5783 -0.0017
vn 0.0065 0.2504 0.9681
vn 0.1281 0.2486 0.9601
vn 0.0968 -0.8087 -0.5802
vn -0.2076 0.6040 -0.7695
vn -0.0558 0.7906 -0.6097
vn 0.1968 -0.9770 0.0819
vn 0.1473 -0.9506 0.2731
vn 0.0120 -0.8377 -0.5460
vn -0.0017 -0.7060 -0.7082
vn 0.0078 -0.3839 -0.9233
vn -0.1001 0.8430 0.5285
vn -0.1031 0.7757 0.6226
vn -0.0333 0.8874 0.4598
vn 0.0115 -0.8543 -0.5197
vn 0.0105 -0.7073 -0.7068
vn 0.1562 -0.7449 -0.6487
vn 0.0102 -0.9808 0.1949
vn 0.4596 -0.8177 0.3467
vn -0.0035 -0.9981 -0.0622
vn -0.0108 -0.9999 -0.0016
vn 0.2844 -0.8905 0.3552
vn 0.8300 -0.5347 0.1585
vn 0.6341 -0.6571 0.4076
vn 0.9977 -0.0618 0.0287
vn 0.4554 -0.6972 0.5537
vn 0.3575 -0.2928 0.8868
vn -0.3980 -0.8321 0.3864
vn -0.0167 0.4140 -0.9101
vn -0.1004 0.4928 -0.8643
vn -0.3277 -0.8906 0.3153
vn -0.5152 -0.3085 0.7996
vn 0.0157 0.5279 -0.8492
vn 0.0520 0.5893 -0.8063
vn 0.5658 -0.4819 -0.6690
vn -0.6885 -0.6498 -0.3221
vn -0.0025 0.9639 0.2664
vn 0.2480 -0.9625 0.1099
vn -0.6855 -0.7280 0.0098
vn 0.6065 -0.7951 0.0031
vn -0.2491 -0.6423 0.7249
vn -0.2240 -0.0088 0.9746
vn 0.5271 -0.8498 -0.0050
vn 0.2711 -0.9622 -0.0264
vn 0.1280 -0.9915 -0.0244
vn 0.9079 -0.0197 0.4187
vn 0.8964 0.2145 0.3880
vn 0.9505 -0.2715 -0.1508
vn -0.9482 0.0630 -0.3114
vn 0.0823 -0.0652 -0.9945
vn 0.0461 0.1624 -0.9856
vn -0.4508 -0.7083 -0.5432
vn -0.8833 0.0047 0.4688
vn -0.9857 0.0041 0.1682
vn -0.9638 0.2491 -0.0949
vn 0.0442 -0.9990 -0.0109
vn -0.1475 0.7906 -0.5943
vn -0.1792 0.9314 -0.3169
vn -0.5408 -0.7711 -0.3361
vn -0.5815 -0.7474 -0.3213
vn -0.8994 0.4003 -0.1757
vn -0.8479 0.3508 -0.3974
vn -0.1461 0.4284 -0.8917
vn -0.4270 -0.2042 -0.8809
vn -0.5974 0.7929 0.1199
vn -0.6480 0.3676 -0.6671
vn -0.3708 0.7198 0.5868
vn -0.5634 0.4661 0.6821
vn 0.0938 0.9949 -0.0359
vn -0.1082 0.9847 -0.1363
vn 0.7786 0.6275 0.0005
vn 0.9670 0.1165 -0.2264
vn 0.5068 -0.8102 -0.2946
vn 0.1935 -0.9597 -0.2039
vn -0.0606 -0.0658 -0.9960
vn 0.0007 -0.5547 -0.8320
vn -0.0004 -0.4238 -0.9058
vn 0.3278 0.2178 0.9193
vn 0.1781 0.2833 0.9423
vn -0.0831 0.6691 0.7385
vn -0.0565 0.4752 0.8781
vn -0.9968 0.0591 -0.0535
vn -0.9988 0.0028 -0.0495
vn 0.8372 -0.3361 -0.4314
vn 0.9374 0.3448 0.0484
vn -0.0263 0.8790 -0.4760
vn -0.0038 0.8891 -0.4578
vn -0.0028 0.8301 -0.5577
vn 0.0267 0.2727 -0.9617
vn -0.1909 -0.7361 -0.6494
vn -0.9874 0.1511 0.0471
vn -0.9855 -0.1476 -0.0836
vn 0.0479 0.5815 -0.8121
vn 0.1859 0.7303 -0.6574
vn 0.2945 0.5480 -0.7829
vn 0.0094 0.3279 -0.9447
vn -0.2119 -0.3155 -0.9250
vn -0.5328 -0.2739 -0.8007
vn -0.2883 -0.4620 -0.8387
vn -0.6364 -0.7623 0.1179
vn 0.1587 0.2388 -0.9580
vn 0.8569 -0.2744 0.4364
vn 0.4319 -0.5528 0.7127
vn -0.9602 0.2706 0.0693
vn -0.9769 0.1838 0.1088
vn -0.8852 0.0183 -0.4649
vn -0.5756 -0.0808 -0.8137
vn -0.7637 -0.1965 -0.6149
vn -0.0015 0.7695 0.6386
vn 0.0108 0.8471 0.5313
vn 0.0688 -0.6175 0.7835
vn -0.9901 -0.1379 -0.0249
vn -0.8894 -0.4000 0.2213
vn -0.0063 0.7213 -0.6926
vn 0.0138 0.7472 -0.6645
vn 0.9669 -0.2422 0.0798
vn 0.9548 -0.2824 0.0924
vn 0.2741 0.3113 0.9099
vn -0.1644 0.8963 -0.4119
vn 0.0648 0.9056 0.4191
vn 0.4013 0.6211 0.6733
vn 0.9791 -0.1682 -0.1140
vn 0.0242 -0.9906 -0.1345
vn 0.0299 -0.9123 -0.4085
vn -0.2601 0.7050 0.6598
vn -0.0828 0.8679 0.4898
vn 0.1418 0.7578 0.6369
vn -0.2006 -0.9393 0.2784
vn -0.8802 0.1372 0.4544
vn -0.3831 0.4398 0.8123
vn 0.9998 0.0176 -0.0015
vn 0.9595 0.2814 0.0086
vn 0.9769 0.2132 0.0134
vn 0.9945 0.1006 -0.0289
vn 0.9524 0.3022 0.0402
vn -0.0737 -0.8905 0.4490
vn -0.2841 -0.9588 -0.0007
vn 0.1181 -0.9930 0.0005
vn 0.1107 -0.9938 -0.0066
vn 0.2259 -0.9519 0.2069
vn -0.0251 -0.2541 0.9669
vn -0.1382 0.9110 0.3886
vn -0.7168 -0.6973 0.0001
vn 0.3786 -0.9065 -0.1870
vn -0.0029 0.5378 0.8431
vn 0.9463 -0.1784 -0.2695
vn 0.4209 -0.9023 -0.0933
vn -0.9757 -0.2164 -0.0341
vn -0.7411 -0.6661 0.0843
vn -0.7143 -0.4678 -0.5205
vn 0.9317 0.3619 -0.0305
vn -0.2980 0.3350 -0.8939
vn 0.1012 0.5783 -0.8095
vn -0.0039 -0.7682 -0.6402
vn 0.9287 -0.3707 -0.0119
vn 0.5178 -0.8399 0.1626
vn 0.4791 -0.8671 -0.1364
vn 0.3090 -0.7997 -0.5148
vn 0.2141 0.5309 0.8199
vn -0.4647 -0.5099 -0.7239
vn -0.8787 -0.4392 -0.1869
vn -0.0052 -0.9793 -0.2022
vn -0.0027 0.3899 0.9209
vn -0.0008 0.4979 0.8672
vn -0.0014 0.4850 0.8745
vn 0.9916 0.0046 -0.1292
vn 0.9904 0.1310 -0.0435
vn 0.9378 0.0898 0.3355
vn -0.9918 -0.0117 -0.1273
vn -0.8920 0.4316 0.1342
vn -0.8948 0.0313 -0.4453
vn 0.0294 -0.8858 0.4631
vn -0.1369 -0.7897 0.5981
vn -0.1105 -0.8919 0.4386
vn -0.0418 -0.9538 -0.2975
vn 0.9742 -0.1856 -0.1280
vn -0.0769 0.1594 0.9842
vn -0.0062 -0.0601 0.9982
vn 0.9994 0.0336 -0.0018
vn -0.9776 -0.1485 0.1490
vn -0.5290 -0.0402 0.8476
vn -0.7198 -0.4702 0.5107
vn -0.9530 -0.0132 -0.3028
vn -0.9319 0.3627 0.0024
vn -0.9994 0.0334 -0.0006
vn -0.2948 -0.7171 -0.6316
vn -0.3790 -0.6747 -0.6333
vn -0.1953 -0.7241 -0.6615
vn 0.9924 -0.0819 0.0921
vn 0.8864 -0.4623 -0.0225
vn 0.8307 -0.2864 0.4775
vn 0.0187 -0.5172 -0.8557
vn 0.0379 -0.3851 -0.9221
vn 0.0564 -0.6287 -0.7756
vn -0.7284 -0.1995 -0.6555
vn -0.1011 -0.2977 -0.9493
vn -0.2356 -0.3038 -0.9231
vn 0.0154 -0.9994 -0.0322
vn 0.0032 -0.9949 -0.1005
vn -0.0904 0.3946 -0.9144
vn 0.0294 0.5051 -0.8626
vn 0.0323 0.4989 0.8660
vn 0.0337 0.6476 0.7612
vn 0.8624 -0.0060 -0.5062
vn -0.1379 -0.7751 0.6166
vn -0.0038 0.9973 -0.0730
vn -0.0096 0.9999 0.0098
vn -0.0030 0.9997 -0.0254
vn 0.1832 0.8530 -0.4887
vn -0.0759 0.7334 -0.6755
vn 0.0472 0.7740 -0.6315
vn 0.9417 -0.2806 -0.1859
vn 0.4550 -0.8904 0.0121
vn 0.1949 -0.9651 -0.1747
vn -0.0986 -0.9951 -0.0022
vn 0.9236 0.2214 0.3130
vn 0.3271 0.5686 0.7548
vn -0.2916 0.9557 -0.0393
vn -0.7548 0.6097 0.2421
vn -0.9923 0.1220 0.0218
vn 0.0238 0.1165 0.9929
vn 0.9467 0.1287 -0.2953
vn -0.1372 0.9848 0.1061
vn -0.7430 -0.1993 -0.6389
vn -0.1516 -0.2696 -0.9510
vn 0.1180 -0.3061 -0.9447
vn 0.3354 -0.2784 0.9000
vn 0.0704 -0.1684 0.9832
vn 0.2116 -0.2875 0.9341
vn -0.0281 -0.7292 -0.6837
vn -0.0003 -0.8043 0.5943
vn 0.6631 -0.7485 -0.0098
vn 0.9950 -0.0900 0.0422
vn -0.7433 -0.0657 -0.6657
vn -0.5709 0.0601 -0.8188
vn -0.7280 0.0988 0.6784
vn -0.9863 -0.0707 0.1488
vn -0.7051 -0.4080 0.5800
vn 0.0002 1.0000 -0.0021
vn 0.0025 1.0000 -0.0014
vn -0.0423 0.4272 0.9032
vn 0.9165 0.0093 0.4000
vn 0.9974 0.0613 0.0380
vn 0.9131 0.2762 0.2998
vn -0.7139 0.6966 -0.0706
vn -0.9795 0.1532 0.1311
vn -0.0015 0.0431 -0.9991
vn 0.0362 -0.1051 -0.9938
vn -0.8521 -0.1856 -0.4894
vn -0.8709 -0.2109 -0.4438
vn 0.0061 -0.7124 -0.7017
vn 0.0920 -0.5981 -0.7962
vn 0.0649 -0.7641 -0.6418
vn -0.6737 0.3819 -0.6327
vn 0.5803 0.4257 -0.6943
vn -0.1525 0.9821 0.1109
vn 0.0133 0.8649 0.5018
vn -0.2541 0.9672 0.0047
vn -0.0371 0.9993 0.0005
vn -0.1602 0.9871 0.0035
vn 0.0441 0.9418 0.3332
vn 0.0498 0.9414 0.3336
vn 0.7515 -0.2015 -0.6282
vn 0.3827 -0.2901 -0.8771
vn -0.8555 0.1314 0.5008
vn -0.5043 -0.8330 0.2275
vn -0.6731 -0.7013 0.2348
vn -0.0647 -0.9532 0.2953
vn 0.7426 -0.6063 0.2847
vn 0.7896 -0.4017 0.4639
vn 0.1640 0.7911 0.5893
vn 0.1617 0.8218 0.5464
vn -0.6020 0.7301 0.3233
vn 0.1053 0.6489 0.7536
vn -0.9230 -0.0017 -0.3849
vn -0.8468 0.4416 -0.2966
vn -0.8035 0.1716 0.5700
vn -0.9022 0.3144 0.2954
vn 0.0114 -0.4459 0.8950
vn -0.0801 -0.0400 0.9960
vn -0.1645 -0.9328 0.3205
vn -0.1752 -0.9840 0.0324
vn -0.0110 -0.9816 0.1908
vn -0.0659 0.5624 -0.8243
vn 0.2551 -0.7175 0.6481
vn -0.3667 -0.8820 -0.2959
vn 0.6041 -0.5629 0.5641
vn -0.6009 -0.5397 0.5895
vn 0.2060 -0.9785 -0.0084
vn 0.6555 -0.3472 -0.6706
vn 0.0084 -0.3936 -0.9192
vn 0.0044 -0.9564 0.2919
vn 0.0034 -0.9680 0.2508
vn 0.1141 0.7477 0.6541
vn 0.0508 0.9412 -0.3339
vn -0.0234 0.9997 0.0045
vn 0.0620 0.8800 0.4710
vn 0.0185 0.9998 -0.0026
vn 0.3096 0.6361 0.7068
vn 0.9774 0.1881 -0.0967
vn 0.8072 0.4879 -0.3322
vn -0.9501 0.3004 -0.0836
vn -0.9173 0.2958 -0.2667
vn 0.0071 -0.8231 -0.5679
vn -0.0017 -0.8070 0.5906
vn -0.1090 0.9816 -0.1566
vn -0.1110 -0.6654 -0.7382
vn 0.4702 -0.4834 -0.7384
vn 0.7032 0.6689 0.2411
vn 0.9813 -0.0469 -0.1865
vn 0.9609 0.0945 0.2601
vn 0.1131 0.9181 0.3798
vn -0.0430 0.2268 -0.9730
vn 0.1093 0.3096 -0.9446
vn -0.5644 0.7241 0.3965
vn -0.9629 0.2567 -0.0835
vn -0.3481 0.3612 0.8651
vn -0.6848 -0.7288 0.0021
vn 0.9920 -0.1236 -0.0274
vn 0.1313 -0.6298 0.7656
vn 0.0076 -0.0947 0.9955
vn -0.9996 0.0208 -0.0180
vn -0.9783 -0.2029 0.0418
vn 0.3683 0.5922 -0.7167
vn 0.0691 0.7500 -0.6578
vn 0.4141 0.7465 -0.5209
vn 0.0826 0.4610 -0.8835
vn 0.3611 0.3481 -0.8651
vn 0.0257 0.8932 0.4489
vn 0.0147 0.9235 0.3834
vn -0.9979 0.0007 -0.0644
vn 0.6317 0.5316 0.5642
vn -0.0144 -0.8240 0.5664
vn 0.0445 -0.9408 0.3361
vn 0.8889 -0.4554 -0.0491
vn 0.5402 0.6309 -0.5570
vn 0.9637 0.1934 -0.1842
vn -0.0143 -0.3425 -0.9394
vn 0.8418 -0.5359 -0.0653
vn 0.7254 -0.6883 -0.0004
vn 0.8423 -0.5389 0.0121
vn 0.0860 0.0049 0.9963
vn -0.0019 -0.9983 -0.0579
vn 0.0110 -0.9898 -0.1418
vn 0.1757 0.9385 -0.2971
vn -0.2888 -0.8709 0.3977
vn 0.0028 0.1379 -0.9904
vn 0.8428 -0.0364 -0.5369
vn 0.8656 -0.5006 0.0117
vn 0.5234 -0.8239 0.2174
vn 0.7870 -0.6169 0.0009
vn -0.5931 0.5260 0.6095
vn -0.5551 0.7155 0.4242
vn -0.0612 -0.9807 0.1855
vn -0.0120 -0.9674 0.2530
vn -0.0082 -0.9999 -0.0063
vn 0.8965 0.1101 -0.4291
vn -0.0237 -0.8138 0.5807
vn -0.6478 -0.6515 -0.3949
vn -0.5239 -0.8445 0.1106
vn -0.2210 -0.3833 0.8968
vn -0.1500 -0.6576 0.7383
vn -0.7212 0.0604 -0.6901
vn -0.4319 0.3171 -0.8443
vn -0.3379 0.1318 -0.9319
vn 0.0089 1.0000 -0.0029
vn 0.0087 1.0000 0.0006
vn 0.0581 0.9983 0.0013
vn -0.0038 -1.0000 0.0047
vn -0.0031 -1.0000 0.0009
vn -0.0023 -1.0000 0.0035
vn -0.2648 0.9643 -0.0007
vn -0.0335 0.9994 0.0005
vn -0.2825 0.9593 0.0015
vn 0.0155 0.6558 0.7547
vn 0.9409 -0.0404 -0.3362
vn 0.9996 -0.0001 -0.0285
vn 0.2098 0.6656 -0.7162
vn -0.1814 0.7441 0.6430
vn -0.0553 0.8225 -0.5660
vn -0.3559 0.9345 0.0030
vn -0.7765 0.6299 0.0161
vn -0.0001 -0.2018 -0.9794
vn 0.0001 -0.2149 -0.9766
vn 0.0663 -0.5911 -0.8039
vn 0.0687 -0.6717 -0.7376
vn -0.1450 0.6328 -0.7606
vn 0.4933 0.8323 -0.2528
vn 0.3949 0.9178 -0.0408
vn -0.9260 -0.0898 -0.3666
vn -0.3554 -0.8321 -0.4259
vn -0.1550 -0.7111 0.6858
vn -0.9327 -0.3572 0.0492
vn 0.7318 0.5029 0.4600
vn 0.4876 0.6199 0.6147
vn 0.3359 -0.8327 -0.4402
vn 0.4198 0.3407 0.8413
vn 0.2587 0.0078 0.9659
vn 0.1589 0.9786 0.1311
vn -0.0037 1.0000 -0.0001
vn -0.0022 1.0000 -0.0010
vn 0.5712 -0.7234 -0.3878
vn 0.4140 -0.7364 -0.5352
vn -0.5115 -0.8554 0.0815
vn -0.6920 -0.5426 0.4761
vn -0.5955 -0.6533 0.4675
vn 0.6071 0.7944 0.0184
vn 0.4918 0.8706 0.0156
vn -0.0054 0.5711 -0.8208
vn 0.0016 0.4680 -0.8837
vn -0.1888 0.1691 -0.9673
vn -0.8473 0.1705 0.5029
vn 0.0001 1.0000 -0.0021
vn 0.0006 0.9890 -0.1481
vn -0.1337 -0.2252 0.9651
vn -0.0435 -0.8393 0.5420
vn -0.0010 -0.7022 0.7120
vn 0.0014 -0.2014 0.9795
vn -0.7094 0.6932 0.1278
vn 0.0449 0.8063 0.5897
vn -0.3192 0.4615 0.8278
vn -1.0000 -0.0062 0.0044
vn -0.8638 -0.4946 -0.0958
vn -0.9694 0.1491 -0.1951
vn -0.9270 0.2796 0.2500
vn -0.9990 0.0329 0.0298
vn -0.9001 0.3964 0.1809
vn 0.0366 -0.2560 -0.9660
vn 0.0665 -0.4948 -0.8664
vn 0.0993 -0.6301 -0.7702
vn -0.0126 -0.6878 -0.7258
vn -0.0211 -0.8167 -0.5767
vn -0.4900 0.3984 -0.7753
vn -0.0779 0.3907 -0.9172
vn -0.0672 -0.9790 -0.1925
vn -1.0000 -0.0034 -0.0015
vn -0.9670 -0.2080 -0.1468
vn -0.9916 -0.0523 -0.1184
vn -0.4532 0.7405 0.4963
vn -0.7249 0.2915 -0.6242
vn 0.0407 0.6569 -0.7529
vn -0.4767 0.7306 -0.4888
vn -0.1760 0.9205 -0.3488
vn -0.1011 0.8485 -0.5194
vn 0.2552 -0.7631 0.5937
vn 0.2800 -0.9331 0.2258
vn 0.1463 -0.6958 0.7032
vn 0.6914 -0.4076 0.5965
vn 0.1590 -0.0370 0.9866
vn 0.7794 0.5215 -0.3473
vn 0.7354 0.6121 -0.2907
vn 0.7390 0.5616 -0.3720
vn -0.9657 -0.0002 0.2598
vn -0.9560 0.0396 -0.2908
vn -0.8348 0.2296 0.5005
vn -0.9616 -0.2724 -0.0336
vn 0.0427 -0.7520 0.6578
vn 0.0249 -0.9873 0.1566
vn 0.4272 -0.3858 0.8177
vn 0.9688 -0.2477 0.0102
vn 0.8619 -0.4786 -0.1679
vn 0.9069 0.4151 0.0718
vn 0.6195 0.7263 0.2979
vn 0.7296 0.2191 0.6478
vn 0.9640 0.1066 0.2438
vn 0.9634 -0.0654 -0.2600
vn -0.0751 0.9972 -0.0001
vn -0.0901 0.9959 0.0002
vn -0.0039 1.0000 0.0007
vn -0.3106 -0.2869 -0.9062
vn -0.0039 -1.0000 0.0076
vn 0.9974 -0.0454 -0.0552
vn 0.9927 -0.1092 -0.0505
vn -0.0260 0.6257 0.7796
vn -0.0549 0.4272 0.9025
vn -0.0009 -0.2200 0.9755
vn -0.3353 -0.2753 0.9010
vn 0.9407 -0.0766 0.3305
vn 0.0051 -1.0000 0.0042
vn 0.4887 -0.8186 0.3017
vn 0.3440 -0.8375 0.4246
vn 0.0031 -0.9387 0.3447
vn -0.0069 -0.9463 0.3232
vn -0.9029 0.3677 0.2225
vn -0.5995 0.7922 -0.1143
vn 0.9929 0.0849 0.0834
vn 0.9283 0.1212 0.3516
vn 0.7936 0.6039 -0.0745
vn 0.3970 0.8776 -0.2687
vn 0.8774 0.4116 -0.2464
vn -0.9887 -0.0005 -0.1501
vn -0.1658 0.9735 0.1576
vn -0.0639 0.9419 0.3299
vn -0.1686 0.8166 0.5521
vn 0.6607 -0.7506 0.0115
vn -0.0046 -0.8278 0.5610
vn 0.0612 -0.7834 0.6185
vn 0.0344 -0.6784 0.7339
vn -0.5784 -0.1270 -0.8058
vn -0.7292 0.6352 -0.2544
vn -0.9689 -0.2156 -0.1214
vn -0.9523 0.3042 0.0264
vn -0.1528 -0.9882 0.0130
vn -0.1854 -0.9632 0.1948
vn -0.0381 0.9070 -0.4194
vn -0.0008 0.9476 -0.3196
vn -0.6023 -0.7932 -0.0899
vn -0.7942 -0.5987 -0.1035
vn 0.9652 -0.1767 0.1925
vn -0.5425 -0.2572 0.7997
vn -0.4992 -0.5994 0.6257
vn -0.5640 0.2135 0.7977
vn 0.1894 0.4298 0.8828
vn 0.0260 0.9860 -0.1650
vn 0.1812 -0.6822 -0.7084
vn 0.1331 -0.7922 -0.5956
vn -0.3266 0.2988 0.8967
vn 0.1616 0.2791 0.9466
vn 0.0240 -0.4765 -0.8789
vn -0.3497 -0.7700 -0.5337
vn 0.8245 0.5279 0.2037
vn 0.9835 0.1771 0.0371
vn -0.2465 0.2750 0.9293
vn 0.6646 0.7131 0.2230
vn -0.9020 0.1629 0.3999
vn -0.8149 0.0528 0.5772
vn 0.0052 0.5439 0.8391
vn 0.0102 0.7688 0.6394
vn -0.9741 -0.2233 -0.0347
vn -0.9729 -0.2185 0.0756
vn -0.0000 -0.7268 0.6869
vn -0.0009 -0.9996 0.0267
vn -0.0024 -1.0000 0.0052
vn -0.0009 -0.2241 -0.9746
vn -0.0258 -0.4249 -0.9049
vn 0.9627 0.0455 0.2666
vn 0.9335 0.2441 0.2627
vn -0.6282 0.1699 0.7593
vn 0.1899 0.1934 0.9626
vn 0.2284 -0.9704 0.0780
vn 0.0017 -0.9996 -0.0271
vn 0.9971 0.0466 0.0595
vn 0.9162 -0.3113 -0.2522
vn 0.9977 -0.0679 0.0029
vn 0.9998 -0.0202 0.0010
vn -0.7636 0.2909 -0.5765
vn 0.0075 0.1020 0.9948
vn -0.0053 -1.0000 -0.0035
vn 0.6978 -0.7158 0.0278
vn 0.1846 -0.9821 0.0363
vn -0.9346 0.3147 -0.1657
vn -0.9535 0.2137 0.2124
vn -0.2384 -0.9223 0.3043
vn -0.0104 0.1625 -0.9867
vn -0.0005 -0.0053 1.0000
vn 0.0003 -0.7024 0.7118
vn 0.8345 0.1917 -0.5166
vn 0.8797 0.4756 -0.0028
vn 0.3541 -0.0685 -0.9327
vn -0.9026 0.3256 -0.2815
vn -0.9124 0.1722 -0.3714
vn -0.9908 -0.0643 0.1188
vn 0.0024 -0.3444 -0.9388
vn 0.0061 0.1187 -0.9929
vn 0.4696 0.0061 -0.8829
vn 0.7561 -0.3124 -0.5751
vn 0.1738 -0.9847 0.0147
vn -0.6183 0.2942 -0.7288
vn -0.0014 1.0000 -0.0010
vn -0.0006 1.0000 -0.0031
vn -0.0637 -0.2293 -0.9713
vn -0.0558 -0.7972 -0.6012
vn -0.9387 0.2897 -0.1869
vn -0.8197 -0.4998 0.2797
vn -0.4615 -0.8234 0.3302
vn -0.8782 -0.0025 -0.4782
vn -0.8046 -0.0085 -0.5937
vn -0.6380 -0.0003 -0.7700
vn 0.5411 -0.7192 -0.4359
vn 0.9966 0.0797 -0.0184
vn 0.9658 -0.2592 -0.0078
vn -0.0336 0.3646 -0.9306
vn 0.0008 0.3553 -0.9348
vn 0.0338 -0.9994 -0.0039
vn 0.7983 0.3018 0.5212
vn 0.6640 0.3738 0.6476
vn 0.8859 -0.0753 0.4578
vn -0.1351 0.9266 0.3509
vn -0.3513 0.8109 0.4679
vn 0.7009 0.3617 0.6147
vn 0.3976 0.2408 0.8854
vn 0.9166 0.1200 0.3814
vn 0.9939 -0.0756 0.0802
vn -0.9785 -0.0827 -0.1888
vn -0.4326 -0.9016 0.0008
vn 0.0005 0.9416 -0.3367
vn 0.0017 -0.9996 0.0279
vn -0.0875 -0.9833 0.1594
vn -0.3199 -0.9475 0.0024
vn -0.3323 -0.9431 -0.0084
vn -0.9277 -0.0761 -0.3655
vn -0.9727 -0.1126 -0.2031
vn -0.9787 0.0184 -0.2046
vn -0.7659 0.6199 0.1707
vn -0.9841 0.1680 0.0578
vn -0.9998 -0.0159 -0.0080
vn -0.7014 -0.4898 -0.5179
vn -0.0027 -0.0928 -0.9957
vn -0.8742 0.4763 -0.0941
vn -0.4652 -0.1235 0.8765
vn -0.9857 0.1586 -0.0570
vn -0.6483 0.6490 0.3980
vn -0.4044 0.9071 -0.1165
vn -0.0040 -0.9999 -0.0106
vn -0.3839 0.1508 -0.9110
vn 0.6458 -0.2316 -0.7276
vn -0.8544 0.3233 0.4068
vn -0.9991 -0.0425 -0.0070
vn -0.4694 0.4952 0.7311
vn -0.4863 0.6025 0.6329
vn 0.0661 -0.5338 0.8430
vn 0.6503 0.3698 0.6636
vn 0.9564 0.2686 -0.1144
vn 0.9329 -0.2416 0.2672
vn -0.0021 -0.9565 0.2918
vn 0.5966 0.7558 0.2698
vn 0.9583 0.2715 0.0889
vn 0.6667 -0.1638 -0.7271
vn 0.7443 -0.1149 -0.6578
vn -0.0013 0.7984 -0.6022
vn 0.1391 -0.9307 0.3382
vn 0.3938 -0.8542 0.3395
vn -0.9958 -0.0037 0.0910
vn -0.9942 -0.0957 -0.0500
vn -0.1762 -0.9821 -0.0667
vn -0.5710 -0.8209 -0.0031
vn -0.2647 -0.9638 -0.0322
vn -0.9642 0.0004 0.2652
vn -0.9923 -0.0520 -0.1126
vn -0.9465 0.1329 0.2942
vn 0.0344 0.7675 -0.6401
vn 0.9056 0.1135 0.4087
vn -0.9239 0.2488 0.2906
vn -0.9791 0.1037 0.1752
vn -0.0901 -0.9956 0.0247
vn -0.0225 0.6637 0.7477
vn -0.0480 0.9777 0.2044
vn -0.4280 0.9016 -0.0628
vn 0.0053 0.5706 -0.8212
vn 0.0006 0.3563 -0.9344
vn -0.0069 0.3981 -0.9173
vn 0.4692 0.3897 0.7925
vn 0.4334 -0.0599 0.8992
vn 0.1662 -0.9363 -0.3093
vn 0.4785 -0.6670 -0.5711
vn -0.0292 0.7572 0.6525
vn -0.0049 0.7823 0.6228
vn -0.0100 -0.3305 0.9438
vn 0.1408 -0.2461 0.9590
vn 0.0295 -0.0930 0.9952
vn -0.1543 0.9880 0.0072
vn -0.0084 0.9999 0.0069
vn -0.2575 -0.1053 0.9605
vn -0.0026 0.0705 0.9975
vn 0.0019 0.4567 0.8896
vn -0.9996 0.0294 0.0006
vn -0.2061 0.8392 0.5033
vn -0.8599 0.1572 0.4857
vn -0.9722 -0.0673 -0.2243
vn -0.8109 -0.4619 -0.3593
vn -0.6355 -0.4390 -0.6352
vn -0.4098 0.9113 0.0392
vn -0.2107 0.9727 0.0972
vn -0.1820 0.9108 0.3707
vn -0.9528 0.2934 0.0776
vn -0.9033 -0.2508 -0.3481
vn -0.3623 0.9016 0.2364
vn -0.1541 0.8953 0.4180
vn 0.0043 0.1926 0.9813
vn 0.0030 -0.0027 1.0000
vn 0.1671 0.0594 0.9842
vn 0.9961 -0.0479 0.0740
vn 0.9860 0.0844 -0.1437
vn -0.0010 -0.1810 -0.9835
vn 0.8667 -0.3283 -0.3755
vn 0.9583 -0.2701 0.0938
vn -0.0027 -0.9996 -0.0283
vn 0.3906 0.6494 0.6524
vn 0.0635 -0.4354 0.8980
vn 0.0291 -0.7975 0.6026
vn -0.7657 0.6325 0.1166
vn -0.0313 0.9785 -0.2039
vn -0.1112 0.9654 0.2360
vn -0.0795 -0.4237 -0.9023
vn -0.0610 -0.2358 -0.9699
vn 0.0502 -0.2230 -0.9735
vn -0.0467 -0.9708 -0.2351
vn -0.0152 -0.9951 -0.0979
vn 0.6679 0.5414 0.5106
vn -0.0401 0.2391 0.9702
vn 0.6002 -0.6423 0.4768
vn -0.3792 -0.2410 0.8934
vn -0.3729 -0.0503 0.9265
vn -0.7174 0.2114 0.6638
vn -0.4466 0.4309 0.7841
vn 0.3770 0.8621 0.3387
vn 0.3510 0.9312 0.0985
vn 0.7814 0.5504 0.2941
vn 0.3474 0.1489 -0.9258
vn 0.1135 0.9935 -0.0006
vn -0.0028 0.9104 -0.4138
vn 0.0064 0.9279 -0.3728
vn -0.1985 -0.7688 0.6079
vn 0.4922 -0.5008 -0.7120
vn -0.1873 -0.3838 0.9042
vn -0.4759 -0.7676 0.4294
vn -0.9367 -0.3048 0.1720
vn 0.4555 -0.8866 0.0806
vn 0.0012 -0.7128 -0.7014
vn -0.9997 -0.0206 -0.0164
vn 0.1431 -0.4333 -0.8898
vn 0.9146 -0.3309 -0.2322
vn 0.8909 -0.2067 -0.4044
vn -0.8213 -0.1911 -0.5375
vn 0.1270 -0.9919 -0.0070
vn -0.0403 -0.9910 -0.1277
vn 0.0135 -0.9989 -0.0453
vn 0.0030 -0.7416 -0.6708
vn 0.0006 -0.9995 -0.0325
vn 0.0027 -1.0000 0.0010
vn -0.1476 0.9866 0.0697
vn 0.0047 0.9989 0.0463
vn -0.0697 0.9822 -0.1746
vn -0.0066 0.6137 -0.7895
vn 0.0070 0.9751 -0.2215
vn 0.0577 0.6051 -0.7941
vn -0.0125 0.9999 -0.0044
vn 0.3424 -0.8260 -0.4478
vn -0.0032 0.9996 0.0277
vn -0.0002 0.9998 -0.0178
vn 0.0002 -0.7909 0.6119
vn -0.3761 0.5824 0.7207
vn 0.1423 -0.3167 0.9378
vn 0.1207 0.9655 0.2307
vn 0.1265 0.8717 -0.4734
vn 0.0539 0.6764 0.7345
vn 0.8374 0.1778 0.5169
vn -0.0020 -0.9999 -0.0142
vn 0.9897 -0.0939 -0.1079
vn 0.6749 -0.2512 -0.6938
vn -0.1443 -0.7516 0.6436
vn 0.4007 0.2741 0.8742
vn 0.6802 0.2261 0.6973
vn -0.1799 0.6339 -0.7522
vn -0.1371 0.9872 -0.0813
vn -0.2953 0.3408 -0.8926
vn -0.8139 0.4305 0.3902
vn -0.2937 0.7880 0.5411
vn -0.8534 0.4447 0.2721
vn 0.0918 0.8484 0.5214
vn 0.1892 0.6814 0.7070
vn 0.0046 -0.4913 -0.8710
vn 0.0028 -0.8570 -0.5153
vn 0.0259 -0.3041 -0.9523
vn 0.6812 -0.2318 -0.6944
vn 0.8543 -0.1571 -0.4955
vn 0.2139 0.7449 0.6319
vn 0.3701 0.7289 0.5759
vn -0.3858 0.3434 -0.8563
vn -0.8585 0.2160 -0.4650
vn 0.9039 0.4278 0.0005
vn 0.3257 0.1253 -0.9371
vn -0.3752 0.4290 -0.8217
vn -0.8475 0.2243 -0.4811
vn -0.1327 0.4979 -0.8570
vn -0.1101 0.8890 -0.4445
vn -0.9975 0.0595 -0.0369
vn -0.9577 -0.2876 0.0021
vn -0.9597 -0.2602 -0.1065
vn 0.0162 -0.8305 -0.5568
vn 0.9709 0.2338 -0.0520
vn 0.6968 -0.7148 0.0598
vn 0.8190 -0.5178 0.2474
vn -0.9205 -0.3807 0.0882
vn -0.6958 -0.7141 -0.0770
vn -0.5892 -0.7911 0.1642
vn -0.7445 -0.3157 -0.5883
vn 0.0577 -0.3462 -0.9364
vn -0.0350 -0.0156 -0.9993
vn -0.0946 0.2262 -0.9695
vn -0.0109 0.1922 -0.9813
vn -0.7626 0.2355 0.6025
vn -0.8893 0.1342 0.4371
vn -0.5827 0.3996 0.7077
vn -0.0013 -0.8897 0.4566
vn -0.0158 -0.6743 0.7383
vn -0.6843 0.7292 0.0014
vn -0.9330 0.3598 0.0036
vn 0.2729 -0.7439 -0.6100
vn -0.4054 -0.6401 -0.6526
vn 0.1051 -0.7479 -0.6555
vn -0.0657 -0.1691 -0.9834
vn -0.0547 0.7957 -0.6032
vn 0.0600 -0.8721 0.4857
vn 0.2293 -0.6795 -0.6969
vn 0.5765 -0.5725 -0.5829
vn 0.6179 -0.6550 -0.4350
vn -0.9522 -0.3047 -0.0229
vn -0.6781 -0.7331 0.0515
vn -0.9316 0.2882 0.2214
vn 0.7249 -0.0540 -0.6868
vn 0.8532 -0.5122 0.0983
vn 0.2712 -0.2807 -0.9207
vn -0.9611 0.2626 -0.0861
vn 1.0000 -0.0012 0.0006
vn 1.0000 0.0014 -0.0004
vn -0.0077 0.9964 0.0848
vn -0.2566 -0.9410 -0.2206
vn -0.3233 -0.8302 -0.4542
vn -0.0320 -0.9257 -0.3770
vn -0.3370 0.9409 -0.0334
vn 0.9071 -0.1770 0.3819
vn 0.3360 0.1881 0.9229
vn 0.9362 -0.3452 -0.0655
vn 0.5423 -0.3168 0.7782
vn 0.0299 0.2615 -0.9647
vn -0.3764 -0.4438 0.8132
vn -0.0012 1.0000 0.0073
vn -0.0014 1.0000 0.0052
vn 0.7639 -0.4772 0.4344
vn 0.6317 -0.6428 0.4333
vn 0.9925 -0.0754 0.0957
vn -0.6397 -0.7677 0.0370
vn -0.6037 -0.7969 0.0216
vn -0.1573 -0.9549 0.2517
vn -0.0034 0.9920 -0.1260
vn 0.5669 0.6018 0.5626
vn 0.3680 0.6626 0.6524
vn 0.9486 0.2440 0.2016
vn 0.4962 0.1773 -0.8499
vn 0.0035 0.8163 -0.5777
vn 0.0117 0.7911 -0.6115
vn 0.0959 0.0229 0.9951
vn 0.1992 -0.0546 0.9784
vn -0.9689 -0.2423 -0.0493
vn -0.7590 -0.6471 0.0724
vn 0.2357 0.2854 0.9290
vn 0.2342 0.2745 0.9326
vn 0.3060 0.0521 0.9506
vn -0.0018 -0.0168 -0.9999
vn -0.0338 -0.7159 -0.6974
vn -0.7520 0.6583 -0.0321
vn -0.8297 0.1254 0.5439
vn -0.1227 -0.6792 -0.7236
vn 0.6333 -0.3236 -0.7030
vn 0.4481 -0.8484 -0.2818
vn -0.0155 0.2964 -0.9549
vn 0.0339 0.3597 -0.9325
vn 0.0287 0.1596 -0.9868
vn -0.7234 0.5147 -0.4603
vn -0.0105 -0.9999 -0.0049
vn -0.0717 -0.9974 -0.0109
vn -0.0202 -0.9997 0.0103
vn 0.0540 0.5943 0.8024
vn -0.9234 0.0947 0.3719
vn -0.5322 0.6782 -0.5068
vn 0.6631 0.2128 0.7177
vn 0.9899 0.0245 0.1398
vn 0.8364 0.4475 0.3166
vn -0.3698 0.4391 -0.8188
vn 0.1206 0.9508 -0.2853
vn 0.0765 0.3501 -0.9336
vn -0.8878 0.4193 -0.1896
vn -0.9903 -0.1120 0.0820
vn 0.8133 -0.5818 0.0020
vn 0.6968 0.6627 0.2744
vn 0.4416 -0.8831 0.1586
vn -0.0029 1.0000 0.0002
vn -0.2574 0.7766 0.5750
vn -0.6318 0.4495 0.6314
vn -0.0129 0.9920 -0.1254
vn 0.9507 0.0150 -0.3099
vn 0.8993 0.0760 -0.4308
vn -0.5551 -0.4080 -0.7248
vn 0.0006 -0.3639 -0.9314
vn 0.0003 -0.2665 -0.9638
vn -0.0270 -0.9994 -0.0206
vn -0.0291 0.8070 0.5898
vn -0.1677 0.9559 -0.2410
vn 0.9296 -0.0270 -0.3675
vn 0.9919 0.0123 -0.1267
vn -0.9903 -0.1265 -0.0575
vn -0.9148 -0.3875 -0.1141
vn -0.6938 -0.5732 0.4360
vn -0.5568 -0.8158 0.1560
vn -0.1109 0.4710 -0.8751
vn 0.0041 -0.9815 0.1914
vn -0.0080 0.1377 0.9904
vn 0.4677 -0.5860 -0.6618
vn -0.8306 0.4803 0.2818
vn -0.0012 0.9055 0.4244
vn 0.0168 0.8868 0.4619
vn 0.0222 0.9040 0.4270
vn 0.0461 -0.0042 -0.9989
vn 0.2307 -0.0031 -0.9730
vn -0.1716 -0.0019 -0.9852
vn 0.8203 0.5340 -0.2045
vn 0.3492 -0.2872 -0.8920
vn -0.6076 0.7402 -0.2879
vn -0.1258 0.7850 -0.6066
vn -0.2733 -0.0008 0.9619
vn 0.3314 -0.0019 0.9435
vn 0.5280 0.0198 0.8490
vn -0.2785 0.6573 0.7003
vn -0.0376 0.9763 0.2129
vn 0.3250 -0.8982 0.2960
vn -0.0219 -0.9680 0.2500
vn 0.0681 -0.7063 0.7046
vn -0.0026 -0.9985 0.0554
vn 0.0039 -0.9585 0.2850
vn -0.3367 -0.3239 -0.8842
vn -0.1448 0.2324 0.9618
vn 0.1019 -0.4342 -0.8950
vn -0.5233 -0.8047 0.2805
vn 0.0009 0.2009 0.9796
vn 0.0055 0.0295 0.9995
vn -0.9729 0.2308 0.0131
vn -0.4514 -0.7744 0.4434
vn 0.8901 0.4541 0.0390
vn -0.3526 -0.7356 -0.5784
vn 0.9845 0.0090 0.1749
vn -0.2464 0.8391 -0.4850
vn -0.0458 -0.8205 -0.5698
vn 0.5767 -0.6121 -0.5410
vn 0.9992 0.0019 0.0393
vn -0.4054 -0.6328 -0.6598
vn 0.0008 -0.9919 -0.1269
vn -0.0115 -0.9999 -0.0128
vn 0.3792 0.2874 0.8796
vn 0.1746 0.9750 -0.1371
vn -0.6973 0.7037 -0.1360
vn -0.3798 0.9018 -0.2063
vn -0.6002 0.7552 -0.2635
vn 0.4006 -0.5784 0.7106
vn 0.3767 -0.5098 0.7734
vn 0.1834 -0.9785 -0.0942
vn 0.0020 -0.9828 -0.1844
vn 0.2786 -0.3837 0.8804
vn 0.9195 -0.0063 0.3930
vn 0.6580 -0.7445 0.1130
vn 0.7644 -0.6446 -0.0127
vn 0.4016 -0.9158 -0.0068
vn 0.0952 0.9352 0.3412
vn 0.0470 0.8546 0.5172
vn -0.0767 0.6785 -0.7306
vn 0.8212 0.4295 -0.3756
vn 0.3320 0.8833 -0.3311
vn 0.9628 0.2702 -0.0013
vn 0.9968 0.0793 -0.0024
vn -0.9740 0.0799 0.2119
vn -0.9715 0.1288 0.1988
vn -0.4463 -0.8639 -0.2334
vn 0.9833 -0.1810 -0.0176
vn 0.7927 -0.3340 0.5100
vn 0.7774 -0.2407 0.5811
vn 0.1305 0.1166 -0.9846
vn 0.0110 0.0586 -0.9982
vn 0.0118 -0.0501 -0.9987
vn -0.0005 -0.9260 -0.3776
vn 0.0135 -0.9649 -0.2623
vn -0.0020 -0.9914 -0.1310
vn -0.0369 -0.0515 -0.9980
vn -0.0425 0.8440 -0.5347
vn 0.0094 -0.9985 0.0530
vn 0.0129 -0.9668 0.2551
vn 0.1585 -0.9865 0.0402
vn 0.6436 -0.7285 0.2346
vn 0.5424 -0.8106 0.2207
vn 0.4210 -0.9008 -0.1065
vn 0.7056 -0.6192 0.3446
vn -0.0052 0.9085 -0.4178
vn -0.4518 0.7960 0.4027
vn 0.0896 0.8763 0.4733
vn -0.7756 0.4018 0.4869
vn 0.5710 0.4784 0.6672
vn -0.5476 0.4318 0.7168
vn 0.0749 0.8356 0.5441
vn 0.3936 0.7943 0.4629
vn -0.0446 0.9065 0.4199
vn -0.0146 0.9349 0.3546
vn -0.9950 -0.0776 0.0624
vn -0.5755 -0.7784 0.2507
vn -0.9446 -0.3053 0.1203
vn 0.9654 0.0858 0.2463
vn 0.7811 0.2048 0.5899
vn 0.2669 -0.2771 -0.9230
vn 0.0049 1.0000 -0.0066
vn -0.0148 0.1235 0.9922
vn -0.0942 0.3670 0.9255
vn 0.0024 0.0768 0.9970
vn 0.0511 -0.7052 -0.7071
vn -0.8824 0.0680 -0.4655
vn -0.9473 -0.1267 -0.2943
vn -0.1856 -0.6608 -0.7272
vn -0.0273 0.5920 0.8055
vn -0.6345 0.7690 0.0783
vn -0.5070 0.8273 -0.2419
vn -0.5928 0.7970 0.1153
vn -0.9259 -0.2276 0.3015
vn 0.0044 -0.2662 0.9639
vn 0.7794 -0.1476 -0.6088
vn -0.2144 0.5863 -0.7812
vn 0.9080 -0.0149 0.4186
vn 0.9423 -0.0003 0.3348
vn 0.9918 0.0053 0.1275
vn 0.9610 -0.0023 -0.2765
vn 0.6353 -0.7402 0.2203
vn 0.1169 -0.9931 0.0057
vn -0.7750 0.4779 0.4136
vn -0.7859 0.4922 0.3743
vn -0.0060 1.0000 -0.0026
vn 0.8451 0.3574 -0.3976
vn 0.3821 0.7988 0.4647
vn 0.1175 0.2346 -0.9650
vn -0.8520 0.0808 0.5173
vn 0.0386 0.9308 -0.3636
vn -0.0118 0.2912 0.9566
vn 0.9994 -0.0083 0.0342
vn -0.4663 0.1979 0.8622
vn 0.6892 -0.5612 0.4583
vn 0.2182 -0.4005 -0.8899
vn -0.5299 -0.5040 -0.6821
vn -0.2449 -0.8982 -0.3650
vn 0.9500 -0.2802 -0.1376
vn -0.9567 -0.2403 -0.1641
vn -0.4192 -0.6951 -0.5841
vn -0.7137 -0.5049 -0.4855
vn -0.2688 0.0082 -0.9632
vn 0.9991 -0.0400 -0.0113
vn 0.9898 0.1198 0.0766
vn 0.6578 -0.6343 -0.4062
vn -0.8666 0.0082 0.4989
vn -0.7129 -0.4295 0.5544
vn -0.1664 -0.1548 0.9738
vn -0.9159 -0.3992 -0.0411
vn -0.5487 -0.8124 -0.1972
vn 0.6004 -0.6793 0.4220
vn 0.5660 0.7807 0.2647
vn 0.7398 0.6657 0.0979
vn -0.5068 -0.0017 0.8621
vn -0.6817 0.0110 0.7315
vn -0.1144 0.0029 0.9934
vn 0.0225 0.1718 0.9849
vn 0.0218 0.1899 0.9816
vn 0.2045 -0.6286 0.7504
vn 0.9372 -0.0077 -0.3488
vn 0.3144 -0.9492 -0.0086
vn 0.1019 -0.9548 -0.2792
vn 0.1631 -0.9819 -0.0965
vn 0.6341 -0.7731 -0.0171
vn 0.0393 0.3236 0.9454
vn -0.0119 0.3047 0.9524
vn 0.0273 0.1414 0.9896
vn -0.9883 0.0472 0.1450
vn -0.9378 0.1675 0.3042
vn -0.6998 0.3588 0.6177
vn 0.9874 -0.0172 -0.1573
vn -0.1851 -0.2850 -0.9405
vn -0.0436 -0.3200 -0.9464
vn 0.9207 0.1079 0.3750
vn 0.8863 0.3684 0.2808
vn 0.8910 0.0668 0.4491
vn 0.9480 0.0425 0.3154
vn -0.4128 -0.9107 0.0135
vn -0.7288 -0.5859 0.3545
vn 0.3439 -0.6297 0.6966
vn 0.3240 -0.3374 0.8839
vn -0.0030 0.4651 -0.8852
vn -0.0815 -0.7052 -0.7043
vn -0.2375 -0.2775 -0.9309
vn 0.2823 -0.7918 -0.5416
vn -0.0216 0.1172 -0.9929
vn 0.9291 0.0711 -0.3629
vn 0.0010 -0.9997 -0.0258
vn 0.0804 -0.2041 0.9756
vn 0.0152 -0.8469 -0.5315
vn 0.0332 -0.9574 -0.2869
vn -0.6210 0.7224 -0.3042
vn -0.8464 0.4345 0.3078
vn -0.5317 0.7330 0.4242
vn -0.5015 0.6017 0.6217
vn -0.9392 0.0716 -0.3358
vn -0.7778 -0.4707 0.4165
vn -0.0116 0.2528 0.9674
vn -0.0010 0.3111 0.9504
vn -0.0069 0.5259 0.8505
vn -0.2569 -0.6879 -0.6788
vn -0.2985 -0.6878 -0.6617
vn 0.4132 -0.6728 -0.6137
vn -0.5071 -0.6599 0.5544
vn -0.0000 -0.1529 0.9882
vn 0.4315 0.7148 -0.5504
vn 0.2077 0.2322 -0.9502
vn -0.0386 -0.9038 0.4263
vn -0.1176 -0.1546 0.9810
vn 0.9976 0.0288 0.0628
vn 0.6277 0.7620 0.1591
vn 0.4462 -0.5700 -0.6899
vn -0.9627 0.0023 0.2705
vn -0.8623 0.1104 -0.4942
vn -0.3428 -0.8244 0.4504
vn 0.3396 0.8298 0.4428
vn 0.9287 -0.2240 -0.2954
vn -0.0623 0.2564 -0.9646
vn -0.7775 -0.1557 0.6093
vn -0.9964 0.0648 0.0544
vn -0.9709 -0.1853 -0.1518
vn 0.0150 -0.7957 0.6055
vn -0.0073 0.9832 0.1823
vn -0.7855 0.6123 0.0899
vn -0.9113 0.4116 -0.0060
vn 1.0000 -0.0027 0.0081
vn 0.9996 0.0192 0.0214
vn 0.9348 -0.2253 -0.2745
vn 0.9126 -0.1730 -0.3705
vn -0.0216 0.8906 0.4542
vn -0.0236 0.9685 0.2479
vn -0.0035 1.0000 -0.0039
vn -0.0018 0.9990 -0.0447
vn 0.9707 0.1681 0.1714
vn 0.7236 0.4171 0.5499
vn 0.9960 0.0265 0.0853
vn -0.5803 -0.6721 0.4599
vn 0.6656 0.6185 -0.4177
vn 0.1725 0.8970 -0.4070
vn 0.6040 0.7457 -0.2812
vn -0.9907 0.0592 -0.1228
vn -0.9940 -0.0737 -0.0806
vn 0.8278 0.5530 0.0947
vn 0.7023 0.7100 0.0512
vn -0.0013 0.9963 0.0854
vn 0.0080 0.9455 -0.3254
vn 0.6881 0.4163 -0.5943
vn 0.0011 0.6579 -0.7531
vn -0.8754 -0.1927 -0.4434
vn -0.6466 -0.3029 -0.7001
vn 0.9987 0.0043 0.0514
vn 0.9852 0.0597 -0.1605
vn -0.0073 -1.0000 0.0048
vn -0.0030 -1.0000 0.0095
vn 0.9982 -0.0538 0.0259
vn 0.5611 -0.2156 0.7992
vn 0.5882 0.8020 -0.1043
vn 0.8970 0.4416 0.0194
vn 0.9425 0.0109 0.3341
vn -0.0663 0.7107 -0.7004
vn -0.0326 0.9890 -0.1444
vn 0.5768 -0.4615 -0.6741
vn -0.0705 -0.7367 -0.6725
vn -0.0235 -0.7090 0.7048
vn 0.0064 -0.6076 -0.7942
vn 0.0229 -0.7157 0.6980
vn -0.1128 0.5057 -0.8553
vn -0.1230 0.3366 -0.9336
vn 0.1053 -0.2640 0.9588
vn -0.1195 0.0127 0.9927
vn -0.6355 0.2565 0.7283
vn 0.0038 0.9084 0.4180
vn -0.7127 -0.0001 0.7015
vn 0.9721 0.0604 0.2268
vn 0.9826 0.1103 0.1497
vn 0.9983 0.0381 0.0436
vn 0.0317 -0.0412 -0.9986
vn 0.4890 -0.6752 -0.5523
vn -0.9756 -0.1722 -0.1358
vn -0.0906 0.8993 -0.4278
vn -0.0012 0.8168 -0.5769
vn 0.0474 0.4598 -0.8868
vn 0.1157 -0.0851 -0.9896
vn -0.7458 0.3314 0.5778
vn -0.9648 0.1921 0.1794
vn -0.0067 -0.9023 -0.4310
vn -0.1036 -0.9546 -0.2794
vn -0.7915 0.6051 0.0861
vn -0.8642 -0.4938 -0.0970
vn -0.8884 0.0259 0.4583
vn -0.8983 0.4376 0.0386
vn -0.2522 -0.7790 0.5741
vn -0.7756 0.4231 -0.4685
vn 0.0334 -0.6792 -0.7332
vn 0.0064 0.9146 -0.4043
vn 0.9439 -0.3269 -0.0463
vn -0.2944 -0.0021 -0.9557
vn 0.1776 0.0015 -0.9841
vn 0.0006 0.9229 0.3851
vn 0.0203 0.8005 0.5990
vn 0.1814 0.8642 0.4694
vn 0.1735 0.9669 0.1869
vn 0.3803 0.4254 -0.8212
vn -0.7043 0.4589 0.5417
vn -0.9788 -0.1288 -0.1590
vn -0.8883 -0.0943 -0.4494
vn 0.0318 0.5219 0.8524
vn -0.9903 0.0564 0.1272
vn -0.5906 0.2539 0.7660
vn -0.8545 -0.5195 0.0004
vn -0.8307 -0.5567 0.0018
vn -0.5753 -0.8179 0.0009
vn 0.2640 -0.2079 0.9418
vn 0.6427 0.4718 0.6036
vn 0.8753 0.4789 0.0672
vn -0.7703 0.6114 0.1813
vn 0.1313 -0.2997 -0.9450
vn 0.2139 -0.6874 -0.6941
vn -0.0020 -0.9969 -0.0781
vn 0.8691 0.4858 0.0925
vn 0.0031 0.3326 -0.9431
vn -0.6050 -0.2227 0.7645
vn 0.0887 0.1928 -0.9772
vn 0.1557 -0.4770 -0.8650
vn 0.0272 0.5981 -0.8009
vn -0.8413 0.1685 0.5136
vn -0.4050 0.2813 0.8700
vn 0.9243 -0.1376 -0.3561
vn 0.9133 -0.0810 -0.3992
vn 0.9588 -0.1238 -0.2558
vn 0.9505 -0.0122 -0.3106
vn 0.9867 0.1433 -0.0765
vn 0.9990 0.0099 0.0427
vn -0.9290 0.3673 0.0452
vn 0.7181 -0.6907 0.0856
vn -0.0106 0.2188 -0.9757
vn -0.0180 0.6701 -0.7421
vn 0.0073 0.6540 -0.7565
vn -0.0047 -0.6833 -0.7301
vn 0.9679 0.2501 0.0256
vn 0.0280 -0.2418 -0.9699
vn -0.8339 0.4387 0.3349
vn -0.9271 0.3746 0.0143
vn -0.9555 0.2485 0.1586
vn 0.0144 0.9708 0.2394
vn -0.9779 -0.0373 0.2055
vn -0.6805 -0.7218 0.1259
vn 0.4273 -0.7742 0.4670
vn 0.9199 -0.3565 0.1634
vn 0.8100 -0.4209 0.4083
vn -0.4997 0.6839 -0.5316
vn 0.0141 0.6122 0.7906
vn -0.9985 -0.0472 0.0295
vn -0.6952 0.0634 0.7160
vn -0.0006 0.9997 0.0245
vn -0.0672 0.8356 -0.5453
vn 0.9902 0.0401 0.1335
vn -0.0056 0.3076 0.9515
vn -0.0158 -0.9999 -0.0014
vn 0.4880 -0.8728 0.0097
vn -0.2620 -0.9651 0.0046
vn -0.5649 -0.7834 0.2592
vn -0.0033 0.2637 0.9646
vn 0.0010 0.2552 0.9669
vn -0.9652 -0.2135 -0.1513
vn 0.9563 -0.2113 -0.2021
vn -0.9423 -0.3310 -0.0495
vn -0.8901 -0.1277 -0.4374
vn -0.9146 -0.3940 -0.0911
vn 0.0651 -0.3801 -0.9227
vn 0.0521 0.2372 -0.9701
vn -0.0028 0.9955 0.0951
vn -0.0614 0.6482 -0.7590
vn -0.2784 0.5539 0.7847
vn -0.2149 0.9609 -0.1746
vn 0.0168 -0.3543 -0.9350
vn -0.0089 0.9578 -0.2872
vn -0.0608 0.9882 -0.1405
vn -0.0176 -0.7816 -0.6236
vn -0.0333 0.2695 -0.9624
vn 0.0768 0.8930 -0.4435
vn -0.0004 0.9811 -0.1937
vn 0.0687 -0.0887 0.9937
vn -0.1704 0.9029 0.3946
vn -0.7657 0.2778 -0.5801
vn -0.0352 -0.2158 -0.9758
vn 0.4192 -0.0070 -0.9079
vn 0.3647 -0.0005 -0.9311
vn 0.0080 -0.0085 -0.9999
vn -0.7234 -0.6904 0.0003
vn -0.7403 0.6708 0.0446
vn -0.9615 0.2686 -0.0588
vn -0.9420 0.3282 0.0699
vn 0.0135 0.3068 -0.9517
vn 0.0783 0.1532 -0.9851
vn -0.0578 0.9983 0.0010
vn -0.9850 -0.1115 0.1315
vn -0.9284 -0.2700 0.2552
vn 0.7721 0.4818 0.4144
vn -0.7244 0.6314 -0.2768
vn 0.9905 -0.1257 0.0556
vn -0.0054 -0.5944 -0.8042
vn -0.0254 0.7491 0.6620
vn -0.0906 0.9242 -0.3711
vn -0.8558 -0.5173 0.0010
vn 0.8045 -0.5104 0.3038
vn -0.0077 0.8725 0.4886
vn 0.5575 -0.0846 0.8258
vn 0.8040 -0.5947 -0.0005
vn -0.3064 0.4402 -0.8440
vn -0.9880 -0.1178 -0.1002
vn -0.9682 -0.0454 0.2461
vn -0.9867 0.0016 -0.1623
vn -0.9772 -0.1971 0.0789
vn -0.7872 -0.6159 -0.0316
vn -0.0413 -0.9991 -0.0043
vn 0.9944 -0.1058 -0.0077
vn -0.6756 -0.6402 0.3658
vn 0.0039 -0.7679 0.6406
vn -0.2591 -0.0083 0.9658
vn -0.0899 0.4217 0.9023
vn 0.9606 -0.1959 -0.1972
vn -0.0013 0.9966 -0.0829
vn -0.0008 0.9533 -0.3021
vn -0.9940 0.1038 -0.0333
vn -0.9609 -0.2530 0.1122
vn -0.9036 0.2208 0.3671
vn -0.2561 -0.8060 -0.5337
vn -0.9893 0.1227 0.0790
vn -0.9558 0.2937 0.0118
vn 0.0037 0.9874 -0.1583
vn -0.5486 -0.4664 -0.6939
vn -0.3482 -0.6759 -0.6496
vn -0.0293 -0.0561 -0.9980
vn -0.2409 0.3897 0.8889
vn -0.3273 0.9427 0.0647
vn -0.1743 0.9627 -0.2069
vn -0.7195 0.4813 -0.5006
vn -0.5426 0.7435 0.3909
vn -0.5552 0.6710 -0.4914
vn -0.7312 -0.6272 -0.2684
vn 0.8155 0.3103 0.4885
vn 0.8185 0.5674 0.0902
vn -0.1789 -0.6792 0.7119
vn -0.7997 -0.3802 0.4647
vn -0.9996 0.0271 -0.0068
vn -0.8016 0.5969 0.0335
vn 0.0654 -0.9979 -0.0027
vn 0.2242 0.0352 0.9739
vn 0.6240 0.0452 0.7801
vn -0.9577 -0.0275 -0.2864
vn -0.3360 -0.9418 0.0141
vn -0.6546 0.6052 -0.4530
vn -0.6120 -0.5580 0.5604
vn 0.0035 0.9415 0.3369
vn -0.7050 0.6693 -0.2346
vn 0.1323 -0.8913 -0.4337
vn 0.9824 -0.0364 0.1835
vn 0.9699 0.0886 0.2269
vn 0.0242 -0.7879 0.6153
vn 0.4078 -0.9114 -0.0559
vn 0.2188 -0.7620 -0.6095
vn 0.1570 -0.9839 -0.0859
vn 0.0027 -0.5333 0.8459
vn 0.0051 -0.7450 0.6671
vn 0.0020 -0.4683 0.8836
vn 0.0630 -0.4315 -0.8999
vn 0.1475 -0.2667 -0.9524
vn 0.3946 -0.4436 -0.8047
vn -0.9346 0.2226 -0.2773
vn -0.3009 0.3026 -0.9044
vn -0.0375 0.9993 0.0037
vn 0.3065 -0.9052 -0.2944
vn -0.1104 -0.8404 0.5306
vn 0.0004 -0.9980 -0.0629
vn 0.0059 -0.6738 -0.7389
vn -0.0019 -0.1140 -0.9935
vn -0.0275 0.4148 -0.9095
vn -0.0018 1.0000 0.0022
vn -0.0026 1.0000 0.0020
vn -0.5805 -0.3138 -0.7514
vn -0.3979 -0.1297 -0.9082
vn -0.7210 -0.6540 0.2290
vn -0.4144 -0.9056 0.0901
vn 0.0176 0.9004 0.4347
vn 0.0205 0.9242 0.3814
vn 0.9938 -0.1091 0.0200
vn 0.8909 0.4278 -0.1525
vn -0.1858 -0.9796 0.0769
vn -0.0027 -0.4738 -0.8807
vn 0.8926 0.0757 -0.4445
vn 0.9577 -0.0637 -0.2806
vn 0.5778 -0.1032 -0.8096
vn 0.4726 -0.6026 -0.6431
vn 0.0103 0.9999 0.0025
vn -0.4350 -0.3495 -0.8298
vn -0.5167 -0.1945 -0.8338
vn 0.1568 0.2973 0.9418
vn -0.4365 -0.2490 0.8646
vn 0.4484 -0.7383 -0.5038
vn -0.0071 -0.9997 0.0222
vn -0.7144 -0.4384 0.5454
vn -0.0839 -0.8041 0.5885
vn 0.0033 0.0102 0.9999
vn 0.9943 -0.1052 -0.0181
vn -0.0850 -0.0121 0.9963
vn -0.0723 0.7184 -0.6918
vn 0.0704 0.3055 0.9496
vn 0.2012 0.9074 -0.3689
vn 0.2429 0.9502 -0.1951
vn 0.5412 0.7857 -0.2997
vn 0.0716 0.8261 0.5589
vn -0.4677 -0.5805 0.6666
vn 1.0000 -0.0057 0.0002
vn 1.0000 -0.0096 0.0014
vn 0.6147 -0.7888 -0.0015
vn 0.0027 -0.1434 -0.9897
vn 0.9712 -0.2083 -0.1157
vn -0.5419 -0.8034 -0.2469
vn 0.0005 -0.9406 0.3396
vn -0.0631 0.5867 0.8073
vn -0.0995 0.3604 0.9275
vn 0.0521 0.3939 0.9177
vn -0.0022 0.9952 0.0974
vn 0.0034 0.9998 -0.0210
vn -0.0174 0.0032 -0.9998
vn -0.0051 0.2274 -0.9738
vn -0.6201 0.7496 -0.2313
vn -0.8884 0.4294 -0.1622
vn -0.4009 -0.8217 -0.4050
vn -0.0447 -0.9759 -0.2138
vn 0.8279 -0.5563 0.0721
vn -0.6720 0.7404 0.0138
vn -0.2130 0.9770 0.0038
vn -0.0076 0.9959 0.0900
vn -0.0043 0.1147 0.9934
vn 0.7183 -0.4900 -0.4939
vn 0.0829 0.4330 -0.8976
vn -0.3351 0.9267 -0.1700
vn 0.7226 -0.2117 -0.6581
vn -0.0076 1.0000 -0.0004
vn -0.0009 -0.6121 0.7908
vn -0.0034 -0.2531 0.9674
vn 0.5595 -0.8158 0.1462
vn 0.4305 -0.9021 -0.0281
vn -0.0017 -0.9962 -0.0870
vn 0.8376 0.2779 -0.4703
vn 0.9745 0.1064 -0.1978
vn 0.9718 0.1991 -0.1264
vn -0.0166 -0.8499 0.5267
vn -0.1400 -0.8123 0.5661
vn -0.2363 -0.7668 0.5968
vn -0.9294 0.3165 0.1897
vn -0.8379 -0.0048 -0.5458
vn -0.8432 -0.0681 -0.5333
vn 0.0112 0.0966 -0.9953
vn -0.0074 0.0328 -0.9994
vn 0.0170 0.5796 0.8147
vn 0.4350 0.7543 0.4916
vn 0.9815 0.0990 -0.1638
vn 0.1215 0.7447 0.6563
vn 0.0852 -0.0459 -0.9953
vn 0.0050 -0.6657 -0.7462
vn 0.0116 -0.2698 -0.9629
vn 0.0010 -0.6084 -0.7936
vn 0.6853 0.2694 0.6767
vn 0.7149 -0.6979 0.0444
vn -0.7745 -0.1875 -0.6041
vn -0.0733 0.8499 -0.5218
vn 0.2680 -0.2372 -0.9338
vn -0.0679 -0.3887 -0.9189
vn -0.0051 0.1558 0.9878
vn -0.0085 -0.0101 0.9999
vn -0.0309 0.0884 0.9956
vn 0.0018 0.1940 0.9810
vn 0.0122 0.5137 0.8579
vn 0.0067 -0.5175 0.8556
vn -0.1643 -0.9864 -0.0031
vn 0.9993 0.0335 -0.0151
vn 0.0085 -0.4937 -0.8696
vn -0.0075 -0.4748 -0.8801
vn 0.9991 -0.0002 0.0430
vn 0.9995 0.0203 0.0240
vn 0.2319 0.0794 0.9695
vn -0.0060 0.6260 -0.7798
vn 0.1292 -0.7181 0.6839
vn 0.0017 -0.9747 -0.2234
vn -0.2586 -0.4990 -0.8271
vn 0.1488 -0.8128 0.5632
vn 0.9975 0.0712 -0.0000
vn 0.2069 -0.7635 -0.6118
vn -0.0187 0.5637 -0.8258
vn -0.0131 0.9999 0.0011
vn 0.9231 0.3829 0.0353
vn 0.0752 -0.6344 0.7693
vn 0.9709 0.1908 0.1450
vn 0.0029 0.8291 0.5590
vn -0.0166 0.0334 0.9993
vn 0.0009 0.0143 0.9999
vn 0.8158 -0.0587 0.5753
vn -0.4667 0.4869 0.7384
vn 0.0018 0.4082 0.9129
vn -0.8194 -0.4300 -0.3791
vn 0.0332 -0.7039 -0.7095
vn 0.6258 0.1293 0.7692
vn -0.0410 0.9492 0.3121
vn 0.8106 0.1687 0.5608
vn 0.6765 0.1625 0.7183
vn 0.9890 -0.0057 -0.1475
vn -0.7233 -0.4132 -0.5532
vn -0.6283 -0.1195 -0.7688
vn -0.0957 0.3082 0.9465
vn 1.0000 -0.0068 0.0043
vn 0.5800 0.6880 0.4363
vn 0.9952 0.0924 -0.0330
vn 0.8460 0.4555 0.2772
vn 0.9392 0.3434 0.0036
vn 0.7412 0.6709 -0.0224
vn 0.0305 0.0209 -0.9993
vn 0.0305 -0.2428 -0.9696
vn -0.0030 -0.1453 -0.9894
vn -0.3343 -0.4417 -0.8326
vn 0.0857 -0.8036 -0.5890
vn 0.4110 -0.4562 -0.7893
vn -0.6860 0.6464 0.3340
vn -0.9158 -0.0148 0.4013
vn 0.0153 -0.9996 -0.0239
vn -0.9555 -0.2939 0.0260
vn -0.9628 -0.2251 0.1493
vn -0.7450 -0.5603 0.3621
vn 0.3912 0.7387 0.5489
vn 0.3755 0.2602 0.8895
vn 0.6090 0.1483 0.7792
vn 0.0364 -0.9993 0.0019
vn 0.0213 0.3753 -0.9267
vn -0.5804 -0.6219 -0.5257
vn 0.6887 -0.3085 0.6561
vn 0.7103 -0.5836 0.3936
vn 0.1562 -0.9513 0.2656
vn -0.6575 -0.6711 -0.3426
vn 0.7309 0.4859 -0.4792
vn 0.6464 0.6879 -0.3301
vn -0.2797 0.7621 0.5839
vn 0.9637 0.0324 0.2649
vn 0.9670 0.1762 0.1842
vn -0.6268 -0.7791 -0.0097
vn 0.9547 -0.0065 -0.2975
vn -0.3046 -0.0827 0.9489
vn -0.0475 -0.1692 0.9844
vn 0.0582 -0.8831 0.4656
vn -0.0259 -0.1883 0.9818
vn 0.1552 -0.1056 0.9822
vn 0.0490 0.6385 0.7680
vn 0.5164 0.3647 -0.7748
vn 0.9969 -0.0171 0.0769
vn 0.5758 -0.4831 -0.6597
vn -0.0089 -0.8910 -0.4539
vn -0.0047 -0.5425 -0.8400
vn 0.8633 0.0321 0.5036
vn 0.7231 0.4928 -0.4840
vn 0.9820 -0.1887 -0.0081
vn 0.9975 -0.0704 -0.0006
vn 0.0137 0.9413 0.3373
vn -0.0375 0.8814 0.4710
vn 0.0299 -0.3953 -0.9181
vn -0.1221 -0.6015 0.7895
vn 0.6546 -0.3211 0.6843
vn -0.0350 -0.8417 0.5388
vn 0.9818 0.1485 0.1181
vn 0.5374 0.8324 0.1356
vn -0.9361 -0.1774 0.3037
vn 0.9957 0.0161 -0.0909
vn 0.7421 0.6470 0.1753
vn 0.7487 0.3653 -0.5531
vn 0.8503 0.0725 -0.5213
vn 0.0104 -0.3154 -0.9489
vn 0.9024 -0.3707 -0.2198
vn 0.5615 -0.2629 -0.7846
vn 0.9730 -0.0342 -0.2281
vn 0.0339 -0.9205 0.3893
vn 0.0025 0.2633 0.9647
vn -0.0010 0.5279 0.8493
vn 0.0414 -0.9991 0.0021
vn 0.3161 -0.9487 0.0028
vn 0.2062 0.6688 0.7143
vn 0.8598 -0.4611 0.2191
vn 0.5694 -0.7060 0.4212
vn 0.0145 -0.8739 0.4858
vn -0.1113 0.9046 -0.4115
vn -0.3332 0.9268 0.1734
vn 0.9997 0.0120 0.0230
vn 0.0020 0.4457 -0.8952
vn -0.2199 -0.0001 -0.9755
vn 0.9991 -0.0298 -0.0309
vn 0.9985 -0.0542 -0.0072
vn 0.0369 -0.9547 0.2952
vn 0.1730 0.1338 0.9758
vn 0.3013 -0.4278 -0.8522
vn 0.9379 -0.3427 0.0546
vn -0.0008 0.2939 0.9558
vn -0.0110 -0.9990 0.0440
vn 0.5068 -0.0324 -0.8615
vn 0.9803 -0.0585 -0.1888
vn 0.0267 0.4400 0.8976
vn -0.6576 0.3561 -0.6639
vn -0.2975 -0.4003 -0.8667
vn 0.0784 -0.4873 -0.8697
vn -0.9867 -0.1614 -0.0182
vn -0.0000 0.2217 0.9751
vn -0.4598 0.5428 -0.7028
vn -0.1003 0.7072 -0.6999
vn -0.0211 0.9608 0.2766
vn 0.4096 -0.6150 0.6738
vn -0.1547 0.2970 0.9423
vn -0.9169 0.3317 0.2218
vn 0.2614 0.4615 -0.8478
vn -0.6749 -0.7247 -0.1391
vn -0.4750 0.2154 0.8532
vn 0.9971 -0.0094 0.0758
vn -0.3813 0.2798 0.8811
vn 0.0038 0.8485 0.5292
vn 0.1589 -0.9872 -0.0118
vn -0.9968 -0.0296 0.0740
vn -0.3181 0.8708 0.3748
vn -0.1440 0.9422 0.3024
vn -0.7730 0.3072 -0.5551
vn 0.9686 0.2388 0.0697
vn 0.0092 0.0580 -0.9983
vn -0.0003 0.4368 -0.8996
vn 0.0014 0.3396 -0.9406
vn -0.4838 0.6088 0.6288
vn -0.9058 0.2869 0.3116
vn -0.0282 -0.6942 -0.7192
vn 0.6637 -0.7480 -0.0018
vn 0.9296 -0.3686 0.0046
vn -0.7037 0.0840 -0.7055
vn -0.9665 0.1202 -0.2268
vn -0.9807 -0.1154 0.1579
vn 0.2972 -0.1906 0.9356
vn -0.6459 0.7511 -0.1367
vn 0.0132 0.0108 -0.9999
vn 0.1864 -0.1834 -0.9652
vn -0.5652 -0.0143 0.8248
vn 0.1250 -0.7160 0.6868
vn 0.9028 0.0397 -0.4282
vn 0.5236 -0.8205 0.2292
vn -0.4366 -0.3307 -0.8367
vn -0.3457 -0.3044 -0.8876
vn 0.3551 -0.3075 -0.8828
vn -0.0456 -0.3529 0.9346
vn -0.0052 0.1201 0.9927
vn -0.8482 0.2314 -0.4764
vn -0.1945 0.7796 0.5954
vn -0.0440 0.9378 0.3444
vn -0.0055 -0.1208 0.9927
vn -0.1890 0.0791 -0.9788
vn -0.0068 0.0966 0.9953
vn -0.0059 0.4382 -0.8989
vn -0.0001 0.4352 -0.9003
vn -0.0052 0.1857 -0.9826
vn -0.8577 0.0020 0.5141
vn -0.9352 -0.0563 0.3496
vn 0.9295 0.3092 0.2012
vn -0.0588 -0.9890 0.1358
vn -0.4170 0.5691 -0.7087
vn -0.9357 0.0114 -0.3525
vn 0.4189 0.1732 -0.8914
vn 0.0004 -0.8730 0.4877
vn 0.7634 -0.3848 0.5187
vn 0.8506 -0.4194 0.3171
vn 0.1166 0.0329 -0.9926
vn 0.3385 0.7374 -0.5846
vn -0.0027 1.0000 0.0026
vn 0.9557 0.0139 0.2939
vn 0.9514 0.2759 0.1368
vn 0.4535 0.7850 -0.4221
vn 0.7695 -0.6286 0.1123
vn 0.0046 0.0019 -1.0000
vn 0.0001 0.2000 -0.9798
vn 0.0008 0.0374 -0.9993
vn -0.9868 -0.1058 -0.1229
vn -0.9849 0.1579 0.0708
vn 0.0070 0.2169 -0.9762
vn -0.1919 0.6444 -0.7402
vn -0.0685 0.7904 -0.6088
vn -0.1158 0.3025 0.9461
vn -0.9833 0.0244 0.1804
vn 0.9377 0.3349 0.0922
vn -0.9682 -0.1170 0.2210
vn 0.8575 0.4829 0.1774
vn 0.6018 0.7949 0.0767
vn 0.0029 -0.9932 -0.1163
vn -0.4761 0.5229 0.7070
vn -0.6875 0.4262 0.5880
vn -0.4642 0.0779 0.8823
vn 0.0036 0.2315 -0.9728
vn 0.7796 0.0020 0.6263
vn 0.6023 -0.7882 -0.1268
vn -0.0060 0.0020 1.0000
vn 0.0018 0.0272 0.9996
vn -0.0057 -0.6181 -0.7861
vn 0.9944 0.0987 0.0379
vn 0.0072 -1.0000 -0.0016
vn -0.2343 -0.8304 -0.5055
vn -0.3379 0.8894 0.3078
vn -0.6476 0.7609 -0.0413
vn -0.9679 0.2469 -0.0471
vn -0.9830 -0.1738 0.0590
vn 0.7827 0.5791 0.2281
vn -0.0400 -0.7768 -0.6284
vn -0.9990 -0.0437 -0.0009
vn 0.3988 -0.9157 0.0495
vn 0.9186 0.2910 -0.2675
vn 0.1880 0.9135 0.3607
vn 0.6627 -0.4830 -0.5723
vn -0.6310 0.3881 0.6717
vn -0.3462 0.1842 -0.9199
vn -0.2189 0.3344 -0.9167
vn 0.7507 0.6604 0.0174
vn 0.8009 0.5988 0.0102
vn 0.9487 0.3157 0.0197
vn 0.9753 -0.2175 -0.0390
vn -0.0295 0.1637 0.9861
vn 0.9333 -0.2214 -0.2826
vn -0.7312 -0.2714 0.6259
vn 0.1554 -0.5230 -0.8381
vn -0.0497 0.1317 0.9900
vn -0.0259 -0.0441 0.9987
vn -0.0248 0.0486 -0.9985
vn 0.7979 -0.0297 -0.6021
vn -0.9228 0.1754 -0.3429
vn -0.6196 -0.5779 0.5312
vn -0.0047 0.4612 0.8873
vn 0.2160 0.9711 -0.1016
vn -0.4291 -0.6834 0.5906
vn 0.0027 -0.6582 0.7529
vn -0.0082 -0.9965 0.0829
vn -0.4944 0.6422 0.5859
vn 0.0014 0.9991 -0.0420
vn -0.0509 -0.8584 0.5105
vn -0.4127 0.3405 0.8449
vn -0.0671 0.2057 0.9763
vn -0.3341 0.7510 0.5696
vn -0.7907 0.5655 0.2346
vn -0.8265 -0.4985 0.2617
vn -0.2347 -0.7871 0.5704
vn -0.8927 -0.1761 -0.4149
vn 0.0094 -0.1044 0.9945
vn 0.0008 -0.7355 0.6776
vn -0.6935 -0.7193 -0.0422
vn -0.7494 -0.6239 0.2217
vn -0.0103 -0.9347 0.3552
vn -0.5689 -0.6149 0.5461
vn -0.4160 0.2744 0.8670
vn 0.2354 -0.2896 0.9277
vn 0.5472 -0.4141 0.7274
vn 0.8534 0.4440 -0.2731
vn -0.4949 -0.8672 -0.0551
vn -0.2810 -0.4765 -0.8331
vn 0.0066 -0.2046 0.9788
vn 0.0005 -0.7108 0.7034
vn 0.7338 0.3587 -0.5769
vn -0.4244 0.6824 0.5952
vn -0.0147 0.2072 0.9782
vn -0.3924 0.0304 0.9193
vn -0.0067 -0.7321 0.6812
vn -0.0172 -0.2878 -0.9575
vn -0.7810 -0.1785 -0.5985
vn 0.9034 0.0221 0.4283
vn 0.9107 0.1612 0.3804
vn 0.2089 0.8621 0.4616
vn 0.9724 0.1217 0.1992
vn -0.6140 -0.7893 -0.0006
vn 0.6774 -0.7357 0.0002
vn 0.9848 0.0258 0.1720
vn 0.0955 0.8519 0.5150
vn -0.0007 0.9597 -0.2811
vn 0.2321 0.6614 0.7133
vn 0.3715 0.3185 0.8721
vn -0.5539 -0.8326 -0.0010
vn 0.0448 -0.8790 0.4747
vn -0.7888 0.4254 0.4437
vn -0.9176 -0.2729 -0.2889
vn -0.0839 -0.0168 -0.9963
vn -0.1238 0.2092 -0.9700
vn 0.5438 -0.1154 -0.8312
vn -0.1231 0.9705 0.2071
vn -0.9577 0.2878 0.0090
vn -0.0898 -0.9646 0.2479
vn 0.2619 -0.9632 -0.0604
vn 0.8070 -0.5566 0.1971
vn -0.0791 -0.1004 0.9918
vn -0.9664 0.0102 0.2568
vn 0.9339 0.3540 0.0505
vn 0.9703 0.1661 0.1759
vn 0.9519 0.2214 0.2117
vn 0.8473 0.2736 0.4552
vn -0.0453 0.4928 0.8690
vn 0.6433 0.1834 0.7433
vn -0.6807 0.4890 0.5454
vn 0.3125 0.1528 -0.9376
vn 0.6659 0.5560 -0.4974
vn 0.0077 0.4778 0.8784
vn -0.5497 -0.2638 -0.7926
vn 0.7749 0.1493 0.6142
vn 0.0017 0.9050 -0.4255
vn -0.0604 0.1433 -0.9878
vn 0.9531 0.2005 0.2266
vn 0.9564 0.2837 0.0691
vn 0.0962 0.9527 0.2883
vn 0.6225 0.7549 0.2064
vn 0.3044 0.9523 0.0216
vn 0.1772 -0.9806 0.0838
vn 0.7141 0.0367 0.6991
vn 0.9903 -0.1290 0.0513
vn -0.0132 -0.2224 -0.9749
vn 0.1350 -0.7560 0.6405
vn -0.9595 -0.1823 0.2147
vn 0.7881 -0.6156 -0.0012
vn 0.3547 -0.9350 0.0003
vn 0.3093 -0.9510 0.0033
vn 0.7069 -0.0011 -0.7073
vn 0.5583 -0.7711 0.3062
vn 0.0039 -0.6175 0.7866
vn 0.0697 -0.9920 0.1053
vn 0.8523 0.4336 0.2924
vn -0.0800 0.5553 0.8278
vn -0.0586 0.9950 0.0809
vn -0.1314 0.9913 0.0048
vn -0.9487 -0.1984 0.2461
vn -0.6010 0.1475 -0.7855
vn -0.0407 0.0388 -0.9984
vn -0.4480 0.0893 0.8896
vn -0.7226 -0.2499 0.6445
vn -0.1149 0.9912 -0.0660
vn 0.9378 -0.3259 0.1198
vn 0.0280 0.3320 -0.9428
vn 0.4639 0.8555 0.2302
vn 0.9712 0.0031 -0.2384
vn 0.9214 -0.3447 -0.1796
vn -0.9997 0.0008 0.0232
vn -0.9969 0.0149 -0.0767
vn -0.9343 -0.0544 0.3524
vn 0.7388 -0.6715 0.0568
vn 0.9998 -0.0096 -0.0198
vn -0.6915 0.7224 0.0011
vn -0.9146 0.4043 0.0028
vn 0.1807 -0.0020 -0.9835
vn 0.8694 0.2521 0.4249
vn -0.6050 -0.5093 0.6121
vn -0.0078 -0.9922 -0.1244
vn 0.0118 0.7038 -0.7103
vn -0.0037 0.5447 -0.8386
vn 0.0036 0.1741 -0.9847
vn 0.9995 -0.0239 -0.0190
vn -0.0918 -0.9243 0.3704
vn 0.5666 -0.8011 0.1927
vn -0.2147 -0.8380 0.5017
vn 0.0421 -0.8066 0.5897
vn 0.2268 -0.7075 0.6694
vn 0.1558 -0.9452 0.2868
vn -0.0017 0.3075 0.9515
vn 0.4176 0.2882 0.8617
vn 0.7568 0.2294 0.6121
vn -0.8246 0.3528 0.4423
vn -0.3939 0.9161 0.0745
vn 0.5955 -0.5792 -0.5568
vn 0.1083 -0.9209 -0.3744
vn 0.0014 -0.5058 -0.8626
vn -0.0016 -0.4449 -0.8956
vn 0.0956 0.5800 0.8090
vn 0.5180 0.8128 0.2664
vn 0.4871 0.8723 -0.0423
vn 0.9512 -0.3075 0.0253
vn -0.1702 0.9692 0.1780
vn -0.0146 0.9938 0.1103
vn -0.0081 -0.1335 0.9910
vn 0.0638 -0.2398 0.9687
vn 0.2641 0.0018 0.9645
vn 0.0779 0.8406 -0.5360
vn 0.0020 0.1431 -0.9897
vn 0.6679 -0.2994 -0.6814
vn 0.9692 -0.1688 -0.1792
vn 0.9925 -0.0207 -0.1202
vn 0.2184 0.8967 0.3850
vn -0.9903 -0.0974 -0.0990
vn 0.0160 0.9623 0.2714
vn 0.7145 -0.2146 -0.6659
vn 0.9222 0.1180 0.3683
vn 0.7936 0.1667 0.5851
vn -0.7365 -0.6764 0.0019
vn 0.3310 -0.4444 -0.8325
vn -0.0322 -0.1983 -0.9796
vn -0.5842 0.0735 -0.8083
vn -0.4906 0.1997 -0.8482
vn -0.7601 -0.6289 0.1637
vn -0.5521 0.6331 0.5425
vn -0.2703 0.6792 0.6824
vn -0.2818 0.7329 0.6193
vn -0.7752 0.4627 0.4300
vn 0.9227 0.3779 0.0768
vn 0.9787 0.1867 0.0854
vn 0.9889 -0.1488 0.0019
vn 0.1130 0.2321 0.9661
vn -0.8900 0.0747 0.4498
vn -0.9916 0.0564 0.1160
vn -0.5914 -0.8064 -0.0005
vn 0.3258 -0.8148 0.4796
vn 0.0498 -0.9086 0.4147
vn 0.5075 -0.8416 0.1849
vn 0.3964 -0.9057 0.1503
vn 0.0020 0.1048 0.9945
vn 0.2172 0.9761 -0.0001
vn 0.3406 0.9402 0.0003
vn 0.9883 0.1506 0.0231
vn 0.7494 0.6594 0.0597
vn -0.5587 0.2630 0.7866
vn -0.0342 0.6980 -0.7153
vn -0.0073 0.7725 -0.6350
vn -0.0065 0.7054 -0.7088
vn 0.0314 0.9493 0.3128
vn -0.9997 -0.0232 -0.0120
vn 0.4447 -0.5245 -0.7260
vn -0.1955 0.9149 0.3532
vn 0.0550 0.9108 0.4091
vn 0.9480 0.2089 -0.2402
vn -0.5838 0.7958 0.1609
vn 0.0433 0.9975 -0.0554
vn 0.7672 0.0529 0.6392
vn 0.7044 -0.1444 0.6950
vn 0.9767 0.0213 -0.2138
vn 0.0326 0.0245 -0.9992
vn 0.5780 -0.7632 0.2890
vn 0.9625 0.1943 -0.1893
vn 0.6947 0.5255 -0.4911
vn -0.4123 0.9026 0.1238
vn 0.4024 0.9154 0.0034
vn 0.6916 0.6781 -0.2485
vn 0.8516 0.5235 -0.0270
vn -0.9045 -0.4264 -0.0056
vn -0.9336 0.3465 0.0915
vn -0.9861 -0.0852 0.1425
vn -0.9535 0.0539 -0.2965
vn -0.9179 0.3660 -0.1531
vn -0.7093 0.6716 -0.2141
vn -0.2249 -0.4302 -0.8743
vn -0.1051 -0.2834 -0.9532
vn -0.1894 -0.0873 -0.9780
vn -0.9999 -0.0124 -0.0110
vn -0.3768 -0.3287 -0.8660
vn -0.3544 -0.0644 -0.9329
vn 0.2118 0.9766 0.0369
vn 0.0076 -0.9529 0.3033
vn -0.0005 -0.9987 -0.0511
vn -0.0979 0.9571 0.2726
vn -0.0237 0.6319 0.7747
vn -0.9271 0.3747 -0.0128
vn -0.7302 -0.4468 -0.5169
vn 0.0012 0.9998 0.0203
vn -0.6172 -0.2566 0.7438
vn 0.9001 -0.2651 -0.3458
vn 0.8779 0.4656 0.1123
vn -0.7293 -0.2956 0.6171
vn 0.1938 0.0874 0.9771
vn 0.0133 0.9319 -0.3624
vn -0.0546 0.9677 -0.2460
vn -0.3546 0.4508 -0.8192
vn 0.8505 -0.5260 -0.0010
vn -0.9987 -0.0405 -0.0312
vn -0.9972 -0.0652 0.0364
vn -0.9307 -0.3198 -0.1775
vn 0.0718 0.9879 -0.1374
vn -0.5542 -0.7459 0.3696
vn -0.0864 -0.8939 0.4398
vn 0.8896 0.0808 -0.4495
vn 0.4602 -0.2169 -0.8609
vn -0.3623 -0.1974 -0.9109
vn 0.0409 0.4291 0.9023
vn 0.0627 0.6825 0.7282
vn 0.0897 0.5869 0.8046
vn -0.7403 0.6670 0.0844
vn 0.2867 0.5097 0.8112
vn -0.6448 -0.1571 0.7480
vn -0.0176 -0.9916 -0.1283
vn 0.4219 0.9067 -0.0019
vn 0.0688 -0.5927 -0.8025
vn -0.0588 0.1428 -0.9880
vn -0.7442 0.6269 0.2306
vn -0.9716 -0.0842 -0.2213
vn -0.3185 0.7768 0.5433
vn -0.9457 0.2973 0.1315
vn 0.0402 -0.6388 -0.7683
vn -0.7050 -0.1113 0.7005
vn -0.9771 0.0204 0.2119
vn -0.6728 0.1090 0.7318
vn -0.9377 -0.0886 -0.3360
vn 0.0017 0.0216 0.9998
vn 0.8040 0.5369 -0.2555
vn 0.9573 0.2579 -0.1304
vn -0.8912 0.4482 0.0692
vn -0.0328 0.6463 0.7624
vn -0.0652 -0.7540 0.6537
vn -0.0025 0.9474 -0.3201
vn 0.0003 -0.3789 -0.9254
vn -0.0052 -0.2411 -0.9705
vn 0.2898 -0.9533 0.0853
vn 0.0037 0.4996 0.8662
vn 0.2958 0.7832 -0.5469
vn 0.7234 0.6656 -0.1835
vn 0.6807 -0.6255 -0.3814
vn -0.9943 0.0130 0.1054
vn 0.0008 -0.0969 -0.9953
vn -0.0099 -0.3647 -0.9311
vn -0.0144 -0.7842 -0.6203
vn -0.0313 -0.9889 -0.1455
vn 0.8723 -0.3621 0.3287
vn 0.0026 0.7848 0.6198
vn 0.9619 -0.0068 0.2732
vn 0.9861 0.1487 0.0736
vn 0.0961 0.3202 -0.9425
vn -0.0409 0.0613 -0.9973
vn 0.9976 -0.0569 -0.0402
vn 0.9255 0.3284 0.1889
vn 0.7998 -0.4511 0.3960
vn 0.5327 -0.6243 -0.5714
vn -0.0146 -0.3364 -0.9416
vn 0.8776 -0.4793 0.0103
vn -0.9985 -0.0555 -0.0024
vn 0.9993 -0.0076 0.0353
vn 0.4837 0.8650 0.1334
vn -0.9586 0.2839 -0.0234
vn -0.2230 0.7370 -0.6381
vn 0.0044 0.9283 0.3719
vn 0.9699 -0.0344 0.2410
vn -0.3799 -0.2259 0.8970
vn -0.7713 -0.0675 -0.6328
vn 0.5105 -0.7389 0.4398
vn -0.0235 0.5702 -0.8212
vn -0.9386 0.3449 -0.0002
vn -0.0200 -0.8830 0.4690
vn -0.8829 -0.1398 -0.4483
vn -0.9465 0.1676 -0.2757
vn 0.7103 0.1539 -0.6868
vn -0.9670 0.2498 -0.0497
vn 0.0097 -0.6593 0.7518
vn -0.7095 0.7038 0.0372
vn 0.8327 0.0046 0.5537
vn 0.8058 0.0518 0.5899
vn -0.6370 0.1229 -0.7610
vn -0.0143 0.9000 -0.4356
vn 0.9799 -0.1985 -0.0217
vn 0.9720 0.2308 0.0443
vn 0.9994 0.0041 -0.0353
vn -0.0261 -0.1798 0.9834
vn -0.3245 -0.9435 0.0672
vn -0.0004 -0.7544 0.6564
vn 0.1958 -0.5275 -0.8267
vn -0.6557 0.7546 0.0252
vn 0.0609 0.9494 0.3082
vn 0.6065 0.7951 -0.0039
vn -0.6977 0.6156 -0.3664
vn -0.5966 0.6531 -0.4664
vn 0.1006 -0.3447 -0.9333
vn -0.5551 -0.6509 -0.5179
vn -0.1704 -0.9679 -0.1845
vn -0.2483 -0.8199 -0.5159
vn -0.0013 -0.8060 0.5918
vn 0.2267 -0.0001 -0.9740
vn -0.0196 -0.9202 -0.3909
vn -0.9138 0.2345 0.3315
vn 0.9607 0.2698 0.0647
vn 0.7677 -0.4289 -0.4761
vn -0.0471 0.5558 0.8300
vn -0.7626 -0.2823 0.5820
vn 0.8991 0.0747 -0.4314
vn 0.5084 -0.4671 0.7234
vn 0.0647 -0.9979 -0.0034
vn -0.4304 -0.8804 0.1993
vn 0.0850 0.8190 -0.5675
vn 0.2372 -0.4357 0.8683
vn -0.2014 -0.9795 -0.0001
vn -0.2102 -0.5769 0.7893
vn -0.3284 -0.7147 0.6176
vn -0.0006 -0.5701 0.8216
vn 0.0055 -0.1408 0.9900
vn -0.4982 0.7290 0.4695
vn -0.4103 -0.4255 0.8066
vn -0.0005 -0.9952 -0.0978
vn 0.0047 -0.7393 0.6734
vn 0.4454 -0.6791 -0.5834
vn 0.9787 -0.1648 0.1223
vn 0.9687 0.1771 0.1742
vn 0.9723 0.2280 -0.0511
vn 0.8295 0.2203 0.5132
vn 0.9237 -0.2118 0.3192
vn -0.1157 0.9524 0.2820
vn 0.2198 0.8803 0.4204
vn 0.0807 -0.9559 -0.2825
vn 0.0261 -0.9954 -0.0922
vn -0.9632 0.2301 0.1391
vn -0.9247 0.2697 0.2687
vn 0.3330 -0.6665 0.6670
vn 0.0168 -0.5542 0.8322
vn 0.0291 0.9680 -0.2491
vn -0.7860 -0.5432 -0.2951
vn 0.0367 -0.7868 -0.6162
vn -0.8282 -0.5603 0.0144
vn 0.0038 -0.1603 0.9871
vn 0.0104 -0.4741 0.8804
vn 0.1680 -0.2293 0.9587
vn -0.4517 0.8481 -0.2770
vn 0.3439 0.7034 0.6221
vn 0.0044 -0.9888 -0.1494
vn -0.4725 -0.0158 -0.8812
vn -0.2701 -0.5377 -0.7987
vn 0.8437 0.1078 -0.5259
vn 0.4341 0.4998 -0.7495
vn 0.0160 0.2105 -0.9775
vn 0.9207 -0.2164 0.3248
vn -0.9851 0.1681 -0.0359
vn -0.5535 -0.6560 0.5131
vn -0.1778 -0.9106 -0.3731
vn -0.1534 -0.9786 -0.1372
vn -0.9374 -0.3401 -0.0751
vn -0.0004 0.1316 0.9913
vn -0.9871 0.1596 -0.0122
vn 0.3659 -0.3265 -0.8715
vn 0.2249 0.9335 -0.2791
vn 0.0221 -0.9998 -0.0022
vn -0.0431 0.9425 -0.3314
vn 0.0354 -0.6810 -0.7314
vn 0.0553 0.8981 -0.4362
vn 0.7138 -0.3538 -0.6044
vn 0.9404 0.0017 -0.3402
vn 0.9908 0.0130 -0.1349
vn 0.8011 0.0015 -0.5985
vn -0.5741 -0.7455 0.3386
vn -0.3135 -0.9336 0.1736
vn -0.0900 -0.9347 0.3439
vn 0.9701 -0.1632 0.1798
vn -0.1154 -0.6084 -0.7852
vn 0.9586 0.2621 0.1111
vn 0.6753 0.2067 0.7079
vn -0.7735 -0.1301 -0.6203
vn -0.9834 -0.0699 -0.1675
vn -0.9971 0.0173 0.0736
vn -0.9895 -0.0477 -0.1363
vn 0.4136 0.6918 0.5920
vn 0.7001 0.7085 0.0886
vn -0.9411 -0.1962 -0.2753
vn -0.0253 -0.7507 -0.6601
vn 0.1080 -0.6688 -0.7356
vn -0.7225 0.5715 -0.3889
vn 0.0042 0.5055 -0.8628
vn -0.6328 0.7743 -0.0015
vn 0.9149 0.2168 0.3404
vn -0.9999 0.0161 0.0030
vn 0.9996 -0.0112 0.0277
vn 0.3545 0.4082 -0.8412
vn -0.0649 -0.9970 0.0413
vn 0.9872 -0.0619 0.1469
vn -0.0196 0.2591 0.9657
vn 0.4723 -0.4899 0.7327
vn 0.6507 -0.7047 0.2827
vn 0.9894 0.0893 0.1142
vn 0.0020 0.9958 0.0917
vn 0.0011 0.9933 0.1158
vn 0.6872 0.7011 0.1903
vn 0.3919 0.0036 -0.9200
vn 0.1096 0.7430 -0.6602
vn 0.0443 0.8564 -0.5144
vn -0.9085 -0.4179 0.0016
vn 0.0644 0.7923 -0.6068
vn 0.8726 0.0274 0.4877
vn 0.0007 -0.5516 0.8341
vn -0.0038 -0.9009 0.4340
vn -0.1132 -0.6379 -0.7617
vn -0.6835 -0.7299 -0.0086
vn 0.9854 -0.0716 -0.1544
vn -0.0081 -0.9778 0.2096
vn -0.0179 -0.9187 0.3946
vn -0.0264 -0.6300 0.7762
vn 0.7312 0.5745 0.3679
vn -0.8194 -0.3733 -0.4351
vn 0.0025 0.7531 -0.6579
vn -0.0618 -0.1827 0.9812
vn 0.3335 0.4133 0.8473
vn 0.6257 0.4868 -0.6095
vn -0.0569 -0.4617 0.8852
vn -0.0631 -0.4917 0.8685
vn -0.1071 0.7514 0.6511
vn 0.2228 0.8410 0.4931
vn 0.2040 -0.2448 -0.9479
vn 0.5765 -0.4000 -0.7125
vn -0.0904 0.7815 -0.6173
vn 0.0757 -0.8557 -0.5118
vn -0.9972 0.0742 0.0019
vn 0.0130 0.3305 -0.9437
vn 0.0077 0.8735 -0.4867
vn -0.8328 -0.4178 0.3633
vn 0.0902 0.9888 0.1188
vn 0.7321 0.5244 0.4348
vn 0.3538 0.9317 0.0817
vn -0.6722 0.7365 -0.0755
vn -0.2060 0.9786 0.0009
vn -0.0168 0.1052 0.9943
vn -0.0833 -0.1262 0.9885
vn 0.0107 -0.3505 0.9365
vn -0.8742 -0.3270 -0.3589
vn 0.8814 -0.2417 -0.4059
vn -0.2613 0.8447 -0.4671
vn 0.8161 0.2105 -0.5382
vn -0.3453 0.4030 0.8476
vn 0.3174 -0.2422 -0.9168
vn 0.0137 -0.7924 0.6098
vn -0.0049 -0.9146 0.4042
vn 0.9985 0.0456 -0.0308
vn -0.2208 0.7168 0.6615
vn 0.0959 -0.2739 -0.9570
vn -0.9729 0.2157 -0.0836
vn -0.9568 -0.2674 0.1142
vn 0.9938 0.1052 -0.0359
vn 1.0000 -0.0084 -0.0011
vn 0.8876 -0.4537 -0.0798
vn -0.0040 -0.4421 0.8970
vn 0.0017 -0.8743 0.4854
vn -0.0182 -0.2151 0.9764
vn -0.0153 -0.5847 0.8111
vn -0.0012 -0.4151 0.9098
vn -0.6666 0.5573 -0.4951
vn -0.1818 -0.9736 -0.1383
vn 0.8221 0.5049 0.2630
vn -0.6495 -0.7603 -0.0005
vn 0.6930 -0.5364 -0.4817
vn 0.2415 0.3061 -0.9209
vn -0.0440 0.9990 0.0008
vn 0.0177 -0.4658 -0.8847
vn 0.9844 0.1757 0.0025
vn -0.9995 -0.0285 0.0099
vn -0.0543 0.9191 0.3903
vn -0.5037 -0.3159 -0.8041
vn -0.9906 -0.0328 -0.1325
vn 0.1140 -0.5341 0.8377
vn 0.0128 -0.4440 0.8959
vn -0.1485 -0.5344 -0.8321
vn -0.7042 -0.7043 -0.0895
vn -0.7398 0.3788 -0.5561
vn -0.2473 0.2153 0.9447
vn 0.0880 0.6889 -0.7194
vn 0.4389 0.6630 -0.6065
vn -0.1332 0.8477 -0.5135
vn 0.0328 -0.3677 0.9294
vn -0.2342 0.9454 0.2266
vn -0.2654 -0.8252 -0.4986
vn 0.6960 -0.7180 -0.0006
vn 0.7609 -0.5427 0.3556
vn 0.6726 0.7251 0.1480
vn 0.2808 0.7323 0.6204
vn -0.9976 -0.0629 0.0277
vn -0.0001 -0.2444 -0.9697
vn -0.0954 -0.9954 -0.0024
vn -0.9200 0.2004 0.3369
vn 0.0013 -0.6723 -0.7403
vn -0.0209 -0.8116 0.5839
vn 0.9895 -0.1348 0.0527
vn 0.9944 0.0969 -0.0419
vn 0.6389 -0.3988 0.6578
vn -0.0009 0.7679 -0.6406
vn 0.8987 -0.0005 -0.4385
vn 0.8528 -0.5221 0.0095
vn 0.0305 -0.6184 0.7853
vn -0.9791 0.0549 -0.1959
vn 0.0581 -0.9858 0.1578
vn -0.0092 -0.2780 -0.9605
vn 0.2226 0.5953 0.7720
vn -0.3969 -0.5895 0.7035
vn -0.0015 -0.9994 -0.0350
vn 0.4518 0.8740 0.1789
vn -0.8425 0.5319 0.0857
vn 0.4123 0.8612 -0.2972
vn -0.0008 0.1621 -0.9868
vn 0.9862 -0.0003 -0.1657
vn 0.9948 0.0023 0.1015
vn -0.4305 0.1470 0.8905
vn 0.0174 0.9266 -0.3757
vn -0.0312 0.8569 0.5146
vn -0.2426 -0.9700 -0.0178
vn 0.0010 -0.7035 -0.7107
vn -0.4407 0.4536 0.7746
vn 0.9134 0.1826 0.3639
vn -0.8924 0.4406 0.0979
vn -0.9307 -0.3471 -0.1153
vn -0.4455 0.8904 0.0929
vn -0.2707 0.6499 -0.7102
vn -0.0433 -0.4805 0.8759
vn 0.9153 0.4012 0.0351
vn -0.6856 -0.7280 -0.0025
vn 0.3114 -0.9503 0.0056
vn 0.3134 -0.2874 -0.9051
vn 0.4826 0.4811 -0.7319
vn 0.9276 -0.2795 -0.2479
vn -0.0063 -0.1089 0.9940
vn -0.7131 -0.5911 -0.3769
vn 0.9655 0.2601 0.0087
vn 0.0066 -1.0000 -0.0016
vn 0.9622 -0.2719 0.0133
vn 0.0013 0.5857 -0.8105
vn 0.9474 0.3192 0.0236
vn 1.0000 0.0038 0.0008
vn -0.0730 -0.9948 0.0710
vn -0.9783 -0.0268 -0.2053
vn 0.0038 -0.0282 -0.9996
vn 0.8054 0.5923 0.0229
vn 0.1870 0.7366 0.6500
vn -0.9972 -0.0745 0.0041
vn -0.3020 -0.7293 -0.6140
vn -0.0060 0.3600 0.9329
vn -0.0190 0.3125 -0.9497
vn 0.7424 0.3459 0.5737
vn -0.6739 0.2255 -0.7036
vn 0.9701 0.1942 -0.1453
vn 0.0526 -0.9325 -0.3573
vn 0.5576 0.5009 -0.6620
vn -0.7162 0.2525 0.6506
vn -0.1071 0.6296 -0.7695
vn 0.9852 0.0093 0.1711
vn 0.0204 0.9208 -0.3895
vn -0.1160 0.2278 0.9668
vn 0.5688 0.7341 0.3709
vn 0.5863 0.4430 -0.6782
vn 0.3329 -0.7046 -0.6267
vn 0.0097 0.5790 0.8153
vn -0.0061 0.7372 0.6757
vn -0.0025 0.9417 -0.3365
vn -0.7745 0.0266 0.6320
vn -0.9806 0.1470 0.1300
vn 0.8733 0.0534 0.4842
vn 0.6933 0.2172 0.6872
vn -0.0298 0.8529 0.5213
vn 0.6786 0.2177 0.7015
vn 0.7801 -0.6256 -0.0009
vn 0.6954 -0.0116 -0.7185
vn 0.4990 0.7510 -0.4325
vn 0.9131 -0.3079 -0.2672
vn 0.9800 0.0023 -0.1990
vn 0.9826 0.0075 0.1857
vn -0.5394 0.8374 -0.0881
vn 0.0002 0.8437 -0.5368
vn -0.5845 -0.0236 -0.8110
vn -0.1800 0.6508 0.7376
vn 0.2333 0.2215 -0.9468
vn -0.0338 -0.8810 -0.4719
vn -0.0766 0.1423 -0.9869
vn -0.0420 0.7906 0.6109
vn -0.1316 0.0032 -0.9913
vn -0.8288 -0.0863 -0.5529
vn 0.3765 -0.9092 0.1775
vn -0.9950 -0.1002 0.0018
vn 0.0388 0.7307 0.6816
vn 0.2723 0.7689 0.5785
vn -0.0463 -0.3144 0.9482
vn -0.1652 -0.7599 -0.6287
vn 0.0063 -0.7715 0.6362
vn -0.7727 0.4670 0.4299
vn 0.2727 0.3264 -0.9050
vn 0.9153 0.1192 0.3848
vn 0.9351 0.2917 0.2010
vn 0.5126 -0.8198 -0.2552
vn -0.0047 -0.2322 0.9727
vn -0.9957 -0.0857 0.0348
vn -0.1964 0.7784 -0.5962
vn -0.6758 -0.7205 -0.1555
vn 0.9570 -0.2897 -0.0179
vn 0.4907 0.8388 0.2359
vn -0.6294 0.1740 -0.7573
vn -0.0446 0.9979 -0.0471
vn -0.2674 0.6071 -0.7483
vn 0.2687 0.5008 0.8228
vn -0.9409 0.1423 0.3075
vn 0.1054 -0.2638 0.9588
vn -0.0170 0.6006 -0.7994
vn 0.9915 0.0246 0.1277
vn 0.5377 -0.8431 -0.0003
vn -0.8536 -0.1300 0.5045
vn 0.5255 -0.3926 -0.7548
vn 0.9908 -0.0253 0.1329
vn 0.0424 0.8820 0.4693
vn 0.8956 0.0294 -0.4439
vn -0.0509 0.0752 0.9959
vn -0.9957 -0.0927 -0.0004
vn -0.8814 -0.4137 -0.2281
vn -0.4676 -0.7400 -0.4835
vn -0.0782 0.1766 -0.9812
vn 0.3429 0.8494 0.4011
vn -0.5086 -0.4936 0.7055
vn 0.9220 -0.3613 0.1394
vn 0.9705 0.0036 -0.2409
vn 0.0612 0.0165 -0.9980
vn 0.0007 -1.0000 -0.0005
vn 0.0387 0.9593 -0.2798
vn -0.3773 0.9213 0.0938
vn -0.8723 0.4562 0.1761
vn -0.6596 -0.5012 0.5601
vn -0.4335 0.8877 0.1554
vn -0.9614 0.1130 0.2509
vn -0.3768 -0.8625 -0.3379
vn 0.2853 0.0533 0.9569
vn 0.0254 -0.0036 -0.9997
vn -0.9317 0.1910 0.3089
vn 0.6622 0.7313 0.1633
vn -0.5773 0.0809 -0.8125
vn -0.4240 0.1044 -0.8996
vn 0.0045 0.1196 0.9928
vn 0.6459 0.2321 -0.7273
vn 0.8623 0.2729 -0.4266
vn 0.0014 1.0000 -0.0051
vn -0.0698 0.5609 -0.8249
vn 0.0035 0.1971 0.9804
vn 0.0811 0.6614 -0.7456
vn 0.7679 -0.5468 -0.3337
vn -0.7978 -0.2712 0.5385
vn -0.0223 0.6122 -0.7904
vn -0.3291 -0.9436 -0.0356
vn -0.7883 -0.5845 0.1922
vn -0.9392 -0.0685 -0.3366
vn 0.6597 -0.7515 0.0057
vn 0.5276 0.8494 0.0115
vn -0.0116 -0.9995 -0.0287
vn -0.0353 -0.6103 -0.7914
vn 0.0058 -0.9011 0.4337
vn 0.3613 -0.8464 0.3912
vn 0.0874 0.7206 -0.6878
vn -0.8595 0.4753 0.1879
vn -0.8486 0.0749 0.5237
vn -0.9774 0.1564 0.1419
vn -0.3093 -0.3189 0.8959
vn -0.9698 -0.0055 0.2438
vn -0.5353 -0.7401 0.4071
vn 0.9698 -0.0513 -0.2384
vn 0.3982 0.5519 0.7327
vn 0.8202 0.3498 0.4526
vn 0.9589 0.1945 0.2065
vn 0.0063 -0.2143 -0.9767
vn -0.2228 0.7660 0.6030
vn -0.2909 0.9567 -0.0002
vn -0.1126 0.9936 0.0099
vn 0.8584 -0.3925 0.3304
vn -0.4906 0.5389 0.6848
vn -0.8687 0.3384 0.3617
vn 0.3074 0.4243 0.8517
vn 0.1020 0.6905 0.7161
vn -0.8544 -0.3951 -0.3374
vn -0.1622 0.7336 0.6599
vn -0.9466 -0.1481 0.2863
vn -0.9909 -0.0003 -0.1343
vn 0.9407 0.3391 0.0026
vn -0.0170 0.9743 0.2244
vn 0.8038 0.5946 0.0162
vn -0.8464 -0.0893 0.5250
vn 0.9707 0.2195 0.0981
vn -0.0038 0.8629 0.5053
vn 0.0603 0.8878 0.4563
vn 0.3675 -0.9300 -0.0023
vn 0.0211 -0.2599 -0.9654
vn -0.3646 0.3209 -0.8742
vn 0.6030 -0.7977 0.0087
vn 0.8190 -0.5738 0.0019
vn -0.0852 0.8260 0.5572
vn -0.2312 0.8840 0.4064
vn 0.6011 -0.7982 -0.0390
vn 0.1708 0.4113 -0.8954
vn -0.0977 0.9852 0.1408
vn -0.9237 -0.3510 -0.1534
vn -0.9346 -0.3407 0.1026
vn -0.6352 0.2565 0.7285
vn 0.2816 0.8318 0.4783
vn -0.7125 -0.1258 0.6903
vn -0.5524 0.6763 0.4872
vn 0.6186 -0.7038 0.3492
vn 0.6112 0.3299 -0.7195
vn -0.0001 -1.0000 -0.0028
vn 0.2708 -0.2644 -0.9256
vn 0.3825 -0.9239 -0.0076
vn 0.0552 0.0079 0.9984
vn 0.8796 0.4562 0.1350
vn -0.7127 0.0536 0.6994
vn 0.0060 -0.9498 0.3129
vn -0.6290 0.6814 0.3742
vn -0.0161 -0.8756 0.4828
vn -0.0400 -0.6959 0.7170
vn 0.2976 -0.9530 -0.0562
vn 0.3233 -0.6269 -0.7088
vn -0.1508 0.4305 -0.8899
vn 0.0023 -0.8848 -0.4659
vn -0.1640 0.0030 -0.9865
vn 0.0249 0.3237 0.9458
vn -0.3876 -0.8506 -0.3553
vn -0.0024 0.9896 -0.1438
vn -0.8381 0.4927 0.2342
vn 0.0673 -0.7799 -0.6223
vn -0.1256 -0.6218 0.7730
vn -0.0132 0.9281 -0.3721
vn 0.0304 -0.9992 0.0267
vn 0.0135 0.9896 -0.1431
vn -0.9998 0.0052 0.0176
vn -0.1221 -0.8218 -0.5565
vn 0.9941 0.0123 -0.1081
vn 0.0730 -0.6534 -0.7535
vn 0.0268 -0.4977 -0.8669
vn -0.0275 -0.5476 -0.8363
vn 0.0010 0.6120 -0.7908
vn 0.0884 0.9961 0.0004
vn 0.2984 0.9434 -0.1446
vn 0.0042 1.0000 0.0026
vn 0.8826 0.4226 0.2060
vn -0.8812 -0.0012 -0.4728
vn 0.1251 0.8258 -0.5499
vn -0.6041 0.7969 0.0051
vn 0.0943 0.5383 0.8375
vn 0.0028 -0.5636 -0.8261
vn -0.0002 0.0313 -0.9995
vn -0.0005 1.0000 0.0015
vn 0.8591 -0.4806 -0.1761
vn -0.0109 -0.3708 0.9286
vn 0.1902 -0.2263 -0.9553
vn -0.9264 -0.0996 -0.3630
vn 0.6845 -0.1208 -0.7190
vn 0.8353 0.2266 0.5009
vn 0.1392 -0.9888 0.0541
vn -0.8777 -0.1886 0.4405
vn -0.0050 -0.7583 -0.6519
vn -0.7267 0.4201 0.5435
vn 0.1314 0.9377 -0.3215
vn -0.0904 0.8639 0.4956
vn -0.2650 0.9309 -0.2514
vn -0.4879 -0.8624 -0.1350
vn -0.0024 0.5550 -0.8319
vn 0.7533 -0.6576 0.0129
vn -0.9795 0.1974 -0.0397
vn 0.9588 0.2778 0.0601
vn 0.0317 0.9744 -0.2225
vn -0.0074 -0.9634 -0.2679
vn 0.0349 -0.9994 -0.0016
vn 0.2966 -0.9550 -0.0000
vn 0.3815 0.0066 0.9243
vn 0.0007 -0.2475 0.9689
vn 0.9634 -0.2497 0.0974
vn -0.6801 0.7331 -0.0013
vn -0.3258 0.9454 0.0004
vn 0.0111 0.7124 0.7017
vn -0.1067 0.8966 0.4299
vn -0.6801 -0.6910 -0.2449
vn -0.8193 0.0017 0.5734
vn 0.9893 0.1145 -0.0907
vn -0.9948 -0.1020 -0.0034
vn -0.2769 -0.4252 0.8617
vn -0.0147 -0.0766 -0.9970
vn 0.0676 -0.9977 -0.0057
vn -0.6875 -0.1795 -0.7036
vn -0.2988 -0.9519 0.0677
vn 0.0478 -0.8032 0.5938
vn 0.5730 0.6947 0.4349
vn -0.2943 -0.9557 -0.0055
vn 0.8803 0.3869 0.2747
vn -0.7114 0.0817 0.6980
vn -0.0002 -0.1750 0.9846
vn 0.0393 -0.8656 0.4991
vn 0.4705 -0.7346 -0.4888
vn -0.9000 0.4216 0.1105
vn 0.1243 -0.2538 -0.9592
vn -0.3077 -0.9356 0.1733
vn -0.0915 -0.9958 -0.0025
vn 0.0109 0.6934 -0.7205
vn -0.0360 0.9790 -0.2004
vn -0.5992 -0.8006 0.0025
vn -0.3974 -0.8757 0.2743
vn -0.1233 -0.9924 0.0002
vn 0.3284 -0.0976 -0.9395
vn 0.0404 -0.9867 0.1576
vn -0.0168 0.7594 -0.6504
vn 0.4848 0.8738 -0.0376
vn -0.8473 0.1811 0.4993
vn 0.8904 -0.2320 0.3917
vn 0.0615 0.9912 -0.1173
vn 0.6652 0.7465 -0.0142
vn -0.1135 -0.9935 0.0009
vn 0.9767 0.0122 -0.2143
vt 0.276367 0.984619
vt 0.275146 0.980927
vt 0.281006 0.978882
vt 0.278320 0.975632
vt 0.276123 0.977951
vt 0.842285 0.086914
vt 0.846680 0.083984
vt 0.837891 0.098145
vt 0.844238 0.083496
vt 0.848633 0.079590
vt 0.849121 0.084961
vt 0.274170 0.978867
vt 0.282959 0.983612
vt 0.045929 0.042969
vt 0.037750 0.043457
vt 0.046295 0.040527
vt 0.272705 0.983780
vt 0.271729 0.983414
vt 0.032257 0.074219
vt 0.041412 0.080078
vt 0.037170 0.083984
vt 0.851074 0.080078
vt 0.280518 0.986023
vt 0.852051 0.080078
vt 0.045715 0.087891
vt 0.045105 0.091309
vt 0.042969 0.086426
vt 0.038574 0.086426
vt 0.045471 0.072266
vt 0.049042 0.083984
vt 0.037018 0.041016
vt 0.287109 0.979202
vt 0.288574 0.983582
vt 0.042633 0.092285
vt 0.042419 0.094238
vt 0.040985 0.097656
vt 0.035278 0.096191
vt 0.298340 0.989540
vt 0.291748 0.983566
vt 0.301758 0.987411
vt 0.036469 0.090820
vt 0.049835 0.085449
vt 0.382324 0.343262
vt 0.381836 0.357422
vt 0.370605 0.357910
vt 0.065613 0.208496
vt 0.061951 0.210938
vt 0.062622 0.208496
vt 0.067810 0.210449
vt 0.404297 0.352539
vt 0.398682 0.349121
vt 0.405762 0.346680
vt 0.400146 0.351562
vt 0.399170 0.353027
vt 0.662598 0.087891
vt 0.656738 0.086914
vt 0.659668 0.084961
vt 0.664062 0.083008
vt 0.749023 0.239746
vt 0.752441 0.229492
vt 0.754883 0.238281
vt 0.745117 0.230957
vt 0.546875 0.745117
vt 0.558105 0.740723
vt 0.555664 0.743896
vt 0.255615 0.448730
vt 0.250000 0.451172
vt 0.250732 0.441895
vt 0.561035 0.742432
vt 0.248901 0.457031
vt 0.250244 0.455566
vt 0.250732 0.463867
vt 0.541504 0.749023
vt 0.251221 0.453613
vt 0.246582 0.453125
vt 0.557617 0.738525
vt 0.422607 0.439941
vt 0.414551 0.433105
vt 0.429443 0.434570
vt 0.414307 0.422852
vt 0.610352 0.199219
vt 0.600586 0.190918
vt 0.609375 0.178711
vt 0.211426 0.905701
vt 0.195557 0.912170
vt 0.202026 0.902649
vt 0.883789 0.952118
vt 0.893555 0.958771
vt 0.884277 0.964294
vt 0.616211 0.197754
vt 0.900391 0.949677
vt 0.748047 0.675293
vt 0.751953 0.676514
vt 0.753418 0.680176
vt 0.746094 0.680420
vt 0.753906 0.684082
vt 0.748535 0.687744
vt 0.541016 0.062988
vt 0.534668 0.063965
vt 0.527832 0.054688
vt 0.377930 0.015625
vt 0.372559 0.015137
vt 0.380859 0.007812
vt 0.666016 0.023438
vt 0.669434 0.023926
vt 0.667480 0.026855
vt 0.429688 0.009766
vt 0.435547 0.006348
vt 0.435303 0.012695
vt 0.522949 0.063965
vt 0.530762 0.067871
vt 0.388184 0.007324
vt 0.523438 0.060059
vt 0.529785 0.070312
vt 0.540527 0.072754
vt 0.534668 0.088867
vt 0.057343 0.184570
vt 0.055542 0.179688
vt 0.061432 0.183594
vt 0.054169 0.183105
vt 0.549316 0.068848
vt 0.660156 0.023926
vt 0.777832 0.095703
vt 0.775391 0.103516
vt 0.768066 0.098145
vt 0.426758 0.005859
vt 0.433594 0.000977
vt 0.656250 0.027344
vt 0.654785 0.023926
vt 0.545898 0.083496
vt 0.365723 0.009766
vt 0.779785 0.098145
vt 0.779297 0.101562
vt 0.890625 0.041992
vt 0.892578 0.036621
vt 0.893555 0.038574
vt 0.887695 0.056152
vt 0.886230 0.052734
vt 0.895996 0.052246
vt 0.897461 0.045898
vt 0.899414 0.040527
vt 0.783203 0.104004
vt 0.381104 0.020020
vt 0.768555 0.102539
vt 0.762207 0.100586
vt 0.773926 0.091309
vt 0.129761 0.993908
vt 0.126831 0.986336
vt 0.130249 0.988426
vt 0.137085 0.983795
vt 0.687500 0.032227
vt 0.693359 0.025391
vt 0.693848 0.031738
vt 0.443359 0.466797
vt 0.453125 0.475098
vt 0.447266 0.483398
vt 0.441650 0.455078
vt 0.451172 0.463867
vt 0.698242 0.028320
vt 0.702148 0.030273
vt 0.686035 0.024414
vt 0.462402 0.466309
vt 0.450684 0.013672
vt 0.443604 0.011719
vt 0.444824 0.009277
vt 0.448242 0.008301
vt 0.446045 0.020020
vt 0.381104 0.865723
vt 0.380615 0.852905
vt 0.389160 0.856812
vt 0.619629 0.326660
vt 0.618652 0.317871
vt 0.626953 0.317871
vt 0.979004 0.695557
vt 0.982422 0.689453
vt 0.987793 0.692871
vt 0.612305 0.317871
vt 0.981445 0.697998
vt 0.386719 0.841553
vt 0.630859 0.322754
vt 0.058380 0.729004
vt 0.048462 0.732666
vt 0.056610 0.720947
vt 0.054382 0.733643
vt 0.051117 0.714844
vt 0.044861 0.724365
vt 0.039093 0.357422
vt 0.051056 0.365723
vt 0.036163 0.361328
vt 0.451904 0.519043
vt 0.447754 0.510986
vt 0.460693 0.521729
vt 0.049652 0.738037
vt 0.042114 0.720947
vt 0.043610 0.714111
vt 0.562988 0.500488
vt 0.567383 0.500488
vt 0.573242 0.504883
vt 0.569336 0.187012
vt 0.567383 0.181641
vt 0.570312 0.181641
vt 0.566895 0.179688
vt 0.047913 0.811035
vt 0.040436 0.814209
vt 0.044128 0.808228
vt 0.030975 0.807861
vt 0.917480 0.541504
vt 0.919922 0.536621
vt 0.921875 0.539307
vt 0.602051 0.992485
vt 0.596680 0.989349
vt 0.602051 0.987045
vt 0.598145 0.998254
vt 0.601074 0.996237
vt 0.583496 0.503418
vt 0.577637 0.506836
vt 0.577637 0.503174
vt 0.566406 0.292480
vt 0.561523 0.270020
vt 0.578125 0.273926
vt 0.914062 0.249512
vt 0.916016 0.252930
vt 0.906738 0.254395
vt 0.447266 0.768066
vt 0.444092 0.764404
vt 0.448730 0.760986
vt 0.686035 0.105469
vt 0.685059 0.095215
vt 0.691406 0.105957
vt 0.436279 0.842896
vt 0.428711 0.841919
vt 0.431641 0.835815
vt 0.348389 0.388184
vt 0.361084 0.397461
vt 0.349121 0.395508
vt 0.774902 0.942932
vt 0.786133 0.945984
vt 0.782715 0.958832
vt 0.630371 0.015137
vt 0.637695 0.034180
vt 0.627930 0.019531
vt 0.586426 0.478027
vt 0.592773 0.476074
vt 0.581055 0.491211
vt 0.926270 0.849976
vt 0.951172 0.839111
vt 0.945801 0.849854
vt 0.058685 0.677002
vt 0.059052 0.691895
vt 0.057190 0.697021
vt 0.159668 0.915955
vt 0.166870 0.908142
vt 0.165649 0.912964
vt 0.601074 0.760132
vt 0.607422 0.755249
vt 0.610352 0.769287
vt 0.951172 0.504150
vt 0.947266 0.484375
vt 0.956055 0.504150
vt 0.923828 0.221680
vt 0.921387 0.221191
vt 0.921387 0.219727
vt 0.699707 0.263672
vt 0.702637 0.239258
vt 0.710449 0.262695
vt 0.769043 0.178711
vt 0.751465 0.187988
vt 0.757812 0.174805
vt 0.749023 0.391602
vt 0.750977 0.383301
vt 0.765625 0.399414
vt 0.211426 0.665039
vt 0.197754 0.694580
vt 0.187134 0.695312
vt 0.595703 0.208008
vt 0.593750 0.193848
vt 0.599609 0.214844
vt 0.948730 0.147949
vt 0.950684 0.159180
vt 0.929688 0.145020
vt 0.951172 0.800781
vt 0.954590 0.782471
vt 0.953125 0.802002
vt 0.608398 0.107422
vt 0.616211 0.100098
vt 0.616699 0.113281
vt 0.510742 0.051270
vt 0.504395 0.068848
vt 0.504395 0.064941
vt 0.507812 0.051270
vt 0.582031 0.254395
vt 0.559082 0.248535
vt 0.580566 0.251953
vt 0.607422 0.224609
vt 0.625488 0.227539
vt 0.613281 0.229980
vt 0.051971 0.160645
vt 0.057831 0.167969
vt 0.048859 0.170410
vt 0.179199 0.467773
vt 0.162354 0.456543
vt 0.177612 0.456543
vt 0.161987 0.672852
vt 0.169678 0.674316
vt 0.150757 0.682861
vt 0.964844 0.225586
vt 0.958496 0.236816
vt 0.952148 0.227539
vt 0.334717 0.730469
vt 0.357666 0.739014
vt 0.339600 0.736816
vt 0.197510 0.819580
vt 0.198364 0.832397
vt 0.192749 0.834106
vt 0.863770 0.632324
vt 0.857422 0.618896
vt 0.872559 0.629639
vt 0.067627 0.935181
vt 0.072205 0.932251
vt 0.077820 0.939758
vt 0.116638 0.182129
vt 0.098267 0.181641
vt 0.111816 0.175781
vt 0.175781 0.339355
vt 0.174927 0.348633
vt 0.173462 0.339355
vt 0.056763 0.320801
vt 0.064819 0.326172
vt 0.040619 0.327148
vt 0.480957 0.726562
vt 0.518555 0.710693
vt 0.498535 0.742920
vt 0.228516 0.909912
vt 0.237549 0.908936
vt 0.222046 0.921082
vt 0.374756 0.799194
vt 0.352051 0.795898
vt 0.367920 0.793823
vt 0.725098 0.365234
vt 0.733887 0.353027
vt 0.730957 0.364258
vt 0.594727 0.163574
vt 0.585449 0.167969
vt 0.584961 0.163574
vt 0.386719 0.924561
vt 0.393555 0.934998
vt 0.382324 0.927490
vt 0.413818 0.711426
vt 0.386719 0.713379
vt 0.392334 0.701416
vt 0.830078 0.418945
vt 0.820801 0.434082
vt 0.822266 0.419434
vt 0.472900 0.931885
vt 0.476807 0.929443
vt 0.479248 0.929199
vt 0.839355 0.074707
vt 0.831543 0.071777
vt 0.842285 0.069336
vt 0.393066 0.939087
vt 0.385254 0.946503
vt 0.382812 0.932251
vt 0.368164 0.777466
vt 0.351074 0.763306
vt 0.363525 0.772461
vt 0.190430 0.416504
vt 0.185059 0.422363
vt 0.185791 0.415039
vt 0.581055 0.520264
vt 0.572754 0.519043
vt 0.881348 0.298828
vt 0.896973 0.296387
vt 0.890137 0.301270
vt 0.147095 0.076660
vt 0.138794 0.070312
vt 0.147827 0.070312
vt 0.340088 0.536377
vt 0.354736 0.537354
vt 0.349854 0.539062
vt 0.118530 0.096191
vt 0.121277 0.102539
vt 0.110291 0.089844
vt 0.083679 0.050293
vt 0.080261 0.063477
vt 0.078552 0.051270
vt 0.888184 0.573242
vt 0.882324 0.574463
vt 0.876465 0.567383
vt 0.796387 0.271484
vt 0.776367 0.268066
vt 0.787109 0.264648
vt 0.762207 0.675049
vt 0.760254 0.679932
vt 0.753418 0.674561
vt 0.060608 0.879578
vt 0.072449 0.896912
vt 0.057587 0.889587
vt 0.795410 0.907043
vt 0.791992 0.888550
vt 0.802734 0.901123
vt 0.560547 0.926514
vt 0.567383 0.916443
vt 0.564941 0.932800
vt 0.309082 0.778320
vt 0.319824 0.766724
vt 0.312012 0.780762
vt 0.628418 0.371582
vt 0.634766 0.365234
vt 0.637695 0.369629
vt 0.603516 0.942749
vt 0.611816 0.940369
vt 0.611328 0.954926
vt 0.857422 0.098145
vt 0.859863 0.084473
vt 0.869141 0.107910
vt 0.269287 0.891663
vt 0.254150 0.901672
vt 0.253906 0.881775
vt 0.511719 0.249023
vt 0.519531 0.263184
vt 0.509766 0.263184
vt 0.717773 0.382324
vt 0.728516 0.371094
vt 0.990723 0.797607
vt 0.990723 0.778198
vt 0.993652 0.787598
vt 0.211914 0.136230
vt 0.201294 0.145020
vt 0.187134 0.136230
vt 0.038208 0.608154
vt 0.045593 0.599365
vt 0.045319 0.617920
vt 0.978516 0.579102
vt 0.975586 0.562988
vt 0.980957 0.566895
vt 0.625488 0.439941
vt 0.611816 0.430176
vt 0.625488 0.417480
vt 0.898926 0.755127
vt 0.887207 0.751953
vt 0.898926 0.748535
vt 0.482666 0.536377
vt 0.483154 0.542969
vt 0.476562 0.541016
vt 0.000250 0.520264
vt 0.002111 0.539062
vt 0.000173 0.544678
vt 0.622070 0.290039
vt 0.611328 0.300781
vt 0.618164 0.290527
vt 0.824219 0.380371
vt 0.798828 0.380371
vt 0.816406 0.368652
vt 0.689453 0.192383
vt 0.680176 0.184082
vt 0.692871 0.172852
vt 0.729980 0.665527
vt 0.718750 0.653076
vt 0.727539 0.656738
vt 0.058044 0.062988
vt 0.054871 0.062988
vt 0.057373 0.034180
vt 0.056305 0.744141
vt 0.060333 0.772949
vt 0.059082 0.787231
vt 0.409424 0.260254
vt 0.411377 0.253906
vt 0.421143 0.253906
vt 0.894043 0.344238
vt 0.886230 0.342773
vt 0.897461 0.333984
vt 0.900391 0.571777
vt 0.898926 0.567139
vt 0.910156 0.566406
vt 0.912598 0.904297
vt 0.902344 0.907959
vt 0.910645 0.897278
vt 0.777832 0.941956
vt 0.800293 0.946533
vt 0.798828 0.948944
vt 0.071289 0.891479
vt 0.978516 0.444336
vt 0.986816 0.446777
vt 0.986816 0.453613
vt 0.610840 0.997879
vt 0.618652 0.985878
vt 0.617676 0.995266
vt 0.537598 0.386230
vt 0.533691 0.402344
vt 0.524414 0.401367
vt 0.746582 0.356445
vt 0.741699 0.363770
vt 0.738770 0.351074
vt 0.538574 0.514404
vt 0.550781 0.526123
vt 0.533203 0.522949
vt 0.661133 0.335938
vt 0.666504 0.347168
vt 0.655273 0.341797
vt 0.070984 0.363281
vt 0.057892 0.365723
vt 0.077209 0.359863
vt 0.721680 0.574951
vt 0.737793 0.575439
vt 0.733398 0.579346
vt 0.638184 0.928040
vt 0.631348 0.932312
vt 0.641602 0.907043
vt 0.169312 0.681152
vt 0.186890 0.677002
vt 0.182251 0.682861
vt 0.909668 0.554443
vt 0.916504 0.547607
vt 0.912109 0.557617
vt 0.828613 0.932251
vt 0.823242 0.929138
vt 0.827148 0.924744
vt 0.855957 0.839478
vt 0.862793 0.842285
vt 0.860352 0.854492
vt 0.835938 0.481934
vt 0.845215 0.475586
vt 0.846191 0.479004
vt 0.891113 0.185547
vt 0.882812 0.179199
vt 0.888184 0.175293
vt 0.124695 0.434570
vt 0.137451 0.434082
vt 0.125244 0.467285
vt 0.280029 0.832275
vt 0.265869 0.832642
vt 0.256104 0.830933
vt 0.842773 0.177246
vt 0.839355 0.173340
vt 0.852051 0.173828
vt 0.412354 0.106934
vt 0.412354 0.115723
vt 0.406738 0.113770
vt 0.863770 0.642578
vt 0.878418 0.644775
vt 0.796387 0.786743
vt 0.800293 0.785645
vt 0.797363 0.790161
vt 0.158569 0.944580
vt 0.190308 0.938232
vt 0.200195 0.948608
vt 0.874023 0.816650
vt 0.873535 0.821777
vt 0.872070 0.819336
vt 0.513184 0.555176
vt 0.518066 0.561035
vt 0.509277 0.560791
vt 0.220093 0.945557
vt 0.212769 0.961426
vt 0.206909 0.949066
vt 0.671875 0.111816
vt 0.673828 0.105469
vt 0.683105 0.111328
vt 0.682617 0.510742
vt 0.698242 0.499512
vt 0.693359 0.510498
vt 0.848633 0.902100
vt 0.827148 0.888550
vt 0.839844 0.884277
vt 0.247070 0.065430
vt 0.251221 0.070312
vt 0.206787 0.071289
vt 0.164673 0.106445
vt 0.157349 0.101562
vt 0.167603 0.102051
vt 0.846680 0.123535
vt 0.855469 0.117188
vt 0.857422 0.133301
vt 0.768066 0.369629
vt 0.765625 0.373535
vt 0.763184 0.373047
vt 0.916992 0.889893
vt 0.925293 0.897705
vt 0.919434 0.895630
vt 0.498535 0.601318
vt 0.511719 0.607910
vt 0.502930 0.614746
vt 0.876953 0.747803
vt 0.885254 0.742432
vt 0.875488 0.753906
vt 0.558594 0.776733
vt 0.556641 0.767822
vt 0.574219 0.765991
vt 0.098022 0.051758
vt 0.087158 0.060547
vt 0.085754 0.052734
vt 0.074768 0.637939
vt 0.071411 0.635010
vt 0.076599 0.633545
vt 0.305664 0.757935
vt 0.301025 0.756226
vt 0.311279 0.748047
vt 0.760254 0.066895
vt 0.773438 0.066895
vt 0.775391 0.070801
vt 0.668945 0.071777
vt 0.663086 0.076172
vt 0.661621 0.068848
vt 0.718750 0.958008
vt 0.726074 0.960175
vt 0.720703 0.962494
vt 0.659180 0.760742
vt 0.660645 0.773071
vt 0.656250 0.767212
vt 0.855957 0.093262
vt 0.634766 0.186523
vt 0.642090 0.185059
vt 0.644531 0.188965
vt 0.056183 0.711426
vt 0.062408 0.706055
vt 0.059357 0.715576
vt 0.173218 0.185059
vt 0.171875 0.161133
vt 0.197388 0.167480
vt 0.707520 0.934021
vt 0.698730 0.945343
vt 0.696289 0.944122
vt 0.654297 0.780640
vt 0.658203 0.783325
vt 0.656250 0.790771
vt 0.773926 0.691162
vt 0.768555 0.696533
vt 0.772461 0.686035
vt 0.932617 0.242188
vt 0.930176 0.249023
vt 0.929688 0.240723
vt 0.305908 0.472168
vt 0.306641 0.477539
vt 0.297119 0.483398
vt 0.677246 0.383789
vt 0.668945 0.391113
vt 0.660156 0.375977
vt 0.348145 0.398926
vt 0.364746 0.414551
vt 0.349365 0.405762
vt 0.389160 0.209961
vt 0.373779 0.227051
vt 0.386230 0.203125
vt 0.638184 0.633057
vt 0.647461 0.636719
vt 0.641113 0.647949
vt 0.351807 0.898926
vt 0.352051 0.915466
vt 0.334961 0.905396
vt 0.515625 0.404785
vt 0.522461 0.418457
vt 0.686035 0.206543
vt 0.690918 0.200195
vt 0.697266 0.206055
vt 0.796875 0.371094
vt 0.782227 0.378418
vt 0.760742 0.571045
vt 0.763184 0.580322
vt 0.756348 0.581543
vt 0.880371 0.542725
vt 0.890137 0.538330
vt 0.895508 0.541016
vt 0.536621 0.424316
vt 0.531250 0.432129
vt 0.530273 0.418457
vt 0.683105 0.868042
vt 0.675781 0.855591
vt 0.684082 0.868042
vt 0.905273 0.947266
vt 0.885254 0.946014
vt 0.907715 0.943878
vt 0.334229 0.308105
vt 0.351074 0.313965
vt 0.335693 0.312988
vt 0.833496 0.372559
vt 0.834473 0.380371
vt 0.829590 0.378418
vt 0.903809 0.278809
vt 0.894531 0.289062
vt 0.892578 0.282715
vt 0.121948 0.661377
vt 0.123230 0.681641
vt 0.119324 0.658447
vt 0.669922 0.786865
vt 0.669434 0.772095
vt 0.366943 0.780029
vt 0.389648 0.790894
vt 0.363037 0.786255
vt 0.162598 0.370117
vt 0.166870 0.375000
vt 0.163818 0.383301
vt 0.678223 0.372559
vt 0.690430 0.383789
vt 0.522949 0.142578
vt 0.520508 0.147949
vt 0.518555 0.147461
vt 0.947754 0.942780
vt 0.917969 0.948944
vt 0.946777 0.937714
vt 0.360596 0.731934
vt 0.760254 0.519531
vt 0.779297 0.524170
vt 0.763184 0.526123
vt 0.953613 0.252441
vt 0.948242 0.257812
vt 0.936523 0.263184
vt 0.000121 0.865479
vt 0.000121 0.844604
vt 0.002747 0.876343
vt 0.446045 0.770996
vt 0.451416 0.772827
vt 0.449463 0.774658
vt 0.323975 0.531738
vt 0.333496 0.531006
vt 0.330322 0.533203
vt 0.432129 0.200684
vt 0.443604 0.197266
vt 0.445068 0.204102
vt 0.198730 0.238770
vt 0.193604 0.229980
vt 0.203247 0.228516
vt 0.034973 0.743896
vt 0.032928 0.748047
vt 0.024765 0.740967
vt 0.749512 0.473633
vt 0.739258 0.486816
vt 0.731445 0.479492
vt 0.826660 0.873535
vt 0.513672 0.611084
vt 0.526855 0.598145
vt 0.533203 0.611084
vt 0.317627 0.294434
vt 0.319092 0.286621
vt 0.330078 0.293457
vt 0.490234 0.477539
vt 0.503906 0.479492
vt 0.496094 0.485352
vt 0.797852 0.026367
vt 0.803223 0.020508
vt 0.806152 0.023926
vt 0.473145 0.296387
vt 0.478760 0.292969
vt 0.480469 0.318848
vt 0.298828 0.608398
vt 0.295166 0.598877
vt 0.298096 0.597656
vt 0.437744 0.340820
vt 0.431641 0.348633
vt 0.421631 0.333984
vt 0.729980 0.449707
vt 0.729980 0.452148
vt 0.726074 0.454102
vt 0.708008 0.010254
vt 0.691406 0.020508
vt 0.681641 0.010254
vt 0.136963 0.770752
vt 0.143066 0.764893
vt 0.144531 0.779907
vt 0.616699 0.579590
vt 0.621582 0.567627
vt 0.629395 0.579590
vt 0.389404 0.003418
vt 0.383545 0.000000
vt 0.872559 0.738281
vt 0.885742 0.732910
vt 0.881836 0.737793
vt 0.007469 0.334961
vt 0.004108 0.337891
vt 0.008881 0.309570
vt 0.899414 0.692383
vt 0.904785 0.678223
vt 0.913086 0.688477
vt 0.523438 0.877380
vt 0.525879 0.864868
vt 0.544434 0.866699
vt 0.985352 0.934814
vt 0.983398 0.922058
vt 0.988281 0.933044
vt 0.950195 0.239746
vt 0.935059 0.251953
vt 0.280273 0.641602
vt 0.295410 0.626953
vt 0.300537 0.632080
vt 0.073181 0.416504
vt 0.070801 0.410156
vt 0.080383 0.411133
vt 0.223755 0.397949
vt 0.213135 0.408691
vt 0.210327 0.397949
vt 0.874512 0.824341
vt 0.856934 0.827148
vt 0.970215 0.880615
vt 0.960449 0.875488
vt 0.954590 0.866821
vt 0.335449 0.930359
vt 0.321777 0.934998
vt 0.326660 0.929443
vt 0.931152 0.237305
vt 0.943359 0.230957
vt 0.412354 0.414551
vt 0.418213 0.415527
vt 0.573730 0.937317
vt 0.575195 0.917969
vt 0.579590 0.929504
vt 0.023849 0.761230
vt 0.021317 0.753906
vt 0.023178 0.746094
vt 0.663086 0.246582
vt 0.674316 0.250000
vt 0.658691 0.257324
vt 0.515625 0.039551
vt 0.504883 0.020508
vt 0.516602 0.029297
vt 0.765625 0.010742
vt 0.771973 0.022949
vt 0.761230 0.018066
vt 0.825684 0.348145
vt 0.819824 0.348633
vt 0.821289 0.331543
vt 0.893555 0.744629
vt 0.894531 0.740479
vt 0.903320 0.745117
vt 0.593750 0.398926
vt 0.584961 0.394531
vt 0.593750 0.392090
vt 0.260986 0.049805
vt 0.288574 0.049805
vt 0.301025 0.060547
vt 0.603027 0.568604
vt 0.598633 0.586670
vt 0.585938 0.569336
vt 0.976562 0.219238
vt 0.979980 0.227539
vt 0.970215 0.226562
vt 0.164429 0.874146
vt 0.175659 0.869873
vt 0.169922 0.875793
vt 0.816406 0.012695
vt 0.815430 0.010254
vt 0.817871 0.009766
vt 0.311523 0.719238
vt 0.320557 0.718506
vt 0.313721 0.722900
vt 0.117371 0.293945
vt 0.119446 0.293945
vt 0.117188 0.301758
vt 0.930664 0.027832
vt 0.928711 0.022949
vt 0.932129 0.020508
vt 0.584961 0.160156
vt 0.575684 0.160645
vt 0.585449 0.156250
vt 0.982422 0.134277
vt 0.987305 0.136719
vt 0.976562 0.144043
vt 0.284912 0.972107
vt 0.300049 0.978455
vt 0.937988 0.896179
vt 0.947754 0.891602
vt 0.939453 0.910645
vt 0.924805 0.034180
vt 0.909180 0.031250
vt 0.926270 0.030762
vt 0.937012 0.270508
vt 0.933105 0.275879
vt 0.930664 0.266113
vt 0.489990 0.978241
vt 0.486084 0.978485
vt 0.486572 0.969009
vt 0.713379 0.116699
vt 0.696777 0.102539
vt 0.710938 0.108398
vt 0.912109 0.533203
vt 0.918945 0.531982
vt 0.599121 0.126465
vt 0.593750 0.134766
vt 0.592285 0.126465
vt 0.380127 0.399414
vt 0.390625 0.402344
vt 0.375244 0.405273
vt 0.401855 0.280762
vt 0.421875 0.292969
vt 0.412598 0.296387
vt 0.968750 0.239746
vt 0.981934 0.229492
vt 0.990723 0.232910
vt 0.364502 0.858154
vt 0.364746 0.846680
vt 0.367920 0.859741
vt 0.230591 0.231934
vt 0.235962 0.225098
vt 0.241211 0.227539
vt 0.094421 0.905579
vt 0.082642 0.910522
vt 0.080811 0.897217
vt 0.919434 0.456543
vt 0.908203 0.444824
vt 0.914062 0.441895
vt 0.346924 0.868164
vt 0.346680 0.857910
vt 0.354492 0.859863
vt 0.434326 0.149902
vt 0.410889 0.172363
vt 0.405029 0.135254
vt 0.123291 0.985435
vt 0.125732 0.980453
vt 0.127563 0.980392
vt 0.571777 0.473633
vt 0.564941 0.485840
vt 0.560547 0.485840
vt 0.646973 0.248047
vt 0.721191 0.993351
vt 0.724609 0.990135
vt 0.724609 0.994255
vt 0.085449 0.116211
vt 0.076965 0.125488
vt 0.076111 0.114258
vt 0.709473 0.460449
vt 0.692383 0.471680
vt 0.705566 0.450684
vt 0.910156 0.568848
vt 0.211060 0.451660
vt 0.227417 0.459961
vt 0.220337 0.467773
vt 0.921875 0.857422
vt 0.919434 0.851807
vt 0.959961 0.859619
vt 0.725586 0.477539
vt 0.725586 0.480957
vt 0.712402 0.477539
vt 0.747070 0.365723
vt 0.742188 0.373047
vt 0.116394 0.107422
vt 0.111755 0.102539
vt 0.112793 0.101562
vt 0.957031 0.308105
vt 0.953125 0.314453
vt 0.940430 0.307129
vt 0.718262 0.935181
vt 0.718262 0.944946
vt 0.695312 0.956543
vt 0.339600 0.982132
vt 0.333740 0.981995
vt 0.337646 0.976730
vt 0.141602 0.311035
vt 0.125854 0.304688
vt 0.142090 0.303223
vt 0.084045 0.046387
vt 0.067200 0.052246
vt 0.616699 0.133301
vt 0.631836 0.134277
vt 0.629395 0.143066
vt 0.111694 0.834839
vt 0.134766 0.837402
vt 0.114197 0.838989
vt 0.477783 0.511230
vt 0.465576 0.507812
vt 0.483643 0.494141
vt 0.833984 0.250000
vt 0.834961 0.257324
vt 0.811523 0.250000
vt 0.451904 0.353516
vt 0.440430 0.359863
vt 0.451172 0.344727
vt 0.061707 0.718994
vt 0.065369 0.709717
vt 0.593262 0.749023
vt 0.599121 0.750366
vt 0.596680 0.757812
vt 0.966797 0.357910
vt 0.961426 0.349121
vt 0.968750 0.353516
vt 0.954590 0.536377
vt 0.960449 0.547363
vt 0.937012 0.547363
vt 0.526367 0.192383
vt 0.508301 0.199219
vt 0.513184 0.186523
vt 0.977539 0.665527
vt 0.987793 0.675537
vt 0.984863 0.683350
vt 0.207397 0.080566
vt 0.188965 0.086426
vt 0.198608 0.073730
vt 0.416260 0.903381
vt 0.432129 0.908813
vt 0.415527 0.904724
vt 0.394775 0.429688
vt 0.389404 0.431152
vt 0.399902 0.409180
vt 0.983887 0.049316
vt 0.987305 0.068848
vt 0.982422 0.073730
vt 0.365234 0.736328
vt 0.508789 0.018066
vt 0.643555 0.748779
vt 0.649902 0.728271
vt 0.670898 0.739258
vt 0.869629 0.847412
vt 0.863770 0.855835
vt 0.620605 0.645020
vt 0.627930 0.639404
vt 0.629395 0.642090
vt 0.623047 0.479004
vt 0.640625 0.480957
vt 0.635254 0.496582
vt 0.645508 0.393555
vt 0.651367 0.385254
vt 0.667480 0.400391
vt 0.975586 0.000977
vt 0.960938 0.000977
vt 0.977051 0.000000
vt 0.293701 0.890991
vt 0.285645 0.896118
vt 0.284180 0.891296
vt 0.685547 0.589355
vt 0.674805 0.594971
vt 0.670410 0.586670
vt 0.421143 0.966431
vt 0.410400 0.968079
vt 0.422852 0.962128
vt 0.768555 0.862427
vt 0.770508 0.858521
vt 0.780273 0.866943
vt 0.729980 0.520752
vt 0.746094 0.523193
vt 0.730957 0.529053
vt 0.738281 0.163086
vt 0.749512 0.170898
vt 0.738770 0.174805
vt 0.503906 0.687012
vt 0.484619 0.683105
vt 0.489502 0.658447
vt 0.294922 0.966919
vt 0.288086 0.968262
vt 0.231079 0.327148
vt 0.239990 0.319824
vt 0.233154 0.327637
vt 0.864746 0.120605
vt 0.528809 0.041504
vt 0.519043 0.047852
vt 0.040955 0.185059
vt 0.035858 0.176270
vt 0.038818 0.176270
vt 0.984375 0.127930
vt 0.985840 0.133301
vt 0.118774 0.225098
vt 0.135010 0.240723
vt 0.129883 0.250488
vt 0.794922 0.960236
vt 0.804688 0.960449
vt 0.233887 0.341797
vt 0.230347 0.341797
vt 0.267822 0.787720
vt 0.254639 0.787476
vt 0.264160 0.782104
vt 0.324707 0.507568
vt 0.323486 0.487305
vt 0.333496 0.481934
vt 0.681152 0.784424
vt 0.685547 0.777344
vt 0.887207 0.154785
vt 0.879395 0.160156
vt 0.878418 0.144043
vt 0.661621 0.516357
vt 0.667969 0.515137
vt 0.653809 0.524658
vt 0.786133 0.649414
vt 0.798340 0.660156
vt 0.789062 0.657715
vt 0.999023 0.251953
vt 0.995117 0.255859
vt 0.996582 0.251465
vt 0.510742 0.395020
vt 0.510742 0.317871
vt 0.518066 0.320801
vt 0.504883 0.325195
vt 0.566895 0.165527
vt 0.902344 0.700928
vt 0.901855 0.708252
vt 0.896484 0.702881
vt 0.831055 0.681885
vt 0.847656 0.687988
vt 0.828613 0.692139
vt 0.831543 0.939178
vt 0.829102 0.956177
vt 0.821289 0.957489
vt 0.380615 0.912170
vt 0.387695 0.915100
vt 0.672852 0.493164
vt 0.674316 0.500000
vt 0.665039 0.502197
vt 0.651855 0.237793
vt 0.664551 0.238281
vt 0.935059 0.635498
vt 0.927734 0.642578
vt 0.916016 0.645996
vt 0.464355 0.643311
vt 0.470215 0.635010
vt 0.478516 0.653320
vt 0.930176 0.972382
vt 0.936523 0.959961
vt 0.935547 0.979233
vt 0.817383 0.725830
vt 0.825195 0.737549
vt 0.814453 0.736084
vt 0.616211 0.061523
vt 0.627441 0.055176
vt 0.627930 0.059082
vt 0.051392 0.897644
vt 0.053925 0.897705
vt 0.052185 0.914551
vt 0.145264 0.099609
vt 0.150757 0.098145
vt 0.147949 0.123047
vt 0.328857 0.139648
vt 0.350342 0.148926
vt 0.311279 0.143555
vt 0.354492 0.476562
vt 0.353516 0.468750
vt 0.364990 0.472656
vt 0.556641 0.820190
vt 0.553711 0.815796
vt 0.575684 0.823975
vt 0.644043 0.289551
vt 0.632812 0.300781
vt 0.641602 0.285156
vt 0.041534 0.175293
vt 0.043488 0.168457
vt 0.070374 0.866089
vt 0.066589 0.866943
vt 0.070496 0.850586
vt 0.058655 0.119629
vt 0.060486 0.118652
vt 0.060699 0.126953
vt 0.876465 0.500000
vt 0.865723 0.488281
vt 0.872070 0.479492
vt 0.640137 0.523438
vt 0.633789 0.520020
vt 0.638184 0.520020
vt 0.966797 0.094238
vt 0.962891 0.098633
vt 0.950195 0.103516
vt 0.856934 0.110352
vt 0.424072 0.656250
vt 0.419434 0.636230
vt 0.431152 0.644287
vt 0.957520 0.763062
vt 0.958984 0.770874
vt 0.957520 0.776489
vt 0.136719 0.892578
vt 0.116577 0.895996
vt 0.135376 0.885742
vt 0.356934 0.209961
vt 0.344727 0.213867
vt 0.348389 0.198730
vt 0.413574 0.839111
vt 0.425293 0.847656
vt 0.416016 0.848633
vt 0.201294 0.936340
vt 0.201660 0.932129
vt 0.214478 0.930054
vt 0.461426 0.384766
vt 0.472900 0.386230
vt 0.464355 0.389160
vt 0.248413 0.206543
vt 0.257812 0.201172
vt 0.253418 0.208984
vt 0.110474 0.442871
vt 0.106750 0.451660
vt 0.098206 0.447754
vt 0.080261 0.880981
vt 0.075317 0.878479
vt 0.082031 0.869019
vt 0.409424 0.938721
vt 0.426025 0.940979
vt 0.408936 0.943817
vt 0.624023 0.369629
vt 0.624512 0.364258
vt 0.743652 0.260254
vt 0.756836 0.260254
vt 0.741211 0.270020
vt 0.541016 0.320801
vt 0.557129 0.310547
vt 0.551270 0.320312
vt 0.675293 0.636230
vt 0.669922 0.634766
vt 0.680664 0.624023
vt 0.062683 0.293945
vt 0.065247 0.297363
vt 0.066589 0.312500
vt 0.836914 0.965881
vt 0.835938 0.969910
vt 0.817871 0.962891
vt 0.811523 0.117676
vt 0.797852 0.125488
vt 0.791504 0.121582
vt 0.070801 0.489258
vt 0.064941 0.514160
vt 0.062317 0.506836
vt 0.954590 0.111328
vt 0.920410 0.117676
vt 0.222046 0.867920
vt 0.222412 0.856079
vt 0.228638 0.850464
vt 0.811523 0.906494
vt 0.807617 0.904846
vt 0.810547 0.894348
vt 0.974121 0.250488
vt 0.982910 0.251465
vt 0.971680 0.254883
vt 0.158569 0.486816
vt 0.165527 0.479980
vt 0.165771 0.492676
vt 0.428223 0.288574
vt 0.434570 0.295410
vt 0.439697 0.709961
vt 0.451660 0.694336
vt 0.471680 0.689697
vt 0.490479 0.434082
vt 0.481201 0.447754
vt 0.486816 0.431152
vt 0.382324 0.637939
vt 0.387695 0.645264
vt 0.365234 0.654053
vt 0.307373 0.116211
vt 0.319824 0.125977
vt 0.305908 0.130371
vt 0.100891 0.344238
vt 0.099121 0.351562
vt 0.099976 0.327148
vt 0.319336 0.935364
vt 0.313965 0.937958
vt 0.313965 0.935974
vt 0.176392 0.896973
vt 0.171021 0.895508
vt 0.461426 0.273438
vt 0.467041 0.280762
vt 0.461670 0.286133
vt 0.488525 0.823853
vt 0.505371 0.821655
vt 0.524902 0.821655
vt 0.395996 0.084961
vt 0.405762 0.097656
vt 0.400391 0.099121
vt 0.119080 0.910645
vt 0.106995 0.910889
vt 0.111816 0.900635
vt 0.361084 0.837769
vt 0.359131 0.848511
vt 0.962891 0.730225
vt 0.955566 0.735596
vt 0.956055 0.728271
vt 0.184814 0.546875
vt 0.193359 0.539062
vt 0.191040 0.546875
vt 0.589355 0.285156
vt 0.621094 0.017578
vt 0.613281 0.031738
vt 0.603516 0.025391
vt 0.958008 0.153320
vt 0.436768 0.478516
vt 0.370117 0.531982
vt 0.374512 0.535645
vt 0.372803 0.541992
vt 0.958496 0.798950
vt 0.956055 0.800049
vt 0.423828 0.077148
vt 0.419189 0.054688
vt 0.432617 0.071289
vt 0.615723 0.451660
vt 0.600586 0.434082
vt 0.623535 0.448242
vt 0.403809 0.185547
vt 0.427979 0.200684
vt 0.417236 0.197266
vt 0.990234 0.237305
vt 0.986328 0.253906
vt 0.982422 0.240723
vt 0.052368 0.033691
vt 0.051666 0.044922
vt 0.048615 0.036133
vt 0.706055 0.834717
vt 0.696289 0.838989
vt 0.693848 0.823364
vt 0.320801 0.746582
vt 0.327637 0.740479
vt 0.330078 0.753418
vt 0.177734 0.729248
vt 0.187500 0.726807
vt 0.204224 0.726807
vt 0.089722 0.632324
vt 0.112549 0.636719
vt 0.097412 0.637939
vt 0.350830 0.652344
vt 0.867188 0.134766
vt 0.720703 0.664551
vt 0.734375 0.674072
vt 0.560547 0.540283
vt 0.565918 0.548828
vt 0.553223 0.547607
vt 0.242310 0.566162
vt 0.250732 0.569824
vt 0.240112 0.569336
vt 0.704102 0.035645
vt 0.707520 0.042480
vt 0.684570 0.034668
vt 0.882324 0.091309
vt 0.884277 0.086914
vt 0.899902 0.089844
vt 0.135254 0.656250
vt 0.138062 0.666992
vt 0.130615 0.664795
vt 0.485840 0.645020
vt 0.485352 0.648926
vt 0.481445 0.640625
vt 0.980469 0.585449
vt 0.973633 0.571045
vt 0.483887 0.849976
vt 0.486084 0.847412
vt 0.493896 0.849731
vt 0.350830 0.102051
vt 0.369873 0.095215
vt 0.364014 0.103027
vt 0.580566 0.346191
vt 0.593262 0.338867
vt 0.585449 0.348145
vt 0.494141 0.617432
vt 0.487305 0.601318
vt 0.991211 0.220703
vt 0.988770 0.227539
vt 0.982422 0.226562
vt 0.954590 0.136230
vt 0.403564 0.187988
vt 0.503418 0.267090
vt 0.514160 0.278320
vt 0.507812 0.280273
vt 0.433594 0.741455
vt 0.484131 0.740723
vt 0.462891 0.746826
vt 0.029587 0.709473
vt 0.021317 0.709473
vt 0.023239 0.701904
vt 0.346436 0.803955
vt 0.344482 0.805176
vt 0.344482 0.800049
vt 0.185791 0.893433
vt 0.180786 0.886780
vt 0.763672 0.297852
vt 0.744629 0.298828
vt 0.753418 0.287598
vt 0.950195 0.946594
vt 0.954590 0.945251
vt 0.528320 0.331543
vt 0.507324 0.345215
vt 0.399658 0.998807
vt 0.390869 0.986923
vt 0.413086 0.988602
vt 0.137573 0.995029
vt 0.133057 0.995350
vt 0.138184 0.988411
vt 0.631348 0.452148
vt 0.628906 0.446777
vt 0.649902 0.435547
vt 0.113708 0.460449
vt 0.120789 0.461914
vt 0.123779 0.472656
vt 0.382080 0.444824
vt 0.373535 0.439453
vt 0.387451 0.435547
vt 0.738281 0.251953
vt 0.753418 0.256348
vt 0.288574 0.097168
vt 0.292725 0.089355
vt 0.305664 0.085938
vt 0.044617 0.159180
vt 0.040527 0.166016
vt 0.041748 0.158203
vt 0.804688 0.842407
vt 0.819336 0.846924
vt 0.794922 0.843628
vt 0.353760 0.750000
vt 0.879883 0.386230
vt 0.865234 0.384277
vt 0.872070 0.380371
vt 0.830078 0.490723
vt 0.826660 0.496582
vt 0.818359 0.486328
vt 0.110046 0.830078
vt 0.121399 0.831177
vt 0.920410 0.780151
vt 0.913574 0.763794
vt 0.914551 0.762329
vt 0.482178 0.581055
vt 0.474365 0.586426
vt 0.467773 0.580811
vt 0.760254 0.454102
vt 0.739258 0.447754
vt 0.775879 0.452148
vt 0.428711 0.356445
vt 0.425293 0.366699
vt 0.419189 0.363281
vt 0.433105 0.974747
vt 0.438965 0.970612
vt 0.442627 0.984222
vt 0.224731 0.835571
vt 0.237427 0.833374
vt 0.229492 0.842163
vt 0.372070 0.231934
vt 0.376953 0.226562
vt 0.392090 0.212891
vt 0.393066 0.213379
vt 0.758789 0.307129
vt 0.685547 0.296387
vt 0.700195 0.309570
vt 0.678711 0.307617
vt 0.992188 0.062012
vt 0.990723 0.061523
vt 0.995605 0.060547
vt 0.474854 0.014648
vt 0.482666 0.009766
vt 0.480957 0.015137
vt 0.690430 0.779541
vt 0.699219 0.780518
vt 0.685059 0.783691
vt 0.387939 0.817993
vt 0.369385 0.818237
vt 0.371826 0.812866
vt 0.168213 0.217285
vt 0.162598 0.224609
vt 0.162842 0.212402
vt 0.918457 0.264160
vt 0.911621 0.267090
vt 0.914551 0.262695
vt 0.533691 0.578613
vt 0.525391 0.573730
vt 0.529785 0.563477
vt 0.719238 0.905884
vt 0.726562 0.891663
vt 0.739746 0.895508
vt 0.368896 0.779175
vt 0.348389 0.764160
vt 0.221558 0.373535
vt 0.235107 0.354492
vt 0.256836 0.374512
vt 0.483154 0.890015
vt 0.485107 0.896240
vt 0.465088 0.896423
vt 0.128784 0.880371
vt 0.109314 0.884705
vt 0.126099 0.856323
vt 0.494629 0.851562
vt 0.739258 0.946045
vt 0.739746 0.957581
vt 0.732422 0.959198
vt 0.215088 0.720703
vt 0.212402 0.726318
vt 0.499268 0.469727
vt 0.503906 0.460449
vt 0.514648 0.467285
vt 0.854980 0.944214
vt 0.147827 0.858154
vt 0.152222 0.853027
vt 0.152588 0.858398
vt 0.386230 0.823608
vt 0.369141 0.823853
vt 0.028595 0.799072
vt 0.039917 0.802246
vt 0.336426 0.984451
vt 0.337646 0.994358
vt 0.333740 0.986069
vt 0.491699 0.257812
vt 0.490967 0.264648
vt 0.994141 0.894104
vt 0.990723 0.877197
vt 0.996582 0.882507
vt 0.642090 0.359375
vt 0.864258 0.424805
vt 0.850586 0.413086
vt 0.872559 0.415527
vt 0.611816 0.573242
vt 0.612305 0.581543
vt 0.489746 0.008789
vt 0.497070 0.014648
vt 0.214722 0.326172
vt 0.216797 0.302734
vt 0.214722 0.358887
vt 0.514648 0.318359
vt 0.519531 0.318359
vt 0.057465 0.665771
vt 0.059967 0.661377
vt 0.590332 0.210938
vt 0.583496 0.198242
vt 0.586914 0.199707
vt 0.453857 0.227051
vt 0.428711 0.222168
vt 0.440186 0.211914
vt 0.467041 0.041504
vt 0.468506 0.047852
vt 0.451172 0.041504
vt 0.485107 0.820923
vt 0.480469 0.822754
vt 0.907715 0.860718
vt 0.900879 0.861938
vt 0.905273 0.850952
vt 0.718262 0.989540
vt 0.717773 0.995544
vt 0.713867 0.994484
vt 0.746582 0.807617
vt 0.751953 0.813110
vt 0.729492 0.816772
vt 0.271729 0.954590
vt 0.282471 0.952576
vt 0.276123 0.959473
vt 0.039276 0.238281
vt 0.035431 0.223633
vt 0.037476 0.200684
vt 0.269775 0.689941
vt 0.258301 0.696045
vt 0.256836 0.674561
vt 0.069275 0.714600
vt 0.068542 0.722656
vt 0.068115 0.713135
vt 0.820801 0.012695
vt 0.823242 0.017090
vt 0.819824 0.013184
vt 0.646973 0.098633
vt 0.646973 0.113770
vt 0.639160 0.099609
vt 0.815430 0.497070
vt 0.815918 0.505371
vt 0.806152 0.506836
vt 0.115112 0.449219
vt 0.120667 0.458496
vt 0.462158 0.209961
vt 0.460205 0.219238
vt 0.316650 0.253906
vt 0.323730 0.261719
vt 0.312744 0.262695
vt 0.710938 0.779419
vt 0.729004 0.779053
vt 0.719238 0.787720
vt 0.181030 0.601318
vt 0.189575 0.597900
vt 0.199463 0.606689
vt 0.395752 0.912720
vt 0.411133 0.912659
vt 0.237305 0.197266
vt 0.240723 0.192871
vt 0.250244 0.195312
vt 0.433105 0.467285
vt 0.430176 0.471191
vt 0.519531 0.918518
vt 0.527344 0.914551
vt 0.524414 0.929871
vt 0.922363 0.067383
vt 0.931641 0.064453
vt 0.932129 0.077148
vt 0.638184 0.472656
vt 0.644043 0.454102
vt 0.647949 0.463379
vt 0.263184 0.920227
vt 0.250000 0.936707
vt 0.247681 0.925171
vt 0.914062 0.585449
vt 0.914062 0.594238
vt 0.900391 0.589111
vt 0.291016 0.521240
vt 0.304688 0.510010
vt 0.301514 0.531738
vt 0.738770 0.728760
vt 0.733887 0.736084
vt 0.730469 0.705811
vt 0.035156 0.190430
vt 0.033447 0.183105
vt 0.386475 0.082031
vt 0.392334 0.082520
vt 0.386230 0.085449
vt 0.530273 0.485840
vt 0.537598 0.496094
vt 0.533203 0.502686
vt 0.547363 0.956696
vt 0.546875 0.952545
vt 0.552246 0.950836
vt 0.048798 0.916260
vt 0.838867 0.365723
vt 0.834473 0.366699
vt 0.604980 0.986847
vt 0.607422 0.983902
vt 0.607422 0.985199
vt 0.728516 0.629883
vt 0.699219 0.605225
vt 0.736328 0.615234
vt 0.475830 0.258301
vt 0.487061 0.277344
vt 0.185913 0.581055
vt 0.190796 0.581543
vt 0.125000 0.411133
vt 0.119385 0.396484
vt 0.132568 0.393555
vt 0.109924 0.062988
vt 0.104919 0.055664
vt 0.118408 0.053711
vt 0.694824 0.454102
vt 0.692871 0.442871
vt 0.717773 0.040039
vt 0.717773 0.047363
vt 0.702637 0.051270
vt 0.483643 0.043945
vt 0.477539 0.046387
vt 0.478516 0.039062
vt 0.184692 0.284180
vt 0.179932 0.286133
vt 0.191528 0.270508
vt 0.033844 0.166992
vt 0.015472 0.155273
vt 0.035278 0.160645
vt 0.487061 0.658936
vt 0.481201 0.665771
vt 0.486084 0.652100
vt 0.874512 0.834839
vt 0.880859 0.840698
vt 0.876465 0.850342
vt 0.049805 0.871338
vt 0.044403 0.862549
vt 0.042206 0.848877
vt 0.921875 0.825195
vt 0.927734 0.831299
vt 0.918945 0.827759
vt 0.000702 0.795410
vt 0.005501 0.792236
vt 0.004284 0.801880
vt 0.035339 0.591797
vt 0.044037 0.583008
vt 0.037231 0.825928
vt 0.024368 0.816406
vt 0.038147 0.818359
vt 0.717285 0.752563
vt 0.708496 0.762085
vt 0.695801 0.755493
vt 0.390381 0.970322
vt 0.385254 0.951752
vt 0.389160 0.956238
vt 0.317627 0.992126
vt 0.313965 0.989357
vt 0.318359 0.984444
vt 0.165161 0.620117
vt 0.173706 0.595947
vt 0.060272 0.187012
vt 0.055878 0.193848
vt 0.053955 0.188965
vt 0.789551 0.350098
vt 0.791016 0.333496
vt 0.793945 0.352051
vt 0.264893 0.208008
vt 0.271729 0.211914
vt 0.267334 0.219727
vt 0.171631 0.619385
vt 0.195190 0.610352
vt 0.190674 0.614014
vt 0.815918 0.455078
vt 0.825684 0.453613
vt 0.815918 0.462891
vt 0.034271 0.634766
vt 0.014763 0.632324
vt 0.025055 0.624023
vt 0.380371 0.807007
vt 0.387695 0.810303
vt 0.373779 0.809814
vt 0.481689 0.667969
vt 0.145996 0.302246
vt 0.143311 0.289551
vt 0.146606 0.276855
vt 0.884766 0.606201
vt 0.889648 0.601318
vt 0.899902 0.613281
vt 0.598633 0.082520
vt 0.605957 0.088867
vt 0.596680 0.099609
vt 0.042847 0.704590
vt 0.029175 0.695068
vt 0.645996 0.533203
vt 0.656738 0.538818
vt 0.658691 0.551758
vt 0.672852 0.837646
vt 0.658691 0.822754
vt 0.670410 0.820312
vt 0.429199 0.247070
vt 0.428223 0.257324
vt 0.311768 0.762573
vt 0.311035 0.769775
vt 0.302490 0.770996
vt 0.769531 0.872314
vt 0.580566 0.866577
vt 0.573242 0.866699
vt 0.581543 0.859863
vt 0.831055 0.836182
vt 0.840820 0.832031
vt 0.845703 0.840454
vt 0.590820 0.566650
vt 0.583984 0.129883
vt 0.592285 0.123535
vt 0.345703 0.337891
vt 0.351562 0.318848
vt 0.358154 0.342773
vt 0.450439 0.574463
vt 0.456299 0.581055
vt 0.439941 0.576172
vt 0.291748 0.767334
vt 0.287842 0.779053
vt 0.285889 0.766235
vt 0.089844 0.311523
vt 0.082703 0.292480
vt 0.088745 0.293457
vt 0.732910 0.374023
vt 0.734375 0.367188
vt 0.920898 0.226562
vt 0.936035 0.229980
vt 0.923340 0.241699
vt 0.724609 0.883240
vt 0.728027 0.873901
vt 0.734375 0.891052
vt 0.314697 0.529053
vt 0.308594 0.526611
vt 0.320557 0.526855
vt 0.722168 0.304688
vt 0.704102 0.302246
vt 0.711914 0.290527
vt 0.783691 0.367188
vt 0.108337 0.303711
vt 0.112183 0.289062
vt 0.347900 0.926636
vt 0.347412 0.929199
vt 0.344971 0.925476
vt 0.645020 0.899292
vt 0.664551 0.907471
vt 0.647949 0.904907
vt 0.761719 0.656494
vt 0.765625 0.665039
vt 0.750488 0.659180
vt 0.968262 0.563232
vt 0.965820 0.569824
vt 0.960449 0.559814
vt 0.562500 0.186035
vt 0.960449 0.287598
vt 0.969238 0.257812
vt 0.971191 0.286621
vt 0.895020 0.922668
vt 0.885254 0.919800
vt 0.890625 0.913452
vt 0.887695 0.084961
vt 0.915039 0.058594
vt 0.915039 0.083496
vt 0.625488 0.999814
vt 0.621094 0.993645
vt 0.634766 0.995193
vt 0.201660 0.619385
vt 0.937012 0.166016
vt 0.949219 0.166992
vt 0.937012 0.169434
vt 0.772949 0.613525
vt 0.784180 0.629395
vt 0.771973 0.623291
vt 0.460205 0.371094
vt 0.474609 0.375000
vt 0.460449 0.377930
vt 0.676758 0.767700
vt 0.310059 0.531738
vt 0.323975 0.529785
vt 0.487061 0.961182
vt 0.478760 0.970291
vt 0.487305 0.956451
vt 0.606934 0.121582
vt 0.617188 0.117676
vt 0.514648 0.929565
vt 0.324707 0.719482
vt 0.330811 0.713379
vt 0.329346 0.722656
vt 0.740723 0.434570
vt 0.722168 0.422852
vt 0.730957 0.421875
vt 0.847168 0.494141
vt 0.846680 0.506348
vt 0.841797 0.492676
vt 0.757324 0.816895
vt 0.718262 0.823730
vt 0.056061 0.791016
vt 0.397949 0.740479
vt 0.384277 0.740723
vt 0.397217 0.732422
vt 0.735352 0.360840
vt 0.534180 0.119629
vt 0.532715 0.130371
vt 0.523438 0.126465
vt 0.684570 0.244141
vt 0.689453 0.223633
vt 0.966309 0.805420
vt 0.965332 0.801147
vt 0.971680 0.802612
vt 0.142578 0.752075
vt 0.153076 0.769531
vt 0.152100 0.770508
vt 0.685059 0.483398
vt 0.690918 0.493164
vt 0.681152 0.502197
vt 0.061890 0.387207
vt 0.065857 0.383789
vt 0.075867 0.390625
vt 0.716309 0.398926
vt 0.710938 0.386230
vt 0.728516 0.387207
vt 0.416504 0.261719
vt 0.440674 0.261719
vt 0.256104 0.319336
vt 0.252441 0.334961
vt 0.249023 0.325195
vt 0.792480 0.495117
vt 0.780762 0.493164
vt 0.788574 0.489258
vt 0.399658 0.937775
vt 0.806152 0.334961
vt 0.802246 0.318848
vt 0.814453 0.335938
vt 0.631836 0.201172
vt 0.641113 0.198242
vt 0.646484 0.203613
vt 0.644043 0.209961
vt 0.210571 0.593506
vt 0.194214 0.589844
vt 0.216064 0.579834
vt 0.570312 0.042969
vt 0.569336 0.038086
vt 0.576172 0.045410
vt 0.209229 0.288574
vt 0.217529 0.282715
vt 0.211304 0.291016
vt 0.042389 0.189941
vt 0.039459 0.191895
vt 0.874023 0.282715
vt 0.881836 0.279785
vt 0.873535 0.292969
vt 0.875977 0.112305
vt 0.872070 0.117676
vt 0.866699 0.111816
vt 0.456543 0.554932
vt 0.464600 0.555176
vt 0.456543 0.568848
vt 0.775879 0.641113
vt 0.777344 0.654053
vt 0.041290 0.763794
vt 0.034332 0.755493
vt 0.039948 0.758789
vt 0.559570 0.435547
vt 0.539062 0.430176
vt 0.551758 0.428223
vt 0.865234 0.821777
vt 0.894531 0.425781
vt 0.891602 0.402344
vt 0.898926 0.416016
vt 0.918457 0.999005
vt 0.912109 0.997688
vt 0.922363 0.995064
vt 0.905762 0.669678
vt 0.909668 0.674316
vt 0.225708 0.035156
vt 0.222412 0.036621
vt 0.219727 0.025391
vt 0.383057 0.664551
vt 0.398438 0.685791
vt 0.369385 0.700439
vt 0.905762 0.732422
vt 0.915527 0.739502
vt 0.904297 0.738281
vt 0.829590 0.976730
vt 0.828125 0.983078
vt 0.825684 0.975830
vt 0.394775 0.785400
vt 0.412109 0.773682
vt 0.417236 0.787476
vt 0.182129 0.386230
vt 0.184814 0.382324
vt 0.184692 0.389648
vt 0.179932 0.394043
vt 0.566895 0.107910
vt 0.592773 0.105469
vt 0.568848 0.113281
vt 0.818359 0.127930
vt 0.820312 0.130371
vt 0.793457 0.140137
vt 0.289795 0.103516
vt 0.273926 0.103027
vt 0.746582 0.769287
vt 0.750000 0.806030
vt 0.391846 0.079590
vt 0.267822 0.677246
vt 0.269287 0.666504
vt 0.275879 0.678955
vt 0.135132 0.562988
vt 0.148193 0.568604
vt 0.137573 0.570557
vt 0.890137 0.583740
vt 0.884277 0.579102
vt 0.894531 0.578857
vt 0.322998 0.721924
vt 0.322998 0.729004
vt 0.531738 0.222656
vt 0.539551 0.220703
vt 0.535156 0.225098
vt 0.739746 0.287598
vt 0.746582 0.280273
vt 0.371826 0.506104
vt 0.377197 0.495117
vt 0.378906 0.517334
vt 0.226440 0.244141
vt 0.245483 0.246094
vt 0.237549 0.251465
vt 0.312256 0.137207
vt 0.883789 0.860474
vt 0.887207 0.855957
vt 0.888672 0.865723
vt 0.136719 0.880859
vt 0.068787 0.232422
vt 0.074341 0.231445
vt 0.073242 0.235840
vt 0.675781 0.560791
vt 0.297852 0.009277
vt 0.271240 0.009277
vt 0.298096 0.007324
vt 0.680176 0.136230
vt 0.682129 0.130371
vt 0.687988 0.136230
vt 0.242432 0.994579
vt 0.220093 0.990623
vt 0.243530 0.990166
vt 0.148560 0.848389
vt 0.147339 0.841187
vt 0.154663 0.841187
vt 0.530273 0.290039
vt 0.526855 0.305176
vt 0.517578 0.301758
vt 0.529785 0.372070
vt 0.540039 0.335938
vt 0.562500 0.342285
vt 0.757324 0.728271
vt 0.748047 0.732666
vt 0.736816 0.707275
vt 0.274902 0.263672
vt 0.294434 0.251953
vt 0.285889 0.267090
vt 0.562500 0.685059
vt 0.588379 0.681396
vt 0.572754 0.692627
vt 0.520996 0.137207
vt 0.490967 0.399414
vt 0.485840 0.401855
vt 0.475342 0.392090
vt 0.584473 0.836426
vt 0.576172 0.833130
vt 0.582031 0.832764
vt 0.733398 0.475098
vt 0.268799 0.639404
vt 0.265625 0.646729
vt 0.344727 0.127930
vt 0.358398 0.138184
vt 0.358398 0.141113
vt 0.747070 0.744385
vt 0.731934 0.752075
vt 0.549316 0.968811
vt 0.185669 0.535156
vt 0.883301 0.125488
vt 0.883301 0.142578
vt 0.878906 0.128418
vt 0.941895 0.595703
vt 0.953125 0.601318
vt 0.933105 0.625488
vt 0.814453 0.942657
vt 0.193237 0.448242
vt 0.203613 0.446289
vt 0.201050 0.459473
vt 0.399658 0.074219
vt 0.399902 0.078125
vt 0.024918 0.966003
vt 0.006134 0.966095
vt 0.011513 0.952637
vt 0.690918 0.286621
vt 0.678711 0.276367
vt 0.726562 0.200684
vt 0.714844 0.195801
vt 0.734375 0.189453
vt 0.438721 0.010742
vt 0.702148 0.690674
vt 0.698242 0.665771
vt 0.713867 0.665527
vt 0.250488 0.228027
vt 0.248779 0.221191
vt 0.258301 0.222656
vt 0.343750 0.174316
vt 0.324219 0.170410
vt 0.331787 0.166016
vt 0.419678 0.626953
vt 0.409424 0.625488
vt 0.405273 0.623047
vt 0.337402 0.400391
vt 0.345703 0.410156
vt 0.329834 0.405273
vt 0.227661 0.669678
vt 0.226196 0.674072
vt 0.221802 0.673828
vt 0.741699 0.843750
vt 0.712402 0.841675
vt 0.740723 0.842285
vt 0.710938 0.350586
vt 0.702148 0.348633
vt 0.704590 0.342285
vt 0.891113 0.385742
vt 0.893066 0.397461
vt 0.887695 0.390625
vt 0.529785 0.213867
vt 0.629883 0.527588
vt 0.622070 0.529053
vt 0.618652 0.489746
vt 0.614746 0.476074
vt 0.862793 0.389160
vt 0.851562 0.391113
vt 0.778320 0.836792
vt 0.772949 0.841431
vt 0.011070 0.242676
vt 0.012589 0.257812
vt 0.005974 0.244629
vt 0.132568 0.759155
vt 0.133301 0.780762
vt 0.478271 0.633057
vt 0.499512 0.497070
vt 0.514160 0.492676
vt 0.510742 0.499512
vt 0.652344 0.890564
vt 0.595215 0.150879
vt 0.585449 0.150391
vt 0.596191 0.141602
vt 0.096252 0.956116
vt 0.071594 0.943451
vt 0.098877 0.949341
vt 0.160889 0.418457
vt 0.175293 0.428223
vt 0.160645 0.422852
vt 0.513672 0.020020
vt 0.513184 0.006836
vt 0.519531 0.005371
vt 0.947266 0.649658
vt 0.950195 0.628418
vt 0.097717 0.800415
vt 0.088257 0.798340
vt 0.086426 0.789307
vt 0.981445 0.211914
vt 0.982910 0.213867
vt 0.590332 0.658936
vt 0.598633 0.655762
vt 0.595703 0.666992
vt 0.377930 0.365723
vt 0.697754 0.342285
vt 0.575195 0.050293
vt 0.764648 0.694092
vt 0.760742 0.693359
vt 0.758789 0.689209
vt 0.923340 0.441895
vt 0.903809 0.835327
vt 0.908691 0.838745
vt 0.895996 0.851562
vt 0.842773 0.306152
vt 0.815430 0.279785
vt 0.836426 0.275879
vt 0.621094 0.154297
vt 0.624023 0.146973
vt 0.644531 0.162598
vt 0.672363 0.063477
vt 0.664551 0.062988
vt 0.922363 0.164551
vt 0.145752 0.372559
vt 0.150146 0.388672
vt 0.143555 0.401367
vt 0.273438 0.416504
vt 0.256348 0.440430
vt 0.525879 0.951416
vt 0.532715 0.963135
vt 0.507324 0.958801
vt 0.870605 0.817017
vt 0.091614 0.213867
vt 0.093872 0.207031
vt 0.093750 0.237305
vt 0.829590 0.055664
vt 0.837891 0.064453
vt 0.817871 0.063477
vt 0.405518 0.985214
vt 0.407227 0.982330
vt 0.416504 0.982986
vt 0.701172 0.149902
vt 0.692383 0.148438
vt 0.690430 0.140137
vt 0.869629 0.564697
vt 0.885254 0.561279
vt 0.984863 0.332031
vt 0.963379 0.326172
vt 0.972656 0.323242
vt 0.209351 0.508057
vt 0.215332 0.520264
vt 0.200928 0.508545
vt 0.956055 0.753418
vt 0.948242 0.745117
vt 0.948242 0.739258
vt 0.338379 0.533936
vt 0.350586 0.534668
vt 0.651855 0.039551
vt 0.665039 0.036621
vt 0.661133 0.042969
vt 0.644043 0.627197
vt 0.647949 0.628662
vt 0.516602 0.057129
vt 0.515137 0.068359
vt 0.509766 0.071289
vt 0.835938 0.144043
vt 0.845215 0.145020
vt 0.840820 0.152832
vt 0.372803 0.070312
vt 0.366455 0.072266
vt 0.359619 0.065430
vt 0.668945 0.627441
vt 0.659668 0.623535
vt 0.663574 0.615723
vt 0.108887 0.797607
vt 0.126343 0.784424
vt 0.128784 0.801025
vt 0.063538 0.852539
vt 0.061829 0.856567
vt 0.059296 0.844238
vt 0.467529 0.763550
vt 0.485840 0.770996
vt 0.485352 0.771240
vt 0.774902 0.699707
vt 0.299561 0.288574
vt 0.299805 0.303223
vt 0.298340 0.305176
vt 0.506836 0.516846
vt 0.497559 0.522461
vt 0.503906 0.510254
vt 0.634766 0.216309
vt 0.656250 0.211914
vt 0.652344 0.222656
vt 0.209473 0.921448
vt 0.213623 0.924683
vt 0.126953 0.970581
vt 0.118469 0.971283
vt 0.120361 0.959137
vt 0.534180 0.174805
vt 0.524902 0.177734
vt 0.520020 0.163574
vt 0.750977 0.551514
vt 0.728516 0.550781
vt 0.730469 0.541992
vt 0.430176 0.989944
vt 0.317871 0.711182
vt 0.320801 0.715820
vt 0.973633 0.646240
vt 0.972656 0.664795
vt 0.969238 0.662354
vt 0.755371 0.690430
vt 0.764160 0.036133
vt 0.775391 0.038574
vt 0.776855 0.049805
vt 0.942871 0.958252
vt 0.958984 0.960693
vt 0.954590 0.972519
vt 0.901367 0.227051
vt 0.892090 0.235352
vt 0.903809 0.210449
vt 0.053955 0.445801
vt 0.051300 0.487305
vt 0.051575 0.454590
vt 0.925293 0.636719
vt 0.756836 0.533203
vt 0.749023 0.544189
vt 0.729492 0.534912
vt 0.301270 0.323242
vt 0.306396 0.325195
vt 0.290771 0.337891
vt 0.666992 0.976105
vt 0.659180 0.979614
vt 0.642090 0.970551
vt 0.388916 0.273438
vt 0.390381 0.290527
vt 0.384033 0.277344
vt 0.668945 0.412109
vt 0.654297 0.402832
vt 0.646484 0.798706
vt 0.627441 0.798462
vt 0.627441 0.795288
vt 0.522461 0.693115
vt 0.523438 0.700439
vt 0.520020 0.701904
vt 0.064209 0.979172
vt 0.055542 0.982391
vt 0.049469 0.977310
vt 0.362061 0.865479
vt 0.277832 0.797485
vt 0.274902 0.816772
vt 0.276855 0.797119
vt 0.480225 0.950897
vt 0.474365 0.963745
vt 0.881836 0.592285
vt 0.871582 0.586914
vt 0.490234 0.418945
vt 0.501953 0.430664
vt 0.484131 0.423828
vt 0.067322 0.564209
vt 0.062408 0.581299
vt 0.060638 0.574463
vt 0.376221 0.617188
vt 0.374023 0.627930
vt 0.356934 0.633789
vt 0.375977 0.248535
vt 0.375244 0.238281
vt 0.401367 0.234863
vt 0.528809 0.279785
vt 0.540527 0.283691
vt 0.524902 0.116211
vt 0.526367 0.110840
vt 0.317383 0.969086
vt 0.327393 0.970551
vt 0.321533 0.976105
vt 0.330322 0.688477
vt 0.317871 0.659424
vt 0.331787 0.671631
vt 0.064575 0.994328
vt 0.082092 0.994328
vt 0.081360 0.996323
vt 0.280029 0.777832
vt 0.282959 0.772949
vt 0.821289 0.810669
vt 0.811035 0.800659
vt 0.816895 0.800659
vt 0.597168 0.704590
vt 0.601074 0.697754
vt 0.595215 0.711182
vt 0.120972 0.681641
vt 0.125488 0.687256
vt 0.808594 0.017090
vt 0.817871 0.016113
vt 0.817383 0.019043
vt 0.372803 0.444824
vt 0.377441 0.456055
vt 0.327393 0.528564
vt 0.915527 0.641113
vt 0.371094 0.992390
vt 0.372559 0.980164
vt 0.378906 0.988655
vt 0.377441 0.992832
vt 0.669434 0.031250
vt 0.674316 0.028809
vt 0.802246 0.807861
vt 0.798340 0.799683
vt 0.800781 0.800171
vt 0.908691 0.213379
vt 0.911621 0.209961
vt 0.431396 0.885071
vt 0.424561 0.864746
vt 0.445801 0.869019
vt 0.816406 0.022461
vt 0.295654 0.771606
vt 0.652344 0.352539
vt 0.877930 0.730225
vt 0.385498 0.783936
vt 0.305908 0.702881
vt 0.299072 0.696533
vt 0.304443 0.673828
vt 0.756348 0.414062
vt 0.744629 0.401855
vt 0.759277 0.405273
vt 0.432861 0.121582
vt 0.443115 0.116699
vt 0.457275 0.118652
vt 0.066223 0.902161
vt 0.074158 0.906555
vt 0.059631 0.900818
vt 0.111938 0.041016
vt 0.106628 0.040039
vt 0.113464 0.036621
vt 0.091492 0.655273
vt 0.104065 0.653809
vt 0.105225 0.664062
vt 0.833008 0.485352
vt 0.838379 0.492676
vt 0.542969 0.306641
vt 0.530273 0.307129
vt 0.559082 0.322266
vt 0.542480 0.324219
vt 0.916504 0.987236
vt 0.943848 0.979950
vt 0.946289 0.988068
vt 0.401367 0.903992
vt 0.141846 0.132324
vt 0.142090 0.111816
vt 0.013130 0.614014
vt 0.002617 0.584961
vt 0.013092 0.579346
vt 0.099426 0.162109
vt 0.092041 0.142578
vt 0.099304 0.136230
vt 0.606445 0.988647
vt 0.154175 0.773804
vt 0.152222 0.775513
vt 0.151855 0.774414
vt 0.863770 0.438477
vt 0.851562 0.437988
vt 0.851562 0.431641
vt 0.599121 0.008789
vt 0.615234 0.009277
vt 0.603027 0.014648
vt 0.421387 0.091309
vt 0.414551 0.100098
vt 0.406250 0.082520
vt 0.756836 0.791138
vt 0.764648 0.783447
vt 0.767578 0.798096
vt 0.039673 0.967773
vt 0.031708 0.952148
vt 0.046814 0.946625
vt 0.110352 0.979492
vt 0.115967 0.966156
vt 0.080322 0.789062
vt 0.076721 0.780518
vt 0.773926 0.366211
vt 0.772461 0.362305
vt 0.778809 0.353027
vt 0.781250 0.356445
vt 0.529297 0.508301
vt 0.905762 0.538574
vt 0.904297 0.531006
vt 0.332031 0.112305
vt 0.336670 0.091797
vt 0.188599 0.428711
vt 0.187622 0.434082
vt 0.182495 0.427246
vt 0.944336 0.420898
vt 0.954590 0.442871
vt 0.943359 0.440918
vt 0.370850 0.054199
vt 0.357666 0.056152
vt 0.408447 0.420410
vt 0.404785 0.419434
vt 0.663086 0.984520
vt 0.640137 0.987862
vt 0.644531 0.978394
vt 0.818359 0.513184
vt 0.811035 0.513916
vt 0.814941 0.508545
vt 0.537109 0.456543
vt 0.549805 0.453125
vt 0.534180 0.467773
vt 0.106018 0.702881
vt 0.104614 0.718506
vt 0.090759 0.723145
vt 0.707520 0.413574
vt 0.700195 0.388672
vt 0.711426 0.405762
vt 0.774902 0.277344
vt 0.761719 0.275879
vt 0.470947 0.961029
vt 0.454346 0.952362
vt 0.463623 0.946381
vt 0.868164 0.734131
vt 0.789062 0.905884
vt 0.101624 0.400879
vt 0.106873 0.392578
vt 0.108459 0.395020
vt 0.715332 0.579834
vt 0.729004 0.585205
vt 0.605469 0.930176
vt 0.598145 0.935730
vt 0.171265 0.912231
vt 0.173340 0.907410
vt 0.635254 0.531006
vt 0.099976 0.900635
vt 0.096802 0.884888
vt 0.100708 0.885864
vt 0.595703 0.923035
vt 0.589844 0.921509
vt 0.594238 0.920532
vt 0.643555 0.303223
vt 0.636230 0.311035
vt 0.636719 0.302734
vt 0.553711 0.994495
vt 0.546875 0.999863
vt 0.549805 0.984390
vt 0.977051 0.811890
vt 0.979492 0.814575
vt 0.966797 0.819702
vt 0.881348 0.914429
vt 0.875000 0.915649
vt 0.871094 0.909668
vt 0.963379 0.528809
vt 0.966797 0.515625
vt 0.973145 0.529785
vt 0.601562 0.047363
vt 0.600098 0.041504
vt 0.627930 0.042969
vt 0.627930 0.047852
vt 0.276611 0.628662
vt 0.290527 0.618652
vt 0.136841 0.796143
vt 0.132324 0.791870
vt 0.894043 0.649414
vt 0.897461 0.645020
vt 0.901855 0.652100
vt 0.340576 0.930420
vt 0.335205 0.927734
vt 0.919434 0.243652
vt 0.920898 0.250000
vt 0.283447 0.762329
vt 0.278809 0.773071
vt 0.934082 0.559326
vt 0.928711 0.574707
vt 0.916992 0.571045
vt 0.345215 0.006348
vt 0.345459 0.001953
vt 0.347412 0.000977
vt 0.041901 0.923767
vt 0.038910 0.920044
vt 0.055115 0.925598
vt 0.989746 0.317383
vt 0.978027 0.300781
vt 0.995605 0.303223
vt 0.772949 0.811157
vt 0.773926 0.801514
vt 0.715820 0.348633
vt 0.716309 0.353516
vt 0.692871 0.811890
vt 0.677246 0.809448
vt 0.670410 0.925049
vt 0.648438 0.925354
vt 0.666504 0.920227
vt 0.521484 0.979980
vt 0.524414 0.989738
vt 0.521484 0.993587
vt 0.434570 0.041016
vt 0.423828 0.037598
vt 0.438965 0.025391
vt 0.906738 0.641357
vt 0.930664 0.604004
vt 0.406738 0.527832
vt 0.410156 0.514160
vt 0.413574 0.523926
vt 0.013000 0.738770
vt 0.008652 0.729980
vt 0.012985 0.732910
vt 0.390625 0.534180
vt 0.393311 0.549072
vt 0.388672 0.544189
vt 0.961426 0.610352
vt 0.962891 0.597412
vt 0.963867 0.613770
vt 0.741699 0.681641
vt 0.590332 0.864502
vt 0.597656 0.873291
vt 0.585449 0.873047
vt 0.696777 0.552979
vt 0.708984 0.550049
vt 0.711426 0.559814
vt 0.036194 0.737305
vt 0.026123 0.735107
vt 0.866699 0.553955
vt 0.860352 0.560791
vt 0.854004 0.551025
vt 0.852539 0.299316
vt 0.864258 0.305176
vt 0.704590 0.130371
vt 0.707031 0.140137
vt 0.699707 0.129883
vt 0.123962 0.253906
vt 0.123840 0.248535
vt 0.139160 0.272461
vt 0.069519 0.740967
vt 0.074524 0.745117
vt 0.065674 0.748779
vt 0.793945 0.799072
vt 0.179688 0.302246
vt 0.182373 0.314453
vt 0.239136 0.256348
vt 0.248535 0.249023
vt 0.094849 0.120117
vt 0.100647 0.130371
vt 0.093750 0.131836
vt 0.358154 0.481445
vt 0.864258 0.580811
vt 0.867676 0.574951
vt 0.873535 0.578613
vt 0.177979 0.661865
vt 0.935059 0.247559
vt 0.162354 0.536377
vt 0.153931 0.535645
vt 0.162354 0.530273
vt 0.327393 0.461426
vt 0.323242 0.469238
vt 0.320312 0.468750
vt 0.989258 0.276855
vt 0.989258 0.267090
vt 0.996094 0.271484
vt 0.892090 0.726074
vt 0.705078 0.649414
vt 0.156982 0.564453
vt 0.149536 0.558105
vt 0.013237 0.157715
vt 0.012688 0.189453
vt 0.010742 0.165527
vt 0.666016 0.143555
vt 0.674316 0.157715
vt 0.667480 0.162109
vt 0.043854 0.904541
vt 0.029922 0.894775
vt 0.046692 0.889526
vt 0.832520 0.004395
vt 0.847168 0.024902
vt 0.832031 0.025879
vt 0.769043 0.626709
vt 0.766113 0.631348
vt 0.763184 0.618652
vt 0.793945 0.520264
vt 0.781738 0.513916
vt 0.798340 0.512939
vt 0.457275 0.280762
vt 0.509766 0.060547
vt 0.507324 0.068848
vt 0.006519 0.745361
vt 0.000222 0.739502
vt 0.004494 0.734863
vt 0.013565 0.623291
vt 0.602051 0.321289
vt 0.602051 0.315430
vt 0.191406 0.386719
vt 0.192749 0.379883
vt 0.198364 0.371582
vt 0.080566 0.618408
vt 0.080322 0.615479
vt 0.089111 0.618652
vt 0.309814 0.930969
vt 0.263184 0.349609
vt 0.260010 0.367188
vt 0.259033 0.355469
vt 0.527344 0.687500
vt 0.529297 0.685059
vt 0.546387 0.699463
vt 0.742188 0.424805
vt 0.730957 0.406738
vt 0.781738 0.810425
vt 0.777344 0.813354
vt 0.916992 0.153320
vt 0.900391 0.186035
vt 0.899902 0.170410
vt 0.918457 0.089844
vt 0.919434 0.082031
vt 0.928711 0.091797
vt 0.128174 0.761475
vt 0.126831 0.778198
vt 0.127563 0.546143
vt 0.144775 0.544922
vt 0.125366 0.555664
vt 0.962402 0.535156
vt 0.736328 0.079102
vt 0.729492 0.090332
vt 0.725098 0.080566
vt 0.686523 0.129883
vt 0.100769 0.979614
vt 0.090576 0.986176
vt 0.094177 0.979797
vt 0.098755 0.912598
vt 0.091248 0.924805
vt 0.090881 0.918274
vt 0.795898 0.048828
vt 0.809082 0.065918
vt 0.781738 0.062500
vt 0.631836 0.054688
vt 0.863281 0.830688
vt 0.222900 0.222656
vt 0.210815 0.223145
vt 0.219971 0.217773
vt 0.807129 0.979950
vt 0.812012 0.974716
vt 0.809082 0.990486
vt 0.286377 0.466309
vt 0.285645 0.455078
vt 0.309570 0.454590
vt 0.952637 0.517334
vt 0.958496 0.525635
vt 0.944824 0.529541
vt 0.638184 0.169922
vt 0.627930 0.165039
vt 0.288574 0.448242
vt 0.302246 0.432617
vt 0.491699 0.533691
vt 0.509277 0.535156
vt 0.154419 0.879700
vt 0.160767 0.870361
vt 0.980957 0.833130
vt 0.963867 0.849365
vt 0.965820 0.833374
vt 0.941406 0.936951
vt 0.305664 0.538086
vt 0.316650 0.539795
vt 0.312012 0.540771
vt 0.441650 0.345215
vt 0.449219 0.333984
vt 0.386963 0.154785
vt 0.366455 0.157227
vt 0.384521 0.151855
vt 0.475342 0.840332
vt 0.462158 0.858765
vt 0.465576 0.848022
vt 0.827148 0.397949
vt 0.827637 0.386719
vt 0.833984 0.385254
vt 0.133301 0.581543
vt 0.105896 0.581543
vt 0.104919 0.556152
vt 0.406250 0.471191
vt 0.410156 0.455078
vt 0.414551 0.457031
vt 0.524414 0.083496
vt 0.527832 0.094238
vt 0.521484 0.088867
vt 0.761230 0.546631
vt 0.768066 0.537354
vt 0.769043 0.542725
vt 0.431641 0.757568
vt 0.437500 0.750854
vt 0.440918 0.767334
vt 0.940918 0.525879
vt 0.600098 0.032227
vt 0.593750 0.019043
vt 0.280273 0.830811
vt 0.267822 0.829956
vt 0.841797 0.105469
vt 0.003408 0.527832
vt 0.003763 0.533447
vt 0.232300 0.577881
vt 0.210815 0.610596
vt 0.003855 0.399902
vt 0.011017 0.379395
vt 0.012794 0.390137
vt 0.606934 0.408691
vt 0.600586 0.417480
vt 0.594727 0.411621
vt 0.097473 0.675049
vt 0.562500 0.104492
vt 0.569336 0.102539
vt 0.298584 0.166016
vt 0.302246 0.162109
vt 0.309326 0.167480
vt 0.307861 0.170410
vt 0.493408 0.328613
vt 0.044861 0.188477
vt 0.260986 0.849121
vt 0.264404 0.854248
vt 0.247070 0.872192
vt 0.372070 0.000488
vt 0.671387 0.133789
vt 0.663086 0.118652
vt 0.153809 0.708008
vt 0.151367 0.707031
vt 0.153076 0.686035
vt 0.478516 0.898865
vt 0.489502 0.913208
vt 0.472900 0.908386
vt 0.550293 0.276855
vt 0.541992 0.278320
vt 0.542969 0.270020
vt 0.561035 0.039062
vt 0.567871 0.033691
vt 0.541992 0.141602
vt 0.531250 0.136230
vt 0.132690 0.313477
vt 0.125977 0.315430
vt 0.121521 0.307129
vt 0.006008 0.014648
vt 0.007362 0.008301
vt 0.018600 0.010254
vt 0.807617 0.795776
vt 0.801758 0.792236
vt 0.682617 0.432129
vt 0.688965 0.447754
vt 0.673340 0.430664
vt 0.720703 0.434082
vt 0.729004 0.435059
vt 0.454834 0.748047
vt 0.458008 0.748779
vt 0.530762 0.694824
vt 0.961914 0.844971
vt 0.956543 0.843140
vt 0.963379 0.824219
vt 0.155396 0.659668
vt 0.173340 0.655029
vt 0.185059 0.657959
vt 0.580078 0.454590
vt 0.592773 0.448730
vt 0.598145 0.457520
vt 0.137939 0.076172
vt 0.277344 0.897034
vt 0.263916 0.906799
vt 0.413086 0.946411
vt 0.403320 0.946411
vt 0.595215 0.366699
vt 0.586914 0.377441
vt 0.580566 0.367188
vt 0.939453 0.312500
vt 0.964844 0.322266
vt 0.941406 0.323730
vt 0.046326 0.134766
vt 0.035492 0.131348
vt 0.034119 0.115723
vt 0.001955 0.750000
vt 0.988281 0.122070
vt 0.987305 0.127441
vt 0.986816 0.102539
vt 0.336426 0.202148
vt 0.336426 0.208496
vt 0.191040 0.884338
vt 0.192993 0.882385
vt 0.231689 0.880920
vt 0.934082 0.051270
vt 0.937500 0.041016
vt 0.957520 0.054688
vt 0.485107 0.854492
vt 0.990723 0.677979
vt 0.995117 0.679443
vt 0.992188 0.686523
vt 0.727051 0.098145
vt 0.720215 0.087402
vt 0.421631 0.688721
vt 0.428467 0.665527
vt 0.426758 0.695068
vt 0.581055 0.134277
vt 0.578125 0.140137
vt 0.568359 0.135254
vt 0.623535 0.103516
vt 0.623047 0.090332
vt 0.630859 0.096191
vt 0.311523 0.500977
vt 0.313965 0.475586
vt 0.141235 0.103516
vt 0.131226 0.136719
vt 0.129395 0.109375
vt 0.645508 0.263672
vt 0.647949 0.275879
vt 0.637207 0.268555
vt 0.682129 0.866821
vt 0.679688 0.872437
vt 0.251953 0.079590
vt 0.261719 0.090332
vt 0.246460 0.080078
vt 0.108093 0.654541
vt 0.208130 0.234375
vt 0.204102 0.243652
vt 0.827637 0.408203
vt 0.819824 0.405273
vt 0.307617 0.154785
vt 0.315186 0.162109
vt 0.294189 0.156738
vt 0.647949 0.082031
vt 0.640137 0.083984
vt 0.742676 0.014648
vt 0.751465 0.009766
vt 0.744141 0.020020
vt 0.166504 0.187500
vt 0.166626 0.164062
vt 0.730469 0.352051
vt 0.062744 0.346191
vt 0.066650 0.352051
vt 0.047577 0.346680
vt 0.393066 0.046875
vt 0.389160 0.047852
vt 0.389160 0.045898
vt 0.377930 0.266113
vt 0.365479 0.250488
vt 0.385254 0.262207
vt 0.865723 0.068848
vt 0.853516 0.070801
vt 0.859863 0.066406
vt 0.984375 0.807495
vt 0.134644 0.900757
vt 0.121704 0.909363
vt 0.052795 0.965851
vt 0.045624 0.966492
vt 0.049866 0.959076
vt 0.227417 0.046387
vt 0.234619 0.042969
vt 0.244019 0.046387
vt 0.835449 0.736084
vt 0.007107 0.656738
vt 0.009972 0.670410
vt 0.009048 0.691406
vt 0.914551 0.239746
vt 0.971191 0.013672
vt 0.969727 0.017578
vt 0.966309 0.014648
vt 0.497803 0.514404
vt 0.500000 0.505615
vt 0.133179 0.939545
vt 0.123779 0.939026
vt 0.123474 0.934082
vt 0.528809 0.042480
vt 0.403809 0.511963
vt 0.397705 0.509277
vt 0.399658 0.501953
vt 0.408936 0.501709
vt 0.180176 0.418945
vt 0.601562 0.510010
vt 0.609375 0.510010
vt 0.600586 0.524414
vt 0.349365 0.845581
vt 0.330078 0.908569
vt 0.350342 0.921021
vt 0.330078 0.910522
vt 0.342041 0.116211
vt 0.356934 0.109375
vt 0.354492 0.120117
vt 0.932129 0.447754
vt 0.930176 0.458008
vt 0.251221 0.169922
vt 0.246094 0.164551
vt 0.270996 0.166016
vt 0.225464 0.062012
vt 0.209106 0.067383
vt 0.969727 0.048828
vt 0.963867 0.068359
vt 0.383789 0.289062
vt 0.389893 0.299316
vt 0.606934 0.977722
vt 0.588867 0.980591
vt 0.601074 0.975906
vt 0.616211 0.983017
vt 0.609863 0.982880
vt 0.621582 0.974640
vt 0.528320 0.698975
vt 0.544434 0.709229
vt 0.545898 0.715088
vt 0.213257 0.230957
vt 0.669434 0.642822
vt 0.847168 0.644043
vt 0.837891 0.623291
vt 0.285645 0.119629
vt 0.276367 0.127441
vt 0.281982 0.115234
vt 0.960449 0.988548
vt 0.978516 0.969971
vt 0.977539 0.989006
vt 0.330078 0.526123
vt 0.338867 0.526611
vt 0.328613 0.983566
vt 0.331787 0.979492
vt 0.558105 0.075195
vt 0.549805 0.090332
vt 0.877441 0.927490
vt 0.878906 0.923096
vt 0.886230 0.925232
vt 0.998535 0.556641
vt 0.984863 0.561035
vt 0.985352 0.554199
vt 0.690430 0.072754
vt 0.685059 0.077148
vt 0.680176 0.066406
vt 0.859863 0.289062
vt 0.861328 0.278320
vt 0.585938 0.983994
vt 0.581055 0.986488
vt 0.572754 0.980072
vt 0.245117 0.616699
vt 0.250732 0.609619
vt 0.270752 0.611084
vt 0.413818 0.340332
vt 0.561523 0.052734
vt 0.556152 0.052246
vt 0.558105 0.042480
vt 0.855469 0.960236
vt 0.841797 0.964539
vt 0.824219 0.959900
vt 0.406250 0.969864
vt 0.405762 0.966278
vt 0.946289 0.685547
vt 0.951172 0.679932
vt 0.947266 0.695312
vt 0.402832 0.082031
vt 0.363281 0.896362
vt 0.370117 0.893494
vt 0.368652 0.897888
vt 0.410400 0.332520
vt 0.579590 0.525635
vt 0.890625 0.140625
vt 0.895020 0.157227
vt 0.488281 0.143066
vt 0.476807 0.145508
vt 0.477051 0.138184
vt 0.593262 0.176270
vt 0.590820 0.182617
vt 0.585938 0.181152
vt 0.615723 0.912598
vt 0.612793 0.916565
vt 0.601562 0.912109
vt 0.290283 0.180176
vt 0.274658 0.172363
vt 0.278076 0.166992
vt 0.580078 0.176270
vt 0.130005 0.674072
vt 0.125488 0.678467
vt 0.123413 0.659180
vt 0.454102 0.980240
vt 0.460938 0.981079
vt 0.451416 0.989258
vt 0.546387 0.744873
vt 0.378418 0.545410
vt 0.689453 0.866821
vt 0.684082 0.868896
vt 0.690430 0.864868
vt 0.295898 0.834473
vt 0.959473 0.941772
vt 0.958984 0.949158
vt 0.497559 0.553467
vt 0.505859 0.554932
vt 0.493408 0.560791
vt 0.411865 0.851929
vt 0.425537 0.853271
vt 0.428223 0.928101
vt 0.431885 0.915283
vt 0.452881 0.918579
vt 0.959961 0.970627
vt 0.959473 0.967773
vt 0.060059 0.914917
vt 0.064331 0.920105
vt 0.716797 0.106934
vt 0.717773 0.096680
vt 0.728027 0.108398
vt 0.549805 0.949432
vt 0.068726 0.022949
vt 0.061829 0.013672
vt 0.072449 0.002441
vt 0.809570 0.270996
vt 0.833008 0.262695
vt 0.420898 0.704590
vt 0.412354 0.707275
vt 0.561035 0.750000
vt 0.543945 0.754272
vt 0.009300 0.363281
vt 0.003092 0.366699
vt 0.005074 0.348145
vt 0.832031 0.236816
vt 0.818848 0.237305
vt 0.805664 0.204102
vt 0.956055 0.741211
vt 0.961426 0.739746
vt 0.955566 0.745605
vt 0.464844 0.444336
vt 0.466797 0.428223
vt 0.473389 0.426758
vt 0.461670 0.758057
vt 0.471191 0.265137
vt 0.314209 0.953430
vt 0.325439 0.962372
vt 0.559082 0.118164
vt 0.781250 0.588135
vt 0.786621 0.586426
vt 0.786133 0.590088
vt 0.655762 0.412109
vt 0.292969 0.245605
vt 0.302002 0.252441
vt 0.948730 0.908569
vt 0.951172 0.897888
vt 0.957031 0.919189
vt 0.273926 0.083008
vt 0.265381 0.076172
vt 0.271973 0.077148
vt 0.901367 0.312012
vt 0.910645 0.309082
vt 0.898438 0.321289
vt 0.464600 0.703125
vt 0.457520 0.704590
vt 0.466309 0.699951
vt 0.125854 0.424805
vt 0.137451 0.422363
vt 0.622070 0.186523
vt 0.614746 0.168945
vt 0.979980 0.700439
vt 0.994629 0.700439
vt 0.991699 0.707520
vt 0.011383 0.181152
vt 0.896973 0.362793
vt 0.909180 0.376953
vt 0.895508 0.371094
vt 0.546875 0.690430
vt 0.542480 0.680908
vt 0.555664 0.690674
vt 0.575684 0.837280
vt 0.556641 0.828613
vt 0.565430 0.830322
vt 0.227783 0.256836
vt 0.238037 0.259766
vt 0.217896 0.260742
vt 0.134644 0.689453
vt 0.356201 0.011230
vt 0.349854 0.011230
vt 0.353760 0.001465
vt 0.546387 0.182617
vt 0.562988 0.189941
vt 0.552246 0.193359
vt 0.178223 0.541748
vt 0.178345 0.547363
vt 0.036713 0.170898
vt 0.037964 0.162598
vt 0.142578 0.955414
vt 0.143677 0.950653
vt 0.152832 0.948456
vt 0.213135 0.294434
vt 0.224365 0.282715
vt 0.215820 0.295898
vt 0.014526 0.768921
vt 0.009438 0.773926
vt 0.003805 0.765381
vt 0.011368 0.755615
vt 0.178955 0.379395
vt 0.183350 0.359863
vt 0.551758 0.438477
vt 0.559570 0.440918
vt 0.542480 0.439941
vt 0.519531 0.220215
vt 0.518555 0.229492
vt 0.718750 0.482910
vt 0.968262 0.741211
vt 0.966309 0.744385
vt 0.774414 0.329102
vt 0.760742 0.338379
vt 0.760742 0.324707
vt 0.232666 0.789917
vt 0.259766 0.795288
vt 0.247925 0.812622
vt 0.372559 0.465820
vt 0.378174 0.474121
vt 0.369629 0.476074
vt 0.177734 0.422363
vt 0.229736 0.086914
vt 0.212158 0.095215
vt 0.211304 0.083984
vt 0.652344 0.186523
vt 0.658203 0.195801
vt 0.803711 0.677979
vt 0.802734 0.666504
vt 0.807617 0.673096
vt 0.157959 0.068359
vt 0.142944 0.065430
vt 0.148438 0.061035
vt 0.419678 0.447754
vt 0.415527 0.445801
vt 0.904785 0.429199
vt 0.906738 0.421387
vt 0.913086 0.432129
vt 0.141235 0.935913
vt 0.138062 0.926819
vt 0.069214 0.380371
vt 0.082031 0.386719
vt 0.288086 0.954834
vt 0.822754 0.564209
vt 0.822266 0.560303
vt 0.838867 0.564697
vt 0.072693 0.209961
vt 0.070679 0.225586
vt 0.062744 0.221680
vt 0.708496 0.428223
vt 0.329834 0.543457
vt 0.329834 0.540283
vt 0.342285 0.541748
vt 0.633789 0.463867
vt 0.627441 0.472168
vt 0.744141 0.919189
vt 0.958008 0.604980
vt 0.223389 0.766357
vt 0.223755 0.755005
vt 0.229370 0.760620
vt 0.181519 0.412598
vt 0.178833 0.404297
vt 0.184204 0.398926
vt 0.646484 0.131348
vt 0.631836 0.125488
vt 0.645020 0.126953
vt 0.433838 0.305176
vt 0.754883 0.369141
vt 0.765137 0.366211
vt 0.407959 0.498047
vt 0.396729 0.488281
vt 0.414795 0.485840
vt 0.679199 0.005371
vt 0.653320 0.003906
vt 0.662109 0.003906
vt 0.581543 0.438965
vt 0.495850 0.981110
vt 0.489014 0.969452
vt 0.350586 0.227051
vt 0.348389 0.234863
vt 0.338623 0.231445
vt 0.895020 0.110352
vt 0.903809 0.121094
vt 0.892090 0.119629
vt 0.065002 0.974899
vt 0.052216 0.974518
vt 0.203125 0.624268
vt 0.209717 0.613525
vt 0.211426 0.619385
vt 0.563477 0.044434
vt 0.127075 0.157227
vt 0.137207 0.150391
vt 0.133301 0.157227
vt 0.894043 0.680908
vt 0.880371 0.677002
vt 0.883301 0.673828
vt 0.962402 0.642090
vt 0.965820 0.631592
vt 0.983887 0.636475
vt 0.329834 0.645752
vt 0.345215 0.647949
vt 0.423584 0.127441
vt 0.459473 0.125488
vt 0.616211 0.892090
vt 0.631836 0.891296
vt 0.470703 0.326660
vt 0.471924 0.316406
vt 0.474609 0.329590
vt 0.472168 0.397461
vt 0.473145 0.407715
vt 0.931152 0.344238
vt 0.943359 0.354980
vt 0.931152 0.357910
vt 0.321777 0.929688
vt 0.323242 0.926758
vt 0.244019 0.133789
vt 0.275879 0.116211
vt 0.271240 0.128418
vt 0.124695 0.628906
vt 0.133301 0.627686
vt 0.123108 0.635742
vt 0.983887 0.043945
vt 0.986328 0.039062
vt 0.986816 0.044922
vt 0.023621 0.051270
vt 0.047546 0.054688
vt 0.028015 0.060059
vt 0.553711 0.835815
vt 0.574219 0.841431
vt 0.545898 0.843872
vt 0.257324 0.473145
vt 0.247925 0.481934
vt 0.244141 0.477539
vt 0.134155 0.684814
vt 0.683105 0.833984
vt 0.968262 0.505127
vt 0.973633 0.507812
vt 0.551758 0.480957
vt 0.557617 0.468750
vt 0.824707 0.718750
vt 0.840332 0.728271
vt 0.588379 0.301758
vt 0.300293 0.211914
vt 0.292236 0.208496
vt 0.298096 0.200195
vt 0.386963 0.759644
vt 0.377441 0.753174
vt 0.385986 0.748535
vt 0.994141 0.916748
vt 0.994141 0.913086
vt 1.000000 0.909973
vt 0.181763 0.569580
vt 0.173462 0.574707
vt 0.165527 0.564697
vt 0.239624 0.216797
vt 0.894531 0.736084
vt 0.887207 0.835327
vt 0.879883 0.849609
vt 0.371094 0.958801
vt 0.379150 0.971115
vt 0.366699 0.966278
vt 0.468018 0.413574
vt 0.474854 0.418945
vt 0.463379 0.413574
vt 0.905762 0.300781
vt 0.842285 0.483887
vt 0.047882 0.905640
vt 0.049347 0.887939
vt 0.142700 0.230957
vt 0.143066 0.253418
vt 0.141235 0.249512
vt 0.661621 0.046387
vt 0.146484 0.428711
vt 0.155762 0.417480
vt 0.155640 0.443359
vt 0.666992 0.497070
vt 0.674316 0.487305
vt 0.775879 0.531006
vt 0.113708 0.932129
vt 0.121582 0.930603
vt 0.605957 0.220215
vt 0.597168 0.217285
vt 0.607422 0.214844
vt 0.021500 0.950226
vt 0.856934 0.566406
vt 0.846191 0.564453
vt 0.225220 0.770020
vt 0.244019 0.769043
vt 0.235596 0.776123
vt 0.630371 0.308594
vt 0.328857 0.067383
vt 0.278076 0.502441
vt 0.292236 0.501221
vt 0.771973 0.313965
vt 0.755859 0.316406
vt 0.856445 0.353027
vt 0.850098 0.369141
vt 0.848633 0.354492
vt 0.982910 0.535156
vt 0.982910 0.560791
vt 0.959961 0.551758
vt 0.414062 0.593994
vt 0.389404 0.583008
vt 0.406982 0.566406
vt 0.300049 0.239746
vt 0.303223 0.238281
vt 0.316406 0.247559
vt 0.093262 0.175293
vt 0.909180 0.751831
vt 0.919922 0.754639
vt 0.488281 0.539795
vt 0.484375 0.532959
vt 0.427246 0.441895
vt 0.525879 0.625000
vt 0.530273 0.636475
vt 0.517090 0.637451
vt 0.431885 0.941528
vt 0.433838 0.943634
vt 0.432373 0.191895
vt 0.441650 0.189941
vt 0.194580 0.633789
vt 0.203369 0.660645
vt 0.734863 0.382324
vt 0.743652 0.381836
vt 0.741211 0.392090
vt 0.760742 0.513672
vt 0.764648 0.508789
vt 0.780762 0.506592
vt 0.221436 0.280273
vt 0.228760 0.275391
vt 0.566406 0.039551
vt 0.234131 0.934753
vt 0.218506 0.940704
vt 0.538086 0.259766
vt 0.541016 0.256348
vt 0.637207 0.108398
vt 0.170654 0.379395
vt 0.172363 0.372070
vt 0.781738 0.888672
vt 0.330078 0.515625
vt 0.777344 0.709961
vt 0.758789 0.699951
vt 0.845215 0.979095
vt 0.223389 0.249512
vt 0.214355 0.255859
vt 0.349365 0.689697
vt 0.346680 0.696533
vt 0.338135 0.691895
vt 0.606934 0.925293
vt 0.612305 0.924500
vt 0.224365 0.119141
vt 0.214233 0.127441
vt 0.195068 0.123047
vt 0.771973 0.010742
vt 0.775391 0.003906
vt 0.775391 0.017090
vt 0.477051 0.700195
vt 0.484131 0.693848
vt 0.489990 0.692383
vt 0.213745 0.789062
vt 0.203857 0.823120
vt 0.208008 0.788574
vt 0.328857 0.385254
vt 0.325684 0.384277
vt 0.322266 0.358887
vt 0.324707 0.357422
vt 0.214600 0.014648
vt 0.216309 0.033691
vt 0.211670 0.016602
vt 0.281982 0.472168
vt 0.286377 0.480469
vt 0.265381 0.474121
vt 0.246704 0.200195
vt 0.790039 0.682861
vt 0.785156 0.672119
vt 0.789551 0.671631
vt 0.141357 0.918518
vt 0.129395 0.919556
vt 0.142456 0.914307
vt 0.946289 0.553955
vt 0.938965 0.569824
vt 0.635254 0.346191
vt 0.625977 0.346680
vt 0.635742 0.338379
vt 0.827148 0.459961
vt 0.834961 0.452637
vt 0.508301 0.973099
vt 0.352539 0.791382
vt 0.346680 0.791504
vt 0.170044 0.096680
vt 0.184448 0.098633
vt 0.187500 0.105469
vt 0.496094 0.587158
vt 0.486328 0.582764
vt 0.489258 0.574463
vt 0.741211 0.518311
vt 0.738770 0.510986
vt 0.970703 0.121582
vt 0.978027 0.131348
vt 0.972656 0.130859
vt 0.710449 0.315918
vt 0.528320 0.990234
vt 0.528320 0.997799
vt 0.396484 0.073242
vt 0.390381 0.073730
vt 0.395508 0.068848
vt 0.488525 0.408691
vt 0.493408 0.416016
vt 0.479980 0.416016
vt 0.982422 0.927063
vt 0.354492 0.583252
vt 0.374756 0.586182
vt 0.356201 0.592529
vt 0.103088 0.617920
vt 0.100830 0.616699
vt 0.105530 0.616455
vt 0.292480 0.434082
vt 0.301025 0.416016
vt 0.818848 0.979431
vt 0.817871 0.969742
vt 0.823730 0.968079
vt 0.466553 0.711914
vt 0.471924 0.711182
vt 0.470947 0.713623
vt 0.149536 0.356934
vt 0.137695 0.359863
vt 0.130615 0.348145
vt 0.703613 0.936401
vt 0.691895 0.943756
vt 0.954590 0.617188
vt 0.961426 0.615723
vt 0.953125 0.625000
vt 0.852539 0.665283
vt 0.876953 0.669189
vt 0.878906 0.708252
vt 0.914551 0.336914
vt 0.895996 0.348633
vt 0.560059 0.815430
vt 0.577637 0.820923
vt 0.381592 0.869507
vt 0.381592 0.892151
vt 0.373291 0.866211
vt 0.621094 0.300781
vt 0.487793 0.857056
vt 0.477539 0.869019
vt 0.359375 0.984795
vt 0.365967 0.988907
vt 0.362305 0.989464
vt 0.313721 0.697754
vt 0.314209 0.673340
vt 0.905762 0.581299
vt 0.913574 0.576172
vt 0.920898 0.580566
vt 0.630859 0.282227
vt 0.633301 0.288086
vt 0.282715 0.185547
vt 0.807617 0.258301
vt 0.284180 0.192871
vt 0.298828 0.193359
vt 0.283203 0.045898
vt 0.246338 0.047363
vt 0.272217 0.044922
vt 0.541016 0.615723
vt 0.556641 0.598145
vt 0.545410 0.618652
vt 0.415527 0.627686
vt 0.410645 0.626465
vt 0.708984 0.515625
vt 0.706543 0.507812
vt 0.715332 0.504639
vt 0.965820 0.677734
vt 0.967773 0.673096
vt 0.978027 0.688477
vt 0.519531 0.213379
vt 0.542480 0.205566
vt 0.661133 0.202148
vt 0.080261 0.928101
vt 0.084229 0.939423
vt 0.608887 0.483398
vt 0.601562 0.466309
vt 0.181885 0.829102
vt 0.181152 0.840332
vt 0.550293 0.212402
vt 0.547363 0.220703
vt 0.195068 0.932617
vt 0.399658 0.959656
vt 0.395996 0.981400
vt 0.635254 0.120605
vt 0.647461 0.119629
vt 0.759277 0.813232
vt 0.090942 0.653076
vt 0.109314 0.645752
vt 0.181519 0.591064
vt 0.186401 0.596436
vt 0.178711 0.901489
vt 0.665527 0.756470
vt 0.661133 0.753296
vt 0.665527 0.752319
vt 0.357422 0.533203
vt 0.365479 0.534668
vt 0.046997 0.184570
vt 0.043152 0.184570
vt 0.045868 0.177734
vt 0.875977 0.518311
vt 0.870117 0.510010
vt 0.402588 0.305176
vt 0.875000 0.742432
vt 0.115479 0.941864
vt 0.126587 0.944336
vt 0.970215 0.069824
vt 0.975586 0.052734
vt 0.975586 0.071289
vt 0.492676 0.545898
vt 0.509277 0.548096
vt 0.272705 0.781738
vt 0.273193 0.773438
vt 0.477539 0.927368
vt 0.471924 0.931091
vt 0.469238 0.914978
vt 0.312500 0.542969
vt 0.651855 0.756958
vt 0.651367 0.750610
vt 0.659180 0.756958
vt 0.735352 0.099609
vt 0.788086 0.797607
vt 0.789062 0.810791
vt 0.935059 0.028809
vt 0.933105 0.025391
vt 0.347168 0.644775
vt 0.350586 0.629639
vt 0.901367 0.597412
vt 0.916016 0.600830
vt 0.900391 0.600342
vt 0.593750 0.898743
vt 0.604004 0.902710
vt 0.585449 0.496094
vt 0.407715 0.705078
vt 0.958496 0.751221
vt 0.407227 0.063477
vt 0.561035 0.389160
vt 0.510742 0.297852
vt 0.510254 0.315918
vt 0.510254 0.316406
vt 0.136108 0.398438
vt 0.132935 0.412109
vt 0.540527 0.957397
vt 0.542480 0.954285
vt 0.430664 0.605469
vt 0.419922 0.595703
vt 0.428711 0.591064
vt 0.938965 0.915894
vt 0.944336 0.934326
vt 0.323730 0.923157
vt 0.305908 0.926819
vt 0.843750 0.226562
vt 0.840332 0.242676
vt 0.684082 0.191895
vt 0.681152 0.188477
vt 0.483643 0.708008
vt 0.131348 0.740967
vt 0.115295 0.735352
vt 0.132080 0.731934
vt 0.245972 0.156738
vt 0.270752 0.159180
vt 0.220703 0.230957
vt 0.720215 0.566162
vt 0.707031 0.566406
vt 0.667480 0.263184
vt 0.315674 0.780151
vt 0.319824 0.772339
vt 0.324463 0.778076
vt 0.569824 0.607178
vt 0.554199 0.586182
vt 0.966309 0.666016
vt 0.967285 0.666016
vt 0.965820 0.670654
vt 0.721680 0.278809
vt 0.704590 0.273438
vt 0.725098 0.270996
vt 0.958984 0.455566
vt 0.978516 0.463867
vt 0.966797 0.462402
vt 0.299805 0.407715
vt 0.294922 0.417969
vt 0.237549 0.519287
vt 0.215698 0.532227
vt 0.247070 0.471191
vt 0.228027 0.114258
vt 0.208862 0.112793
vt 0.256348 0.353516
vt 0.991699 0.469727
vt 0.987305 0.480469
vt 0.979004 0.478027
vt 0.988281 0.977158
vt 0.980957 0.987984
vt 0.981445 0.978302
vt 0.530273 0.594971
vt 0.521973 0.586426
vt 0.200562 0.504395
vt 0.193970 0.510986
vt 0.188110 0.504883
vt 0.685547 0.084961
vt 0.473145 0.559570
vt 0.468750 0.575195
vt 0.464600 0.564941
vt 0.130493 0.834595
vt 0.388916 0.813965
vt 0.219604 0.729980
vt 0.243408 0.742676
vt 0.227173 0.745361
vt 0.437012 0.952972
vt 0.446533 0.937073
vt 0.234131 0.212402
vt 0.228516 0.206055
vt 0.241211 0.203613
vt 0.439697 0.910950
vt 0.451904 0.913025
vt 0.761230 0.461914
vt 0.772461 0.458984
vt 0.760742 0.477539
vt 0.428223 0.499512
vt 0.239136 0.665771
vt 0.357666 0.402344
vt 0.802246 0.986351
vt 0.807617 0.970642
vt 0.395508 0.365234
vt 0.386230 0.370605
vt 0.385498 0.364258
vt 0.850098 0.242188
vt 0.848633 0.212402
vt 0.876465 0.223145
vt 0.709961 0.024414
vt 0.704590 0.024414
vt 0.797363 0.686523
vt 0.796875 0.672852
vt 0.800293 0.685791
vt 0.460449 0.547119
vt 0.464355 0.542969
vt 0.894531 0.831787
vt 0.884277 0.848877
vt 0.697754 0.994354
vt 0.681641 0.992981
vt 0.682129 0.987785
vt 0.750488 0.270996
vt 0.241943 0.752075
vt 0.738281 0.788940
vt 0.732910 0.792847
vt 0.993164 0.541748
vt 0.993652 0.550537
vt 0.989746 0.552002
vt 0.979980 0.686279
vt 0.340576 0.483398
vt 0.330811 0.472168
vt 0.739258 0.496582
vt 0.709961 0.970016
vt 0.735840 0.970535
vt 0.700195 0.850464
vt 0.706055 0.864136
vt 0.685547 0.851318
vt 0.586914 0.974045
vt 0.572754 0.972092
vt 0.577148 0.968506
vt 0.061554 0.028320
vt 0.994629 0.687012
vt 0.991211 0.689941
vt 0.047272 0.981216
vt 0.811523 0.685303
vt 0.809570 0.692139
vt 0.205688 0.576172
vt 0.228027 0.569092
vt 0.789551 0.968750
vt 0.786621 0.966919
vt 0.790527 0.966064
vt 0.375977 0.912354
vt 0.747070 0.945648
vt 0.755371 0.945770
vt 0.737793 0.968353
vt 0.943848 0.485352
vt 0.943359 0.505859
vt 0.937012 0.483398
vt 0.260742 0.949036
vt 0.246460 0.954559
vt 0.244751 0.949615
vt 0.661133 0.808594
vt 0.644531 0.802368
vt 0.611328 0.986000
vt 0.776855 0.301758
vt 0.777832 0.286133
vt 0.789551 0.291504
vt 0.367432 0.911560
vt 0.375732 0.927734
vt 0.359375 0.939331
vt 0.295898 0.761475
vt 0.593262 0.702881
vt 0.588379 0.715332
vt 0.434570 0.933716
vt 0.874023 0.435547
vt 0.461426 0.709229
vt 0.475830 0.698242
vt 0.276367 0.492676
vt 0.268555 0.495117
vt 0.079651 0.621826
vt 0.086365 0.624512
vt 0.770020 0.823120
vt 0.694336 0.546875
vt 0.682617 0.546631
vt 0.171387 0.108398
vt 0.183472 0.119141
vt 0.167603 0.112793
vt 0.810547 0.112793
vt 0.141113 0.169434
vt 0.151611 0.179199
vt 0.140381 0.176758
vt 0.299805 0.923462
vt 0.286621 0.907776
vt 0.299561 0.896790
vt 0.611816 0.310547
vt 0.619629 0.312500
vt 0.333008 0.893188
vt 0.304932 0.881592
vt 0.316162 0.877502
vt 0.987305 0.036621
vt 0.994141 0.036621
vt 0.990723 0.040039
vt 0.913086 0.308105
vt 0.593262 0.518799
vt 0.275879 0.766357
vt 0.993652 0.599365
vt 0.980469 0.589600
vt 0.992188 0.588135
vt 0.818359 0.024902
vt 0.398438 0.923218
vt 0.820312 0.744141
vt 0.816406 0.756714
vt 0.812988 0.743164
vt 0.845215 0.322754
vt 0.844727 0.333984
vt 0.842285 0.332520
vt 0.343018 0.422852
vt 0.338867 0.446289
vt 0.329834 0.445312
vt 0.035370 0.238281
vt 0.031586 0.232910
vt 0.405273 0.551025
vt 0.750000 0.356934
vt 0.947754 0.749268
vt 0.934082 0.740723
vt 0.349365 0.479980
vt 0.886230 0.597656
vt 0.130249 0.712158
vt 0.129028 0.705566
vt 0.132568 0.703369
vt 0.989746 0.140137
vt 0.989746 0.137695
vt 0.995605 0.138184
vt 0.518555 0.309570
vt 0.521484 0.305664
vt 0.214844 0.494141
vt 0.217285 0.501465
vt 0.212402 0.501709
vt 0.934082 0.532959
vt 0.930176 0.548584
vt 0.399414 0.180664
vt 0.414307 0.188477
vt 0.088135 0.360840
vt 0.086182 0.348633
vt 0.971680 0.175781
vt 0.985840 0.199707
vt 0.969727 0.200684
vt 0.565918 0.877441
vt 0.344238 0.183594
vt 0.344727 0.190430
vt 0.332520 0.188477
vt 0.601074 0.077148
vt 0.608887 0.058105
vt 0.990234 0.980377
vt 0.990234 0.997473
vt 0.981934 0.993210
vt 0.607422 0.018066
vt 0.507324 0.507080
vt 0.501953 0.502686
vt 0.510254 0.505615
vt 0.770508 0.002930
vt 0.769043 0.008789
vt 0.814453 0.438965
vt 0.817871 0.424805
vt 0.674316 0.753906
vt 0.678223 0.746582
vt 0.691406 0.757324
vt 0.038696 0.635010
vt 0.069702 0.631592
vt 0.056488 0.659668
vt 0.348145 0.835815
vt 0.352783 0.835693
vt 0.354736 0.848511
vt 0.222900 0.302246
vt 0.227173 0.306152
vt 0.223511 0.326172
vt 0.062500 0.378906
vt 0.044434 0.747070
vt 0.049835 0.745605
vt 0.050049 0.751831
vt 0.031433 0.172852
vt 0.558105 0.687256
vt 0.568848 0.698730
vt 0.740723 0.308594
vt 0.472412 0.023438
vt 0.476807 0.023438
vt 0.471924 0.034180
vt 0.147705 0.204102
vt 0.161499 0.194336
vt 0.925781 0.587158
vt 0.932617 0.596924
vt 0.780273 0.131836
vt 0.226318 0.288574
vt 0.221558 0.299316
vt 0.225464 0.286133
vt 0.594727 0.154297
vt 0.583008 0.152832
vt 0.474365 0.706055
vt 0.481934 0.703125
vt 0.033142 0.353027
vt 0.036072 0.340332
vt 0.604980 0.565430
vt 0.612793 0.558838
vt 0.369629 0.516113
vt 0.374512 0.521484
vt 0.371582 0.523926
vt 0.328125 0.082031
vt 0.322998 0.089844
vt 0.402100 0.788452
vt 0.418701 0.795654
vt 0.416504 0.800171
vt 0.451416 0.728760
vt 0.443848 0.730225
vt 0.449219 0.726318
vt 0.979492 0.797974
vt 0.972168 0.799683
vt 0.561035 0.808716
vt 0.559082 0.806885
vt 0.614746 0.806396
vt 0.954102 0.304688
vt 0.705078 0.914185
vt 0.706543 0.916687
vt 0.143799 0.848999
vt 0.145630 0.853271
vt 0.804688 0.708496
vt 0.812500 0.707520
vt 0.533691 0.004395
vt 0.536621 0.013672
vt 0.521973 0.008301
vt 0.833984 0.749756
vt 0.823242 0.760010
vt 0.076965 0.398926
vt 0.072205 0.403809
vt 0.055725 0.400879
vt 0.757812 0.227051
vt 0.295166 0.404785
vt 0.438232 0.083984
vt 0.430908 0.090332
vt 0.433105 0.080078
vt 0.936523 0.380859
vt 0.941406 0.394043
vt 0.931641 0.388184
vt 0.479980 0.976166
vt 0.472412 0.976212
vt 0.306396 0.289551
vt 0.315430 0.273438
vt 0.312012 0.289551
vt 0.172607 0.007812
vt 0.172607 0.019043
vt 0.169434 0.018066
vt 0.662109 0.054688
vt 0.675781 0.056152
vt 0.028091 0.258789
vt 0.034058 0.297852
vt 0.028091 0.284668
vt 0.056732 0.616943
vt 0.061279 0.615234
vt 0.481445 0.094727
vt 0.469971 0.083496
vt 0.475586 0.078125
vt 0.239624 0.312012
vt 0.232300 0.312012
vt 0.043762 0.403320
vt 0.044281 0.416992
vt 0.039673 0.422363
vt 0.741211 0.583740
vt 0.917480 0.425781
vt 0.922852 0.421875
vt 0.927734 0.433594
vt 0.287354 0.487305
vt 0.300537 0.494141
vt 0.291992 0.493652
vt 0.258057 0.496094
vt 0.265869 0.498535
vt 0.257812 0.504639
vt 0.592773 0.994625
vt 0.589844 0.998836
vt 0.587402 0.991959
vt 0.639160 0.590332
vt 0.621094 0.585449
vt 0.071228 0.308594
vt 0.070007 0.320312
vt 0.178711 0.833496
vt 0.908203 0.135742
vt 0.913574 0.151367
vt 0.904785 0.151855
vt 0.221069 0.933289
vt 0.860840 0.715820
vt 0.872559 0.714111
vt 0.863770 0.720459
vt 0.333740 0.462402
vt 0.560059 0.126953
vt 0.564453 0.116211
vt 0.104431 0.288086
vt 0.670410 0.177734
vt 0.681641 0.176270
vt 0.891113 0.552002
vt 0.438232 0.355469
vt 0.223511 0.147949
vt 0.235840 0.156738
vt 0.242188 0.177246
vt 0.230347 0.186523
vt 0.016724 0.168945
vt 0.062103 0.234863
vt 0.339844 0.472168
vt 0.344482 0.465820
vt 0.651855 0.627197
vt 0.654297 0.616211
vt 0.481445 0.429199
vt 0.476562 0.446289
vt 0.404541 0.952087
vt 0.154785 0.026367
vt 0.156616 0.038086
vt 0.152344 0.036133
vt 0.183716 0.458496
vt 0.210815 0.217285
vt 0.376465 0.803955
vt 0.360596 0.801636
vt 0.874023 0.847412
vt 0.874023 0.856323
vt 0.816406 0.447266
vt 0.808105 0.461426
vt 0.983887 0.143066
vt 0.994141 0.141113
vt 0.996582 0.142578
vt 0.872559 0.863892
vt 0.683105 0.124023
vt 0.484863 0.930725
vt 0.479980 0.935425
vt 0.723145 0.469238
vt 0.714844 0.455566
vt 0.531250 0.897278
vt 0.519043 0.893005
vt 0.524902 0.890991
vt 0.092651 0.069336
vt 0.085754 0.067383
vt 0.096924 0.061035
vt 0.773926 0.261230
vt 0.622070 0.357910
vt 0.615723 0.354492
vt 0.137695 0.825806
vt 0.137939 0.831299
vt 0.121399 0.827148
vt 0.977539 0.657959
vt 0.988281 0.673340
vt 0.159790 0.884277
vt 0.435547 0.232910
vt 0.376221 0.904541
vt 0.453125 0.719482
vt 0.458252 0.719482
vt 0.576660 0.406738
vt 0.576172 0.410645
vt 0.568848 0.405273
vt 0.278564 0.859375
vt 0.283691 0.868042
vt 0.268555 0.881165
vt 0.090393 0.398438
vt 0.083496 0.404785
vt 0.418213 0.004395
vt 0.418213 0.010742
vt 0.413574 0.006836
vt 0.023544 0.042480
vt 0.128052 0.149902
vt 0.127441 0.153320
vt 0.458008 0.001465
vt 0.703613 0.355469
vt 0.715332 0.361816
vt 0.076172 0.735840
vt 0.080750 0.740967
vt 0.334473 0.235352
vt 0.302734 0.205566
vt 0.331055 0.194336
vt 0.162720 0.237305
vt 0.149902 0.236816
vt 0.152466 0.230469
vt 0.557617 0.625488
vt 0.556641 0.618896
vt 0.167358 0.498047
vt 0.179199 0.490723
vt 0.169189 0.503174
vt 0.464111 0.501953
vt 0.477539 0.482910
vt 0.571777 0.968719
vt 0.700195 0.597656
vt 0.684082 0.601074
vt 0.293457 0.425781
vt 0.742188 0.086426
vt 0.753906 0.785400
vt 0.756348 0.766235
vt 0.766602 0.755249
vt 0.588867 0.353516
vt 0.598633 0.344238
vt 0.594238 0.355469
vt 0.327148 0.975616
vt 0.335205 0.974014
vt 0.632324 0.227051
vt 0.657715 0.230957
vt 0.913086 0.931396
vt 0.905762 0.923767
vt 0.927246 0.930786
vt 0.927246 0.165039
vt 0.495361 0.133301
vt 0.955566 0.761719
vt 0.954590 0.773682
vt 0.125366 0.589844
vt 0.141113 0.594727
vt 0.131470 0.610840
vt 0.546875 0.779907
vt 0.560059 0.786377
vt 0.552246 0.787842
vt 0.590332 0.612061
vt 0.605469 0.617432
vt 0.597656 0.626221
vt 0.000114 0.334473
vt 0.001363 0.349121
vt 0.000748 0.368164
vt 0.226196 0.493652
vt 0.227661 0.500977
vt 0.324707 0.541748
vt 0.088440 0.392090
vt 0.334229 0.079590
vt 0.340576 0.071777
vt 0.342285 0.083496
vt 0.352539 0.045898
vt 0.366943 0.043457
vt 0.271973 0.768066
vt 0.012047 0.819580
vt 0.844727 0.558105
vt 0.843750 0.547852
vt 0.984863 0.764282
vt 0.976074 0.774536
vt 0.977051 0.747070
vt 0.356689 0.508301
vt 0.347412 0.483398
vt 0.355225 0.484863
vt 0.064453 0.867798
vt 0.046478 0.929810
vt 0.066162 0.849854
vt 0.937012 0.781006
vt 0.926758 0.796875
vt 0.391113 0.440430
vt 0.846680 0.745361
vt 0.854492 0.751953
vt 0.849609 0.765137
vt 0.057251 0.611084
vt 0.074219 0.601074
vt 0.427979 0.452637
vt 0.554688 0.222168
vt 0.316162 0.917847
vt 0.309326 0.921021
vt 0.237915 0.575684
vt 0.772461 0.986588
vt 0.768066 0.974396
vt 0.772461 0.971191
vt 0.600098 0.505859
vt 0.591797 0.499512
vt 0.230835 0.282715
vt 0.432129 0.448242
vt 0.658691 0.444336
vt 0.165771 0.228516
vt 0.053925 0.742432
vt 0.045959 0.741455
vt 0.148926 0.627197
vt 0.162842 0.629883
vt 0.143433 0.632080
vt 0.606445 0.602539
vt 0.622559 0.611328
vt 0.487305 0.497070
vt 0.489258 0.499023
vt 0.951172 0.879028
vt 0.957031 0.876709
vt 0.474609 0.691895
vt 0.486572 0.686035
vt 0.480713 0.692627
vt 0.242920 0.405273
vt 0.230469 0.419434
vt 0.215698 0.415527
vt 0.114990 0.525391
vt 0.113220 0.555420
vt 0.330811 0.534668
vt 0.861816 0.567139
vt 0.320557 0.117676
vt 0.331299 0.738525
vt 0.333252 0.735107
vt 0.903809 0.656982
vt 0.899902 0.667725
vt 0.890625 0.654541
vt 0.895508 0.652344
vt 0.082642 0.107422
vt 0.059845 0.107422
vt 0.688477 0.956787
vt 0.670898 0.956757
vt 0.688477 0.939514
vt 0.672363 0.924683
vt 0.678223 0.920044
vt 0.675293 0.926819
vt 0.119690 0.656982
vt 0.121033 0.656006
vt 0.455811 0.024902
vt 0.457031 0.036621
vt 0.441650 0.021973
vt 0.557129 0.520752
vt 0.571289 0.539062
vt 0.804199 0.389160
vt 0.375000 0.714111
vt 0.569824 0.247559
vt 0.554688 0.242188
vt 0.566895 0.242188
vt 0.869141 0.273438
vt 0.874512 0.274902
vt 0.319092 0.318359
vt 0.830078 0.511475
vt 0.205078 0.433594
vt 0.201050 0.428711
vt 0.203613 0.425781
vt 0.102844 0.792603
vt 0.121033 0.781494
vt 0.106750 0.794922
vt 0.309082 0.304199
vt 0.304199 0.307617
vt 0.124634 0.517090
vt 0.144043 0.538330
vt 0.126953 0.522705
vt 0.027542 0.106445
vt 0.031464 0.100586
vt 0.032135 0.103027
vt 0.895508 0.125977
vt 0.886230 0.119629
vt 0.837402 0.506104
vt 0.833984 0.500244
vt 0.841309 0.497070
vt 0.843262 0.505859
vt 0.105408 0.614014
vt 0.125732 0.619629
vt 0.770508 0.192871
vt 0.790039 0.203613
vt 0.775391 0.200684
vt 0.542480 0.133301
vt 0.547363 0.117188
vt 0.547363 0.138184
vt 0.888184 0.536133
vt 0.880371 0.532715
vt 0.887695 0.522949
vt 0.006096 0.264160
vt 0.002575 0.248535
vt 0.007748 0.263184
vt 0.107422 0.416504
vt 0.123657 0.416504
vt 0.120911 0.434570
vt 0.162598 0.271973
vt 0.828125 0.128906
vt 0.824707 0.129883
vt 0.818848 0.117676
vt 0.330322 0.537598
vt 0.319580 0.535889
vt 0.247803 0.505615
vt 0.433350 0.402832
vt 0.418457 0.406250
vt 0.244995 0.412598
vt 0.249756 0.429199
vt 0.229858 0.424805
vt 0.856445 0.541504
vt 0.845215 0.548340
vt 0.849609 0.541016
vt 0.295410 0.152344
vt 0.978516 0.817871
vt 0.979980 0.819580
vt 0.966309 0.825317
vt 0.475342 0.069336
vt 0.493896 0.075195
vt 0.871094 0.030762
vt 0.880371 0.027344
vt 0.878906 0.034668
vt 0.171753 0.415039
vt 0.952637 0.352051
vt 0.949219 0.342773
vt 0.956543 0.346191
vt 0.576172 0.492188
vt 0.595215 0.185547
vt 0.593750 0.186035
vt 0.333984 0.969604
vt 0.428223 0.979050
vt 0.424805 0.986504
vt 0.417236 0.986755
vt 0.695312 0.319824
vt 0.681641 0.321777
vt 0.552734 0.272461
vt 0.546387 0.251465
vt 0.984375 0.323242
vt 0.975098 0.302734
vt 0.985352 0.316895
vt 0.191895 0.399414
vt 0.189575 0.406738
vt 0.595215 0.226562
vt 0.606934 0.233398
vt 0.458008 0.331543
vt 0.447754 0.310547
vt 0.458740 0.314941
vt 0.840820 0.541504
vt 0.844727 0.531494
vt 0.915527 0.746582
vt 0.456543 0.395020
vt 0.466797 0.393555
vt 0.379639 0.528564
vt 0.394775 0.756836
vt 0.857422 0.080078
vt 0.396484 0.854248
vt 0.404785 0.860474
vt 0.855957 0.081055
vt 0.854004 0.093750
vt 0.251221 0.463867
vt 0.267090 0.439941
vt 0.258789 0.464355
vt 0.702637 0.988220
vt 0.703613 0.990692
vt 0.699707 0.996033
vt 0.034760 0.500488
vt 0.040283 0.522461
vt 0.037415 0.538818
vt 0.216309 0.831543
vt 0.215942 0.835571
vt 0.208374 0.844482
vt 0.088257 0.108887
vt 0.097229 0.105469
vt 0.100281 0.117676
vt 0.245117 0.239746
vt 0.241089 0.232910
vt 0.008034 0.820312
vt 0.000007 0.815674
vt 0.392334 0.608154
vt 0.597168 0.859253
vt 0.951660 0.939056
vt 0.086792 0.748047
vt 0.077637 0.751221
vt 0.386230 0.530273
vt 0.930176 0.669922
vt 0.929199 0.675781
vt 0.921387 0.692139
vt 0.236816 0.141113
vt 0.241821 0.137207
vt 0.246216 0.145020
vt 0.436768 0.100098
vt 0.428223 0.106934
vt 0.427490 0.098633
vt 0.608398 0.031738
vt 0.594238 0.041504
vt 0.596680 0.037109
vt 0.669434 0.222656
vt 0.679199 0.225098
vt 0.690430 0.463867
vt 0.699219 0.785034
vt 0.684570 0.786011
vt 0.845215 0.027832
vt 0.863770 0.027344
vt 0.846191 0.029297
vt 0.537598 0.968933
vt 0.530762 0.986778
vt 0.525391 0.977188
vt 0.358398 0.191406
vt 0.130371 0.926697
vt 0.054504 0.766113
vt 0.687988 0.971207
vt 0.692383 0.960815
vt 0.699707 0.973373
vt 0.705566 0.572754
vt 0.386230 0.313477
vt 0.397217 0.310059
vt 0.400879 0.319336
vt 0.109314 0.137695
vt 0.178589 0.880005
vt 0.179077 0.591797
vt 0.442627 0.240723
vt 0.441162 0.247070
vt 0.112244 0.109375
vt 0.110596 0.104004
vt 0.480713 0.827393
vt 0.488525 0.825684
vt 0.204590 0.377441
vt 0.209961 0.370117
vt 0.207031 0.385254
vt 0.963379 0.432129
vt 0.965332 0.438477
vt 0.958496 0.431641
vt 0.125488 0.624512
vt 0.294434 0.078125
vt 0.308594 0.068848
vt 0.660645 0.627686
vt 0.919434 0.375000
vt 0.581543 0.387695
vt 0.602051 0.380859
vt 0.044464 0.974274
vt 0.044739 0.984642
vt 0.027573 0.972534
vt 0.241211 0.328125
vt 0.241699 0.347656
vt 0.278320 0.332520
vt 0.286377 0.335449
vt 0.273438 0.343750
vt 0.330322 0.434082
vt 0.768555 0.256836
vt 0.097290 0.409668
vt 0.082825 0.416016
vt 0.100342 0.390137
vt 0.096191 0.630615
vt 0.104309 0.619141
vt 0.115662 0.630615
vt 0.902832 0.160645
vt 0.898438 0.147461
vt 0.557617 0.505371
vt 0.549316 0.499512
vt 0.557129 0.499023
vt 0.454590 0.251465
vt 0.444824 0.256836
vt 0.898926 0.193848
vt 0.899414 0.209473
vt 0.652344 0.812256
vt 0.635254 0.811157
vt 0.646973 0.807373
vt 0.493896 0.081543
vt 0.520508 0.079590
vt 0.506836 0.092773
vt 0.812988 0.111816
vt 0.059357 0.026367
vt 0.048981 0.026855
vt 0.659668 0.365723
vt 0.966309 0.728271
vt 0.965820 0.721436
vt 0.983398 0.716064
vt 0.569336 0.155762
vt 0.573730 0.150391
vt 0.604980 0.340332
vt 0.072815 0.784912
vt 0.074707 0.792480
vt 0.067139 0.779663
vt 0.139893 0.869629
vt 0.149048 0.864258
vt 0.719238 0.472168
vt 0.727539 0.474609
vt 0.690430 0.281738
vt 0.690918 0.274902
vt 0.360352 0.447754
vt 0.366943 0.451660
vt 0.220825 0.239746
vt 0.961426 0.674805
vt 0.963379 0.654541
vt 0.963379 0.680664
vt 0.979980 0.247559
vt 0.778320 0.322266
vt 0.207397 0.038574
vt 0.473877 0.552979
vt 0.483154 0.551025
vt 0.199585 0.044922
vt 0.194092 0.028809
vt 0.200562 0.016113
vt 0.178467 0.356445
vt 0.180420 0.338867
vt 0.197510 0.334473
vt 0.360840 0.753296
vt 0.373047 0.740479
vt 0.375488 0.757690
vt 0.968262 0.412109
vt 0.973145 0.431641
vt 0.483154 0.630615
vt 0.477539 0.625244
vt 0.877441 0.722900
vt 0.870117 0.723633
vt 0.877441 0.717529
vt 0.617676 0.718750
vt 0.600098 0.716797
vt 0.607422 0.685791
vt 0.833984 0.828979
vt 0.823242 0.824463
vt 0.823242 0.820068
vt 0.257812 0.540283
vt 0.263916 0.561035
vt 0.250488 0.552979
vt 0.441650 0.906006
vt 0.462402 0.898743
vt 0.454590 0.910767
vt 0.305420 0.781006
vt 0.748535 0.973999
vt 0.739258 0.976730
vt 0.739746 0.970535
vt 0.895508 0.380371
vt 0.888672 0.372070
vt 0.500000 0.848999
vt 0.728027 0.646729
vt 0.732422 0.658203
vt 0.193237 0.754517
vt 0.181519 0.755493
vt 0.196411 0.748291
vt 0.340820 0.970200
vt 0.337402 0.971191
vt 0.340332 0.965118
vt 0.310791 0.981445
vt 0.314941 0.982208
vt 0.053009 0.970078
vt 0.034607 0.971680
vt 0.093689 0.166992
vt 0.204834 0.533691
vt 0.196045 0.543457
vt 0.768555 0.243164
vt 0.758789 0.249023
vt 0.102966 0.409180
vt 0.690430 0.400879
vt 0.692383 0.387695
vt 0.244019 0.263184
vt 0.258301 0.279785
vt 0.236572 0.279297
vt 0.888672 0.823242
vt 0.887207 0.830566
vt 0.739258 0.198730
vt 0.289307 0.899170
vt 0.285645 0.655273
vt 0.295410 0.675049
vt 0.276855 0.661621
vt 0.697754 0.986420
vt 0.827637 0.768188
vt 0.819336 0.777832
vt 0.112000 0.312988
vt 0.118103 0.311523
vt 0.480713 0.938782
vt 0.495850 0.929260
vt 0.511719 0.930786
vt 0.793945 0.647949
vt 0.786133 0.643799
vt 0.003847 0.776001
vt 0.000238 0.773682
vt 0.923828 0.093262
vt 0.923340 0.093750
vt 0.009804 0.259766
vt 0.013275 0.260254
vt 0.388672 0.988937
vt 0.378174 0.996984
vt 0.380859 0.987122
vt 0.941406 0.973984
vt 0.688965 0.709961
vt 0.680664 0.708008
vt 0.692871 0.677734
vt 0.838867 0.029297
vt 0.831543 0.028320
vt 0.595703 0.929749
vt 0.596191 0.926331
vt 0.599609 0.929932
vt 0.711426 0.498535
vt 0.522461 0.901611
vt 0.504395 0.903809
vt 0.515137 0.897095
vt 0.577637 0.101074
vt 0.582520 0.093750
vt 0.590332 0.095703
vt 0.162109 0.430664
vt 0.733398 0.279785
vt 0.875000 0.966309
vt 0.869141 0.950806
vt 0.551758 0.295898
vt 0.556152 0.305664
vt 0.497803 0.853271
vt 0.065430 0.582031
vt 0.076111 0.598389
vt 0.313477 0.131836
vt 0.300049 0.134766
vt 0.397217 0.291504
vt 0.395996 0.280762
vt 0.682617 0.937256
vt 0.668457 0.954620
vt 0.677246 0.930908
vt 0.872559 0.052246
vt 0.883789 0.050293
vt 0.876465 0.059570
vt 0.347900 0.587158
vt 0.352783 0.590576
vt 0.346924 0.594238
vt 0.345947 0.586182
vt 0.594727 0.159668
vt 0.702637 0.281738
vt 0.738281 0.395020
vt 0.742188 0.937805
vt 0.745117 0.942902
vt 0.850098 0.508301
vt 0.856934 0.490234
vt 0.266357 0.558594
vt 0.267334 0.538086
vt 0.268066 0.557617
vt 0.550293 0.162109
vt 0.533691 0.163086
vt 0.546875 0.149902
vt 0.917969 0.574707
vt 0.954590 0.934265
vt 0.848633 0.421387
vt 0.411865 0.274902
vt 0.417480 0.274414
vt 0.424072 0.280762
vt 0.380127 0.305664
vt 0.394775 0.061523
vt 0.394043 0.064941
vt 0.442871 0.720459
vt 0.450195 0.714355
vt 0.453613 0.715576
vt 0.015320 0.014160
vt 0.043732 0.014160
vt 0.043457 0.020020
vt 0.518555 0.435547
vt 0.511719 0.452148
vt 0.510742 0.433105
vt 0.546387 0.246094
vt 0.532715 0.231934
vt 0.549805 0.235840
vt 0.711914 0.975632
vt 0.737305 0.981827
vt 0.688477 0.334473
vt 0.055511 0.668945
vt 0.049652 0.681152
vt 0.033295 0.683838
vt 0.193115 0.321777
vt 0.187134 0.309082
vt 0.190308 0.291504
vt 0.612305 0.969360
vt 0.139893 0.983490
vt 0.151123 0.999285
vt 0.142822 0.997219
vt 0.488281 0.470215
vt 0.393799 0.257324
vt 0.196655 0.105957
vt 0.188354 0.117676
vt 0.404053 0.898315
vt 0.420166 0.893555
vt 0.434082 0.904419
vt 0.833984 0.400879
vt 0.006275 0.568848
vt 0.004116 0.558105
vt 0.009369 0.553711
vt 0.296875 0.644531
vt 0.663086 0.129883
vt 0.341309 0.531494
vt 0.347168 0.533203
vt 0.301758 0.044434
vt 0.296875 0.042969
vt 0.310791 0.041504
vt 0.678711 0.037109
vt 0.951172 0.731934
vt 0.952637 0.735840
vt 0.939941 0.732178
vt 0.813965 0.948273
vt 0.831055 0.895203
vt 0.840820 0.911255
vt 0.831543 0.909790
vt 0.051331 0.389648
vt 0.064331 0.393555
vt 0.064331 0.998775
vt 0.046906 0.998775
vt 0.060028 0.993843
vt 0.495361 0.505371
vt 0.139771 0.579834
vt 0.137695 0.580811
vt 0.102417 0.551270
vt 0.114136 0.475098
vt 0.115662 0.520996
vt 0.113281 0.502441
vt 0.395508 0.443359
vt 0.382568 0.469238
vt 0.668457 0.113770
vt 0.890625 0.313965
vt 0.222412 0.509277
vt 0.679688 0.738525
vt 0.676758 0.716553
vt 0.713379 0.735352
vt 0.703125 0.545654
vt 0.709961 0.534668
vt 0.533203 0.248535
vt 0.954102 0.812134
vt 0.481201 0.970459
vt 0.183472 0.143555
vt 0.170288 0.153320
vt 0.183350 0.134277
vt 0.674805 0.093262
vt 0.778809 0.909302
vt 0.915039 0.243652
vt 0.914062 0.242676
vt 0.046661 0.423828
vt 0.705566 0.083984
vt 0.705078 0.094238
vt 0.692383 0.080078
vt 0.786621 0.446289
vt 0.778809 0.446289
vt 0.780762 0.436523
vt 0.273926 0.604248
vt 0.748047 0.374512
vt 0.344238 0.574951
vt 0.369385 0.574219
vt 0.123657 0.986526
vt 0.600098 0.707764
vt 0.587891 0.732666
vt 0.554688 0.831909
vt 0.487793 0.702148
vt 0.644043 0.558594
vt 0.611328 0.555908
vt 0.059296 0.897278
vt 0.054840 0.891357
vt 0.807617 0.427246
vt 0.817383 0.408203
vt 0.846191 0.439941
vt 0.914551 0.877319
vt 0.932617 0.891785
vt 0.275879 0.486328
vt 0.246826 0.958771
vt 0.260498 0.959137
vt 0.115601 0.862549
vt 0.114624 0.860840
vt 0.118713 0.858521
vt 0.444336 0.715576
vt 0.802246 0.978348
vt 0.802734 0.968750
vt 0.499023 0.046387
vt 0.504883 0.053711
vt 0.499023 0.048828
vt 0.644043 0.793213
vt 0.835449 0.767944
vt 0.376953 0.892883
vt 0.194702 0.422852
vt 0.989258 0.485840
vt 0.983887 0.482422
vt 0.998535 0.483398
vt 0.349121 0.280273
vt 0.330322 0.284668
vt 0.351318 0.274414
vt 0.247314 0.309570
vt 0.030212 0.725830
vt 0.970215 0.142090
vt 0.568359 0.827148
vt 0.664062 0.355957
vt 0.790527 0.730225
vt 0.550781 0.172852
vt 0.059509 0.518066
vt 0.060425 0.515869
vt 0.066956 0.520020
vt 0.205811 0.941498
vt 0.451904 0.825684
vt 0.467529 0.823853
vt 0.462891 0.826050
vt 0.487549 0.613281
vt 0.055847 0.883972
vt 0.144409 0.155762
vt 0.150146 0.143555
vt 0.152344 0.159668
vt 0.635742 0.329102
vt 0.641602 0.321777
vt 0.117004 0.364746
vt 0.141724 0.727051
vt 0.133179 0.723633
vt 0.136597 0.718750
vt 0.109314 0.278809
vt 0.156738 0.135254
vt 0.161865 0.161133
vt 0.871582 0.536377
vt 0.202759 0.861450
vt 0.364258 0.406738
vt 0.105103 0.610107
vt 0.955566 0.186523
vt 0.952148 0.176270
vt 0.959473 0.179199
vt 0.740234 0.002930
vt 0.740234 0.015137
vt 0.731934 0.005859
vt 0.074402 0.840088
vt 0.078186 0.844849
vt 0.144531 0.673828
vt 0.138916 0.679199
vt 0.380859 0.078613
vt 0.388916 0.078613
vt 0.384277 0.080566
vt 0.631836 0.865723
vt 0.642578 0.857910
vt 0.652832 0.866577
vt 0.483154 0.328613
vt 0.895508 0.903809
vt 0.906250 0.895386
vt 0.357422 0.257324
vt 0.368896 0.270508
vt 0.368408 0.289551
vt 0.304443 0.334961
vt 0.262207 0.485840
vt 0.487061 0.557617
vt 0.118042 0.722412
vt 0.109314 0.722900
vt 0.109497 0.710205
vt 0.105957 0.966461
vt 0.099304 0.971390
vt 0.108215 0.957764
vt 0.347900 0.918823
vt 0.124512 0.094727
vt 0.132568 0.098145
vt 0.122803 0.097656
vt 0.049774 0.886292
vt 0.235352 0.901245
vt 0.250977 0.906494
vt 0.235840 0.903687
vt 0.663086 0.813721
vt 0.144409 0.020020
vt 0.148804 0.038574
vt 0.382324 0.966949
vt 0.374268 0.951050
vt 0.375000 0.943451
vt 0.796875 0.457031
vt 0.795410 0.464355
vt 0.795898 0.696777
vt 0.774902 0.703613
vt 0.389160 0.800537
vt 0.257080 0.630371
vt 0.604980 0.098633
vt 0.987793 0.023438
vt 0.980957 0.029297
vt 0.971680 0.023438
vt 0.010361 0.567383
vt 0.013168 0.550049
vt 0.819336 0.588867
vt 0.830078 0.585205
vt 0.824219 0.595703
vt 0.328369 0.862671
vt 0.317871 0.867798
vt 0.327881 0.851807
vt 0.771973 0.566895
vt 0.769043 0.573730
vt 0.767090 0.575195
vt 0.185181 0.918701
vt 0.189209 0.907776
vt 0.801270 0.810059
vt 0.543457 0.012695
vt 0.552246 0.021484
vt 0.539551 0.013672
vt 0.394531 0.357422
vt 0.545898 0.003418
vt 0.562500 0.160645
vt 0.556152 0.156738
vt 0.461914 0.625488
vt 0.918945 0.044922
vt 0.915527 0.052734
vt 0.903320 0.052734
vt 0.888672 0.027832
vt 0.258057 0.575439
vt 0.262451 0.584961
vt 0.250488 0.575684
vt 0.979980 0.389160
vt 0.977539 0.386719
vt 0.987305 0.384277
vt 0.392090 0.625488
vt 0.379639 0.629639
vt 0.388672 0.624756
vt 0.460205 0.826294
vt 0.306152 0.936096
vt 0.968262 0.455566
vt 0.256104 0.014160
vt 0.283691 0.013672
vt 0.265137 0.015625
vt 0.924805 0.344238
vt 0.922363 0.349609
vt 0.070679 0.877258
vt 0.079834 0.859131
vt 0.456299 0.934143
vt 0.457520 0.927734
vt 0.463379 0.933716
vt 0.941406 0.347168
vt 0.088928 0.607666
vt 0.096741 0.609619
vt 0.483887 0.784912
vt 0.613281 0.367188
vt 0.847656 0.466797
vt 0.851074 0.470215
vt 0.023270 0.010254
vt 0.048096 0.002441
vt 0.038239 0.010254
vt 0.281982 0.076660
vt 0.287109 0.066406
vt 0.902832 0.382812
vt 0.324951 0.758301
vt 0.664062 0.761841
vt 0.666016 0.756958
vt 0.667969 0.758545
vt 0.073364 0.093262
vt 0.069092 0.080566
vt 0.074951 0.071777
vt 0.903320 0.409668
vt 0.907227 0.401367
vt 0.916016 0.407715
vt 0.424316 0.463379
vt 0.592773 0.986420
vt 0.591309 0.989998
vt 0.583496 0.989647
vt 0.129639 0.748535
vt 0.042725 0.428711
vt 0.037231 0.430176
vt 0.207520 0.552979
vt 0.211792 0.543457
vt 0.220581 0.547852
vt 0.483398 0.926697
vt 0.486084 0.926636
vt 0.633301 0.903259
vt 0.202637 0.187988
vt 0.207764 0.207031
vt 0.379883 0.977432
vt 0.378906 0.978745
vt 0.592773 0.211426
vt 0.594238 0.210449
vt 0.361572 0.879700
vt 0.367920 0.874390
vt 0.324951 0.264648
vt 0.032654 0.715820
vt 0.028824 0.719971
vt 0.571777 0.618652
vt 0.581543 0.625488
vt 0.817383 0.939270
vt 0.818359 0.932007
vt 0.604492 0.373535
vt 0.342529 0.333984
vt 0.675293 0.743896
vt 0.680664 0.740723
vt 0.599609 0.267090
vt 0.583984 0.275391
vt 0.589355 0.246582
vt 0.784180 0.780884
vt 0.781738 0.794556
vt 0.775391 0.789795
vt 0.977051 0.032227
vt 0.980957 0.035645
vt 0.973633 0.035156
vt 0.791016 0.539551
vt 0.772461 0.549316
vt 0.616211 0.681152
vt 0.618652 0.673096
vt 0.624512 0.674805
vt 0.229492 0.400879
vt 0.794922 0.764526
vt 0.780273 0.756226
vt 0.792969 0.751343
vt 0.988770 0.579590
vt 0.985840 0.563965
vt 0.996094 0.568359
vt 0.980469 0.282227
vt 0.974121 0.289062
vt 0.975586 0.270996
vt 0.036224 0.316895
vt 0.028214 0.325195
vt 0.454102 0.259277
vt 0.988281 0.295898
vt 0.990234 0.293945
vt 0.997070 0.299805
vt 0.543945 0.825073
vt 0.452148 0.718262
vt 0.346191 0.811646
vt 0.344238 0.819580
vt 0.343994 0.811768
vt 0.634766 0.609131
vt 0.625977 0.624512
vt 0.083984 0.140137
vt 0.070068 0.141602
vt 0.072693 0.129883
vt 0.407715 0.195312
vt 0.419678 0.214355
vt 0.871094 0.991776
vt 0.889648 0.993408
vt 0.867188 0.993954
vt 0.987793 0.407227
vt 0.972656 0.410156
vt 0.964844 0.408691
vt 0.156250 0.585938
vt 0.145142 0.593750
vt 0.145386 0.588623
vt 0.573242 0.880920
vt 0.282959 0.492676
vt 0.086914 0.437988
vt 0.530273 0.945435
vt 0.549805 0.944916
vt 0.522949 0.949310
vt 0.432861 0.628174
vt 0.432861 0.611816
vt 0.450195 0.615967
vt 0.356201 0.833252
vt 0.370361 0.829224
vt 0.355713 0.829834
vt 0.354492 0.300781
vt 0.350586 0.290527
vt 0.549805 0.511475
vt 0.561523 0.511719
vt 0.778320 0.164551
vt 0.791504 0.176758
vt 0.765625 0.172363
vt 0.949707 0.669189
vt 0.915527 0.973297
vt 0.924316 0.982254
vt 0.912109 0.976532
vt 0.166626 0.829346
vt 0.178589 0.818359
vt 0.755859 0.054688
vt 0.755859 0.065430
vt 0.733398 0.043457
vt 0.225464 0.640869
vt 0.221924 0.653076
vt 0.210815 0.649658
vt 0.511719 0.458008
vt 0.579102 0.012695
vt 0.574707 0.016602
vt 0.568359 0.005859
vt 0.527832 0.679443
vt 0.002213 0.554199
vt 0.571777 0.730225
vt 0.200684 0.398438
vt 0.194702 0.395508
vt 0.340576 0.859741
vt 0.343262 0.840088
vt 0.633301 0.705811
vt 0.130371 0.196289
vt 0.100098 0.194824
vt 0.115845 0.186523
vt 0.620605 0.029785
vt 0.617188 0.034668
vt 0.635742 0.041016
vt 0.623535 0.040039
vt 0.159058 0.495605
vt 0.154419 0.502930
vt 0.150757 0.498047
vt 0.416504 0.715820
vt 0.406250 0.727539
vt 0.395508 0.715332
vt 0.892090 0.249023
vt 0.894531 0.256836
vt 0.928223 0.907654
vt 0.930176 0.920776
vt 0.316895 0.766357
vt 0.263428 0.142578
vt 0.287598 0.143555
vt 0.283691 0.149414
vt 0.370361 0.160156
vt 0.575195 0.816040
vt 0.589844 0.820923
vt 0.311035 0.179688
vt 0.316650 0.183594
vt 0.026886 0.335449
vt 0.704590 0.187012
vt 0.477051 0.151855
vt 0.505371 0.156250
vt 0.500000 0.187988
vt 0.883789 0.911011
vt 0.645508 0.068848
vt 0.639648 0.064453
vt 0.645508 0.039551
vt 0.812988 0.814819
vt 0.809570 0.806885
vt 0.039917 0.375977
vt 0.436768 0.722168
vt 0.479980 0.385742
vt 0.137817 0.096191
vt 0.141113 0.099121
vt 0.872559 0.044434
vt 0.861328 0.475098
vt 0.008675 0.941925
vt 0.014427 0.945404
vt 0.826660 0.611084
vt 0.863281 0.598145
vt 0.850098 0.617920
vt 0.984375 0.600830
vt 0.965820 0.603027
vt 0.973633 0.594727
vt 0.168701 0.333008
vt 0.167847 0.335938
vt 0.900391 0.047363
vt 0.915527 0.001465
vt 0.912598 0.000488
vt 0.917480 0.000977
vt 0.430420 0.575439
vt 0.975098 0.037598
vt 0.176270 0.712646
vt 0.197876 0.712402
vt 0.201538 0.720703
vt 0.919434 0.801636
vt 0.907227 0.764160
vt 0.926758 0.806641
vt 0.145386 0.792114
vt 0.969727 0.203125
vt 0.972168 0.202637
vt 0.970215 0.212891
vt 0.743164 0.702148
vt 0.982910 0.293945
vt 0.056824 0.868286
vt 0.052368 0.867065
vt 0.052399 0.854004
vt 0.844238 0.571289
vt 0.457520 0.756592
vt 0.417236 0.016113
vt 0.416992 0.030762
vt 0.400391 0.035156
vt 0.408203 0.327637
vt 0.396240 0.329590
vt 0.406006 0.949219
vt 0.232666 0.293457
vt 0.236694 0.298828
vt 0.859375 0.000000
vt 0.864258 0.014648
vt 0.844238 0.007812
vt 0.413330 0.536133
vt 0.357666 0.531250
vt 0.767578 0.164551
vt 0.886230 0.558105
vt 0.481445 0.926392
vt 0.947266 0.920776
vt 0.874512 0.164062
vt 0.877930 0.863770
vt 0.585449 0.250977
vt 0.579590 0.248535
vt 0.913574 0.028320
vt 0.224609 0.210449
vt 0.879395 0.341309
vt 0.893066 0.331055
vt 0.029648 0.063965
vt 0.043060 0.062500
vt 0.033417 0.067871
vt 0.901367 0.957397
vt 0.895508 0.982071
vt 0.878418 0.974442
vt 0.289062 0.651855
vt 0.747559 0.738037
vt 0.785645 0.534912
vt 0.788574 0.530762
vt 0.810059 0.542236
vt 0.948242 0.595947
vt 0.962402 0.588867
vt 0.101135 0.166992
vt 0.104004 0.170898
vt 0.086731 0.173340
vt 0.483154 0.945648
vt 0.496338 0.946564
vt 0.592285 0.947296
vt 0.229980 0.238281
vt 0.982910 0.509277
vt 0.997559 0.514160
vt 0.988281 0.520996
vt 0.162964 0.859619
vt 0.159424 0.856445
vt 0.170776 0.852295
vt 0.480225 0.338867
vt 0.153320 0.224121
vt 0.979492 0.203125
vt 0.995117 0.206055
vt 0.995605 0.209961
vt 0.422852 0.267578
vt 0.436035 0.263672
vt 0.429688 0.274414
vt 0.567383 0.174805
vt 0.320557 0.533203
vt 0.741211 0.806885
vt 0.717285 0.801147
vt 0.569336 0.077637
vt 0.561035 0.089844
vt 0.986816 0.323242
vt 0.989258 0.320801
vt 0.995605 0.323242
vt 1.000000 0.869263
vt 1.000000 0.888123
vt 0.997070 0.871338
vt 0.764648 0.651367
vt 0.753418 0.648193
vt 0.759766 0.643555
vt 0.316895 0.313477
vt 0.312012 0.333984
vt 0.117493 0.029785
vt 0.121033 0.017578
vt 0.124023 0.021973
vt 0.123169 0.029297
vt 0.341797 0.219238
vt 0.197754 0.087891
vt 0.193848 0.095703
vt 0.166626 0.576660
vt 0.117310 0.963318
vt 0.113464 0.958466
vt 0.682617 0.195312
vt 0.684082 0.192383
vt 0.070801 0.775879
vt 0.082275 0.779419
vt 0.552246 0.208008
vt 0.564453 0.216797
vt 0.560547 0.220703
vt 0.468262 0.125000
vt 0.462891 0.121582
vt 0.469238 0.121094
vt 0.053345 0.882568
vt 0.308838 0.148438
vt 0.296875 0.145020
vt 0.152954 0.868530
vt 0.142578 0.881104
vt 0.143311 0.873169
vt 0.456055 0.779785
vt 0.457031 0.783691
vt 0.453369 0.780884
vt 0.894531 0.869629
vt 0.104553 0.239258
vt 0.125488 0.267578
vt 0.766602 0.084473
vt 0.751953 0.560059
vt 0.761230 0.557373
vt 0.995605 0.133301
vt 0.987793 0.129883
vt 0.995605 0.130371
vt 0.158447 0.367676
vt 0.156738 0.384766
vt 0.143188 0.652100
vt 0.141479 0.659668
vt 0.138184 0.654541
vt 0.980957 0.966248
vt 0.684082 0.914001
vt 0.675293 0.887329
vt 0.968262 0.105957
vt 0.968262 0.136719
vt 0.965820 0.145996
vt 0.790527 0.313965
vt 0.785645 0.304688
vt 0.713867 0.080566
vt 0.035248 0.420410
vt 0.030060 0.435059
vt 0.031021 0.419922
vt 0.981445 0.614746
vt 0.985352 0.611816
vt 0.987305 0.618896
vt 0.917969 0.229004
vt 0.915039 0.228516
vt 0.968750 0.652588
vt 0.971191 0.650146
vt 0.967285 0.657959
vt 0.250977 0.645264
vt 0.243286 0.669678
vt 0.239746 0.658936
vt 0.652832 0.454590
vt 0.658203 0.463867
vt 0.359863 0.787476
vt 0.349121 0.782104
vt 0.543457 0.331055
vt 0.533691 0.321289
vt 0.111755 0.026855
vt 0.107971 0.030762
vt 0.103943 0.024902
vt 0.968750 0.382324
vt 0.962891 0.375000
vt 0.984375 0.376953
vt 0.327393 0.013184
vt 0.333008 0.003418
vt 0.333008 0.018066
vt 0.330322 0.927246
vt 0.997070 0.532471
vt 0.997070 0.536865
vt 0.987305 0.531006
vt 0.259766 0.209961
vt 0.835938 0.933533
vt 0.839844 0.924255
vt 0.855957 0.930969
vt 0.575684 0.438477
vt 0.571777 0.431641
vt 0.577637 0.433105
vt 0.189819 0.221191
vt 0.210815 0.211426
vt 0.458252 0.493164
vt 0.464600 0.479980
vt 0.505371 0.850952
vt 0.237671 0.484375
vt 0.255371 0.270996
vt 0.778809 0.747070
vt 0.231567 0.670166
vt 0.590332 0.035645
vt 0.260010 0.597900
vt 0.279541 0.597656
vt 0.251465 0.603027
vt 0.387939 0.829834
vt 0.785156 0.237793
vt 0.792969 0.232910
vt 0.164062 0.010254
vt 0.164795 0.012695
vt 0.143188 0.011230
vt 0.145508 0.192871
vt 0.148193 0.181152
vt 0.154663 0.190430
vt 0.101257 0.465820
vt 0.108093 0.463867
vt 0.106934 0.470703
vt 0.545410 0.822144
vt 0.542969 0.814819
vt 0.079346 0.643311
vt 0.075806 0.644775
vt 0.504883 0.287598
vt 0.497314 0.293457
vt 0.628418 0.331055
vt 0.013069 0.110840
vt 0.007664 0.120117
vt 0.008957 0.092773
vt 0.581055 0.403320
vt 0.327148 0.420898
vt 0.322021 0.438965
vt 0.357666 0.454590
vt 0.347656 0.449707
vt 0.359131 0.428711
vt 0.488770 0.645264
vt 0.626953 0.904480
vt 0.408203 0.105957
vt 0.989258 0.254395
vt 0.992676 0.249512
vt 0.678711 0.518311
vt 0.669922 0.529053
vt 0.432373 0.962463
vt 0.451416 0.956421
vt 0.444580 0.963898
vt 0.139893 0.752441
vt 0.830566 0.669678
vt 0.836426 0.645752
vt 0.832520 0.673340
vt 0.540039 0.832520
vt 0.484863 0.773804
vt 0.622070 0.455566
vt 0.486084 0.037598
vt 0.494629 0.026367
vt 0.493408 0.031738
vt 0.338135 0.539062
vt 0.884277 0.907288
vt 0.479980 0.372070
vt 0.477539 0.369629
vt 0.479980 0.368164
vt 0.393066 0.346680
vt 0.869629 0.905518
vt 0.343994 0.935974
vt 0.951660 0.397949
vt 0.940430 0.383789
vt 0.949707 0.382812
vt 0.957520 0.514648
vt 0.963867 0.507812
vt 0.273682 0.923035
vt 0.274170 0.916016
vt 0.923340 0.866333
vt 0.947266 0.882812
vt 0.941895 0.888489
vt 0.202881 0.255859
vt 0.194336 0.250977
vt 0.024551 0.038574
vt 0.041199 0.035645
vt 0.114319 0.031738
vt 0.198364 0.961517
vt 0.709961 0.173828
vt 0.464844 0.709961
vt 0.562988 0.449707
vt 0.568359 0.471680
vt 0.974609 0.700439
vt 0.983887 0.707764
vt 0.757812 0.009766
vt 0.755371 0.017578
vt 0.169067 0.349121
vt 0.794922 0.779663
vt 0.983398 0.264648
vt 0.991211 0.261719
vt 0.994629 0.264648
vt 0.412354 0.471191
vt 0.416748 0.460938
vt 0.624512 0.003906
vt 0.650879 0.003906
vt 0.626465 0.006348
vt 0.132690 0.697754
vt 0.914062 0.692383
vt 0.896973 0.698975
vt 0.054749 0.381348
vt 0.056610 0.377441
vt 0.259277 0.970062
vt 0.246582 0.970566
vt 0.259766 0.964600
vt 0.076416 0.803589
vt 0.768066 0.646729
vt 0.958496 0.188477
vt 0.948242 0.189453
vt 0.036224 0.833130
vt 0.024506 0.825073
vt 0.026505 0.768433
vt 0.026215 0.750732
vt 0.076111 0.301758
vt 0.073059 0.314941
vt 0.423828 0.210938
vt 0.461426 0.357422
vt 0.446533 0.370605
vt 0.438232 0.370605
vt 0.984375 0.803223
vt 0.520020 0.384766
vt 0.461914 0.974533
vt 0.361816 0.255371
vt 0.966797 0.936707
vt 0.022858 0.688721
vt 0.507812 0.165039
vt 0.512207 0.150391
vt 0.091187 0.744873
vt 0.098511 0.738770
vt 0.095642 0.751343
vt 0.708984 0.586914
vt 0.699707 0.577148
vt 0.618652 0.273438
vt 0.600586 0.282227
vt 0.811523 0.241699
vt 0.344727 0.981201
vt 0.822754 0.056152
vt 0.813477 0.041992
vt 0.019272 0.727783
vt 0.156616 0.847046
vt 0.473389 0.697021
vt 0.466797 0.697754
vt 0.341064 0.922913
vt 0.330811 0.926636
vt 0.186157 0.291504
vt 0.245850 0.623535
vt 0.252441 0.625000
vt 0.248047 0.636963
vt 0.953613 0.383789
vt 0.970215 0.389648
vt 0.724121 0.854126
vt 0.729004 0.848633
vt 0.732422 0.853760
vt 0.193481 0.370117
vt 0.860352 0.045898
vt 0.857422 0.038086
vt 0.860840 0.034668
vt 0.650879 0.829224
vt 0.650391 0.847656
vt 0.645508 0.853882
vt 0.088562 0.032227
vt 0.061096 0.035156
vt 0.077881 0.029785
vt 0.670898 0.928589
vt 0.647949 0.927734
vt 0.402100 0.479492
vt 0.422607 0.242188
vt 0.942871 0.004395
vt 0.966309 0.004395
vt 0.945312 0.009277
vt 0.597168 0.691162
vt 0.367920 0.991714
vt 0.367676 0.996843
vt 0.595215 0.215332
vt 0.597168 0.214355
vt 0.228760 0.822021
vt 0.238525 0.818604
vt 0.732910 0.514160
vt 0.418457 0.502441
vt 0.391602 0.744385
vt 0.034454 0.844604
vt 0.313965 0.174805
vt 0.302734 0.170898
vt 0.952148 0.828735
vt 0.304199 0.888184
vt 0.309082 0.894836
vt 0.298828 0.889343
vt 0.200562 0.159180
vt 0.195801 0.442871
vt 0.235840 0.194824
vt 0.237671 0.191895
vt 0.706055 0.713135
vt 0.382568 0.142090
vt 0.360596 0.151367
vt 0.197144 0.103027
vt 0.143433 0.014160
vt 0.754395 0.049805
vt 0.751465 0.042969
vt 0.251221 0.038086
vt 0.265137 0.027832
vt 0.264160 0.040039
vt 0.511230 0.516357
vt 0.816895 0.690430
vt 0.815918 0.701172
vt 0.004631 0.403809
vt 0.797852 0.944763
vt 0.811035 0.946869
vt 0.721191 0.987549
vt 0.723633 0.987587
vt 0.009079 0.345215
vt 0.555176 0.825317
vt 0.629395 0.172852
vt 0.005013 0.755981
vt 0.377197 0.313477
vt 0.338867 0.613525
vt 0.808105 0.698486
vt 0.893066 0.533203
vt 0.069397 0.238281
vt 0.343018 0.546387
vt 0.365967 0.551514
vt 0.346191 0.553711
vt 0.969238 0.436035
vt 0.970215 0.437500
vt 0.191650 0.563721
vt 0.196655 0.552734
vt 0.375732 0.380859
vt 0.387207 0.382324
vt 0.391113 0.391602
vt 0.268555 0.505371
vt 0.275635 0.521973
vt 0.519043 0.287598
vt 0.517090 0.280762
vt 0.085327 0.348633
vt 0.082581 0.338379
vt 0.175903 0.768433
vt 0.161743 0.761963
vt 0.004662 0.695312
vt 0.003239 0.674805
vt 0.006275 0.684570
vt 0.952637 0.670898
vt 0.958008 0.654053
vt 0.050781 0.098633
vt 0.055023 0.101562
vt 0.055023 0.129395
vt 0.051147 0.121582
vt 0.666016 0.957428
vt 0.659668 0.949493
vt 0.674805 0.930664
vt 0.700195 0.351074
vt 0.695312 0.356445
vt 0.981934 0.506592
vt 0.963379 0.476074
vt 0.981445 0.482422
vt 0.394043 0.526611
vt 0.614746 0.647461
vt 0.613281 0.645752
vt 0.796387 0.439453
vt 0.799316 0.447754
vt 0.062622 0.407715
vt 0.383057 0.543213
vt 0.208130 0.278809
vt 0.198608 0.273926
vt 0.212891 0.271973
vt 0.899414 0.438477
vt 0.354492 0.037109
vt 0.361328 0.013184
vt 0.376953 0.020508
vt 0.141479 0.575684
vt 0.220459 0.849487
vt 0.488770 0.428223
vt 0.939941 0.536621
vt 0.358398 0.011230
vt 0.358398 0.004395
vt 0.360840 0.003418
vt 0.158569 0.849243
vt 0.537109 0.291504
vt 0.783203 0.635742
vt 0.096619 0.088379
vt 0.091980 0.078125
vt 0.099060 0.080566
vt 0.771484 0.782471
vt 0.732910 0.650879
vt 0.365723 0.202148
vt 0.365967 0.188965
vt 0.683594 0.362793
vt 0.677246 0.841919
vt 0.687988 0.844971
vt 0.491699 0.323242
vt 0.483154 0.309570
vt 0.494141 0.312988
vt 0.254639 0.847778
vt 0.242920 0.864380
vt 0.244385 0.839111
vt 0.295410 0.748047
vt 0.304443 0.738525
vt 0.954590 0.436035
vt 0.958496 0.435547
vt 0.958496 0.439941
vt 0.846680 0.382812
vt 0.839355 0.380371
vt 0.846191 0.370117
vt 0.633301 0.080566
vt 0.823730 0.569092
vt 0.056000 0.619873
vt 0.108093 0.953705
vt 0.105774 0.945648
vt 0.108582 0.935242
vt 0.780762 0.361816
vt 0.812012 0.592773
vt 0.807617 0.602295
vt 0.891602 0.058105
vt 0.732910 0.380371
vt 0.377930 0.769409
vt 0.389404 0.783203
vt 0.125122 0.083008
vt 0.141968 0.091797
vt 0.125732 0.091797
vt 0.639160 0.351074
vt 0.812012 0.396973
vt 0.811523 0.390137
vt 0.871094 0.833496
vt 0.565918 0.067383
vt 0.982422 0.822876
vt 0.535156 0.747070
vt 0.511230 0.746094
vt 0.518066 0.738281
vt 0.700684 0.925171
vt 0.698242 0.921875
vt 0.034393 0.275391
vt 0.970215 0.810303
vt 0.488770 0.773071
vt 0.485352 0.791016
vt 0.424316 0.735107
vt 0.411133 0.737793
vt 0.411133 0.732666
vt 0.727051 0.037598
vt 0.744629 0.038086
vt 0.728516 0.040039
vt 0.519043 0.568848
vt 0.631348 0.108887
vt 0.454590 0.298340
vt 0.860840 0.016602
vt 0.852051 0.024902
vt 0.841309 0.010742
vt 0.858398 0.368652
vt 0.865234 0.351074
vt 0.275635 0.205566
vt 0.763672 0.748291
vt 0.745605 0.758667
vt 0.408447 0.268066
vt 0.406494 0.279785
vt 0.958008 0.165039
vt 0.954590 0.172363
vt 0.241577 0.541992
vt 0.242310 0.550049
vt 0.126953 0.035156
vt 0.133179 0.019043
vt 0.869629 0.062012
vt 0.854004 0.062988
vt 0.476318 0.702881
vt 0.176270 0.523682
vt 0.164185 0.523926
vt 0.291504 0.864868
vt 0.299072 0.876343
vt 0.420410 0.915649
vt 0.423340 0.921570
vt 0.272705 0.848877
vt 0.269531 0.862793
vt 0.950684 0.164551
vt 0.942871 0.161621
vt 0.616211 0.667236
vt 0.061249 0.161621
vt 0.746094 0.181641
vt 0.876465 0.880005
vt 0.880371 0.881348
vt 0.875488 0.885376
vt 0.201782 0.844360
vt 0.236206 0.978012
vt 0.216187 0.977707
vt 0.219482 0.974976
vt 0.940430 0.172363
vt 0.929199 0.174316
vt 0.192139 0.392090
vt 0.207397 0.365723
vt 0.450195 0.708740
vt 0.454346 0.708984
vt 0.392822 0.105957
vt 0.394775 0.117676
vt 0.391113 0.117676
vt 0.015457 0.059082
vt 0.019196 0.055176
vt 0.133423 0.638672
vt 0.297119 0.264160
vt 0.295410 0.267090
vt 0.418457 0.117188
vt 0.407959 0.127441
vt 0.291016 0.608398
vt 0.121887 0.300293
vt 0.134888 0.300293
vt 0.732422 0.500732
vt 0.106689 0.360352
vt 0.107361 0.366211
vt 0.455078 0.632812
vt 0.458008 0.614502
vt 0.747070 0.925903
vt 0.762207 0.919250
vt 0.753906 0.932922
vt 0.560059 0.337402
vt 0.639160 0.255859
vt 0.180786 0.859619
vt 0.171143 0.863037
vt 0.177002 0.853760
vt 0.445312 0.330078
vt 0.819336 0.032227
vt 0.788574 0.029785
vt 0.814941 0.027344
vt 0.679199 0.484375
vt 0.702148 0.975632
vt 0.300781 0.289062
vt 0.298828 0.286621
vt 0.447021 0.829346
vt 0.449951 0.845825
vt 0.868652 0.719482
vt 0.391846 0.878601
vt 0.411133 0.891113
vt 0.079346 0.290039
vt 0.081970 0.307617
vt 0.853516 0.113281
vt 0.541504 0.744141
vt 0.776855 0.029785
vt 0.762207 0.024902
vt 0.776367 0.025391
vt 0.239258 0.838257
vt 0.229492 0.428711
vt 0.219727 0.421875
vt 0.238159 0.432617
vt 0.404785 0.734375
vt 0.403320 0.738037
vt 0.396973 0.725342
vt 0.452881 0.775635
vt 0.064148 0.157227
vt 0.943359 0.707764
vt 0.936523 0.711426
vt 0.936523 0.702637
vt 0.578613 0.038574
vt 0.585449 0.968689
vt 0.607422 0.995510
vt 0.606445 0.998385
vt 0.223267 0.817749
vt 0.112549 0.928101
vt 0.899414 0.997419
vt 0.891602 0.991264
vt 0.912109 0.993954
vt 0.947754 0.461426
vt 0.945312 0.474121
vt 0.914551 0.477051
vt 0.829102 0.816528
vt 0.826660 0.808594
vt 0.383789 0.088867
vt 0.389404 0.087402
vt 0.915527 0.202148
vt 0.920898 0.206055
vt 0.527832 0.183105
vt 0.985352 0.339844
vt 0.992676 0.337891
vt 0.997559 0.340820
vt 0.146118 0.223145
vt 0.348633 0.544189
vt 0.338867 0.543945
vt 0.273682 0.742920
vt 0.472900 0.669189
vt 0.964355 0.311035
vt 0.121948 0.760010
vt 0.101746 0.068359
vt 0.019211 0.121582
vt 0.097900 0.046387
vt 0.910645 0.345215
vt 0.899414 0.359863
vt 0.448486 0.056641
vt 0.435059 0.060059
vt 0.437988 0.043457
vt 0.729492 0.169434
vt 0.730469 0.179199
vt 0.425293 0.451172
vt 0.472656 0.206055
vt 0.460938 0.184570
vt 0.806641 0.804688
vt 0.691895 0.488281
vt 0.252686 0.310059
vt 0.705566 0.075195
vt 0.696777 0.066895
vt 0.299316 0.782349
vt 0.804199 0.851318
vt 0.785645 0.848022
vt 0.802246 0.849121
vt 0.109436 0.687744
vt 0.109863 0.658203
vt 0.110535 0.693604
vt 0.475342 0.423828
vt 0.014519 0.991570
vt 0.001135 0.988861
vt 0.001135 0.968079
vt 0.773438 0.063965
vt 0.958984 0.164551
vt 0.866211 0.813354
vt 0.097534 0.554688
vt 0.098938 0.562500
vt 0.091248 0.566406
vt 0.142090 0.734131
vt 0.758301 0.129883
vt 0.568848 0.418457
vt 0.568359 0.407715
vt 0.521973 0.243652
vt 0.514648 0.234375
vt 0.530273 0.233398
vt 0.363770 0.728760
vt 0.375244 0.727539
vt 0.086121 0.853149
vt 0.089661 0.855225
vt 0.286133 0.308594
vt 0.271973 0.289551
vt 0.288086 0.293945
vt 0.862305 0.875000
vt 0.663574 0.878845
vt 0.661621 0.876953
vt 0.523926 0.557129
vt 0.530273 0.679688
vt 0.298096 0.174316
vt 0.100220 0.882751
vt 0.596191 0.534912
vt 0.592773 0.531494
vt 0.413818 0.970520
vt 0.009995 0.189941
vt 0.012131 0.198730
vt 0.009521 0.222656
vt 0.819336 0.988640
vt 0.442627 0.498047
vt 0.440186 0.488281
vt 0.552734 0.061523
vt 0.424072 0.622070
vt 0.801270 0.012207
vt 0.803223 0.009766
vt 0.809570 0.014648
vt 0.711914 0.601562
vt 0.455322 0.869995
vt 0.464600 0.848511
vt 0.154785 0.953583
vt 0.169067 0.954620
vt 0.160645 0.962830
vt 0.066589 0.968842
vt 0.069153 0.958038
vt 0.258789 0.260254
vt 0.802246 0.628906
vt 0.791504 0.621582
vt 0.798828 0.623291
vt 0.681641 0.871704
vt 0.866211 0.593750
vt 0.572266 0.855957
vt 0.557129 0.861572
vt 0.318848 0.251465
vt 0.348877 0.252930
vt 0.411865 0.611572
vt 0.141724 0.060059
vt 0.148438 0.055176
vt 0.817383 0.825928
vt 0.293213 0.783569
vt 0.429932 0.820801
vt 0.415771 0.822754
vt 0.420410 0.812744
vt 0.186768 0.743652
vt 0.632812 0.243652
vt 0.461426 0.202148
vt 0.234131 0.027344
vt 0.237183 0.023926
vt 0.247803 0.029297
vt 0.504883 0.992695
vt 0.495605 0.986961
vt 0.504883 0.979904
vt 0.668945 0.184082
vt 0.144897 0.719238
vt 0.143799 0.716797
vt 0.872559 0.128906
vt 0.464600 0.763916
vt 0.286377 0.901001
vt 0.554199 0.389160
vt 0.560059 0.401367
vt 0.549805 0.395508
vt 0.520996 0.644043
vt 0.638672 0.233398
vt 0.299316 0.967041
vt 0.302490 0.976166
vt 0.627441 0.385254
vt 0.633789 0.412109
vt 0.626953 0.408691
vt 0.770996 0.773926
vt 0.057159 0.270508
vt 0.083618 0.266602
vt 0.057281 0.280273
vt 0.214966 0.990219
vt 0.212769 0.994049
vt 0.212646 0.982819
vt 0.782715 0.466309
vt 0.636719 0.938446
vt 0.632812 0.936096
vt 0.654297 0.940582
vt 0.822754 0.702637
vt 0.872559 0.886780
vt 0.874023 0.893433
vt 0.862793 0.885437
vt 0.484619 0.487305
vt 0.426025 0.709473
vt 0.759766 0.073242
vt 0.771973 0.075684
vt 0.165039 0.628418
vt 0.174194 0.621826
vt 0.625977 0.939423
vt 0.625977 0.937317
vt 0.978516 0.434082
vt 0.971680 0.412598
vt 0.982910 0.424316
vt 0.112000 0.936157
vt 0.464111 0.090820
vt 0.458984 0.096191
vt 0.452393 0.089355
vt 0.729980 0.863281
vt 0.740234 0.856079
vt 0.289062 0.755859
vt 0.279297 0.757568
vt 0.282959 0.744141
vt 0.488281 0.572021
vt 0.478271 0.570312
vt 0.350830 0.090332
vt 0.051880 0.341797
vt 0.065186 0.336914
vt 0.075439 0.339355
vt 0.473389 0.286621
vt 0.470215 0.275879
vt 0.477783 0.287109
vt 0.022537 0.045898
vt 0.044006 0.047852
vt 0.281250 0.489746
vt 0.869629 0.730469
vt 0.048676 0.115234
vt 0.904785 0.880859
vt 0.459229 0.724609
vt 0.462402 0.719482
vt 0.816406 0.908264
vt 0.821289 0.919128
vt 0.808594 0.815796
vt 0.840332 0.718506
vt 0.066589 0.654785
vt 0.068054 0.670166
vt 0.064087 0.664795
vt 0.776855 0.877075
vt 0.783691 0.873657
vt 0.859375 0.584473
vt 0.843262 0.584717
vt 0.266846 0.334473
vt 0.433838 0.284668
vt 0.340820 0.008789
vt 0.337402 0.006836
vt 0.163086 0.022461
vt 0.165649 0.030273
vt 0.161499 0.023438
vt 0.868164 0.026367
vt 0.875488 0.002930
vt 0.887207 0.023438
vt 0.326660 0.732910
vt 0.285400 0.160156
vt 0.711426 0.790527
vt 0.722168 0.559814
vt 0.762695 0.681396
vt 0.160278 0.927673
vt 0.164307 0.922241
vt 0.192139 0.928894
vt 0.605957 0.899109
vt 0.309326 0.736084
vt 0.304688 0.724609
vt 0.312744 0.725342
vt 0.009529 0.657227
vt 0.189697 0.655273
vt 0.981445 0.577881
vt 0.734863 0.661865
vt 0.088440 0.895691
vt 0.095520 0.891663
vt 0.063110 0.898254
vt 0.984375 0.843262
vt 0.498047 0.993587
vt 0.821777 0.579102
vt 0.697754 0.513916
vt 0.698730 0.520996
vt 0.687500 0.522705
vt 0.952637 0.698242
vt 0.606445 0.460938
vt 0.965332 0.857178
vt 0.531250 0.101562
vt 0.380615 0.903809
vt 0.378662 0.049805
vt 0.360352 0.049316
vt 0.362305 0.047363
vt 0.260254 0.792236
vt 0.276367 0.796509
vt 0.764648 0.588135
vt 0.763672 0.593506
vt 0.508789 0.666748
vt 0.351318 0.916626
vt 0.332520 0.907593
vt 0.604004 0.926025
vt 0.627930 0.928711
vt 0.436279 0.255859
vt 0.521484 0.706299
vt 0.536133 0.712402
vt 0.538086 0.717529
vt 0.793945 0.671875
vt 0.447998 0.035156
vt 0.703613 0.328125
vt 0.698242 0.333008
vt 0.113708 0.854736
vt 0.356201 0.881287
vt 0.972168 0.670654
vt 0.731445 0.988235
vt 0.727051 0.994045
vt 0.727051 0.988556
vt 0.676270 0.100586
vt 0.284180 0.958466
vt 0.588867 0.186523
vt 0.209595 0.477051
vt 0.919922 0.211426
vt 0.407227 0.662598
vt 0.367676 0.662109
vt 0.452393 0.928101
vt 0.345459 0.824219
vt 0.184082 0.511475
vt 0.188599 0.519775
vt 0.174438 0.518311
vt 0.987793 0.525635
vt 0.937500 0.726074
vt 0.719727 0.998526
vt 0.759277 0.031250
vt 0.772949 0.034180
vt 0.584473 0.046387
vt 0.328125 0.448730
vt 0.961426 0.815063
vt 0.536133 0.436035
vt 0.461426 0.401367
vt 0.459961 0.409668
vt 0.885742 0.649414
vt 0.163330 0.470703
vt 0.147583 0.484375
vt 0.159424 0.469727
vt 0.502441 0.410156
vt 0.511719 0.412598
vt 0.502441 0.416504
vt 0.185791 0.240234
vt 0.187622 0.226074
vt 0.437988 0.907227
vt 0.667969 0.208008
vt 0.144531 0.941650
vt 0.144043 0.947662
vt 0.675781 0.617676
vt 0.922852 0.223145
vt 0.366455 0.390625
vt 0.382324 0.392578
vt 0.141235 0.144531
vt 0.132812 0.142578
vt 0.236084 0.123047
vt 0.927734 0.208984
vt 0.957031 0.974442
vt 0.995117 0.325684
vt 0.990234 0.328125
vt 0.982422 0.325684
vt 0.122192 0.058105
vt 0.111877 0.067871
vt 0.666016 0.910034
vt 0.121582 0.387207
vt 0.662598 0.216797
vt 0.851562 0.329102
vt 0.848633 0.346191
vt 0.971191 0.435547
vt 0.073425 0.978729
vt 0.403809 0.692383
vt 0.424072 0.663086
vt 0.086121 0.714111
vt 0.159790 0.478516
vt 0.141113 0.498535
vt 0.631836 0.682861
vt 0.620117 0.691406
vt 0.012161 0.374512
vt 0.007843 0.376953
vt 0.539551 0.107422
vt 0.355713 0.218262
vt 0.179321 0.761841
vt 0.186279 0.774780
vt 0.185669 0.789062
vt 0.599609 0.112793
vt 0.358154 0.367188
vt 0.351807 0.376465
vt 0.348145 0.342285
vt 0.907227 0.197266
vt 0.814453 0.684570
vt 0.377930 0.833374
vt 0.776855 0.587891
vt 0.773926 0.577393
vt 0.979980 0.038574
vt 0.983398 0.040039
vt 0.091980 0.680420
vt 0.084534 0.664551
vt 0.235962 0.491211
vt 0.233521 0.499023
vt 0.508301 0.647705
vt 0.553223 0.931335
vt 0.560547 0.914734
vt 0.977051 0.614990
vt 0.977051 0.609131
vt 0.053192 0.885132
vt 0.051453 0.879517
vt 0.881836 0.477539
vt 0.876465 0.452637
vt 0.891602 0.477539
vt 0.932129 0.370117
vt 0.954590 0.380859
vt 0.696777 0.156250
vt 0.980957 0.900696
vt 0.988281 0.895691
vt 0.986816 0.920227
vt 0.941406 0.646729
vt 0.941895 0.650879
vt 0.202515 0.096680
vt 0.693359 0.054688
vt 0.345459 0.162109
vt 0.501465 0.041992
vt 0.649902 0.069336
vt 0.414307 0.378418
vt 0.405518 0.383789
vt 0.408936 0.368652
vt 0.983398 0.883423
vt 0.987793 0.886169
vt 0.984863 0.893982
vt 0.574219 0.986092
vt 0.142700 0.207031
vt 0.140015 0.208008
vt 0.142944 0.193359
vt 0.114319 0.045898
vt 0.119080 0.043457
vt 0.920898 0.076172
vt 0.665527 0.884094
vt 0.674805 0.875732
vt 0.678223 0.878967
vt 0.741211 0.982452
vt 0.143555 0.137695
vt 0.153809 0.129883
vt 0.714355 0.450684
vt 0.898438 0.135742
vt 0.559082 0.252441
vt 0.508789 0.207031
vt 0.157104 0.915283
vt 0.157837 0.923462
vt 0.177124 0.006836
vt 0.190552 0.005859
vt 0.200684 0.008789
vt 0.174805 0.009277
vt 0.711914 0.962921
vt 0.343018 0.529053
vt 0.378174 0.591553
vt 0.371826 0.595703
vt 0.355957 0.246582
vt 0.734863 0.387207
vt 0.881836 0.255859
vt 0.882324 0.268066
vt 0.878906 0.261719
vt 0.319580 0.306641
vt 0.211182 0.008301
vt 0.195435 0.003906
vt 0.221802 0.005371
vt 0.488770 0.391602
vt 0.506348 0.403809
vt 0.149902 0.813232
vt 0.213989 0.738770
vt 0.221069 0.753174
vt 0.144653 0.961517
vt 0.380127 0.291992
vt 0.729980 0.512207
vt 0.724609 0.522705
vt 0.717285 0.511963
vt 0.553223 0.895203
vt 0.532715 0.899536
vt 0.639648 0.888123
vt 0.646484 0.884949
vt 0.194336 0.900452
vt 0.189087 0.898621
vt 0.776367 0.566162
vt 0.356201 0.750000
vt 0.194702 0.666992
vt 0.877930 0.096191
vt 0.896973 0.098633
vt 0.570801 0.423340
vt 0.560547 0.419922
vt 0.601074 0.687744
vt 0.521973 0.462402
vt 0.514648 0.473145
vt 0.555664 0.069824
vt 0.064941 0.943787
vt 0.066101 0.946411
vt 0.056122 0.955902
vt 0.353027 0.241211
vt 0.208618 0.015625
vt 0.212646 0.014160
vt 0.065308 0.576416
vt 0.831543 0.341797
vt 0.837402 0.325684
vt 0.669434 0.753296
vt 0.680664 0.239258
vt 0.605957 0.308105
vt 0.656738 0.748535
vt 0.546875 0.975128
vt 0.539062 0.988136
vt 0.934082 0.091309
vt 0.944824 0.071289
vt 0.944336 0.087402
vt 0.322266 0.998415
vt 0.321289 0.990448
vt 0.967285 0.898254
vt 0.835449 0.822876
vt 0.837402 0.820557
vt 0.082275 0.100098
vt 0.077698 0.098145
vt 0.483398 0.112305
vt 0.471191 0.092285
vt 0.902832 0.819946
vt 0.895020 0.823730
vt 0.342285 0.339355
vt 0.692383 0.802612
vt 0.680664 0.800293
vt 0.385498 0.785400
vt 0.233887 0.034180
vt 0.965820 0.364258
vt 0.966309 0.359863
vt 0.988281 0.362793
vt 0.580078 0.851196
vt 0.573730 0.844116
vt 0.284180 0.218262
vt 0.292480 0.223145
vt 0.711426 0.822021
vt 0.712891 0.837158
vt 0.863281 0.532715
vt 0.058533 0.238281
vt 0.081787 0.249023
vt 0.701172 0.821899
vt 0.700684 0.810425
vt 0.388428 0.043457
vt 0.198242 0.918884
vt 0.207520 0.914795
vt 0.435791 0.442871
vt 0.035187 0.093750
vt 0.447266 0.860229
vt 0.332520 0.288574
vt 0.825195 0.313477
vt 0.518555 0.551025
vt 0.833008 0.098145
vt 0.838867 0.109375
vt 0.336182 0.456543
vt 0.336670 0.459473
vt 0.544922 0.638184
vt 0.521973 0.651123
vt 0.521973 0.645752
vt 0.845703 0.541504
vt 0.656250 0.473633
vt 0.666992 0.483398
vt 0.657715 0.490234
vt 0.252197 0.975204
vt 0.446289 0.676025
vt 0.473145 0.617920
vt 0.126831 0.562988
vt 0.130249 0.556885
vt 0.236084 0.585205
vt 0.553711 0.230957
vt 0.580078 0.738037
vt 0.586426 0.740479
vt 0.447021 0.756958
vt 0.680664 0.263672
vt 0.806641 0.771973
vt 0.804199 0.763062
vt 0.203491 0.543701
vt 0.013626 0.823364
vt 0.015137 0.823730
vt 0.013626 0.854248
vt 0.075134 0.898193
vt 0.709961 0.524170
vt 0.709473 0.989532
vt 0.958008 0.426270
vt 0.925781 0.100586
vt 0.978516 0.452637
vt 0.984863 0.458984
vt 0.267090 0.618408
vt 0.676758 0.981094
vt 0.943359 0.365723
vt 0.320312 0.825928
vt 0.339355 0.831055
vt 0.285156 0.830566
vt 0.439453 0.934753
vt 0.002392 0.732178
vt 0.000214 0.706543
vt 0.005402 0.724854
vt 0.115662 0.020508
vt 0.117798 0.016113
vt 0.884766 0.943359
vt 0.902832 0.941803
vt 0.655762 0.996122
vt 0.647949 0.992577
vt 0.123840 0.976624
vt 0.972656 0.959320
vt 0.220947 0.079102
vt 0.116455 0.642822
vt 0.114929 0.650635
vt 0.860840 0.503662
vt 0.857910 0.527344
vt 0.162720 0.401855
vt 0.155273 0.405762
vt 0.077271 0.933960
vt 0.082703 0.282227
vt 0.334717 0.926636
vt 0.172974 0.488770
vt 0.568359 0.883301
vt 0.070984 0.751221
vt 0.951660 0.789795
vt 0.906250 0.322754
vt 0.489258 0.962311
vt 0.535156 0.596680
vt 0.647461 0.947632
vt 0.634766 0.947815
vt 0.721191 0.438965
vt 0.924805 0.718506
vt 0.910156 0.713623
vt 0.920898 0.708496
vt 0.533691 0.915833
vt 0.532227 0.931885
vt 0.732910 0.284180
vt 0.718750 0.283691
vt 0.332520 0.901489
vt 0.052612 0.081543
vt 0.848633 0.109375
vt 0.071350 0.833374
vt 0.195312 0.549316
vt 0.185669 0.554199
vt 0.850586 0.176270
vt 0.852539 0.173828
vt 0.861816 0.177246
vt 0.004154 0.118652
vt 0.004677 0.093750
vt 0.907715 0.455566
vt 0.725586 0.034180
vt 0.712402 0.031738
vt 0.739258 0.023926
vt 0.587402 0.512939
vt 0.830078 0.524170
vt 0.273193 0.275879
vt 0.291504 0.272461
vt 0.078613 0.378418
vt 0.137939 0.706299
vt 0.909668 0.760864
vt 0.914062 0.759277
vt 0.809570 0.933594
vt 0.758301 0.281250
vt 0.996094 0.931335
vt 0.999512 0.925415
vt 0.998535 0.943695
vt 0.617188 0.232422
vt 0.070984 0.903259
vt 0.224121 0.543945
vt 0.166260 0.197754
vt 0.544922 0.936401
vt 0.555176 0.921997
vt 0.500488 0.565430
vt 0.493164 0.569092
vt 0.788086 0.120605
vt 0.766602 0.286133
vt 0.068237 0.694092
vt 0.106201 0.270996
vt 0.104370 0.269043
vt 0.122375 0.271973
vt 0.740723 0.888550
vt 0.136108 0.714600
vt 0.144897 0.708252
vt 0.929199 0.172363
vt 0.928711 0.168945
vt 0.724121 0.036621
vt 0.140381 0.368652
vt 0.133667 0.379395
vt 0.539551 0.489258
vt 0.549805 0.493164
vt 0.545898 0.829102
vt 0.109497 0.235840
vt 0.179688 0.219238
vt 0.252441 0.980377
vt 0.215088 0.981720
vt 0.606445 0.786499
vt 0.072510 0.062500
vt 0.388428 0.516113
vt 0.387451 0.506104
vt 0.391113 0.503662
vt 0.191772 0.819946
vt 0.234009 0.108887
vt 0.238159 0.111816
vt 0.233032 0.118164
vt 0.338867 0.871094
vt 0.936523 0.066406
vt 0.944336 0.055176
vt 0.139893 0.238770
vt 0.184814 0.817383
vt 0.820801 0.009766
vt 0.817871 0.012695
vt 0.144043 0.563721
vt 0.555176 0.645020
vt 0.561523 0.652832
vt 0.542969 0.655273
vt 0.893066 0.705322
vt 0.883789 0.683594
vt 0.233521 0.478516
vt 0.759766 0.358398
vt 0.835449 0.462402
vt 0.839844 0.472168
vt 0.832031 0.475586
vt 0.454590 0.245117
vt 0.454102 0.238281
vt 0.467773 0.249023
vt 0.730469 0.374512
vt 0.202759 0.487305
vt 0.202881 0.495605
vt 0.724121 0.506104
vt 0.349121 0.815308
vt 0.335205 0.128906
vt 0.321045 0.130371
vt 0.418701 0.653564
vt 0.858398 0.739990
vt 0.466553 0.720459
vt 0.558105 0.846069
vt 0.230835 0.200684
vt 0.807617 0.352051
vt 0.156738 0.450684
vt 0.155151 0.459473
vt 0.184082 0.084961
vt 0.705078 0.497559
vt 0.885742 0.324219
vt 0.818848 0.389648
vt 0.363037 0.425293
vt 0.354980 0.418457
vt 0.679199 0.194824
vt 0.073242 0.151367
vt 0.068359 0.158203
vt 0.406982 0.059570
vt 0.402100 0.065918
vt 0.397461 0.068359
vt 0.056122 0.196777
vt 0.063477 0.207031
vt 0.524414 0.687012
vt 0.475098 0.238770
vt 0.485352 0.242676
vt 0.477295 0.249023
vt 0.682617 0.587402
vt 0.668945 0.580322
vt 0.080017 0.627197
vt 0.086182 0.637451
vt 0.099915 0.796631
vt 0.101196 0.826538
vt 0.567383 0.705322
vt 0.742676 0.673828
vt 0.849609 0.312988
vt 0.858398 0.312500
vt 0.588379 0.986404
vt 0.030762 0.540771
vt 0.030762 0.509033
vt 0.032227 0.501465
vt 0.558105 0.759888
vt 0.587402 0.747070
vt 0.907715 0.834106
vt 0.005829 0.380859
vt 0.393066 0.725586
vt 0.749512 0.641602
vt 0.050018 0.188477
vt 0.051514 0.187012
vt 0.816895 0.901062
vt 0.574219 0.088379
vt 0.586426 0.078125
vt 0.736328 0.270996
vt 0.210815 0.734619
vt 0.220459 0.738770
vt 0.604004 0.882141
vt 0.602539 0.875671
vt 0.618652 0.877930
vt 0.717285 0.645264
vt 0.161255 0.518799
vt 0.283936 0.845337
vt 0.270508 0.836304
vt 0.435059 0.776367
vt 0.897949 0.469238
vt 0.900879 0.458984
vt 0.905273 0.470215
vt 0.905762 0.940948
vt 0.033569 0.993839
vt 0.050598 0.993839
vt 0.035828 0.999764
vt 0.549805 0.199707
vt 0.565918 0.209473
vt 0.219238 0.627197
vt 0.215332 0.640625
vt 0.526367 0.134766
vt 0.501465 0.578857
vt 0.613770 0.039062
vt 0.652344 0.073242
vt 0.372803 0.852661
vt 0.376709 0.836670
vt 0.016388 0.049316
vt 0.363525 0.011230
vt 0.502930 0.060059
vt 0.085876 0.144531
vt 0.461182 0.263184
vt 0.152954 0.893311
vt 0.597168 0.168457
vt 0.444092 0.934631
vt 0.936523 0.266602
vt 0.539062 0.416016
vt 0.006653 0.418457
vt 0.009071 0.451660
vt 0.002123 0.449219
vt 0.515625 0.509521
vt 0.593750 0.047852
vt 0.104675 0.995850
vt 0.084290 0.996593
vt 0.093750 0.994755
vt 0.799316 0.471680
vt 0.808105 0.468750
vt 0.807617 0.476074
vt 0.804199 0.521484
vt 0.236938 0.331055
vt 0.697266 0.786499
vt 0.008888 0.739502
vt 0.606445 0.133789
vt 0.736328 0.700684
vt 0.730469 0.699463
vt 0.856445 0.338379
vt 0.864258 0.326172
vt 0.663574 0.049805
vt 0.604980 0.525635
vt 0.617676 0.523438
vt 0.608887 0.529297
vt 0.093689 0.853149
vt 0.285400 0.204102
vt 0.349609 0.529297
vt 0.348633 0.526855
vt 0.361816 0.528320
vt 0.867676 0.049805
vt 0.115112 0.985229
vt 0.109009 0.817993
vt 0.011635 0.018555
vt 0.005032 0.018555
vt 0.011703 0.017578
vt 0.142456 0.839478
vt 0.140625 0.833252
vt 0.373291 0.085938
vt 0.517090 0.210938
vt 0.532227 0.199707
vt 0.270264 0.958374
vt 0.037109 0.441895
vt 0.095642 0.465820
vt 0.080933 0.445801
vt 0.620605 0.985420
vt 0.635254 0.986252
vt 0.219116 0.243652
vt 0.607422 0.080566
vt 0.367432 0.899902
vt 0.365967 0.902649
vt 0.365234 0.900085
vt 0.193848 0.214355
vt 0.381592 0.970795
vt 0.381348 0.972397
vt 0.709473 0.160156
vt 0.721680 0.290527
vt 0.187744 0.197754
vt 0.176636 0.211426
vt 0.176392 0.197266
vt 0.187134 0.496094
vt 0.296631 0.241699
vt 0.549805 0.288574
vt 0.546387 0.281250
vt 0.553223 0.283691
vt 0.025146 0.886108
vt 0.028717 0.870239
vt 0.041382 0.878174
vt 0.395020 0.377930
vt 0.411865 0.061035
vt 0.790527 0.228027
vt 0.144531 0.362305
vt 0.150146 0.371094
vt 0.199463 0.222656
vt 0.219482 0.559570
vt 0.350586 0.434570
vt 0.872070 0.869751
vt 0.279785 0.092285
vt 0.861328 0.750610
vt 0.858398 0.776001
vt 0.931641 0.048340
vt 0.936035 0.036133
vt 0.117676 0.926819
vt 0.719238 0.366699
vt 0.725098 0.361328
vt 0.963867 0.441406
vt 0.614258 0.746338
vt 0.616211 0.726074
vt 0.716797 0.739746
vt 0.211670 0.244629
vt 0.821289 0.012207
vt 0.575684 0.955841
vt 0.580566 0.951416
vt 0.593750 0.957611
vt 0.773438 0.018555
vt 0.191162 0.571533
vt 0.639648 0.139160
vt 0.785156 0.024414
vt 0.786133 0.037109
vt 0.779297 0.012207
vt 0.348145 0.799072
vt 0.350098 0.805786
vt 0.770508 0.828979
vt 0.787598 0.836792
vt 0.295654 0.886658
vt 0.285156 0.018555
vt 0.255127 0.018555
vt 0.196655 0.372070
vt 0.207031 0.364746
vt 0.197876 0.622559
vt 0.926758 0.001953
vt 0.919434 0.001953
vt 0.925781 0.000488
vt 0.864746 0.975510
vt 0.865234 0.983109
vt 0.860352 0.972412
vt 0.094543 0.821411
vt 0.056335 0.822754
vt 0.686523 0.858398
vt 0.853516 0.938507
vt 0.898438 0.937897
vt 0.867676 0.939728
vt 0.678223 0.231934
vt 0.937012 0.100098
vt 0.120544 0.065430
vt 0.503418 0.924133
vt 0.502930 0.917480
vt 0.508301 0.925110
vt 0.284424 0.228516
vt 0.480469 0.284180
vt 0.567383 0.030273
vt 0.067078 0.084961
vt 0.065674 0.069824
vt 0.839844 0.743164
vt 0.832520 0.745850
vt 0.605469 0.557861
vt 0.783203 0.990479
vt 0.697754 0.535889
vt 0.703125 0.523926
vt 0.893555 0.261719
vt 0.888672 0.252930
vt 0.650879 0.631592
vt 0.628418 0.841431
vt 0.197266 0.013672
vt 0.421387 0.351074
vt 0.277588 0.617676
vt 0.670898 0.997417
vt 0.670898 0.980438
vt 0.679688 0.990334
vt 0.891113 0.591553
vt 0.333496 0.853027
vt 0.930176 0.001465
vt 0.072571 0.587158
vt 0.088074 0.603760
vt 0.484863 0.833374
vt 0.478271 0.836426
vt 0.475830 0.829834
vt 0.779785 0.962006
vt 0.808594 0.962585
vt 0.803223 0.965546
vt 0.645996 0.369141
vt 0.130127 0.950104
vt 0.118774 0.945038
vt 0.083130 0.981995
vt 0.071472 0.981964
vt 0.487793 0.514404
vt 0.279297 0.108887
vt 0.493164 0.744385
vt 0.982422 0.656982
vt 1.000000 0.656982
vt 0.992188 0.673584
vt 0.252930 0.908447
vt 0.958984 0.716064
vt 0.048737 0.666016
vt 0.032104 0.670654
vt 0.401855 0.388672
vt 0.402832 0.404297
vt 0.453369 0.542236
vt 0.460693 0.534180
vt 0.098328 0.846802
vt 0.112671 0.845947
vt 0.113220 0.850220
vt 0.768555 0.364746
vt 0.646484 0.908752
vt 0.920898 0.315430
vt 0.910156 0.325195
vt 0.028091 0.119629
vt 0.069519 0.529297
vt 0.893066 0.159668
vt 0.702148 0.870239
vt 0.693359 0.883728
vt 0.694824 0.879211
vt 0.087585 0.330566
vt 0.361816 0.806519
vt 0.429932 0.371582
vt 0.462891 0.129395
vt 0.475098 0.123047
vt 0.396973 0.126465
vt 0.389648 0.137695
vt 0.382568 0.137207
vt 0.030182 0.607666
vt 0.768066 0.686523
vt 0.765625 0.687500
vt 0.618652 0.585693
vt 0.621582 0.607178
vt 0.389648 0.863770
vt 0.388916 0.883667
vt 0.886719 0.552490
vt 0.872559 0.545166
vt 0.875488 0.330078
vt 0.878418 0.331543
vt 0.560059 0.164551
vt 0.619141 0.412598
vt 0.608398 0.414062
vt 0.095520 0.189453
vt 0.103577 0.727539
vt 0.084290 0.734863
vt 0.737793 0.657959
vt 0.737793 0.663818
vt 0.992188 0.464355
vt 0.991211 0.455566
vt 0.911621 0.465820
vt 0.043060 0.571533
vt 0.038025 0.553711
vt 0.040710 0.549316
vt 0.170410 0.231934
vt 0.173340 0.238770
vt 0.697266 0.890442
vt 0.704590 0.880981
vt 0.697266 0.893188
vt 0.672852 0.192383
vt 0.955566 0.953339
vt 0.860840 0.961792
vt 0.863281 0.967651
vt 0.872559 0.267578
vt 0.860840 0.266602
vt 0.867676 0.260742
vt 0.065552 0.717529
vt 0.889160 0.830322
vt 0.238403 0.240723
vt 0.400635 0.056152
vt 0.398193 0.064453
vt 0.559082 0.870483
vt 0.914551 0.494629
vt 0.889160 0.480469
vt 0.251709 0.262695
vt 0.804688 0.006836
vt 0.808105 0.002441
vt 0.812012 0.012207
vt 0.104736 0.045898
vt 0.989746 0.073730
vt 0.988281 0.081543
vt 0.987305 0.073730
vt 0.029556 0.861328
vt 0.336914 0.151855
vt 0.046692 0.430664
vt 0.044373 0.441895
vt 0.213745 0.385254
vt 0.222290 0.391113
vt 0.166260 0.965515
vt 0.988281 0.950012
vt 0.988281 0.971741
vt 0.982422 0.958160
vt 0.911621 0.393555
vt 0.097290 0.622314
vt 0.145752 0.266602
vt 0.212769 0.364746
vt 0.383545 0.516357
vt 0.478027 0.352539
vt 0.481445 0.353027
vt 0.715332 0.985275
vt 0.713379 0.984375
vt 0.670410 0.900024
vt 0.999023 0.498535
vt 0.993652 0.503662
vt 0.991699 0.502686
vt 0.199707 0.187012
vt 0.954590 0.977554
vt 0.082581 0.095703
vt 0.088867 0.092773
vt 0.633789 0.668945
vt 0.435303 0.385742
vt 0.424316 0.389160
vt 0.943359 0.720459
vt 0.795898 0.634766
vt 0.691895 0.115234
vt 0.075806 0.284180
vt 0.873047 0.146973
vt 0.869629 0.160156
vt 0.446289 0.501465
vt 0.842285 0.195312
vt 0.841797 0.194336
vt 0.853516 0.190430
vt 0.568359 0.121582
vt 0.948242 0.773193
vt 0.952148 0.764648
vt 0.949707 0.787720
vt 0.179810 0.554688
vt 0.184692 0.558838
vt 0.315430 0.073242
vt 0.941895 0.333984
vt 0.946777 0.339844
vt 0.993652 0.153809
vt 0.995605 0.174316
vt 0.988281 0.153809
vt 0.963379 0.022461
vt 0.984375 0.016602
vt 0.351807 0.039551
vt 0.322510 0.039551
vt 0.340088 0.013672
vt 0.458008 0.943817
vt 0.587402 0.525391
vt 0.304199 0.609375
vt 0.304199 0.581299
vt 0.308594 0.611816
vt 0.921875 0.253418
vt 0.667969 0.865723
vt 0.466309 0.113281
vt 0.543945 0.921387
vt 0.550293 0.914917
vt 0.544922 0.926941
vt 0.001982 0.660645
vt 0.004349 0.660889
vt 0.965820 0.011719
vt 0.906250 0.968262
vt 0.906738 0.986122
vt 0.267822 0.432129
vt 0.359131 0.871704
vt 0.160156 0.414062
vt 0.946289 0.700928
vt 0.361084 0.144043
vt 0.350098 0.142578
vt 0.056396 0.798706
vt 0.504395 0.949188
vt 0.492920 0.948334
vt 0.127441 0.714355
vt 0.124451 0.707275
vt 0.327393 0.134277
vt 0.113281 0.953278
vt 0.985840 0.118164
vt 0.552734 0.590576
vt 0.684570 0.710205
vt 0.460693 0.707275
vt 0.690430 0.049316
vt 0.591309 0.405273
vt 0.602051 0.401367
vt 0.590332 0.409180
vt 0.270752 0.833618
vt 0.241821 0.832153
vt 0.030029 0.248047
vt 0.035217 0.240723
vt 0.038330 0.279297
vt 0.130005 0.018066
vt 0.146484 0.658691
vt 0.043182 0.708984
vt 0.005512 0.946381
vt 0.396240 0.776733
vt 0.680176 0.050781
vt 0.633301 0.195801
vt 0.311035 0.853394
vt 0.282959 0.840576
vt 0.311768 0.833252
vt 0.360840 0.244141
vt 0.368652 0.234375
vt 0.606445 0.159668
vt 0.611328 0.149902
vt 0.157227 0.669189
vt 0.149292 0.672119
vt 0.189209 0.793579
vt 0.307861 0.645264
vt 0.613281 0.212891
vt 0.603027 0.391602
vt 0.979004 0.095215
vt 0.966309 0.082520
vt 0.634766 0.827026
vt 0.619629 0.822510
vt 0.647949 0.814697
vt 0.891602 0.002930
vt 0.811035 0.586914
vt 0.800293 0.560303
vt 0.983398 0.639648
vt 0.988770 0.641846
vt 0.973633 0.642334
vt 0.151855 0.633057
vt 0.712402 0.364258
vt 0.705566 0.748779
vt 0.693359 0.752319
vt 0.508301 0.990410
vt 0.509277 0.985985
vt 0.516113 0.971313
vt 0.518555 0.970718
vt 0.765137 0.456055
vt 0.756836 0.461914
vt 0.853027 0.165527
vt 0.865234 0.168457
vt 0.396484 0.149902
vt 0.391113 0.153320
vt 0.387939 0.150391
vt 0.042023 0.821289
vt 0.053253 0.818848
vt 0.713867 0.980194
vt 0.728516 0.986160
vt 0.932617 0.014648
vt 0.361572 0.666260
vt 0.154663 0.961456
vt 0.508789 0.915100
vt 0.512207 0.923523
vt 0.121826 0.200195
vt 0.365234 0.187012
vt 0.788086 0.579834
vt 0.177124 0.385254
vt 0.171265 0.387207
vt 0.164551 0.361328
vt 1.000000 0.941040
vt 0.491943 0.002441
vt 0.908203 0.244141
vt 0.751953 0.508301
vt 0.766602 0.499023
vt 0.334717 0.415039
vt 0.045013 0.107910
vt 0.033356 0.109863
vt 0.411621 0.825562
vt 0.409912 0.833984
vt 0.385498 0.833984
vt 0.092041 0.734863
vt 0.205078 0.522705
vt 0.500488 0.316895
vt 0.514648 0.291992
vt 0.514648 0.301270
vt 0.756836 0.685791
vt 0.127686 0.070312
vt 0.971191 0.406250
vt 0.864746 0.192383
vt 0.857422 0.190430
vt 0.441650 0.087402
vt 0.441406 0.071289
vt 0.448242 0.068848
vt 0.113586 0.583740
vt 0.097717 0.597656
vt 0.233521 0.531982
vt 0.440674 0.589844
vt 0.381836 0.949829
vt 0.380859 0.938141
vt 0.488037 0.827026
vt 0.519531 0.825073
vt 0.544922 0.532471
vt 0.966309 0.607178
vt 0.590820 0.843750
vt 0.497803 0.116211
vt 0.481689 0.125977
vt 0.477051 0.114258
vt 0.071838 0.930603
vt 0.715820 0.838989
vt 0.765137 0.840210
vt 0.531250 0.381836
vt 0.547363 0.571289
vt 0.136475 0.003906
vt 0.136719 0.011230
vt 0.133911 0.012695
vt 0.346680 0.743164
vt 0.363037 0.540527
vt 0.356689 0.542725
vt 0.691895 0.531250
vt 0.603027 0.982849
vt 0.232910 0.039551
vt 0.444336 0.587646
vt 0.447754 0.600342
vt 0.255371 0.777710
vt 0.264648 0.778076
vt 0.883789 0.515625
vt 0.875488 0.807861
vt 0.096375 0.972305
vt 0.100891 0.957153
vt 0.312744 0.114746
vt 0.298340 0.114258
vt 0.170532 0.645508
vt 0.184570 0.641846
vt 0.188599 0.648926
vt 0.998047 0.172852
vt 1.000000 0.171875
vt 1.000000 0.185059
vt 0.978516 0.124512
vt 0.490479 0.298828
vt 0.762695 0.020508
vt 0.762207 0.809448
vt 0.767090 0.808350
vt 0.973145 0.257812
vt 0.568848 0.052734
vt 0.069519 0.872803
vt 0.817383 0.960541
vt 0.923828 0.730225
vt 0.907715 0.729004
vt 0.470703 0.055664
vt 0.463379 0.069824
vt 0.964844 0.250488
vt 0.969727 0.245117
vt 0.430664 0.020508
vt 0.425049 0.023438
vt 0.419922 0.014160
vt 0.291992 0.939178
vt 0.314453 0.948700
vt 0.292236 0.944458
vt 0.866211 0.072754
vt 0.399902 0.765381
vt 0.406982 0.744385
vt 0.919922 0.954193
vt 0.661133 0.816406
vt 0.776855 0.207031
vt 0.746582 0.196289
vt 0.062103 0.940552
vt 0.947266 0.583740
vt 0.059021 0.876465
vt 0.714844 0.597900
vt 0.904785 0.020996
vt 0.896484 0.036133
vt 0.895996 0.017578
vt 0.834473 0.229980
vt 0.774414 0.894531
vt 0.769043 0.909180
vt 0.760254 0.884277
vt 0.084778 0.125977
vt 0.620605 0.831787
vt 0.625488 0.839111
vt 0.603027 0.850708
vt 0.827637 0.176270
vt 0.344238 0.009277
vt 0.343262 0.010742
vt 0.344482 0.702393
vt 0.330811 0.701416
vt 0.942383 0.716309
vt 0.934570 0.720703
vt 0.597168 0.840576
vt 0.639648 0.963257
vt 0.646484 0.962402
vt 0.039825 0.541504
vt 0.043671 0.532227
vt 0.041321 0.541260
vt 0.187866 0.981934
vt 0.194580 0.977432
vt 0.199829 0.981812
vt 0.548340 0.147949
vt 0.889648 0.761475
vt 0.896484 0.806885
vt 0.884766 0.800049
vt 0.659180 0.801758
vt 0.662109 0.806152
vt 0.394043 0.405273
vt 0.835938 0.088867
vt 0.925293 0.187988
vt 0.926758 0.185059
vt 0.020523 0.616455
vt 0.298096 0.615479
vt 0.501465 0.126953
vt 0.214844 0.300293
vt 0.017624 0.733154
vt 0.404541 0.067383
vt 0.693848 0.559570
vt 0.699219 0.566895
vt 0.132446 0.166016
vt 0.207764 0.983643
vt 0.819336 0.857300
vt 0.817871 0.878967
vt 0.637207 0.949982
vt 0.080383 0.843994
vt 0.080505 0.836792
vt 0.721680 0.844727
vt 0.971191 0.615234
vt 0.979004 0.621582
vt 0.164185 0.116699
vt 0.156738 0.127930
vt 0.541016 0.211914
vt 0.294678 0.662842
vt 0.848633 0.145996
vt 0.841309 0.127441
vt 0.852539 0.144043
vt 0.160767 0.796265
vt 0.958008 0.339355
vt 0.864746 0.993988
vt 0.841797 0.993988
vt 0.847168 0.992233
vt 0.711914 0.336426
vt 0.232910 0.616943
vt 0.906738 0.991364
vt 0.191650 0.129883
vt 0.670898 0.478027
vt 0.971680 0.439453
vt 0.972168 0.443848
vt 0.510742 0.312988
vt 0.683105 0.688232
vt 0.818848 0.479492
vt 0.814453 0.471191
vt 0.430420 0.517822
vt 0.613281 0.395508
vt 0.154419 0.553711
vt 0.752441 0.802979
vt 0.563477 0.394531
vt 0.319824 0.759521
vt 0.783691 0.539307
vt 0.454102 0.806030
vt 0.055969 0.065918
vt 0.057648 0.522949
vt 0.786621 0.451172
vt 0.214111 0.061035
vt 0.614746 0.921265
vt 0.592773 0.917175
vt 0.268311 0.532715
vt 0.267578 0.530762
vt 0.661133 0.501953
vt 0.121948 0.092773
vt 0.625977 0.110352
vt 0.629883 0.922302
vt 0.581543 0.823608
vt 0.915039 0.355469
vt 0.985840 0.635010
vt 0.995605 0.637939
vt 0.988770 0.638672
vt 0.000431 0.731689
vt 0.374756 0.460449
vt 0.992676 0.063965
vt 0.990723 0.064453
vt 0.613770 0.759155
vt 0.611816 0.747070
vt 0.613281 0.731934
vt 0.344727 0.959625
vt 0.344238 0.939301
vt 0.348633 0.959198
vt 0.095825 0.290527
vt 0.097839 0.279785
vt 0.102478 0.305176
vt 0.658691 0.729248
vt 0.446777 0.975708
vt 0.584961 0.931030
vt 0.582520 0.918030
vt 0.587891 0.925537
vt 0.406982 0.971100
vt 0.260498 0.021973
vt 0.153320 0.651367
vt 0.150269 0.644531
vt 0.661621 0.638428
vt 0.853516 0.162598
vt 0.862305 0.151855
vt 0.261719 0.369141
vt 0.258057 0.408691
vt 0.670898 0.876282
vt 0.674316 0.874146
vt 0.130859 0.924683
vt 0.757324 0.377930
vt 0.777832 0.394531
vt 0.922852 0.649170
vt 0.102844 0.084473
vt 0.309570 0.505127
vt 0.667480 0.451172
vt 0.561523 0.147461
vt 0.469727 0.294434
vt 0.726562 0.160645
vt 0.048431 0.351074
vt 0.744141 0.248047
vt 0.957031 0.507324
vt 0.266113 0.593994
vt 0.046631 0.022461
vt 0.045959 0.016113
vt 0.055664 0.017578
vt 0.802734 0.696533
vt 0.813477 0.703369
vt 0.806152 0.702393
vt 0.487549 0.300781
vt 0.499268 0.309082
vt 0.476807 0.658936
vt 0.907715 0.361328
vt 0.152954 0.525391
vt 0.562988 0.139648
vt 0.250977 0.136719
vt 0.276855 0.133301
vt 0.148071 0.443848
vt 0.386475 0.102539
vt 0.634277 0.043457
vt 0.352539 0.810303
vt 0.439697 0.567139
vt 0.814941 0.989151
vt 0.018616 0.756470
vt 0.236816 0.970123
vt 0.240601 0.964417
vt 0.559570 0.716553
vt 0.563965 0.723389
vt 0.072632 0.041992
vt 0.929199 0.263672
vt 0.929199 0.252930
vt 0.962402 0.369141
vt 0.505859 0.240723
vt 0.496338 0.229492
vt 0.307373 0.709473
vt 0.112976 0.019531
vt 0.545410 0.703857
vt 0.405029 0.041016
vt 0.797363 0.287109
vt 0.780273 0.092773
vt 0.902832 0.954803
vt 0.148682 0.685303
vt 0.533691 0.254883
vt 0.580566 0.104004
vt 0.755371 0.872803
vt 0.602539 0.746582
vt 0.007053 0.308105
vt 0.833984 0.417480
vt 0.154175 0.509521
vt 0.243652 0.093750
vt 0.252441 0.088379
vt 0.825684 0.625977
vt 0.700684 0.489746
vt 0.647949 0.473145
vt 0.880371 0.941742
vt 0.423340 0.825806
vt 0.995117 0.442871
vt 0.993652 0.446777
vt 0.990723 0.440918
vt 0.194702 0.842896
vt 0.188721 0.853638
vt 0.006721 0.468750
vt 0.000095 0.472168
vt 0.009438 0.454102
vt 0.491943 0.697510
vt 0.436768 0.133789
vt 0.385742 0.893677
vt 0.908691 0.026855
vt 0.042908 0.537109
vt 0.348633 0.262695
vt 0.560547 0.150879
vt 0.918457 0.225098
vt 0.916992 0.224609
vt 0.916504 0.222168
vt 0.841797 0.138184
vt 0.331299 0.392578
vt 0.713867 0.205566
vt 0.931641 0.426270
vt 0.171875 0.840942
vt 0.011108 0.700928
vt 0.006138 0.700684
vt 0.531250 0.674316
vt 0.528320 0.673340
vt 0.530762 0.666748
vt 0.341064 0.226562
vt 0.601562 0.774658
vt 0.422607 0.321289
vt 0.251465 0.100098
vt 0.376709 0.933594
vt 0.874023 0.255859
vt 0.986816 0.625000
vt 0.991699 0.618652
vt 0.999512 0.625488
vt 0.041168 0.105957
vt 0.045135 0.104004
vt 0.397461 0.494141
vt 0.176270 0.982651
vt 0.263184 0.976471
vt 0.839355 0.166016
vt 0.846191 0.164551
vt 0.782227 0.971542
vt 0.772949 0.959320
vt 0.780762 0.084473
vt 0.791992 0.094238
vt 0.107910 0.388184
vt 0.550781 0.808838
vt 0.484375 0.758179
vt 0.830566 0.135254
vt 0.482666 0.025879
vt 0.490723 0.915466
vt 0.992188 0.537842
vt 0.770996 0.660889
vt 0.944336 0.406738
vt 0.931641 0.410156
vt 0.948730 0.573486
vt 0.378662 0.603271
vt 0.029633 0.187500
vt 0.058289 0.850708
vt 0.377197 0.281738
vt 0.516602 0.044434
vt 0.511230 0.045410
vt 0.496826 0.026367
vt 0.074707 0.502930
vt 0.072449 0.515625
vt 0.073425 0.472168
vt 0.977051 0.458008
vt 0.982910 0.461426
vt 0.947754 0.581787
vt 0.927734 0.580322
vt 0.887207 0.718994
vt 0.181274 0.108887
vt 0.519531 0.201172
vt 0.066650 0.291992
vt 0.212891 0.315918
vt 0.215210 0.303223
vt 0.933105 0.396484
vt 0.923340 0.390625
vt 0.673828 0.966766
vt 0.465332 0.831299
vt 0.362305 0.360352
vt 0.952637 0.079102
vt 0.516113 0.614258
vt 0.515137 0.622314
vt 0.110657 0.535156
vt 0.080261 0.520020
vt 0.109924 0.490234
vt 0.654297 0.267090
vt 0.314453 0.751343
vt 0.553223 0.758789
vt 0.538574 0.763184
vt 0.548828 0.758423
vt 0.046661 0.777588
vt 0.431396 0.659668
vt 0.793945 0.265625
vt 0.178711 0.092773
vt 0.197144 0.763184
vt 0.196777 0.782715
vt 0.906738 0.231934
vt 0.909180 0.939636
vt 0.911621 0.945923
vt 0.204590 0.725586
vt 0.959473 0.258301
vt 0.051239 0.444824
vt 0.051239 0.409668
vt 0.053589 0.403320
vt 0.000002 0.400879
vt 0.000694 0.370117
vt 0.181519 0.824219
vt 0.123230 0.076660
vt 0.139038 0.082031
vt 0.689941 0.627686
vt 0.623047 0.901855
vt 0.620117 0.808960
vt 0.722168 0.186035
vt 0.957031 0.399414
vt 0.981934 0.391113
vt 0.981445 0.399902
vt 0.947266 0.763428
vt 0.577148 0.553223
vt 0.611816 0.403809
vt 0.880371 0.307617
vt 0.409424 0.351562
vt 0.341309 0.811279
vt 0.689453 0.798584
vt 0.806152 0.600830
vt 0.964355 0.702393
vt 0.971191 0.692627
vt 0.866211 0.271973
vt 0.737305 0.677979
vt 0.516113 0.914001
vt 0.603516 0.828979
vt 0.613770 0.820068
vt 0.264893 0.321289
vt 0.524414 0.264648
vt 0.529297 0.259277
vt 0.327637 0.996325
vt 0.325439 0.990189
vt 0.327637 0.986450
vt 0.263916 0.170410
vt 0.853027 0.380859
vt 0.741211 0.928223
vt 0.906250 0.627686
vt 0.848633 0.826538
vt 0.555176 0.404297
vt 0.538086 0.410645
vt 0.967285 0.617676
vt 0.971680 0.619873
vt 0.961914 0.628906
vt 0.485107 0.055176
vt 0.480469 0.051270
vt 0.438721 0.506348
vt 0.683105 0.920044
vt 0.632812 0.978790
vt 0.625000 0.969360
vt 0.306885 0.937622
vt 0.835449 0.513428
vt 0.558594 0.934998
vt 0.853516 0.187012
vt 0.868652 0.185059
vt 0.869629 0.187500
vt 0.102295 0.198242
vt 0.194580 0.406738
vt 0.157471 0.551758
vt 0.469238 0.029297
vt 0.458740 0.029297
vt 0.460449 0.003906
vt 0.212036 0.260742
vt 0.211182 0.253906
vt 0.202637 0.919250
vt 0.823730 0.484375
vt 0.458008 0.265625
vt 0.842773 0.135254
vt 0.411865 0.951111
vt 0.613281 0.765259
vt 0.640625 0.759888
vt 0.096924 0.035645
vt 0.340332 0.414062
vt 0.574707 0.032715
vt 0.112732 0.523193
vt 0.976074 0.748779
vt 0.600586 0.879211
vt 0.585938 0.883545
vt 0.587891 0.877686
vt 0.197266 0.423828
vt 0.202393 0.410645
vt 0.185303 0.332031
vt 0.179565 0.864380
vt 0.520996 0.687988
vt 0.964844 0.384277
vt 0.008812 0.082520
vt 0.010712 0.078125
vt 0.012947 0.095215
vt 0.482178 0.613525
vt 0.735352 0.657227
vt 0.995605 0.582275
vt 0.988281 0.586182
vt 0.181519 0.909607
vt 0.247559 0.190918
vt 0.779297 0.676514
vt 0.271240 0.064941
vt 0.249512 0.062500
vt 0.257812 0.061035
vt 0.796387 0.734863
vt 0.810059 0.729492
vt 0.001493 0.781372
vt 0.003475 0.779907
vt 0.006752 0.782715
vt 0.209595 0.538330
vt 0.011391 0.310547
vt 0.979492 0.172852
vt 0.090271 0.641846
vt 0.080383 0.646729
vt 0.620605 0.334961
vt 0.456543 0.860229
vt 0.441895 0.859131
vt 0.428955 0.328125
vt 0.849121 0.458496
vt 0.066956 0.095703
vt 0.069336 0.096680
vt 0.455566 0.443359
vt 0.455566 0.429199
vt 0.422607 0.187988
vt 0.988281 0.443359
vt 0.057098 0.786865
vt 0.349121 0.779297
vt 0.817383 0.111816
vt 0.531250 0.355957
vt 0.518555 0.370117
vt 0.418945 0.107422
vt 0.265381 0.095215
vt 0.170410 0.510986
vt 0.610352 0.652588
vt 0.610840 0.638672
vt 0.621582 0.804199
vt 0.749512 0.652100
vt 0.549805 0.887146
vt 0.551758 0.882324
vt 0.798340 0.978104
vt 0.404297 0.311035
vt 0.417480 0.320312
vt 0.580566 0.058105
vt 0.598633 0.055176
vt 0.031342 0.962463
vt 0.235229 0.083496
vt 0.617676 0.386719
vt 0.220093 0.879517
vt 0.167236 0.394531
vt 0.174194 0.407227
vt 0.169922 0.403809
vt 0.886719 0.458984
vt 0.882324 0.436523
vt 0.890625 0.449707
vt 0.134399 0.911438
vt 0.052979 0.839233
vt 0.895508 0.719971
vt 0.902832 0.726318
vt 0.555176 0.127930
vt 0.014481 0.970795
vt 0.340088 0.384277
vt 0.648438 0.153809
vt 0.563965 0.672607
vt 0.544922 0.676514
vt 0.368652 0.558350
vt 0.357666 0.555420
vt 0.833008 0.920044
vt 0.908691 0.869263
vt 0.859863 0.658447
vt 0.160400 0.908630
vt 0.222900 0.721680
vt 0.151611 0.877319
vt 0.630371 0.262207
vt 0.967285 0.736328
vt 0.972656 0.731689
vt 0.983887 0.852783
vt 0.986816 0.859741
vt 0.983398 0.871338
vt 0.310303 0.488770
vt 0.812012 0.785034
vt 0.947754 0.001465
vt 0.932129 0.001465
vt 0.937988 0.000000
vt 0.369873 0.041504
vt 0.302002 0.099609
vt 0.313477 0.087891
vt 0.466797 0.257812
vt 0.840332 0.349121
vt 0.833496 0.355957
vt 0.245850 0.293457
vt 0.873047 0.336426
vt 0.873535 0.329102
vt 0.020020 0.988289
vt 0.277588 0.526611
vt 0.366455 0.833984
vt 0.789551 0.773193
vt 0.206543 0.338379
vt 0.206665 0.312012
vt 0.876465 0.831543
vt 0.994629 0.927612
vt 0.554688 0.040527
vt 0.713379 0.028320
vt 0.728027 0.007812
vt 0.740723 0.020020
vt 0.586914 0.915710
vt 0.827637 0.079590
vt 0.337891 0.838867
vt 0.048218 0.100098
vt 0.075256 0.060059
vt 0.976562 0.943848
vt 0.977539 0.933716
vt 0.978516 0.962952
vt 0.385010 0.622559
vt 0.571289 0.081055
vt 0.507812 0.846069
vt 0.526855 0.667969
vt 0.429688 0.028320
vt 0.424805 0.032715
vt 0.414307 0.234863
vt 0.906250 0.008789
vt 0.296143 0.895081
vt 0.975586 0.691406
vt 0.575684 0.449219
vt 0.079712 0.278809
vt 0.935547 0.735596
vt 0.353271 0.563477
vt 0.857910 0.877686
vt 0.621582 0.233398
vt 0.749512 0.468262
vt 0.997559 0.907776
vt 0.993164 0.908264
vt 0.999023 0.890442
vt 0.232300 0.733154
vt 0.223022 0.706055
vt 0.233643 0.702148
vt 0.726562 0.046387
vt 0.260254 0.330566
vt 0.254639 0.345215
vt 0.342773 0.450684
vt 0.385986 0.120605
vt 0.364502 0.983780
vt 0.765137 0.911133
vt 0.229004 0.560791
vt 0.369141 0.836426
vt 0.332031 0.729492
vt 0.881836 0.945526
vt 0.251465 0.496582
vt 0.237305 0.510254
vt 0.052063 0.875610
vt 0.170410 0.533447
vt 0.922363 0.225098
vt 0.995117 0.736572
vt 0.990234 0.723633
vt 0.994629 0.714600
vt 0.999512 0.412109
vt 0.989258 0.431641
vt 0.979980 0.412109
vt 0.968262 0.577637
vt 0.519043 0.275879
vt 0.007420 0.266113
vt 0.842773 0.360840
vt 0.842773 0.348633
vt 0.211060 0.915894
vt 0.216797 0.904236
vt 0.154175 0.409668
vt 0.382812 0.501953
vt 0.625000 0.963379
vt 0.230591 0.934143
vt 0.865723 0.034668
vt 0.255127 0.624268
vt 0.253662 0.642090
vt 0.402344 0.477051
vt 0.031830 0.659668
vt 0.005695 0.549072
vt 0.108765 0.076172
vt 0.294189 0.708496
vt 0.287842 0.694580
vt 0.667969 0.439453
vt 0.660645 0.430664
vt 0.780273 0.148926
vt 0.274414 0.939850
vt 0.015427 0.170898
vt 0.019028 0.184082
vt 0.015480 0.206543
vt 0.471680 0.533936
vt 0.462402 0.524170
vt 0.532715 0.966095
vt 0.521973 0.974426
vt 0.605469 0.732422
vt 0.965820 0.943634
vt 0.527344 0.153320
vt 0.370605 0.718506
vt 0.365967 0.713623
vt 0.683105 0.553223
vt 0.062012 0.874268
vt 0.058746 0.859009
vt 0.733398 0.295410
vt 0.127563 0.512451
vt 0.151367 0.541504
vt 0.787109 0.342773
vt 0.920898 0.656738
vt 0.909668 0.661621
vt 0.687500 0.396973
vt 0.179199 0.449707
vt 0.158936 0.446777
vt 0.741699 0.507812
vt 0.164551 0.587646
vt 0.981445 0.101074
vt 0.231323 0.059570
vt 0.211060 0.060059
vt 0.061584 0.668213
vt 0.185791 0.799683
vt 0.460205 0.867798
vt 0.478516 0.872314
vt 0.220947 0.821533
vt 0.202637 0.830444
vt 0.472168 0.831543
vt 0.733887 0.680176
vt 0.746094 0.032227
vt 0.747559 0.021484
vt 0.843262 0.517334
vt 0.921875 0.468262
vt 0.004974 0.163574
vt 0.914062 0.330078
vt 0.247192 0.976089
vt 0.150146 0.936096
vt 0.220337 0.273438
vt 0.717285 0.125977
vt 0.711914 0.139160
vt 0.442871 0.724121
vt 0.176514 0.079590
vt 0.173462 0.068359
vt 0.401611 0.461426
vt 0.364990 0.085449
vt 0.879395 0.936768
vt 0.855469 0.937317
vt 0.152222 0.018555
vt 0.166870 0.015625
vt 0.482178 0.312500
vt 0.490479 0.326660
vt 0.449707 0.276367
vt 0.449463 0.283203
vt 0.616211 0.889038
vt 0.327393 0.951477
vt 0.335693 0.953247
vt 0.017700 0.607910
vt 0.023010 0.608887
vt 0.421875 0.008789
vt 0.434082 0.015625
vt 0.699707 0.646240
vt 0.680664 0.653076
vt 0.687500 0.630615
vt 0.616211 0.083008
vt 0.623535 0.070801
vt 0.012009 0.063965
vt 0.013245 0.064453
vt 0.217163 0.271973
vt 0.213379 0.277832
vt 0.739746 0.025879
vt 0.030487 0.088379
vt 0.531250 0.534668
vt 0.170654 0.020996
vt 0.171509 0.034180
vt 0.500488 0.044922
vt 0.068481 0.737549
vt 0.356445 0.236816
vt 0.354492 0.227051
vt 0.995117 0.833374
vt 0.999512 0.821899
vt 1.000000 0.841064
vt 0.750000 0.987572
vt 0.739258 0.986366
vt 0.207764 0.042969
vt 0.360596 0.563721
vt 0.121460 0.715576
vt 0.028931 0.299316
vt 0.592773 0.927917
vt 0.447510 0.806519
vt 0.863281 0.080078
vt 0.680664 0.880615
vt 0.423340 0.836670
vt 0.649902 0.046875
vt 0.649902 0.051270
vt 0.355957 0.306641
vt 0.260742 0.988762
vt 0.269531 0.991951
vt 0.245728 0.992538
vt 0.146240 0.081055
vt 0.292969 0.786377
vt 0.293945 0.803223
vt 0.238770 0.489258
vt 0.931641 0.710205
vt 0.925293 0.689209
vt 0.377441 0.304688
vt 0.948730 0.805786
vt 0.554199 0.241699
vt 0.600586 0.561523
vt 0.637207 0.053223
vt 0.065613 0.414062
vt 0.840332 0.181152
vt 0.824219 0.990196
vt 0.235840 0.891663
vt 0.946289 0.994595
vt 0.954590 0.993057
vt 0.942871 0.997993
vt 0.359131 0.461914
vt 0.364990 0.872925
vt 0.102539 0.587402
vt 0.323730 0.538574
vt 0.492676 0.250488
vt 0.539551 0.279785
vt 0.528809 0.276367
vt 0.267334 0.150879
vt 0.990234 0.649170
vt 0.976562 0.651367
vt 0.976074 0.644287
vt 0.390381 0.911316
vt 0.602539 0.969284
vt 0.031952 0.555908
vt 0.031952 0.593506
vt 0.030045 0.595215
vt 0.889160 0.418457
vt 0.887207 0.398438
vt 0.745605 0.216797
vt 0.742676 0.218750
vt 0.737793 0.201172
vt 0.111755 0.229980
vt 0.466064 0.036133
vt 0.038788 0.468262
vt 0.034576 0.483887
vt 0.038361 0.459961
vt 0.785645 0.040527
vt 0.219727 0.436035
vt 0.236572 0.434570
vt 0.775879 0.212402
vt 0.759766 0.209473
vt 0.369629 0.491699
vt 0.367676 0.505859
vt 0.361816 0.498535
vt 0.944824 0.231445
vt 0.574219 0.635254
vt 0.192017 0.405762
vt 0.505859 0.540283
vt 0.513672 0.542480
vt 0.145264 0.640381
vt 0.171021 0.641846
vt 0.319580 0.936523
vt 0.917480 0.167969
vt 0.904785 0.188477
vt 0.886230 0.758423
vt 0.097900 0.312500
vt 0.102600 0.321777
vt 0.988770 0.032715
vt 0.258789 0.076660
vt 0.257812 0.073242
vt 0.115723 0.705811
vt 0.759277 0.940643
vt 0.502930 0.256836
vt 0.485840 0.228516
vt 0.491455 0.238281
vt 0.902832 0.576416
vt 0.549316 0.813232
vt 0.828613 0.710938
vt 0.824707 0.692871
vt 0.367188 0.978378
vt 0.008293 0.526855
vt 0.008293 0.543213
vt 0.005489 0.509277
vt 0.024582 0.148926
vt 0.031769 0.141602
vt 0.038574 0.155273
vt 0.322266 0.783813
vt 0.835938 0.197266
vt 0.140015 0.853882
vt 0.912109 0.290039
vt 0.711426 0.463867
vt 0.067932 0.556152
vt 0.256836 0.080566
vt 0.325684 0.942139
vt 0.136475 0.488281
vt 0.150635 0.476562
vt 0.342041 0.792725
vt 0.331787 0.790283
vt 0.696289 0.542236
vt 0.681152 0.541260
vt 0.684082 0.534668
vt 0.498291 0.959869
vt 0.239136 0.961517
vt 0.263672 0.244629
vt 0.285156 0.242676
vt 0.266846 0.253906
vt 0.787109 0.831909
vt 0.477783 0.215820
vt 0.523926 0.998359
vt 0.885254 0.110840
vt 0.377930 0.082031
vt 0.780762 0.592773
vt 0.080688 0.195801
vt 0.072754 0.225586
vt 0.488037 0.216309
vt 0.980957 0.512695
vt 0.984863 0.520752
vt 0.984863 0.531006
vt 0.705078 0.984039
vt 0.700195 0.986053
vt 0.770020 0.850586
vt 0.765625 0.846680
vt 0.209473 0.355957
vt 0.578125 0.255371
vt 0.772461 0.369629
vt 0.769531 0.371094
vt 0.737305 0.260254
vt 0.703125 0.428711
vt 0.793457 0.001953
vt 0.787598 0.020508
vt 0.781250 0.008301
vt 0.604492 0.504395
vt 0.079346 0.015625
vt 0.080933 0.001465
vt 0.085693 0.000977
vt 0.374756 0.720947
vt 0.249390 0.910645
vt 0.258057 0.913574
vt 0.798340 0.867310
vt 0.780273 0.860840
vt 0.990723 0.814453
vt 0.998047 0.816772
vt 0.990723 0.834595
vt 0.704102 0.125488
vt 0.754395 0.979065
vt 0.631348 0.633301
vt 0.622070 0.640137
vt 0.769043 0.250000
vt 0.226440 0.325684
vt 0.678223 0.263672
vt 0.670410 0.269531
vt 0.791504 0.666016
vt 0.779785 0.664551
vt 0.016876 0.685303
vt 0.010452 0.751221
vt 0.177612 0.919556
vt 0.478516 0.596191
vt 0.479736 0.604980
vt 0.459961 0.607178
vt 0.751953 0.791748
vt 0.622070 0.193848
vt 0.324219 0.985527
vt 0.442139 0.650146
vt 0.457520 0.648193
vt 0.457031 0.661377
vt 0.903809 0.886597
vt 0.659180 0.138184
vt 0.297852 0.131836
vt 0.351074 0.283203
vt 0.520996 0.528564
vt 0.364258 0.708496
vt 0.344971 0.717773
vt 0.696777 0.583740
vt 0.681641 0.577881
vt 0.200562 0.435547
vt 0.770020 0.237305
vt 0.091003 0.622803
vt 0.093323 0.626709
vt 0.853027 0.974991
vt 0.097778 0.468750
vt 0.095581 0.475098
vt 0.168091 0.978775
vt 0.157227 0.985664
vt 0.141113 0.977112
vt 0.012154 0.226074
vt 0.005619 0.224609
vt 0.571289 0.947479
vt 0.553223 0.935730
vt 0.916016 0.852417
vt 0.914551 0.872437
vt 0.910645 0.858032
vt 0.748535 0.081055
vt 0.744629 0.069336
vt 0.749512 0.970520
vt 0.044067 0.834595
vt 0.042145 0.842163
vt 0.690430 0.980057
vt 0.126953 0.008789
vt 0.131226 0.002441
vt 0.131348 0.014160
vt 0.733887 0.994545
vt 0.734863 0.989777
vt 0.747559 0.991760
vt 0.761230 0.428711
vt 0.487793 0.041504
vt 0.253662 0.245605
vt 0.999023 0.218262
vt 0.999023 0.203613
vt 1.000000 0.213867
vt 0.560547 0.323730
vt 0.542969 0.332520
vt 0.141235 0.021973
vt 0.138306 0.027832
vt 0.996582 0.793945
vt 0.996582 0.813232
vt 0.990723 0.803955
vt 0.520996 0.486816
vt 0.957031 0.259277
vt 0.957031 0.303223
vt 0.942383 0.270996
vt 0.838867 0.225098
vt 0.836426 0.219727
vt 0.842285 0.201660
vt 0.059906 0.100098
vt 0.798340 0.015625
vt 0.403809 0.369629
vt 0.090271 0.739014
vt 0.771973 0.573486
vt 0.357666 0.702881
vt 0.156128 0.611328
vt 0.311523 0.995495
vt 0.375244 0.105957
vt 0.405273 0.849609
vt 0.426514 0.609863
vt 0.799316 0.861816
vt 0.360840 0.536133
vt 0.360596 0.538574
vt 0.072754 0.974915
vt 0.069702 0.972076
vt 0.453125 0.596436
vt 0.860840 0.819458
vt 0.854980 0.820801
vt 0.123230 0.989517
vt 0.320312 0.696289
vt 0.103149 0.574707
vt 0.916504 0.815430
vt 0.235962 0.135254
vt 0.047516 0.144531
vt 0.671387 0.715332
vt 0.247070 0.466309
vt 0.200317 0.088867
vt 0.676270 0.647705
vt 0.122986 0.951385
vt 0.868652 0.613770
vt 0.871094 0.605469
vt 0.459229 0.591309
vt 0.948242 0.236816
vt 0.116760 0.951477
vt 0.111328 0.945007
vt 0.919434 0.398926
vt 0.864258 0.190430
vt 0.875977 0.195312
vt 0.553223 0.983505
vt 0.565918 0.973953
vt 0.560059 0.994057
vt 0.072327 0.984344
vt 0.344971 0.157227
vt 0.796387 0.279297
vt 0.967285 0.954163
vt 0.183716 0.496094
vt 0.810547 0.770752
vt 0.650391 0.524658
vt 0.650879 0.485352
vt 0.391846 0.194824
vt 0.473145 0.678711
vt 0.125366 0.012695
vt 0.524414 0.032715
vt 0.550781 0.024414
vt 0.550781 0.058105
vt 0.135864 0.511963
vt 0.349365 0.768555
vt 0.082764 0.488281
vt 0.477051 0.939575
vt 0.471191 0.937927
vt 0.765137 0.874634
vt 0.118408 0.212891
vt 0.125732 0.223145
vt 0.420898 0.120117
vt 0.395996 0.338379
vt 0.273926 0.042480
vt 0.712891 0.535156
vt 0.938477 0.832520
vt 0.931641 0.823853
vt 0.996094 0.697754
vt 0.460449 0.072266
vt 0.428711 0.308594
vt 0.292969 0.852051
vt 0.143311 0.857422
vt 0.777344 0.371094
vt 0.250732 0.669678
vt 0.290771 0.384766
vt 0.288818 0.408691
vt 0.288086 0.376953
vt 0.463623 0.571289
vt 0.283447 0.467773
vt 0.273193 0.426758
vt 0.280762 0.410645
vt 0.792969 0.066895
vt 0.778320 0.078125
vt 0.520996 0.100586
vt 0.513184 0.096680
vt 0.476074 0.002441
vt 0.466064 0.009766
vt 0.465088 0.828125
vt 0.478271 0.822876
vt 0.145996 0.210938
vt 0.181396 0.441406
vt 0.396729 0.541504
vt 0.687012 0.116211
vt 0.718750 0.707275
vt 0.335693 0.772217
vt 0.372803 0.339355
vt 0.454102 0.562988
vt 0.448486 0.547119
vt 0.057739 0.076172
vt 0.062744 0.055664
vt 0.062042 0.077637
vt 0.550293 0.697510
vt 0.063171 0.737549
vt 0.341064 0.826294
vt 0.338623 0.826172
vt 0.130737 0.965912
vt 0.130127 0.959381
vt 0.843750 0.196289
vt 0.725586 0.865234
vt 0.875000 0.582275
vt 0.721191 0.052734
vt 0.705566 0.064453
vt 0.695312 0.062988
vt 0.329834 0.184570
vt 0.256592 0.878174
vt 0.760742 0.697754
vt 0.754395 0.909485
vt 0.233276 0.512207
vt 0.889160 0.902710
vt 0.877930 0.892883
vt 0.102417 0.921204
vt 0.002016 0.417969
vt 0.784668 0.107422
vt 0.953125 0.759766
vt 0.935547 0.749268
vt 0.393066 0.018066
vt 0.398438 0.039062
vt 0.712402 0.023438
vt 0.712402 0.002441
vt 0.722168 0.007812
vt 0.378906 0.722412
vt 0.387939 0.718994
vt 0.135864 0.580811
vt 0.983887 0.623047
vt 0.052979 0.799438
vt 0.911621 0.894226
vt 0.590332 0.492188
vt 0.594727 0.481445
vt 0.598145 0.500244
vt 0.745605 0.921692
vt 0.398926 0.541748
vt 0.397461 0.528320
vt 0.326660 0.740234
vt 0.353760 0.251465
vt 0.642578 0.312500
vt 0.319580 0.010254
vt 0.330078 0.020508
vt 0.319580 0.037598
vt 0.917969 0.705322
vt 0.495850 0.146484
vt 0.351807 0.819580
vt 0.112671 0.364746
vt 0.081604 0.640381
vt 0.293213 0.884583
vt 0.571289 0.236328
vt 0.618164 0.952148
vt 0.615234 0.957245
vt 0.895508 0.209961
vt 0.792969 0.640625
vt 0.745605 0.160645
vt 0.148315 0.704834
vt 0.145020 0.700439
vt 0.116333 0.073242
vt 0.312012 0.463379
vt 0.949219 0.025391
vt 0.940430 0.014648
vt 0.946777 0.013184
vt 0.303711 0.981796
vt 0.308594 0.978363
vt 0.308594 0.994072
vt 0.844238 0.578125
vt 0.013138 0.435059
vt 0.010979 0.410156
vt 0.012558 0.401367
vt 0.032440 0.904175
vt 0.107849 0.268555
vt 0.797852 0.569336
vt 0.796387 0.578125
vt 0.790527 0.579346
vt 0.895996 0.447266
vt 0.606934 0.960052
vt 0.636230 0.596924
vt 0.490723 0.751709
vt 0.157227 0.064453
vt 0.162720 0.058594
vt 0.274414 0.715576
vt 0.521484 0.011719
vt 0.532227 0.022949
vt 0.516602 0.021973
vt 0.103271 0.997593
vt 0.234985 0.882690
vt 0.237671 0.869629
vt 0.263184 0.503174
vt 0.841309 0.486328
vt 0.984375 0.100586
vt 0.984375 0.075684
vt 0.988281 0.099121
vt 0.582031 0.992638
vt 0.597656 0.114746
vt 0.442383 0.713135
vt 0.590332 0.536133
vt 0.587402 0.536377
vt 0.696289 0.907104
vt 0.689453 0.937256
vt 0.685059 0.922852
vt 0.995117 0.087891
vt 0.990234 0.094727
vt 0.988770 0.085449
vt 0.585449 0.640137
vt 0.804199 0.396484
vt 0.986816 0.468262
vt 0.974609 0.477051
vt 0.962402 0.468750
vt 0.694824 0.418457
vt 0.684082 0.407227
vt 0.084045 0.758667
vt 0.612305 0.815186
vt 0.794434 0.369141
vt 0.501465 0.913269
vt 0.333496 0.973022
vt 0.695801 0.588867
vt 0.688477 0.587158
vt 0.654785 0.847412
vt 0.026840 0.787598
vt 0.029739 0.774048
vt 0.043701 0.775879
vt 0.222534 0.143066
vt 0.211670 0.148926
vt 0.942383 0.191895
vt 0.931152 0.209473
vt 0.958496 0.211426
vt 0.713867 0.998897
vt 0.919922 0.220215
vt 0.912598 0.284180
vt 0.919922 0.267090
vt 0.437500 0.162109
vt 0.604980 0.814209
vt 0.595215 0.823730
vt 0.073792 0.517822
vt 0.073792 0.561279
vt 0.072388 0.556885
vt 0.795898 0.541992
vt 0.117859 0.320801
vt 0.438721 0.863159
vt 0.157349 0.703369
vt 0.064819 0.097168
vt 0.058899 0.095703
vt 0.110840 0.923157
vt 0.524414 0.682861
vt 0.770020 0.818604
vt 0.270752 0.652100
vt 0.034637 0.195801
vt 0.034332 0.207520
vt 0.030746 0.190918
vt 0.877441 0.321289
vt 0.073669 0.564453
vt 0.184448 0.063477
vt 0.791504 0.194824
vt 0.510254 0.180176
vt 0.759766 0.629639
vt 0.744629 0.600586
vt 0.544922 0.552246
vt 0.566406 0.559326
vt 0.104919 0.839966
vt 0.565918 0.984314
vt 0.577148 0.992336
vt 0.572266 0.997965
vt 0.429443 0.415527
vt 0.055328 0.303711
vt 0.556152 0.462402
vt 0.550293 0.466797
vt 0.251953 0.781006
vt 0.926270 0.167969
vt 0.997070 0.473145
vt 0.757812 0.967651
vt 0.022095 0.725098
vt 0.193359 0.036621
vt 0.171509 0.060547
vt 0.164551 0.036621
vt 0.167358 0.367188
vt 0.464355 0.461426
vt 0.122070 0.040039
vt 0.009933 0.049805
vt 0.001047 0.022461
vt 0.033417 0.022949
vt 0.703613 0.212402
vt 0.884766 0.621826
vt 0.973145 0.003418
vt 0.610840 0.074707
vt 0.926758 0.104980
vt 0.792480 0.481445
vt 0.006538 0.540039
vt 0.467285 0.656006
vt 0.652344 0.301758
vt 0.976562 0.528076
vt 0.568848 0.914612
vt 0.369141 0.378418
vt 0.359375 0.379883
vt 0.077087 0.068848
vt 0.504883 0.898499
vt 0.134766 0.971649
vt 0.339111 0.566650
vt 0.234863 0.506836
vt 0.420654 0.532959
vt 0.011116 0.998389
vt 0.005569 0.993736
vt 0.019531 0.993896
vt 0.019699 0.924561
vt 0.567383 0.426270
vt 0.980469 0.853027
vt 0.005035 0.084473
vt 0.784180 0.593994
vt 0.593262 0.232910
vt 0.501465 0.247070
vt 0.182861 0.630371
vt 0.168091 0.639160
vt 0.469727 0.311523
vt 0.793945 0.970261
vt 0.320801 0.331543
vt 0.998047 0.543945
vt 0.989258 0.333496
vt 0.986816 0.331543
vt 0.998047 0.331543
vt 0.198608 0.433105
vt 0.781250 0.041992
vt 0.592285 0.828857
vt 0.457520 0.108398
vt 0.267090 0.288086
vt 0.273193 0.280273
vt 0.474609 0.113281
vt 0.949707 0.454590
vt 0.937988 0.446289
vt 0.302246 0.619873
vt 0.496826 0.704590
vt 0.110657 0.103027
vt 0.932617 0.994476
vt 0.554688 0.144531
vt 0.350830 0.708496
vt 0.893555 0.561523
vt 0.276611 0.069824
vt 0.625488 0.051758
vt 0.623047 0.647705
vt 0.528320 0.903748
vt 0.521484 0.909973
vt 0.419434 0.283203
vt 0.986816 0.299805
vt 0.589355 0.438477
vt 0.749512 0.039062
vt 0.521484 0.710938
vt 0.959961 0.337891
vt 0.972168 0.354492
vt 0.963379 0.404297
vt 0.957520 0.415527
vt 0.950684 0.412598
vt 0.420654 0.034668
vt 0.831055 0.440430
vt 0.051819 0.396484
vt 0.464844 0.981842
vt 0.823730 0.923096
vt 0.435059 0.791016
vt 0.435547 0.792480
vt 0.125854 0.844238
vt 0.075134 0.343750
vt 0.055176 0.511963
vt 0.055267 0.507812
vt 0.219238 0.138184
vt 0.278564 0.786011
vt 0.354736 0.422852
vt 0.254639 0.184570
vt 0.280518 0.672119
vt 0.283691 0.682861
vt 0.987305 0.709717
vt 0.996094 0.711182
vt 0.986328 0.711426
vt 0.032806 0.611328
vt 0.832520 0.430664
vt 0.485840 0.697998
vt 0.239624 0.939667
vt 0.116089 0.080566
vt 0.095947 0.097656
vt 0.958008 0.176758
vt 0.943359 0.228516
vt 0.139648 0.906006
vt 0.991211 0.248047
vt 0.740723 0.671387
vt 0.464111 0.516602
vt 0.543457 0.399902
vt 0.170654 0.203125
vt 0.397705 0.524658
vt 0.403564 0.528076
vt 0.720215 0.858276
vt 0.377441 0.735596
vt 0.625488 0.789917
vt 0.647949 0.769409
vt 0.836426 0.199219
vt 0.146606 0.476074
vt 0.004601 0.578125
vt 0.199463 0.855835
vt 0.042236 0.354004
vt 0.011452 0.544434
vt 0.889160 0.882019
vt 0.294922 0.319824
vt 0.200317 0.277832
vt 0.201782 0.282715
vt 0.187988 0.283691
vt 0.779785 0.777100
vt 0.681152 0.022949
vt 0.279785 0.201172
vt 0.269531 0.183105
vt 0.786621 0.434082
vt 0.791504 0.427734
vt 0.239624 0.156250
vt 0.025238 0.372070
vt 0.125732 0.207520
vt 0.139526 0.228027
vt 0.632812 0.059082
vt 0.541992 0.003906
vt 0.558594 0.032227
vt 0.076233 0.322266
vt 0.089844 0.324219
vt 0.915039 0.343262
vt 0.985840 0.216797
vt 0.997070 0.216309
vt 0.708496 0.034668
vt 0.362061 0.727539
vt 0.398682 0.261719
vt 0.054504 0.914917
vt 0.468262 0.948639
vt 0.472900 0.944672
vt 0.959961 0.466797
vt 0.976074 0.508789
vt 0.131470 0.199219
vt 0.129150 0.614014
vt 0.544434 0.869629
vt 0.459717 0.972214
vt 0.471191 0.964417
vt 0.728516 0.571289
vt 0.499512 0.896423
vt 0.597656 0.224609
vt 0.571289 0.023438
vt 0.573730 0.022949
vt 0.576172 0.028320
vt 0.245972 0.350098
vt 0.425049 0.220703
vt 0.547363 0.760864
vt 0.529297 0.788330
vt 0.140259 0.189941
vt 0.083496 0.060547
vt 0.148682 0.656006
vt 0.512207 0.892639
vt 0.507324 0.099121
vt 0.803711 0.744873
vt 0.719727 0.986031
vt 0.006771 0.623779
vt 0.008301 0.649658
vt 0.001049 0.640381
vt 0.625977 0.954742
vt 0.365723 0.516846
vt 0.972168 0.743408
vt 0.479980 0.056152
vt 0.718262 0.772583
vt 0.728027 0.774536
vt 0.954590 0.337891
vt 0.342529 0.833496
vt 0.850098 0.076660
vt 0.857910 0.074707
vt 0.777832 0.340820
vt 0.972656 0.454102
vt 0.053711 0.086914
vt 0.055634 0.084961
vt 0.874512 0.179688
vt 0.319092 0.978455
vt 0.983887 0.489746
vt 0.984863 0.489258
vt 0.273682 0.217773
vt 0.281738 0.212402
vt 0.864258 0.380371
vt 0.152954 0.540771
vt 0.159912 0.543945
vt 0.130737 0.039551
vt 0.298096 0.020020
vt 0.287109 0.014648
vt 0.316650 0.016113
vt 0.728516 0.766113
vt 0.739258 0.762939
vt 0.726562 0.770508
vt 0.717773 0.898438
vt 0.720215 0.884888
vt 0.727051 0.700195
vt 0.722656 0.703613
vt 0.730957 0.680420
vt 0.993652 0.083008
vt 0.700195 0.988358
vt 0.102173 0.022461
vt 0.105103 0.011719
vt 0.106689 0.016113
vt 0.917969 0.562500
vt 0.524414 0.672852
vt 0.545410 0.384766
vt 0.000677 0.204102
vt 0.004311 0.217285
vt 0.000610 0.236816
vt 0.876465 0.204590
vt 0.994629 0.911560
vt 0.087524 0.364258
vt 0.080261 0.375488
vt 0.080200 0.351074
vt 0.499023 0.767944
vt 0.502441 0.794922
vt 0.689453 0.563965
vt 0.680664 0.558838
vt 0.681641 0.555176
vt 0.809082 0.493164
vt 0.394043 0.511475
vt 0.686035 0.610352
vt 0.978516 0.592773
vt 0.507324 0.980225
vt 0.513184 0.971695
vt 0.506836 0.985298
vt 0.660156 0.835815
vt 0.910645 0.841675
vt 0.921875 0.848145
vt 0.354248 0.882568
vt 0.025284 0.104980
vt 0.263428 0.941620
vt 0.250977 0.940155
vt 0.232788 0.194824
vt 0.231567 0.195801
vt 0.356934 0.525146
vt 0.441895 0.408691
vt 0.299561 0.275391
vt 0.195801 0.158203
vt 0.488037 0.523682
vt 0.485840 0.519287
vt 0.262939 0.648682
vt 0.413574 0.042480
vt 0.417236 0.043945
vt 0.394287 0.043945
vt 0.946777 0.813477
vt 0.230835 0.675293
vt 0.491211 0.920715
vt 0.494385 0.915588
vt 0.862305 0.711670
vt 0.470947 0.335449
vt 0.659668 0.509521
vt 0.924316 0.901855
vt 0.277588 0.942749
vt 0.268799 0.951630
vt 0.610352 0.456543
vt 0.980469 0.911133
vt 0.103333 0.341309
vt 0.892090 0.181641
vt 0.774414 0.417480
vt 0.592285 0.636475
vt 0.511719 0.702393
vt 0.654297 0.064941
vt 0.594727 0.964264
vt 0.895996 0.269531
vt 0.118591 0.323242
vt 0.960938 0.326172
vt 0.481201 0.718262
vt 0.137817 0.362305
vt 0.118530 0.365234
vt 0.143921 0.359375
vt 0.309570 0.063477
vt 0.210571 0.297852
vt 0.209473 0.317871
vt 0.209229 0.293945
vt 0.368896 0.485352
vt 0.375000 0.486816
vt 0.440186 0.988182
vt 0.563477 0.709717
vt 0.560547 0.712891
vt 0.364502 0.207031
vt 0.362305 0.442871
vt 0.364746 0.439453
vt 0.388184 0.023438
vt 0.394043 0.041016
vt 0.359619 0.037598
vt 0.336670 0.011719
vt 0.141479 0.282715
vt 0.602051 0.896851
vt 0.899414 0.896118
vt 0.759766 0.596191
vt 0.366699 0.607422
vt 0.798828 0.753662
vt 0.132446 0.062500
vt 0.914062 0.942627
vt 0.389160 0.066895
vt 0.107849 0.321289
vt 0.622070 0.869995
vt 0.642090 0.868286
vt 0.446777 0.273926
vt 0.316406 0.748535
vt 0.030609 0.841309
vt 0.022369 0.832520
vt 0.847656 0.709229
vt 0.063049 0.877686
vt 0.077087 0.897766
vt 0.935547 0.643311
vt 0.023514 0.982544
vt 0.624512 0.205566
vt 0.117737 0.102051
vt 0.722656 0.039551
vt 0.750000 0.018555
vt 0.344971 0.504883
vt 0.187500 0.862671
vt 0.453857 0.673584
vt 0.519531 0.113281
vt 0.050018 0.336426
vt 0.038574 0.337891
vt 0.777344 0.484863
vt 0.962891 0.248535
vt 0.229736 0.014648
vt 0.253418 0.014648
vt 0.223022 0.016602
vt 0.730957 0.936401
vt 0.728027 0.946747
vt 0.026779 0.943909
vt 0.042145 0.059570
vt 0.970215 0.103027
vt 0.843750 0.031738
vt 0.840332 0.032715
vt 0.823242 0.032227
vt 0.188354 0.884705
vt 0.533691 0.092773
vt 0.263916 0.202637
vt 0.262451 0.190430
vt 0.960449 0.333984
vt 0.979980 0.353516
vt 0.974609 0.352539
vt 0.902344 0.396973
vt 0.008820 0.403809
vt 0.812012 0.532227
vt 0.244507 0.113281
vt 0.240723 0.131836
vt 0.468994 0.418945
vt 0.806152 0.787354
vt 0.847168 0.526611
vt 0.786621 0.987671
vt 0.193726 0.360352
vt 0.101990 0.011230
vt 0.106445 0.004395
vt 0.122681 0.643799
vt 0.113586 0.864990
vt 0.437500 0.069824
vt 0.697754 0.115723
vt 0.562012 0.057617
vt 0.570312 0.055664
vt 0.934570 0.860474
vt 0.979004 0.175781
vt 0.136719 0.953735
vt 0.103516 0.158691
vt 0.969727 0.221191
vt 0.389404 0.894470
vt 0.950684 0.032715
vt 0.959961 0.024902
vt 0.958008 0.032227
vt 0.349854 0.937592
vt 0.031311 0.553223
vt 0.034271 0.542480
vt 0.670898 0.870483
vt 0.704102 0.871948
vt 0.694824 0.887390
vt 0.725586 0.068359
vt 0.708984 0.068848
vt 0.468750 0.071777
vt 0.691895 0.433594
vt 0.766113 0.638672
vt 0.979980 0.069336
vt 0.829590 0.086426
vt 0.824219 0.105469
vt 0.720703 0.347656
vt 0.360840 0.386230
vt 0.492920 0.961273
vt 0.528809 0.326660
vt 0.564453 0.022949
vt 0.555664 0.022461
vt 0.554199 0.008301
vt 0.206909 0.284180
vt 0.761719 0.607178
vt 0.146240 0.792725
vt 0.945801 0.675537
vt 0.085754 0.500977
vt 0.880371 0.081055
vt 0.883789 0.069336
vt 0.679199 0.345703
vt 0.668945 0.978302
vt 0.404785 0.396484
vt 0.532715 0.957062
vt 0.927734 0.714844
vt 0.076599 0.086914
vt 0.962402 0.166016
vt 0.749023 0.101074
vt 0.754883 0.090332
vt 0.386963 0.485840
vt 0.949707 0.706055
vt 0.014183 0.904358
vt 0.002211 0.880493
vt 0.015015 0.872681
vt 0.975586 0.118652
vt 0.078247 0.316895
vt 0.916504 0.113770
vt 0.920410 0.130859
vt 0.912598 0.129395
vt 0.241455 0.931763
vt 0.907227 0.700684
vt 0.565430 0.003418
vt 0.501465 0.697266
vt 0.472168 0.723877
vt 0.179077 0.528076
vt 0.603027 0.304199
vt 0.604004 0.301270
vt 0.180542 0.853271
vt 0.915527 0.224121
vt 0.714844 0.065918
vt 0.633301 0.983307
vt 0.323730 0.872925
vt 0.506836 0.948792
vt 0.976074 0.044922
vt 0.930176 0.557861
vt 0.467041 0.768188
vt 0.787598 0.097656
vt 0.331299 0.254883
vt 0.644531 0.613525
vt 0.654785 0.599121
vt 0.100220 0.282227
vt 0.821777 0.801270
vt 0.814941 0.792480
vt 0.934570 0.339844
vt 0.514160 0.748535
vt 0.525391 0.537109
vt 0.516602 0.691650
vt 0.520996 0.673096
vt 0.895508 0.390137
vt 0.149902 0.518799
vt 0.721680 0.882263
vt 0.721680 0.875793
vt 0.285400 0.374512
vt 0.621582 0.512451
vt 0.959961 0.072266
vt 0.979004 0.086914
vt 0.486328 0.985481
vt 0.779785 0.774658
vt 0.621582 0.379395
vt 0.022934 0.128906
vt 0.746582 0.099121
vt 0.944336 0.036621
vt 0.396484 0.859741
vt 0.685547 0.422852
vt 0.174683 0.393066
vt 0.576172 0.674316
vt 0.686523 0.889709
vt 0.228638 0.468262
vt 0.919922 0.143555
vt 0.649902 0.725586
vt 0.934570 0.996149
vt 0.930664 0.726562
vt 0.933594 0.731201
vt 0.957520 0.810059
vt 0.750977 0.453613
vt 0.738281 0.455566
vt 0.720703 0.910461
vt 0.717773 0.927307
vt 0.033752 0.416504
vt 0.030228 0.417480
vt 0.031616 0.378418
vt 0.550293 0.063477
vt 0.794434 0.979553
vt 0.793945 0.992657
vt 0.789551 0.992886
vt 0.067139 0.419922
vt 0.871582 0.257812
vt 0.908203 0.283691
vt 0.715820 0.034668
vt 0.127441 0.651855
vt 0.128052 0.658203
vt 0.330322 0.837891
vt 0.955566 0.064453
vt 0.098755 0.603760
vt 0.963379 0.179199
vt 0.928711 0.515381
vt 0.439941 0.280273
vt 0.890137 0.908569
vt 0.001873 0.788330
vt 0.153931 0.944611
vt 0.948242 0.715088
vt 0.956543 0.718506
vt 0.670898 0.846802
vt 0.655762 0.838135
vt 0.275879 0.003418
vt 0.265869 0.008301
vt 0.249268 0.004395
vt 0.704590 0.906433
vt 0.972168 0.303711
vt 0.973633 0.322266
vt 0.150757 0.737549
vt 0.281982 0.913513
vt 0.276611 0.935364
vt 0.279053 0.348633
vt 0.529297 0.313965
vt 0.160156 0.935974
vt 0.967773 0.373047
vt 0.965332 0.366699
vt 0.987305 0.374023
vt 0.046539 0.147949
vt 0.945312 0.931030
vt 0.291260 0.733398
vt 0.616211 0.067383
vt 0.917969 0.008789
vt 0.926270 0.004883
vt 0.941895 0.009277
vt 0.624023 0.518066
vt 0.922852 0.404297
vt 0.073792 0.623535
vt 0.490479 0.388672
vt 0.508789 0.399902
vt 0.812988 0.939880
vt 0.767578 0.939667
vt 0.805664 0.937561
vt 0.568848 0.492188
vt 0.417969 0.311523
vt 0.549805 0.878479
vt 0.594727 0.221191
vt 0.038422 0.871826
vt 0.615234 0.771118
vt 0.028061 0.729736
vt 0.264404 0.842163
vt 0.479248 0.982361
vt 0.472900 0.999645
vt 0.463379 0.987373
vt 0.512207 0.615967
vt 0.269775 0.059082
vt 0.410156 0.304688
vt 0.475830 0.713623
vt 0.941895 0.036133
vt 0.615234 0.531250
vt 0.751953 0.219238
vt 0.063293 0.694580
vt 0.086060 0.013184
vt 0.092407 0.008301
vt 0.731445 0.567139
vt 0.755371 0.576660
vt 0.090271 0.165039
vt 0.090454 0.339355
vt 0.650391 0.777344
vt 0.649902 0.789795
vt 0.273926 0.753052
vt 0.230469 0.928467
vt 0.914551 0.515137
vt 0.888184 0.518066
vt 0.303467 0.895752
vt 0.986816 0.507080
vt 1.000000 0.510254
vt 0.445801 0.385254
vt 0.541016 0.919678
vt 0.541992 0.939331
vt 0.428711 0.482422
vt 0.947266 0.792236
vt 0.370605 0.410645
vt 0.376953 0.415039
vt 0.586914 0.962280
vt 0.576172 0.958893
vt 0.011765 0.441406
vt 0.735840 0.773193
vt 0.534668 0.324219
vt 0.535645 0.324219
vt 0.063904 0.934021
vt 0.215088 0.003906
vt 0.917480 0.957031
vt 0.454102 0.387695
vt 0.956543 0.631592
vt 0.085571 0.381348
vt 0.998535 0.434082
vt 0.999512 0.446289
vt 0.998047 0.454102
vt 0.069763 0.649170
vt 0.788086 0.594971
vt 0.790039 0.598145
vt 0.011971 0.222168
vt 0.354492 0.272949
vt 0.649414 0.961884
vt 0.490234 0.463867
vt 0.082397 0.977051
vt 0.934082 0.759033
vt 0.462402 0.841064
vt 0.641113 0.998973
vt 0.315674 0.460938
vt 0.714355 0.850708
vt 0.911133 0.937439
vt 0.889648 0.933655
vt 0.934570 0.936218
vt 0.116821 0.103516
vt 0.988770 0.061035
vt 0.910156 0.238770
vt 0.496826 0.433594
vt 0.236816 0.344238
vt 0.666016 0.106934
vt 0.987305 0.686279
vt 0.985840 0.007324
vt 0.979004 0.001465
vt 0.994629 0.001465
vt 0.623047 0.006836
vt 0.596680 0.006836
vt 0.618164 0.004883
vt 0.361328 0.902954
vt 0.567871 0.616699
vt 0.561035 0.633545
vt 0.685059 0.339355
vt 0.428955 0.723633
vt 0.781250 0.617188
vt 0.436279 0.719238
vt 0.867188 0.311523
vt 0.737305 0.646973
vt 0.146606 0.687744
vt 0.649902 0.478027
vt 0.125244 0.048828
vt 0.125366 0.052734
vt 0.108887 0.048828
vt 0.279297 0.786255
vt 0.644531 0.910889
vt 0.508789 0.014648
vt 0.823242 0.020508
vt 0.871582 0.438965
vt 0.753906 0.470215
vt 0.708984 0.957947
vt 0.822266 0.071289
vt 0.087097 0.810303
vt 0.403809 0.114258
vt 0.404297 0.125000
vt 0.067444 0.986473
vt 0.847656 0.939911
vt 0.615723 0.941467
vt 0.813965 0.442871
vt 0.444336 0.104492
vt 0.969238 0.741211
vt 0.121643 0.993744
vt 0.127686 0.996588
vt 0.106995 0.996904
vt 0.805664 0.486816
vt 0.693848 0.156250
vt 0.426758 0.398926
vt 0.239502 0.998987
vt 0.218750 0.998987
vt 0.237061 0.996090
vt 0.631348 0.924133
vt 0.920898 0.934265
vt 0.853516 0.387207
vt 0.047394 0.188965
vt 0.380127 0.413086
vt 0.030045 0.812622
vt 0.968262 0.147461
vt 0.968262 0.187988
vt 0.965820 0.176270
vt 0.142822 0.005859
vt 0.258057 0.042969
vt 0.248047 0.043945
vt 0.054077 0.942352
vt 0.474365 0.051270
vt 0.755859 0.885681
vt 0.753906 0.902832
vt 0.960449 0.335449
vt 0.082764 0.833740
vt 0.101746 0.834717
vt 0.991699 0.855713
vt 0.991699 0.836670
vt 0.996582 0.841919
vt 0.017853 0.971344
vt 0.618652 0.668457
vt 0.140869 0.222168
vt 0.345703 0.989525
vt 0.025513 0.906799
vt 0.026642 0.894653
vt 0.304199 0.926514
vt 0.874512 0.468262
vt 0.943359 0.862549
vt 0.963867 0.868774
vt 0.019272 0.943085
vt 0.170410 0.352051
vt 0.908691 0.238770
vt 0.585938 0.938354
vt 0.591797 0.934082
vt 0.582031 0.055664
vt 0.684570 0.570801
vt 0.195435 0.630859
vt 0.301025 0.939880
vt 0.120422 0.745361
vt 0.106018 0.737549
vt 0.963867 0.951263
vt 0.681641 0.353027
vt 0.134399 0.006836
vt 0.712402 0.368652
vt 0.977539 0.169434
vt 0.970703 0.147949
vt 0.984863 0.145508
vt 0.356934 0.977676
vt 0.149048 0.713867
vt 0.568848 0.632324
vt 0.271729 0.738770
vt 0.036255 0.462402
vt 0.527832 0.657227
vt 0.063293 0.984253
vt 0.053864 0.986565
vt 0.793457 0.875732
vt 0.933594 0.953522
vt 0.086426 0.127930
vt 0.047913 0.590332
vt 0.863281 0.570557
vt 0.097046 0.809326
vt 0.339355 0.919128
vt 0.796387 0.023438
vt 0.788574 0.027344
vt 0.795410 0.007812
vt 0.491455 0.352539
vt 0.353027 0.919312
vt 0.354004 0.954407
vt 0.398682 0.946899
vt 0.425537 0.952118
vt 0.216675 0.899048
vt 0.312012 0.534668
vt 0.311035 0.536621
vt 0.302734 0.536133
vt 0.025330 0.069824
vt 0.695801 0.977524
vt 0.060059 0.970123
vt 0.059021 0.933838
vt 0.866211 0.170410
vt 0.454834 0.451660
vt 0.370605 0.077148
vt 0.083313 0.320312
vt 0.040741 0.913513
vt 0.098694 0.778442
vt 0.086853 0.777588
vt 0.939453 0.461914
vt 0.999023 0.367188
vt 0.998047 0.361816
vt 0.999512 0.349121
vt 0.622070 0.221680
vt 0.114563 0.161621
vt 0.001593 0.658203
vt 0.161621 0.340332
vt 0.954102 0.431152
vt 0.485107 0.998970
vt 0.109375 0.893738
vt 0.515625 0.867188
vt 0.369873 0.935608
vt 0.224609 0.219238
vt 0.271484 0.520020
vt 0.003414 0.937073
vt 0.002707 0.958282
vt 0.000237 0.965057
vt 0.852051 0.272949
vt 0.849609 0.268066
vt 0.984863 0.296875
vt 0.894531 0.004395
vt 0.905762 0.002441
vt 0.918945 0.005371
vt 0.289307 0.347656
vt 0.613281 0.421387
vt 0.118164 0.035645
vt 0.970215 0.320801
vt 0.610840 0.990105
vt 0.189575 0.925598
vt 0.543945 0.812134
vt 0.538574 0.799316
vt 0.264893 0.223633
vt 0.806641 0.526367
vt 0.209717 0.979904
vt 0.200439 0.972565
vt 0.541016 0.147461
vt 0.815918 0.358887
vt 0.570801 0.530518
vt 0.888672 0.431641
vt 0.340088 0.047852
vt 0.302734 0.047852
vt 0.317139 0.042969
vt 0.754395 0.994167
vt 0.372314 0.080566
vt 0.905273 0.249512
vt 0.098694 0.476562
vt 0.991211 0.895935
vt 1.000000 0.432129
vt 0.825684 0.614746
vt 0.811523 0.622803
vt 0.573242 0.054688
vt 0.231079 0.287109
vt 0.925293 0.191406
vt 0.002113 0.565674
vt 0.024063 0.683594
vt 0.197021 0.068359
vt 0.312500 0.865845
vt 0.360840 0.216797
vt 0.059021 0.704102
vt 0.558594 0.327637
vt 0.384033 0.766846
vt 0.714355 0.955627
vt 0.722656 0.951843
vt 0.027328 0.089355
vt 0.064087 0.377441
vt 0.062622 0.375488
vt 0.067322 0.324707
vt 0.644531 0.520020
vt 0.976074 0.450195
vt 0.958496 0.452637
vt 0.952148 0.449707
vt 0.039764 0.197754
vt 0.951660 0.194824
vt 0.950684 0.196289
vt 0.917480 0.192383
vt 0.103149 0.300293
vt 0.052216 0.845337
vt 0.872559 0.654785
vt 0.676758 0.351074
vt 0.998535 0.221191
vt 0.992676 0.224609
vt 0.145996 0.318359
vt 0.902832 0.646484
vt 0.157227 0.353516
vt 0.160156 0.346680
vt 0.893555 0.758545
vt 0.167480 0.242188
vt 0.489502 0.703125
vt 0.292236 0.109863
vt 0.963379 0.360352
vt 0.888672 0.635498
vt 0.000657 0.819458
vt 0.007069 0.851807
vt 0.000657 0.838379
vt 0.354736 0.980194
vt 0.349121 0.976990
vt 0.354004 0.958771
vt 0.036682 0.578369
vt 0.000133 0.138672
vt 0.000133 0.106934
vt 0.001836 0.115234
vt 0.000058 0.145508
vt 0.011757 0.123535
vt 0.011559 0.134277
vt 0.071350 0.205078
vt 0.071350 0.163086
vt 0.073792 0.199219
vt 0.673828 0.863892
vt 0.802246 0.941956
vt 0.984375 0.498535
vt 0.571777 0.749512
vt 0.257080 0.312500
vt 0.039032 0.289062
vt 0.046600 0.260742
vt 0.045807 0.299805
vt 0.976074 0.793945
vt 0.362305 0.487793
vt 0.757324 0.994877
vt 0.760742 0.985435
vt 0.760742 0.994102
vt 0.508301 0.620605
vt 0.403320 0.537354
vt 0.756348 0.988548
vt 0.756348 0.970596
vt 0.760742 0.971283
vt 0.821289 0.529053
vt 0.464844 0.912903
vt 0.032501 0.693359
vt 0.052094 0.686523
vt 0.848633 0.157227
vt 0.085632 0.208008
vt 0.377197 0.894470
vt 0.329834 0.997353
vt 0.329834 0.985916
vt 0.334473 0.995499
vt 0.151855 0.530029
vt 0.685547 0.430176
vt 0.441895 0.788696
vt 0.335938 0.687256
vt 0.346191 0.679932
vt 0.010170 0.834351
vt 0.543457 0.911743
vt 0.551758 0.911560
vt 0.552734 0.912292
vt 0.804688 0.647461
vt 0.975098 0.308594
vt 0.181519 0.864990
vt 0.935547 0.057129
vt 0.988281 0.612305
vt 0.995605 0.614502
vt 0.990234 0.616455
vt 0.345703 0.012695
vt 0.343750 0.014160
vt 0.591309 0.188965
vt 0.245850 0.584717
vt 0.500488 0.619385
vt 0.503418 0.643311
vt 0.766602 0.731934
vt 0.943359 0.510498
vt 0.820801 0.314941
vt 0.543945 0.020020
vt 0.972656 0.890137
vt 0.388184 0.394531
vt 0.083069 0.246582
vt 0.080811 0.220703
vt 0.081848 0.204102
vt 0.742676 0.026855
vt 0.763184 0.846924
vt 0.632324 0.758789
vt 0.342529 0.250488
vt 0.344482 0.246582
vt 0.797363 0.417480
vt 0.964844 0.329590
vt 0.984375 0.343262
vt 0.964355 0.332031
vt 0.229980 0.906616
vt 0.143066 0.456055
vt 0.150146 0.461914
vt 0.314697 0.783203
vt 0.322266 0.803467
vt 0.004803 0.927551
vt 0.001101 0.905945
vt 0.004547 0.903687
vt 0.338379 0.162109
vt 0.581543 0.022461
vt 0.599609 0.131836
vt 0.418701 0.045898
vt 0.093994 0.324219
vt 0.388428 0.015137
vt 0.483887 0.983643
vt 0.069275 0.949585
vt 0.269287 0.107910
vt 0.136841 0.968597
vt 0.141602 0.971695
vt 0.581543 0.805786
vt 0.527832 0.879395
vt 0.544434 0.871460
vt 0.064758 0.834473
vt 0.995605 0.451660
vt 0.297852 0.003906
vt 0.325195 0.003906
vt 0.314453 0.009277
vt 0.513672 0.968842
vt 0.603516 0.528564
vt 0.959473 0.016602
vt 0.952148 0.011719
vt 0.302734 0.274902
vt 0.311523 0.649170
vt 0.995605 0.495117
vt 0.983887 0.495117
vt 0.987793 0.491211
vt 0.791016 0.748047
vt 0.488037 0.828613
vt 0.534668 0.825562
vt 0.221313 0.616943
vt 0.998047 0.385742
vt 0.999512 0.369141
vt 1.000000 0.387695
vt 0.473145 0.348145
vt 0.807617 0.837402
vt 0.112732 0.013672
vt 0.083801 0.560303
vt 0.407715 0.810425
vt 0.978516 0.298340
vt 0.959473 0.292480
vt 0.490234 0.982101
vt 0.532227 0.891174
vt 0.008362 0.272949
vt 0.013184 0.303711
vt 0.009346 0.306152
vt 0.385498 0.983719
vt 0.633789 0.916931
vt 0.478760 0.768799
vt 0.444824 0.793335
vt 0.467285 0.164062
vt 0.321533 0.981018
vt 0.367188 0.531738
vt 0.193848 0.520752
vt 0.395508 0.439941
vt 0.942383 0.800781
vt 0.145996 0.042969
vt 0.160400 0.049316
vt 0.128540 0.042480
vt 0.386963 0.966431
vt 0.588379 0.075684
vt 0.394531 0.974518
vt 0.391113 0.976013
vt 0.995117 0.778809
vt 0.991211 0.772583
vt 0.995605 0.757568
vt 0.101074 0.267578
vt 0.092224 0.264160
vt 0.099976 0.260742
vt 0.277588 0.466309
vt 0.713867 0.895447
vt 0.828613 0.029785
vt 0.825684 0.029785
vt 0.828613 0.012207
vt 0.187134 0.807617
vt 0.189941 0.802979
vt 0.831543 0.635254
vt 0.831543 0.651367
vt 0.808105 0.624756
vt 0.657715 0.943604
vt 0.030182 0.621826
vt 0.577637 0.256836
vt 0.552734 0.252441
vt 0.548828 0.645508
vt 0.371826 0.613525
vt 0.404541 0.336914
vt 0.667969 0.980942
vt 0.667969 0.995441
vt 0.662598 0.994324
vt 0.376709 0.189453
vt 0.700195 0.473633
vt 0.695312 0.477539
vt 0.141968 0.743408
vt 0.137573 0.748779
vt 0.285889 0.410645
vt 0.009941 0.720459
vt 0.914062 0.268555
vt 0.212280 0.350098
vt 0.861816 0.944824
vt 0.867188 0.944061
vt 0.986328 0.629150
vt 0.990234 0.630859
vt 0.978027 0.631592
vt 0.875000 0.267090
vt 0.048065 0.884521
vt 0.833008 0.130371
vt 0.858398 0.916626
vt 0.189087 0.815918
vt 0.462402 0.752930
vt 0.165283 0.895447
vt 0.718750 0.642334
vt 0.064209 0.553711
vt 0.050781 0.582275
vt 0.516602 0.495117
vt 0.518555 0.507812
vt 0.137573 0.841187
vt 0.017456 0.007324
vt 0.001060 0.004395
vt 0.024033 0.002930
vt 0.258545 0.717041
vt 0.251465 0.695312
vt 0.876953 0.109375
vt 0.012787 0.793457
vt 0.003807 0.787476
vt 0.908203 0.266113
vt 0.767578 0.362305
vt 0.120544 0.768799
vt 0.656738 0.005371
vt 0.649902 0.290527
vt 0.573242 0.003906
vt 0.600586 0.003906
vt 0.575684 0.006836
vt 0.451904 0.993053
vt 0.461182 0.986313
vt 0.459229 0.998924
vt 0.181030 0.290527
vt 0.538574 0.295410
vt 0.499268 0.020020
vt 0.499268 0.002441
vt 0.508301 0.010742
vt 0.108826 0.159180
vt 0.604980 0.803955
vt 0.821777 0.906433
vt 0.984375 0.798584
vt 0.983398 0.785889
vt 0.983398 0.770752
vt 0.466797 0.363281
vt 0.433105 0.911072
vt 0.219482 0.014160
vt 0.678223 0.070801
vt 0.999023 0.073242
vt 0.670410 0.103516
vt 0.384766 0.902710
vt 0.002010 0.083008
vt 0.763184 0.989044
vt 0.616699 0.850586
vt 0.647949 0.029785
vt 0.954590 0.551270
vt 0.652344 0.775269
vt 0.727051 0.264648
vt 0.183105 0.583984
vt 0.053040 0.088867
vt 0.032257 0.939667
vt 0.349121 0.883423
vt 0.668457 0.082031
vt 1.000000 0.529541
vt 0.441895 0.657471
vt 0.728516 0.383301
vt 0.929199 0.956757
vt 0.553711 0.030762
vt 0.646484 0.416504
vt 0.138550 0.802979
vt 0.340332 0.955841
vt 0.032227 0.932190
vt 0.171875 0.563965
vt 0.178223 0.562256
vt 0.049316 0.129395
vt 0.091858 0.846802
vt 0.353027 0.788086
vt 0.167236 0.006348
vt 0.167114 0.007812
vt 0.224121 0.774292
vt 0.927246 0.745361
vt 0.838379 0.529053
vt 0.171265 0.971115
vt 0.780273 0.935974
vt 0.911621 0.606689
vt 0.849609 0.620850
vt 0.213257 0.247559
vt 0.987305 0.145996
vt 0.995117 0.145508
vt 0.986328 0.151367
vt 0.444092 0.289551
vt 0.869141 0.969330
vt 0.608887 0.359375
vt 0.812988 0.963745
vt 0.108887 0.008301
vt 0.111145 0.009766
vt 0.108826 0.017090
vt 0.702637 0.378418
vt 0.822266 0.012207
vt 0.681641 0.339844
vt 0.675781 0.333008
vt 1.000000 0.948639
vt 0.994629 0.959442
vt 0.994141 0.944611
vt 0.910156 0.113770
vt 0.864746 0.051758
vt 0.823242 0.051758
vt 0.825684 0.041504
vt 0.035828 0.967987
vt 0.795898 0.812378
vt 0.867676 0.002441
vt 0.624512 0.882202
vt 0.652344 0.878296
vt 0.012695 0.279297
vt 0.904785 0.951874
vt 0.473389 0.981033
vt 0.998047 0.184082
vt 0.796875 0.986168
vt 0.655273 0.151855
vt 0.908691 0.191406
vt 0.695801 0.930115
vt 0.437744 0.285645
vt 0.164307 0.045410
vt 0.395020 0.179199
vt 0.435303 0.043457
vt 0.260254 0.347168
vt 0.705078 0.987411
vt 0.970703 0.299805
vt 0.645996 0.832275
vt 0.015762 0.017578
vt 0.026947 0.019531
vt 0.013901 0.020020
vt 0.228882 0.486328
vt 0.705566 0.876160
vt 0.031891 0.480957
vt 0.527344 0.792236
vt 0.718750 0.930664
vt 0.144653 0.185059
vt 0.875977 0.980545
vt 0.875977 0.067871
vt 0.004604 0.672852
vt 0.448730 0.269531
vt 0.341064 0.973892
vt 0.797363 0.870361
vt 0.119263 0.174805
vt 0.443848 0.768799
vt 0.393555 0.166992
vt 0.702148 0.866333
vt 0.619629 0.284668
vt 0.068420 0.376465
vt 0.289307 0.004883
vt 0.147949 0.963654
vt 0.155884 0.966003
vt 0.622070 0.402344
vt 0.737793 0.836304
vt 0.830566 0.437012
vt 0.824707 0.438965
vt 0.556641 0.177734
vt 0.436279 0.430176
vt 0.095093 0.268066
vt 0.796387 0.500000
vt 0.110413 0.214355
vt 0.439453 0.496094
vt 0.746582 0.583740
vt 0.193115 0.998886
vt 0.193115 0.984383
vt 0.210449 0.987312
vt 0.085632 0.781250
vt 0.409180 0.240723
vt 0.320312 0.544678
vt 0.768555 0.376465
vt 0.883789 0.394043
vt 0.364502 0.911682
vt 0.073303 0.055664
vt 0.527344 0.760864
vt 0.274414 0.975845
vt 0.946289 0.771973
vt 0.770020 0.948395
vt 0.484619 0.478027
vt 0.563965 0.101562
vt 0.032349 0.442383
vt 0.971191 0.034180
vt 0.103027 0.943634
vt 0.108154 0.915894
vt 0.795898 0.933167
vt 0.962891 0.690674
vt 0.961426 0.708984
vt 0.430176 0.958954
vt 0.941406 0.828857
vt 0.949219 0.833618
vt 0.645020 0.975235
vt 0.581543 0.770874
vt 0.724121 0.926025
vt 0.262939 0.383789
vt 0.980957 0.336426
vt 0.821777 0.871094
vt 0.856934 0.871094
vt 0.874023 0.872559
vt 0.589844 0.886902
vt 0.966797 0.445801
vt 0.949219 0.445801
vt 0.110596 0.748047
vt 0.533203 0.841553
vt 0.488281 0.842041
vt 0.523926 0.839966
vt 0.944824 0.758423
vt 0.944336 0.766724
vt 0.132690 0.420410
vt 0.888672 0.237305
vt 0.034210 0.444336
vt 0.031586 0.461914
vt 0.547852 0.392090
vt 0.130371 0.060059
vt 0.680176 0.867188
vt 0.266113 0.954773
vt 0.799805 0.995380
vt 0.797852 0.988876
vt 0.803223 0.990479
vt 0.188965 0.974670
vt 0.942383 0.658936
vt 0.357178 0.898682
vt 0.790527 0.839111
vt 0.570801 0.191895
vt 0.561523 0.198730
vt 0.833496 0.704102
vt 0.868164 0.758667
vt 0.425781 0.737305
vt 0.270752 0.978271
vt 0.002167 0.192871
vt 0.007675 0.181152
vt 0.006271 0.213379
vt 0.988281 0.599365
vt 0.132935 0.326660
vt 0.183960 0.320312
vt 0.166138 0.328125
vt 0.506836 0.942932
vt 0.312744 0.265137
vt 0.046265 0.032715
vt 0.273438 0.694092
vt 0.467285 0.608887
vt 0.777344 0.376953
vt 0.776855 0.385742
vt 0.381348 0.895325
vt 0.163208 0.181641
vt 0.446289 0.426270
vt 0.513184 0.073242
vt 0.078857 0.272949
vt 0.476807 0.057129
vt 0.464355 0.919006
vt 0.375732 0.547363
vt 0.302002 0.105957
vt 0.015762 0.999441
vt 0.024017 0.996128
vt 0.031982 0.997532
vt 0.029022 0.999322
vt 0.172852 0.582275
vt 0.177368 0.580566
vt 0.970703 0.169922
vt 0.985840 0.211914
vt 0.993652 0.213379
vt 0.434326 0.106445
vt 0.153564 0.599365
vt 0.710449 0.632080
vt 0.969238 0.827148
vt 0.397705 0.190430
vt 0.194580 0.262207
vt 0.201172 0.265137
vt 0.349609 0.021484
vt 0.350342 0.013672
vt 0.181396 0.248047
vt 0.068359 0.691895
vt 0.139648 0.978928
vt 0.007160 0.952820
vt 0.952148 0.806885
vt 0.173096 0.090332
vt 0.989258 0.609619
vt 0.974121 0.604492
vt 0.989746 0.604004
vt 0.217407 0.106445
vt 0.372070 0.564453
vt 0.550781 0.101562
vt 0.406494 0.072754
vt 0.955566 0.863281
vt 0.625000 0.250488
vt 0.341553 0.875244
vt 0.030136 0.549072
vt 0.022675 0.940979
vt 0.256348 0.835327
vt 0.586426 0.336426
vt 0.583496 0.355957
vt 0.994141 0.654541
vt 0.978027 0.654785
vt 0.997559 0.390137
vt 1.000000 0.402344
vt 0.998047 0.409668
vt 0.180908 0.211426
vt 0.936523 0.553223
vt 0.249756 0.730713
vt 0.541992 0.843384
vt 0.514648 0.843262
vt 0.158081 0.362305
vt 0.400146 0.805054
vt 0.427979 0.975052
vt 0.420898 0.979782
vt 0.780273 0.479492
vt 0.282715 0.354492
vt 0.542480 0.783203
vt 0.103394 0.264648
vt 0.195801 0.646484
vt 0.053192 0.051270
vt 0.325928 0.906311
vt 0.081543 0.624512
vt 0.543457 0.773193
vt 0.180176 0.873291
vt 0.985840 0.010742
vt 0.996094 0.010742
vt 0.994629 0.029297
vt 0.258789 0.229004
vt 0.754883 0.938782
vt 0.862793 0.863525
vt 0.157104 0.991089
vt 0.173096 0.979446
vt 0.172729 0.998895
vt 0.063354 0.677734
vt 0.301514 0.853516
vt 0.976074 0.957886
vt 0.835938 0.151855
vt 0.013229 0.576660
vt 0.077942 0.278809
vt 0.643555 0.414062
vt 0.652344 0.406250
vt 0.952148 0.455078
vt 0.980469 0.955566
vt 0.980469 0.933716
vt 0.986816 0.942261
vt 0.990723 0.862671
vt 0.998535 0.852051
vt 1.000000 0.862793
vt 0.503906 0.695557
vt 0.950684 0.708252
vt 0.614746 0.808838
vt 0.013458 0.641357
vt 0.028610 0.643066
vt 0.456787 0.017578
vt 0.967773 0.627686
vt 0.981934 0.626709
vt 0.987305 0.868286
vt 0.649902 0.059570
vt 0.251465 0.410156
vt 0.959473 0.094727
vt 0.797363 0.708252
vt 0.583496 0.189453
vt 0.933594 0.699707
vt 0.998535 0.991417
vt 0.995117 0.990341
vt 0.994141 0.980530
vt 0.011101 0.657715
vt 0.630371 0.276855
vt 0.833008 0.190918
vt 0.002213 0.899658
vt 0.000242 0.891663
vt 0.597656 0.152832
vt 0.882812 0.868652
vt 0.227905 0.450684
vt 0.271973 0.413574
vt 0.544922 0.991325
vt 0.365479 0.329590
vt 0.975586 0.318359
vt 0.585449 0.698486
vt 0.754395 0.328125
vt 0.496094 0.315918
vt 0.446533 0.001465
vt 0.697754 0.708984
vt 0.237183 0.568848
vt 0.979492 0.013672
vt 0.157471 0.020996
vt 0.165283 0.018066
vt 0.109924 0.767456
vt 0.975586 0.264160
vt 0.979004 0.255859
vt 0.991699 0.258301
vt 0.823730 0.027344
vt 0.010979 0.343750
vt 0.342285 0.754028
vt 0.659180 0.121094
vt 0.223755 0.604980
vt 0.466797 0.999915
vt 0.269775 0.907104
vt 0.995117 0.647461
vt 0.985352 0.644287
vt 0.994629 0.645264
vt 0.170776 0.920227
vt 0.164062 0.918823
vt 0.324219 0.385254
vt 0.367920 0.119141
vt 0.099182 0.032227
vt 0.072571 0.023926
vt 0.096191 0.011230
vt 0.867676 0.320801
vt 0.086182 0.162109
vt 0.434570 0.518799
vt 0.126831 0.978088
vt 0.049225 0.706299
vt 0.515625 0.998828
vt 0.509766 0.994633
vt 0.519531 0.984932
vt 0.998535 0.962891
vt 0.587891 0.562988
vt 0.985352 0.550781
vt 0.989258 0.541260
vt 0.589844 0.754639
vt 0.872070 0.598633
vt 0.947266 0.261719
vt 0.115906 0.371582
vt 0.167969 0.189453
vt 0.895508 0.711914
vt 0.452881 0.405273
vt 0.161255 0.587402
vt 0.803223 0.346680
vt 0.707031 0.807983
vt 0.209839 0.350098
vt 0.302246 0.603760
vt 0.308594 0.533203
vt 0.562500 0.027832
vt 0.446045 0.725098
vt 0.186646 0.990318
vt 0.187134 0.984268
vt 0.190308 0.995071
vt 0.837402 0.079590
vt 0.824707 0.084961
vt 0.809082 0.871338
vt 0.114563 0.432129
vt 0.263428 0.468750
vt 0.662109 0.757690
vt 0.989258 0.060059
vt 0.996094 0.966187
vt 0.999512 0.965057
vt 0.998535 0.983261
vt 0.739258 0.935364
vt 0.367432 0.087891
vt 0.307617 0.163574
vt 0.038361 0.244629
vt 0.840820 0.817505
vt 0.992676 0.870972
vt 0.993652 0.249023
vt 0.978516 0.344727
vt 0.530762 0.838745
vt 0.973145 0.860840
vt 0.987305 0.292480
vt 0.984863 0.290039
vt 0.985352 0.269043
vt 0.072510 0.365723
vt 0.729980 0.959290
vt 0.006252 0.612061
vt 0.001516 0.629639
vt 0.003109 0.595215
vt 0.584473 0.544678
vt 0.705566 0.961426
vt 0.885254 0.807739
vt 0.853027 0.957428
vt 0.093628 0.971313
vt 0.453369 0.458496
vt 0.000567 0.487793
vt 0.857422 0.944122
vt 0.749512 0.110840
vt 0.710938 0.125488
vt 0.668457 0.818115
vt 0.713379 0.845947
vt 0.490723 0.377441
vt 0.675293 0.445801
vt 0.679199 0.454102
vt 0.003817 0.858398
vt 0.889648 0.830688
vt 0.000198 0.949799
vt 0.937500 0.992165
vt 0.001105 0.693848
vt 0.806641 0.437500
vt 0.027328 0.003418
vt 0.087524 0.132324
vt 0.190308 0.986908
vt 0.133179 0.699951
vt 0.790527 0.980942
vt 0.342285 0.991104
vt 0.693359 0.213379
vt 0.956055 0.253906
vt 0.846191 0.154785
vt 0.689453 0.459473
vt 0.142090 0.586670
vt 0.993652 0.040527
vt 0.322266 0.070801
vt 0.317383 0.074219
vt 0.317871 0.064941
vt 0.177368 0.999997
vt 0.175293 0.984802
vt 0.183472 0.997772
vt 0.097656 0.438477
vt 0.696289 0.220703
vt 0.382568 0.560303
vt 0.708496 0.871582
vt 0.478760 0.795166
vt 0.502441 0.869263
vt 0.796875 0.332031
vt 0.862305 0.024902
vt 0.014038 0.724609
vt 0.626953 0.887024
vt 0.687500 0.470215
vt 0.889648 0.871704
vt 0.707520 0.838135
vt 0.958984 0.721191
vt 0.396240 0.877441
vt 0.409912 0.885803
vt 0.990723 0.737305
vt 0.995117 0.740967
vt 0.992188 0.758789
vt 0.011429 0.155273
vt 0.649414 0.363281
vt 0.178101 0.582275
vt 0.645020 0.318848
vt 0.403320 0.921326
vt 0.621094 0.387207
vt 0.115723 0.003418
vt 0.118469 0.012207
vt 0.114807 0.011230
vt 0.229126 0.787231
vt 0.256836 0.979614
vt 0.965332 0.197266
vt 0.967285 0.189941
vt 0.967285 0.230469
vt 0.220215 0.539307
vt 0.526367 0.822998
vt 0.973633 0.578857
vt 0.998047 0.200684
vt 0.998047 0.187012
vt 1.000000 0.199219
vt 0.693359 0.337891
vt 0.984863 0.533203
vt 0.720703 0.765747
vt 0.103516 0.640381
vt 0.965332 0.796631
vt 0.062988 0.953186
vt 0.287354 0.126953
vt 0.581055 0.015625
vt 0.963867 0.465332
vt 0.205200 0.766479
vt 0.901367 0.872681
vt 0.541016 0.912231
vt 0.909180 0.812378
vt 0.463135 0.031738
vt 0.965820 0.121094
vt 0.689453 0.893433
vt 0.989746 0.134277
vt 0.182495 0.470215
vt 0.106445 0.375000
vt 0.920898 0.992626
vt 0.971191 0.028320
vt 0.798828 0.885376
vt 0.990723 0.715820
vt 0.983887 0.725586
vt 0.972168 0.728516
vt 0.111267 0.022949
vt 0.003740 0.965942
vt 0.148926 0.716553
vt 0.812500 0.357422
vt 0.759766 0.229980
vt 0.581543 0.320312
vt 0.047333 0.007324
vt 0.144043 0.350586
vt 0.001929 0.934875
vt 0.236572 0.022949
vt 0.778320 0.249512
vt 0.505371 0.421387
vt 0.632812 0.534180
vt 0.538574 0.670654
vt 0.365723 0.609863
vt 0.967773 0.924011
vt 0.190552 0.436035
vt 0.579590 0.700684
vt 0.997070 0.203125
vt 0.055145 0.703125
vt 0.749023 0.599365
vt 0.167847 0.882263
vt 0.400635 0.001953
vt 0.415771 0.013184
vt 0.396240 0.015137
vt 0.374512 0.163574
vt 0.494141 0.951965
vt 0.678711 0.116211
vt 0.806641 0.652100
vt 0.049072 0.850830
vt 0.089111 0.998354
vt 0.261230 0.299805
vt 0.959961 0.206543
vt 0.958984 0.009277
vt 0.978516 0.005859
vt 0.981934 0.009277
vt 0.054016 0.474121
vt 0.127075 0.956146
vt 0.299561 0.110352
vt 0.567871 0.980530
vt 0.885254 0.383789
vt 0.033539 0.539795
vt 0.103455 0.326172
vt 0.347656 0.961731
vt 0.142456 0.029297
vt 0.706543 0.777222
vt 0.452881 0.872192
vt 0.447754 0.895630
vt 0.000109 0.189941
vt 0.000109 0.157715
vt 0.005306 0.176758
vt 0.820801 0.690674
vt 0.213135 0.540771
vt 0.092712 0.252930
vt 0.347900 0.009766
vt 0.423340 0.996344
vt 0.893066 0.020996
vt 0.761719 0.933044
vt 0.199707 0.661133
vt 0.213135 0.695068
vt 0.320068 0.701172
vt 0.304199 0.950073
vt 0.565918 0.490234
vt 0.560547 0.498047
vt 0.360596 0.337891
vt 0.982910 0.217773
vt 0.010735 0.474609
vt 0.246582 0.530029
vt 0.265625 0.527588
vt 0.639648 0.113770
vt 0.246338 0.523438
vt 0.856445 0.904602
vt 0.835938 0.573242
vt 0.056519 0.917603
vt 0.486816 0.633789
vt 0.013580 0.790161
vt 0.010826 0.785400
vt 0.196533 0.886536
vt 0.357178 0.944580
vt 0.442627 0.181152
vt 0.964355 0.644287
vt 0.152466 0.491699
vt 0.768066 0.970428
vt 0.050659 0.834839
vt 0.753906 0.697021
vt 0.656250 0.113281
vt 0.688965 0.740723
vt 0.004532 0.288086
vt 0.221436 0.768555
vt 0.094604 0.277832
vt 0.234863 0.669678
vt 0.866699 0.029785
vt 0.906250 0.611328
vt 0.226196 0.825928
vt 0.109619 0.706543
vt 0.019623 0.086426
vt 0.200562 0.062500
vt 0.457275 0.822754
vt 0.191406 0.881165
vt 0.663086 0.939941
vt 0.392578 0.005859
vt 0.283447 0.686523
vt 0.622070 0.954956
vt 0.971680 0.561279
vt 0.971680 0.592773
vt 0.970215 0.589355
vt 0.274414 0.047852
vt 0.184448 0.984749
vt 0.735840 0.301758
vt 0.748535 0.379883
vt 0.428223 0.962769
vt 0.561035 0.973328
vt 0.110168 0.383789
vt 0.140625 0.013184
vt 0.095154 0.931946
vt 0.754395 0.632812
vt 0.463135 0.236816
vt 0.002151 0.051758
vt 0.013596 0.051758
vt 0.011108 0.062012
vt 0.161133 0.040039
vt 0.256836 0.842651
vt 0.591309 0.911804
vt 0.170898 0.882874
vt 0.962891 0.993759
vt 0.962402 0.999268
vt 0.946777 0.999845
vt 0.459717 0.779541
vt 0.963379 0.078613
vt 0.057159 0.736572
vt 0.231567 0.049805
vt 0.558594 0.850952
vt 0.419678 0.910278
vt 0.544922 0.295410
vt 0.230103 0.473145
vt 0.952148 0.015625
vt 0.238770 0.074707
vt 0.655273 0.704102
vt 0.359863 0.492188
vt 0.996582 0.486816
vt 0.207397 0.524170
vt 0.248535 0.008301
vt 0.221924 0.008301
vt 0.245361 0.004395
vt 0.931152 0.013672
vt 0.584473 0.417969
vt 0.443115 0.521973
vt 0.173950 0.333008
vt 0.854980 0.907166
vt 0.833984 0.991356
vt 0.839355 0.994373
vt 0.815918 0.994289
vt 0.077209 0.011719
vt 0.675781 0.053711
vt 1.000000 0.050293
vt 0.989746 0.057617
vt 0.986328 0.047363
vt 0.903809 0.760498
vt 0.091064 0.967682
vt 0.956543 0.243652
vt 0.440430 0.833008
vt 0.460938 0.224121
vt 0.675781 0.532715
vt 0.000552 0.578613
vt 0.964844 0.652588
vt 0.629395 0.193359
vt 0.377930 0.269531
vt 0.711914 0.919800
vt 0.858887 0.032715
vt 0.383301 0.977493
vt 0.518555 0.981537
vt 0.053314 0.949402
vt 0.988770 0.196777
vt 0.982422 0.177246
vt 0.994629 0.176758
vt 0.055664 0.337891
vt 0.921387 0.057617
vt 0.599121 0.647461
vt 0.882324 0.250977
vt 0.884277 0.712891
vt 0.619629 0.211426
vt 0.439697 0.016113
vt 0.579102 0.629150
vt 0.711426 0.220215
vt 0.875977 0.873535
vt 0.664551 0.090332
vt 0.959473 0.498535
vt 0.861816 0.374023
vt 0.308350 0.198730
vt 0.078857 0.092773
vt 0.829102 0.806396
vt 0.852539 0.805298
vt 0.858887 0.807007
vt 0.340820 0.998326
vt 0.247803 0.072754
vt 0.533691 0.996593
vt 0.534180 0.990051
vt 0.011620 0.478516
vt 0.011620 0.512207
vt 0.000681 0.498047
vt 0.001978 0.281738
vt 0.509766 0.749512
vt 0.384521 0.325684
vt 0.663574 0.171387
vt 0.229248 0.555908
vt 0.840332 0.310059
vt 0.154419 0.987946
vt 0.239014 0.945251
vt 0.485107 0.023438
vt 0.765625 0.842896
vt 0.867188 0.953918
vt 0.989258 0.285645
vt 0.989258 0.279297
vt 0.995117 0.282715
vt 0.961914 0.019531
vt 0.454346 0.527588
vt 0.007980 0.124023
vt 0.453369 0.344238
vt 0.271729 0.990417
vt 0.291016 0.988731
vt 0.295654 0.991585
vt 0.240356 0.435059
vt 0.265381 0.533936
vt 0.268311 0.489258
vt 0.317627 0.910522
vt 0.348633 0.996441
vt 0.348633 0.980927
vt 0.356689 0.984344
vt 0.576660 0.915649
vt 0.013115 0.341309
vt 0.717773 0.584229
vt 0.012421 0.822510
vt 0.000144 0.596680
vt 0.776855 0.490234
vt 0.520020 0.026367
vt 0.070007 0.646240
vt 0.489746 0.993259
vt 0.823242 0.001953
vt 0.344727 0.079590
vt 0.796875 0.972443
vt 0.343018 0.879150
vt 0.324463 0.041504
vt 0.362061 0.041504
vt 0.335938 0.043457
vt 0.137695 0.197266
vt 0.040283 0.341797
vt 0.512695 0.092285
vt 0.520508 0.086914
vt 0.509766 0.894897
vt 0.557617 0.132324
vt 0.958008 0.382324
vt 0.583496 0.845703
vt 0.827148 0.157227
vt 0.177124 0.399414
vt 0.033630 0.489258
vt 0.045105 0.478027
vt 0.044769 0.517090
vt 0.245728 0.060059
vt 0.983887 0.347168
vt 0.992188 0.344238
vt 0.994141 0.346680
vt 0.742676 0.067871
vt 0.347412 0.019043
vt 0.601562 0.440430
vt 0.154175 0.082520
vt 0.167603 0.056641
vt 0.886230 0.804199
vt 0.390869 0.059082
vt 0.347900 0.015137
vt 0.254639 0.231934
vt 0.537109 0.964813
vt 0.441650 0.329590
vt 0.986816 0.267090
vt 0.986328 0.845703
vt 0.490967 0.507080
vt 0.311768 0.915588
vt 0.493164 0.839600
vt 0.504883 0.221680
vt 0.796875 0.723145
vt 0.115417 0.207031
vt 0.430664 0.964783
vt 0.213501 0.976242
vt 0.157104 0.949310
vt 0.314697 0.405762
vt 0.519531 0.317871
vt 0.496338 0.997458
vt 0.274170 0.285645
vt 0.658691 0.556396
vt 0.459229 0.226562
vt 0.003523 0.697266
vt 0.180786 0.877014
vt 0.099670 0.004883
vt 0.099670 0.014160
vt 0.097656 0.006348
vt 0.027176 0.851807
vt 0.023087 0.839966
vt 0.292236 0.947418
vt 0.823730 0.138184
vt 0.215820 0.763428
vt 0.853027 0.908447
s 1
usemtl Material.001
f 1/1/1 2/2/2 3/3/3
f 8/4/4 3/3/3 4/5/5
f 4355/6/6 5/7/7 6/8/8
f 7/9/9 5/7/7 4355/6/6
f 5/7/7 8/10/4 9/11/10
f 10/12/11 4/5/5 2/2/2
f 11/13/12 1/1/1 3/3/3
f 25/14/13 12/15/14 13/16/15
f 10/12/11 2391/17/16 2392/18/17
f 2391/17/16 10/12/11 2/2/2
f 14/19/18 15/20/19 4578/21/20
f 4/22/5 9/11/10 8/10/4
f 11/13/12 16/23/21 1/1/1
f 4/22/5 10/24/11 9/11/10
f 16/25/21 11/26/12 17/27/22
f 11/26/12 18/28/23 17/27/22
f 2/2/2 1/1/1 2391/17/16
f 19/29/24 20/30/25 15/20/19
f 3/3/3 2/2/2 4/5/5
f 4578/21/20 17/27/22 18/28/23
f 21/31/26 13/16/15 12/15/14
f 11/13/12 3/3/3 22/32/27
f 22/32/27 24/33/28 11/13/12
f 23/34/29 24/35/28 26/36/30
f 26/36/30 25/37/13 23/34/29
f 25/38/13 26/39/30 3187/40/31
f 15/20/19 20/30/25 17/27/22
f 27/41/32 18/28/23 11/26/12
f 22/32/27 26/39/30 24/33/28
f 20/30/25 1/42/1 16/25/21
f 28/43/33 29/44/34 30/45/35
f 31/46/36 3981/47/37 32/48/38
f 33/49/39 3981/47/37 31/46/36
f 4898/50/40 34/51/41 35/52/42
f 36/53/43 34/51/41 4898/50/40
f 37/54/44 34/51/41 36/53/43
f 36/53/43 4898/50/40 37/54/44
f 4131/55/45 2199/56/46 38/57/47
f 39/58/48 4131/55/45 38/57/47
f 40/59/49 4445/60/50 3069/61/51
f 40/59/49 41/62/52 4445/60/50
f 42/63/53 43/64/54 4150/65/55
f 44/66/56 45/67/57 4871/68/58
f 46/69/59 4150/65/55 43/64/54
f 47/70/60 48/71/61 42/72/53
f 4150/65/55 47/73/60 42/63/53
f 49/74/62 48/71/61 45/67/57
f 50/75/63 48/71/61 47/70/60
f 48/71/61 50/75/63 45/67/57
f 43/64/54 42/63/53 3733/76/64
f 45/67/57 44/66/56 49/74/62
f 51/77/65 52/78/66 4109/79/67
f 4109/79/67 52/78/66 53/80/68
f 4299/81/69 54/82/70 55/83/71
f 58/84/72 56/85/73 57/86/74
f 54/87/70 58/88/72 57/89/74
f 4299/81/69 55/83/71 59/90/75
f 58/88/72 54/87/70 4299/91/69
f 60/92/76 61/93/77 62/94/78
f 63/95/79 64/96/80 65/97/81
f 66/98/82 67/99/83 91/100/84
f 68/101/85 85/102/86 69/103/87
f 70/104/88 71/105/89 72/106/90
f 74/107/91 90/108/92 91/109/84
f 73/110/93 67/99/83 70/111/88
f 68/101/85 69/103/87 66/112/82
f 67/99/83 74/113/91 91/100/84
f 71/114/89 70/111/88 75/115/94
f 76/116/95 71/114/89 75/115/94
f 77/117/96 76/118/95 78/119/97
f 76/118/95 77/117/96 79/120/98
f 67/99/83 80/121/99 75/115/94
f 73/122/93 70/104/88 72/106/90
f 81/123/100 68/124/85 82/125/101
f 90/108/92 83/126/102 89/127/103
f 73/110/93 74/113/91 67/99/83
f 73/122/93 83/128/102 74/129/91
f 75/115/94 80/121/99 78/130/97
f 360/131/104 69/103/87 85/102/86
f 84/132/105 85/133/86 81/123/100
f 86/134/106 4293/135/107 4294/136/108
f 87/137/109 88/138/110 89/139/103
f 90/140/92 4294/136/108 91/141/84
f 85/133/86 68/124/85 81/123/100
f 4294/136/108 90/140/92 86/134/106
f 88/138/110 86/134/106 89/139/103
f 66/98/82 80/121/99 67/99/83
f 70/111/88 67/99/83 75/115/94
f 78/130/97 76/116/95 75/115/94
f 85/133/86 84/132/105 1254/142/111
f 68/101/85 66/112/82 91/143/84
f 82/125/101 91/144/84 4294/145/108
f 82/125/101 92/146/112 81/123/100
f 86/134/106 90/140/92 89/139/103
f 90/108/92 74/107/91 83/126/102
f 82/125/101 68/124/85 91/144/84
f 3589/147/113 93/148/114 94/149/115
f 3329/150/116 3589/147/113 94/149/115
f 95/151/117 96/152/118 100/153/119
f 97/154/120 98/155/121 99/156/122
f 95/157/117 100/158/119 97/154/120
f 97/154/120 100/158/119 98/155/121
f 100/153/119 101/159/123 102/160/124
f 96/152/118 101/159/123 100/153/119
f 96/152/118 95/151/117 2523/161/125
f 102/162/124 98/155/121 100/158/119
f 103/163/126 104/164/127 105/165/128
f 103/163/126 105/165/128 106/166/129
f 104/164/127 103/163/126 2031/167/130
f 107/168/131 108/169/132 109/170/133
f 113/171/134 110/172/135 111/173/136
f 112/174/137 113/175/134 107/176/131
f 110/172/135 113/171/134 112/177/137
f 107/176/131 109/178/133 112/174/137
f 114/179/138 109/170/133 108/169/132
f 115/180/139 113/171/134 111/173/136
f 116/181/140 117/182/141 121/183/142
f 117/182/141 116/181/140 118/184/143
f 119/185/144 121/183/142 120/186/145
f 4842/187/146 116/188/140 121/189/142
f 116/190/140 122/191/147 118/192/143
f 117/182/141 118/184/143 123/193/148
f 120/186/145 4598/194/149 119/185/144
f 3874/195/150 119/185/144 4598/194/149
f 120/186/145 121/183/142 117/182/141
f 851/196/151 124/197/152 852/198/153
f 3439/199/154 2364/200/155 125/201/156
f 125/201/156 2364/200/155 126/202/157
f 4661/203/158 3181/204/159 127/205/160
f 127/205/160 3181/204/159 4703/206/161
f 128/207/162 3287/208/163 4691/209/164
f 129/210/165 639/211/166 4814/212/167
f 130/213/168 129/210/165 131/214/169
f 129/210/165 130/213/168 639/211/166
f 132/215/170 133/216/171 134/217/172
f 135/218/173 136/219/174 137/220/175
f 138/221/176 139/222/177 140/223/178
f 141/224/179 142/225/180 143/226/181
f 144/227/182 145/228/183 146/229/184
f 147/230/185 4688/231/186 338/232/187
f 3583/233/188 148/234/189 3582/235/190
f 4883/236/191 149/237/192 150/238/193
f 4249/239/194 151/240/195 3514/241/196
f 152/242/197 153/243/198 4716/244/199
f 2554/245/200 154/246/201 3334/247/202
f 155/248/203 1807/249/204 4639/250/205
f 2363/251/206 156/252/207 157/253/208
f 158/254/209 159/255/210 3894/256/211
f 3539/257/212 160/258/213 2548/259/214
f 161/260/215 162/261/216 867/262/217
f 163/263/218 2897/264/219 164/265/220
f 165/266/221 166/267/222 167/268/223
f 168/269/224 1505/270/225 169/271/226
f 170/272/227 171/273/228 172/274/229
f 926/275/230 173/276/231 4178/277/232
f 174/278/233 4155/279/234 866/280/235
f 3913/281/236 175/282/237 176/283/238
f 177/284/239 178/285/240 179/286/241
f 180/287/242 674/288/243 181/289/244
f 182/290/245 180/287/242 181/289/244
f 2640/291/246 183/292/247 1655/293/248
f 184/294/249 2257/295/250 185/296/251
f 186/297/252 187/298/253 4210/299/254
f 680/300/255 682/301/256 2911/302/257
f 3790/303/258 188/304/259 4240/305/260
f 189/306/261 190/307/262 4754/308/263
f 191/309/264 192/310/265 193/311/266
f 194/312/267 195/313/268 196/314/269
f 197/315/270 1587/316/271 198/317/272
f 199/318/273 4363/319/274 200/320/275
f 3604/321/276 201/322/277 202/323/278
f 4562/324/279 4121/325/280 4609/326/281
f 203/327/282 204/328/283 4684/329/284
f 205/330/285 206/331/286 207/332/287
f 208/333/288 209/334/289 1853/335/290
f 1186/336/291 210/337/292 1630/338/293
f 211/339/294 3306/340/295 212/341/296
f 213/342/297 214/343/298 215/344/299
f 216/345/300 1022/346/301 217/347/302
f 3451/348/303 3938/349/304 218/350/305
f 219/351/306 2014/352/307 220/353/308
f 221/354/309 222/355/310 223/356/311
f 4857/357/312 4797/358/313 224/359/314
f 3645/360/315 3644/361/316 2625/362/317
f 225/363/318 226/364/319 4425/365/320
f 4587/366/321 227/367/322 228/368/323
f 229/369/324 923/370/325 133/216/171
f 230/371/326 231/372/327 232/373/328
f 233/374/329 234/375/330 1888/376/331
f 235/377/332 236/378/333 237/379/334
f 238/380/335 239/381/336 240/382/337
f 1124/383/338 1902/384/339 4122/385/340
f 241/386/341 242/387/342 243/388/343
f 244/389/344 245/390/345 2388/391/346
f 1199/392/347 246/393/348 4479/394/349
f 2301/395/350 247/396/351 248/397/352
f 4176/398/353 249/399/354 1010/400/355
f 250/401/356 3207/402/357 3346/403/358
f 251/404/359 1981/405/360 1826/406/361
f 373/407/362 4720/408/363 3942/409/364
f 252/410/365 253/411/366 254/412/367
f 255/413/368 4336/414/369 256/415/370
f 257/416/371 258/417/372 259/418/373
f 260/419/374 261/420/375 262/421/376
f 263/422/377 211/339/294 4928/423/378
f 264/424/379 774/425/380 265/426/381
f 266/427/382 2649/428/383 267/429/384
f 530/430/385 268/431/386 531/432/387
f 269/433/388 270/434/389 3762/435/390
f 271/436/391 4301/437/392 3879/438/393
f 272/439/394 273/440/395 274/441/396
f 3284/442/397 275/443/398 276/444/399
f 277/445/400 278/446/401 1307/447/402
f 279/448/403 280/449/404 281/450/405
f 282/451/406 4515/452/407 283/453/408
f 284/454/409 2246/455/410 285/456/411
f 3136/457/412 4351/458/413 286/459/414
f 162/460/216 287/461/415 2672/462/416
f 162/463/216 2672/464/416 4033/465/417
f 288/466/418 3942/467/364 3779/468/419
f 289/469/420 631/470/421 290/471/422
f 291/472/423 292/473/424 2718/474/425
f 2458/475/426 293/476/427 294/477/428
f 149/237/192 1266/478/429 295/479/430
f 149/237/192 295/479/430 296/480/431
f 297/481/432 247/396/351 2301/395/350
f 3678/482/433 3677/483/434 298/484/435
f 3096/485/436 299/486/437 4785/487/438
f 3485/488/439 4551/489/440 300/490/441
f 2251/491/442 301/492/443 3125/493/444
f 302/494/445 303/495/446 304/496/447
f 1673/497/448 305/498/449 1675/499/450
f 4824/500/451 306/501/452 860/502/453
f 307/503/454 308/504/455 309/505/456
f 310/506/457 4239/507/458 2307/508/459
f 4286/509/460 4795/510/461 4796/511/462
f 311/512/463 1795/513/464 701/514/465
f 312/515/466 313/516/467 314/517/468
f 2736/518/469 315/519/470 316/520/471
f 4919/521/472 317/522/473 916/523/474
f 318/524/475 717/525/476 319/526/477
f 320/527/478 321/528/479 4740/529/480
f 1320/530/481 322/531/482 269/532/388
f 323/533/483 3076/534/484 324/535/485
f 325/536/486 4861/537/487 4944/538/488
f 326/539/489 197/315/270 327/540/490
f 1800/541/491 1802/542/492 328/543/493
f 329/544/494 4673/545/495 2396/546/496
f 330/547/497 331/548/498 332/549/499
f 333/550/500 334/551/501 335/552/502
f 811/553/503 336/554/504 337/555/505
f 3080/556/506 338/557/187 466/558/507
f 339/559/508 340/560/509 341/561/510
f 3626/562/511 4260/563/512 2910/564/513
f 4822/565/514 4169/566/515 4170/567/516
f 342/568/517 2974/569/518 4917/570/519
f 343/571/520 4444/572/521 344/573/522
f 345/574/523 346/575/524 4276/576/525
f 347/577/526 1380/578/527 348/579/528
f 349/580/529 350/581/530 1818/582/531
f 4490/583/532 351/584/533 3176/585/534
f 352/586/535 1868/587/536 353/588/537
f 354/589/538 1527/590/539 4308/591/540
f 4780/592/541 355/593/542 4430/594/543
f 356/595/544 357/596/545 358/597/546
f 359/598/547 360/599/104 1712/600/548
f 361/601/549 362/602/550 363/603/551
f 3642/604/552 3643/605/553 1515/606/554
f 2183/607/555 4259/608/556 2182/609/557
f 4336/414/369 255/413/368 364/610/558
f 4526/611/559 755/612/560 365/613/561
f 582/614/562 4905/615/563 173/616/231
f 366/617/564 367/618/565 1182/619/566
f 4453/620/567 2381/621/568 3218/622/569
f 368/623/570 4818/624/571 4141/625/572
f 369/626/573 4827/627/574 4180/628/575
f 370/629/576 371/630/577 372/631/578
f 2621/632/579 373/633/362 374/634/580
f 375/635/581 376/636/582 377/637/583
f 1153/638/584 378/639/585 379/640/586
f 380/641/587 2741/642/588 2740/643/589
f 381/644/590 382/645/591 383/646/592
f 384/647/593 385/648/594 386/649/595
f 4689/650/596 300/490/441 387/651/597
f 4287/652/598 388/653/599 389/654/600
f 4397/655/601 4515/452/407 390/656/602
f 391/657/603 1953/658/604 964/659/605
f 1336/660/606 76/661/95 392/662/607
f 294/663/428 2632/664/608 393/665/609
f 4319/666/610 394/667/611 1350/668/612
f 870/669/613 395/670/614 4103/671/615
f 396/672/616 397/673/617 398/674/618
f 399/675/619 848/676/620 847/677/621
f 400/678/622 401/679/623 402/680/624
f 403/681/625 404/682/626 4390/683/627
f 405/684/628 4259/608/556 406/685/629
f 407/686/630 408/687/631 4743/688/632
f 4931/689/633 4908/690/634 409/691/635
f 375/635/581 410/692/636 3127/693/637
f 411/694/638 826/695/639 412/696/640
f 413/697/641 3998/698/642 414/699/643
f 191/309/264 415/700/644 192/310/265
f 416/701/645 417/702/646 418/703/647
f 3726/704/648 419/705/649 420/706/650
f 1642/707/651 421/708/652 422/709/653
f 423/710/654 424/711/655 482/712/656
f 425/713/657 426/714/658 427/715/659
f 233/716/329 428/717/660 429/718/661
f 430/719/662 431/720/663 432/721/664
f 433/722/665 2319/723/666 434/724/667
f 435/725/668 436/726/669 437/727/670
f 2910/564/513 4260/563/512 3631/728/671
f 1819/729/672 438/730/673 439/731/674
f 3131/732/675 3172/733/676 440/734/677
f 441/735/678 442/736/679 443/737/680
f 2809/738/681 444/739/682 3828/740/683
f 445/741/684 3242/742/685 446/743/686
f 447/744/687 2539/745/688 2540/746/689
f 3531/747/690 448/748/691 449/749/692
f 450/750/693 451/751/694 3768/752/695
f 4515/753/407 452/754/696 87/755/109
f 453/756/697 1114/757/698 4235/758/699
f 454/759/700 1118/760/701 455/761/702
f 850/762/703 66/112/82 4128/763/704
f 456/764/705 457/765/706 458/766/707
f 3953/767/708 4403/768/709 2027/769/710
f 795/770/711 459/771/712 460/772/713
f 1832/773/714 1831/774/715 1545/775/716
f 461/776/717 462/777/718 463/778/719
f 3060/779/720 3726/704/648 464/780/721
f 465/781/722 466/782/507 144/783/182
f 467/784/723 468/785/724 2618/786/725
f 469/787/726 470/788/727 471/789/728
f 331/548/498 3484/790/729 472/791/730
f 2966/792/731 2554/793/200 473/794/732
f 474/795/733 4757/796/734 475/797/735
f 476/798/736 4244/799/737 372/631/578
f 1954/800/738 477/801/739 53/80/68
f 4491/802/740 478/803/741 3465/804/742
f 2028/805/743 479/806/744 2318/807/745
f 480/808/746 4017/809/747 481/810/748
f 493/811/749 482/812/656 494/813/750
f 4864/814/751 483/815/752 484/816/753
f 1520/817/754 485/818/755 486/819/756
f 487/820/757 488/821/758 489/822/759
f 490/823/760 491/824/761 492/825/762
f 4673/826/495 493/827/749 494/828/750
f 495/829/763 4656/830/764 4918/831/765
f 4369/832/766 496/833/767 1763/834/768
f 497/835/769 498/836/770 499/837/771
f 4500/838/772 500/839/773 1913/840/774
f 501/841/775 502/842/776 503/843/777
f 4098/844/778 504/845/779 505/846/780
f 506/847/781 2072/848/782 3511/849/783
f 507/850/784 508/851/785 509/852/786
f 510/853/787 3395/854/788 4309/855/789
f 3187/40/31 511/856/790 4636/857/791
f 972/858/792 512/859/793 3883/860/794
f 513/861/795 4570/862/796 514/863/797
f 515/864/798 1915/865/799 516/866/800
f 3789/867/801 517/868/802 518/869/803
f 3776/870/804 519/871/805 3948/872/806
f 520/873/807 521/874/808 3287/208/163
f 522/875/809 1201/876/810 523/877/811
f 3021/878/812 1024/879/813 524/880/814
f 1919/881/815 525/882/816 526/883/817
f 3122/884/818 4642/885/819 4820/886/820
f 527/887/821 528/888/822 529/889/823
f 530/890/385 531/891/387 532/892/824
f 533/893/825 1711/894/826 2133/895/827
f 534/896/828 535/897/829 536/898/830
f 537/899/831 538/900/832 539/901/833
f 587/902/834 540/903/835 2516/904/836
f 93/148/114 541/905/837 4823/906/838
f 93/148/114 4823/906/838 542/907/839
f 543/908/840 2594/909/841 544/910/842
f 545/911/843 480/808/746 481/810/748
f 546/912/844 1284/913/845 547/914/846
f 3969/915/847 2223/916/848 548/917/849
f 549/918/850 550/919/851 551/920/852
f 552/921/853 291/472/423 2718/474/425
f 4461/922/854 3025/923/855 3130/924/856
f 553/925/857 910/926/858 2561/927/859
f 554/928/860 555/929/861 4314/930/862
f 556/931/863 557/932/864 301/492/443
f 2429/933/865 3670/934/866 4230/935/867
f 558/936/868 559/937/869 2710/938/870
f 3522/939/871 560/940/872 2955/941/873
f 4759/942/874 561/943/875 562/944/876
f 2987/945/877 563/946/878 134/947/172
f 3893/948/879 4122/385/340 1683/949/880
f 564/950/881 565/951/882 566/952/883
f 2558/953/884 4272/954/885 567/955/886
f 2311/956/887 568/957/888 2158/958/889
f 569/959/890 884/960/891 570/961/892
f 594/962/893 571/963/894 572/964/895
f 4092/965/896 4905/615/563 573/966/897
f 574/967/898 4232/968/899 2941/969/900
f 575/970/901 4286/971/460 3542/972/902
f 576/973/903 3160/974/904 762/975/905
f 577/976/906 578/977/907 3855/978/908
f 285/979/411 1952/980/909 1953/981/604
f 2509/982/910 579/983/911 1340/984/912
f 580/985/913 581/986/914 582/987/562
f 583/988/915 584/989/916 3043/990/917
f 866/991/235 161/992/215 867/993/217
f 192/310/265 415/700/644 585/994/918
f 494/813/750 482/812/656 586/995/919
f 4136/996/920 587/997/834 2516/998/836
f 315/519/470 588/999/921 589/1000/922
f 346/1001/524 590/1002/923 591/1003/924
f 592/1004/925 2141/1005/926 593/1006/927
f 594/1007/893 572/1008/895 376/636/582
f 595/1009/928 594/1007/893 376/636/582
f 596/1010/929 597/1011/930 3943/1012/931
f 598/1013/932 348/1014/528 4601/1015/933
f 2992/1016/934 599/1017/935 600/1018/936
f 2752/1019/937 601/1020/938 3608/1021/939
f 602/1022/940 2633/1023/941 603/1024/942
f 2109/1025/943 604/1026/944 4087/1027/945
f 2499/1028/946 605/1029/947 606/1030/948
f 2754/1031/949 607/1032/950 4939/1033/951
f 608/1034/952 4636/857/791 2145/1035/953
f 609/1036/954 610/1037/955 611/1038/956
f 612/1039/957 344/573/522 4444/572/521
f 4127/1040/958 613/1041/959 180/287/242
f 614/1042/960 615/1043/961 616/1044/962
f 617/1045/963 618/1046/964 510/853/787
f 619/1047/965 620/1048/966 2324/1049/967
f 621/1050/968 296/480/431 622/1051/969
f 3176/585/534 351/584/533 487/820/757
f 609/1036/954 623/1052/970 4722/1053/971
f 4630/1054/972 624/1055/973 4660/1056/974
f 625/1057/975 626/1058/976 627/1059/977
f 628/1060/978 406/685/629 629/1061/979
f 630/1062/980 631/1063/421 632/1064/981
f 633/1065/982 634/1066/983 635/1067/984
f 636/1068/985 637/1069/986 638/1070/987
f 4814/1071/167 639/1072/166 2588/1073/988
f 300/490/441 4689/650/596 2306/1074/989
f 640/1075/990 641/1076/991 642/1077/992
f 215/344/299 214/343/298 643/1078/993
f 644/1079/994 4794/1080/995 2914/1081/996
f 737/1082/997 4657/1083/998 645/1084/999
f 4628/1085/1000 3328/1086/1001 646/1087/1002
f 216/345/300 647/1088/1003 648/1089/1004
f 649/1090/1005 650/1091/1006 3929/1092/1007
f 651/1093/1008 652/1094/1009 480/808/746
f 1442/1095/1010 1441/1096/1011 653/1097/1012
f 654/1098/1013 655/1099/1014 1698/1100/1015
f 656/1101/1016 4717/1102/1017 657/1103/1018
f 658/1104/1019 659/1105/1020 4870/1106/1021
f 660/1107/1022 661/1108/1023 662/1109/1024
f 663/1110/1025 664/1111/1026 1623/1112/1027
f 2321/1113/1028 4752/1114/1029 665/1115/1030
f 2833/1116/1031 2832/1117/1032 666/1118/1033
f 667/1119/1034 1390/1120/1035 668/1121/1036
f 669/1122/1037 670/1123/1038 671/1124/1039
f 4469/1125/1040 672/1126/1041 673/1127/1042
f 520/1128/807 616/1044/962 521/1129/808
f 674/1130/243 675/1131/1043 2796/1132/1044
f 676/1133/1045 677/1134/1046 1988/1135/1047
f 4674/1136/1048 1052/1137/1049 3472/1138/1050
f 3766/1139/1051 678/1140/1052 679/1141/1053
f 680/1142/255 681/1143/1054 682/1144/256
f 3792/1145/1055 612/1039/957 4444/572/521
f 4592/1146/1056 683/1147/1057 684/1148/1058
f 685/1149/1059 686/1150/1060 687/1151/1061
f 688/1152/1062 4868/1153/1063 689/1154/1064
f 690/1155/1065 691/1156/1066 692/1157/1067
f 693/1158/1068 3695/1159/1069 694/1160/1070
f 695/1161/1071 696/1162/1072 2706/1163/1073
f 1930/1164/1074 804/1165/1075 697/1166/1076
f 698/1167/1077 3167/1168/1078 699/1169/1079
f 3538/1170/1080 700/1171/1081 4784/1172/1082
f 311/1173/463 701/1174/465 702/1175/1083
f 2284/1176/1084 703/1177/1085 704/1178/1086
f 2621/1179/579 705/1180/1087 4720/408/363
f 706/1181/1088 707/1182/1089 4788/1183/1090
f 708/1184/1091 455/1185/702 709/1186/1092
f 710/1187/1093 711/1188/1094 712/1189/1095
f 1655/1190/248 2805/1191/1096 2778/1192/1097
f 713/1193/1098 4762/1194/1099 3228/1195/1100
f 714/1196/1101 715/1197/1102 716/1198/1103
f 717/1199/476 718/1200/1104 1980/1201/1105
f 4890/1202/1106 866/280/235 719/1203/1107
f 720/1204/1108 721/1205/1109 722/1206/1110
f 723/1207/1111 2021/1208/1112 1383/1209/1113
f 724/1210/1114 4465/1211/1115 2576/1212/1116
f 725/1213/1117 726/1214/1118 727/1215/1119
f 525/882/816 4111/1216/1120 728/1217/1121
f 4048/1218/1122 729/1219/1123 3840/1220/1124
f 730/1221/1125 2763/1222/1126 731/1223/1127
f 4486/1224/1128 732/1225/1129 733/1226/1130
f 4633/1227/1131 4484/1228/1132 2548/1229/214
f 734/1230/1133 735/1231/1134 3688/1232/1135
f 736/1233/1136 737/1234/997 738/1235/1137
f 739/1236/1138 156/252/207 740/1237/1139
f 741/1238/1140 3925/1239/1141 742/1240/1142
f 743/1241/1143 2988/1242/1144 3692/1243/1145
f 744/1244/1146 745/1245/1147 746/1246/1148
f 747/1247/1149 748/1248/1150 2514/1249/1151
f 749/1250/1152 528/888/822 750/1251/1153
f 751/1252/1154 1460/1253/1155 2256/1254/1156
f 752/1255/1157 753/1256/1158 754/1257/1159
f 384/1258/593 135/218/173 137/220/175
f 755/1259/560 2986/1260/1160 756/1261/1161
f 174/278/233 3660/1262/1162 4155/279/234
f 97/154/120 99/156/122 757/1263/1163
f 758/1264/1164 759/1265/1165 4163/1266/1166
f 686/1150/1060 3459/1267/1167 4803/1268/1168
f 760/1269/1169 761/1270/1170 4902/1271/1171
f 762/1272/905 3160/1273/904 4765/1274/1172
f 4047/1275/1173 763/1276/1174 764/1277/1175
f 2007/1278/1176 765/1279/1177 766/1280/1178
f 767/1281/1179 4779/1282/1180 768/1283/1181
f 769/1284/1182 441/1285/678 770/1286/1183
f 3411/1287/1184 771/1288/1185 772/1289/1186
f 3813/1290/1187 4401/1291/1188 773/1292/1189
f 774/1293/380 2510/1294/1190 3443/1295/1191
f 1685/1296/1192 4486/1224/1128 733/1226/1130
f 612/1039/957 775/1297/1193 344/573/522
f 776/1298/1194 3136/457/412 777/1299/1195
f 778/1300/1196 779/1301/1197 780/1302/1198
f 2377/1303/1199 781/1304/1200 782/1305/1201
f 560/1306/872 783/1307/1202 4222/1308/1203
f 784/1309/1204 2570/1310/1205 3896/1311/1206
f 3970/1312/1207 785/1313/1208 786/1314/1209
f 787/1315/1210 3204/1316/1211 788/1317/1212
f 322/1318/482 789/1319/1213 269/433/388
f 790/1320/1214 791/1321/1215 3976/1322/1216
f 792/1323/1217 2953/1324/1218 793/1325/1219
f 1863/1326/1220 2614/1327/1221 794/1328/1222
f 795/1329/711 796/1330/1223 1818/582/531
f 4528/1331/1224 4393/1332/1225 797/1333/1226
f 2065/1334/1227 174/278/233 866/280/235
f 4047/1275/1173 764/1277/1175 798/1335/1228
f 799/1336/1229 800/1337/1230 4702/1338/1231
f 4048/1339/1122 3840/1340/1124 3208/1341/1232
f 3750/1342/1233 1474/1343/1234 801/1344/1235
f 802/1345/1236 803/1346/1237 804/1347/1075
f 4829/1348/1238 739/1236/1138 4631/1349/1239
f 805/1350/1240 806/1351/1241 807/1352/1242
f 4548/1353/1243 413/697/641 808/1354/1244
f 642/1077/992 4600/1355/1245 809/1356/1246
f 4935/1357/1247 810/1358/1248 811/1359/503
f 3328/1360/1001 812/1361/1249 646/1362/1002
f 813/1363/1250 814/1364/1251 815/1365/1252
f 816/1366/1253 3539/1367/212 3031/1368/1254
f 817/1369/1255 3258/1370/1256 818/1371/1257
f 4186/1372/1258 819/1373/1259 706/1181/1088
f 820/1374/1260 821/1375/1261 822/1376/1262
f 3698/1377/1263 823/1378/1264 824/1379/1265
f 3943/1380/931 4644/1381/1266 825/1382/1267
f 771/1288/1185 826/1383/639 772/1289/1186
f 593/1384/927 2141/1385/926 4274/1386/1268
f 4915/1387/1269 827/1388/1270 1583/1389/1271
f 828/1390/1272 829/1391/1273 2558/953/884
f 830/1392/1274 3570/1393/1275 4834/1394/1276
f 3111/1395/1277 831/1396/1278 832/1397/1279
f 833/1398/1280 834/1399/1281 2438/1400/1282
f 835/1401/1283 836/1402/1284 837/1403/1285
f 838/1404/1286 797/1405/1226 839/1406/1287
f 3497/1407/1288 2696/1408/1289 3971/1409/1290
f 840/1410/1291 841/1411/1292 842/1412/1293
f 4327/1413/1294 840/1410/1291 842/1412/1293
f 843/1414/1295 806/1351/1241 805/1350/1240
f 844/1415/1296 845/1416/1297 1168/1417/1298
f 846/1418/1299 847/1419/621 848/1420/620
f 4128/1421/704 849/1422/1300 850/1423/703
f 851/1424/151 852/1425/153 853/1426/1301
f 4386/1427/1302 854/1428/1303 855/1429/1304
f 856/1430/1305 857/1431/1306 858/1432/1307
f 859/1433/1308 4824/1434/451 860/1435/453
f 861/1436/1309 862/1437/1310 2496/1438/1311
f 4952/1439/1312 3014/1440/1313 863/1441/1314
f 225/363/318 864/1442/1315 865/1443/1316
f 866/1444/235 867/1445/217 868/1446/1317
f 869/1447/1318 395/1448/614 870/1449/613
f 871/1450/1319 872/1451/1320 873/1452/1321
f 790/1320/1214 3976/1322/1216 874/1453/1322
f 4323/1454/1323 4830/1455/1324 3366/1456/1325
f 773/1292/1189 4071/1457/1326 875/1458/1327
f 876/1459/1328 877/1460/1329 878/1461/1330
f 3055/1462/1331 3328/1086/1001 4628/1085/1000
f 3236/1463/1332 879/1464/1333 880/1465/1334
f 3444/1466/1335 881/1467/1336 854/1428/1303
f 4703/206/161 3926/1468/1337 882/1469/1338
f 569/1470/890 883/1471/1339 884/1472/891
f 885/1473/1340 799/1336/1229 886/1474/1341
f 887/1475/1342 2946/1476/1343 888/1477/1344
f 705/1180/1087 3957/1478/1345 4720/408/363
f 1934/1479/1346 889/1480/1347 522/1481/809
f 890/1482/1348 454/759/700 891/1483/1349
f 892/1484/1350 4417/1485/1351 850/1423/703
f 893/1486/1352 3809/1487/1353 894/1488/1354
f 895/1489/1355 896/1490/1356 641/1076/991
f 3757/1491/1357 2641/1492/1358 155/248/203
f 3083/1493/1359 897/1494/1360 898/1495/1361
f 4512/1496/1362 899/1497/1363 900/1498/1364
f 4714/1499/1365 4580/1500/1366 4825/1501/1367
f 4732/1502/1368 743/1241/1143 4733/1503/1369
f 901/1504/1370 902/1505/1371 903/1506/1372
f 904/1507/1373 905/1508/1374 2634/1509/1375
f 4394/1510/1376 906/1511/1377 907/1512/1378
f 908/1513/1379 909/1514/1380 4602/1515/1381
f 910/1516/858 4726/1517/1382 2562/1518/1383
f 911/1519/1384 4648/1520/1385 912/1521/1386
f 4725/1522/1387 4667/1523/1388 913/1524/1389
f 914/1525/1390 282/1526/406 847/1527/621
f 915/1528/1391 916/1529/474 917/1530/1392
f 4531/1531/1393 918/1532/1394 919/1533/1395
f 816/1366/1253 3350/1534/1396 2091/1535/1397
f 900/1498/1364 920/1536/1398 3931/1537/1399
f 921/1538/1400 2869/1539/1401 922/1540/1402
f 923/1541/325 2923/1542/1403 924/1543/1404
f 925/1544/1405 791/1545/1215 3528/1546/1406
f 926/1547/230 582/987/562 173/1548/231
f 927/1549/1407 928/1550/1408 3754/1551/1409
f 929/1552/1410 757/1263/1163 930/1553/1411
f 1399/1554/1412 456/1555/705 931/1556/1413
f 932/1557/1414 933/1558/1415 934/1559/1416
f 935/1560/1417 936/1561/1418 937/1562/1419
f 938/1563/1420 2120/1564/1421 4851/1565/1422
f 939/1566/1423 940/1567/1424 941/1568/1425
f 1554/1569/1426 1076/1570/1427 1077/1571/1428
f 3537/1572/1429 942/1573/1430 3079/1574/1431
f 4927/1575/1432 3620/1576/1433 615/1043/961
f 943/1577/1434 944/1578/1435 945/1579/1436
f 1209/1580/1437 946/1581/1438 1031/1582/1439
f 947/1583/1440 2692/1584/1441 2755/1585/1442
f 948/1586/1443 663/1110/1025 1623/1112/1027
f 450/1587/693 399/675/619 834/1588/1281
f 541/1589/837 949/1590/1444 4823/1591/838
f 950/1592/1445 384/1593/593 951/1594/1446
f 3339/1595/1447 886/1474/1341 952/1596/1448
f 469/1597/726 3581/1598/1449 791/1545/1215
f 2315/1599/1450 953/1600/1451 954/1601/1452
f 955/1602/1453 1370/1603/1454 956/1604/1455
f 551/920/852 957/1605/1456 958/1606/1457
f 2256/1607/1156 4612/1608/1458 959/1609/1459
f 4407/1610/1460 1258/1611/1461 960/1612/1462
f 961/1613/1463 962/1614/1464 963/1615/1465
f 4179/1616/1466 964/1617/605 965/1618/1467
f 4063/1619/1468 2902/1620/1469 4844/1621/1470
f 3818/1622/1471 966/1623/1472 967/1624/1473
f 959/1625/1459 4183/1626/1474 2761/1627/1475
f 968/1628/1476 2652/1629/1477 969/1630/1478
f 970/1631/1479 3230/1632/1480 971/1633/1481
f 683/1634/1057 4028/1635/1482 268/431/386
f 972/1636/792 1415/1637/1483 512/1638/793
f 973/1639/1484 974/1640/1485 975/1641/1486
f 976/1642/1487 3831/1643/1488 3830/1644/1489
f 4811/1645/1490 977/1646/1491 978/1647/1492
f 3991/1648/1493 1963/1649/1494 925/1544/1405
f 1671/1650/1495 979/1651/1496 980/1652/1497
f 4766/1653/1498 3495/1654/1499 3494/1655/1500
f 4769/1656/1501 3303/1657/1502 1561/1658/1503
f 981/1659/1504 982/1660/1505 983/1661/1506
f 984/1662/1507 985/1663/1508 986/1664/1509
f 1123/1665/1510 1434/1666/1511 3918/1667/1512
f 987/1668/1513 988/1669/1514 989/1670/1515
f 607/1032/950 990/1671/1516 4939/1033/951
f 991/1672/1517 2958/1673/1518 970/1674/1479
f 992/1675/1519 993/1676/1520 994/1677/1521
f 3447/1678/1522 995/1679/1523 4283/1680/1524
f 996/1681/1525 801/1344/1235 997/1682/1526
f 998/1683/1527 4567/1684/1528 999/1685/1529
f 1000/1686/1530 3727/1687/1531 1491/1688/1532
f 3779/468/419 1001/1689/1533 1002/1690/1534
f 578/1691/907 1003/1692/1535 1004/1693/1536
f 602/1022/940 603/1024/942 3295/1694/1537
f 1005/1695/1538 1006/1696/1539 4413/1697/1540
f 1007/1698/1541 1008/1699/1542 4683/1700/1543
f 495/829/763 4918/831/765 4961/1701/1544
f 1400/1702/1545 2682/1703/1546 523/877/811
f 812/1704/1249 4643/1705/1547 1009/1706/1548
f 1010/1707/355 1011/1708/1549 1012/1709/1550
f 1013/1710/1551 1741/1711/1552 1014/1712/1553
f 1015/1713/1554 1016/1714/1555 1017/1715/1556
f 1018/1716/1557 1019/1717/1558 557/932/864
f 1020/1718/1559 1235/1719/1560 1021/1720/1561
f 1022/1721/301 3413/1722/1562 217/1723/302
f 1023/1724/1563 3739/1725/1564 4721/1726/1565
f 1024/1727/813 1025/1728/1566 1026/1729/1567
f 2772/1730/1568 4766/1653/1498 3494/1655/1500
f 3991/1648/1493 925/1544/1405 981/1659/1504
f 3093/1731/1569 4489/1732/1570 505/846/780
f 1027/1733/1571 1028/1734/1572 1029/1735/1573
f 1030/1736/1574 1031/1737/1439 1328/1738/1575
f 1032/1739/1576 1033/1740/1577 3945/1741/1578
f 1190/1742/1579 3656/1743/1580 1034/1744/1581
f 2364/200/155 3439/199/154 1035/1745/1582
f 4693/1746/1583 3121/1747/1584 4159/1748/1585
f 1036/1749/1586 1037/1750/1587 1038/1751/1588
f 3576/1752/1589 4774/1753/1590 1039/1754/1591
f 1859/1755/1592 1040/1756/1593 4193/1757/1594
f 982/1660/1505 3528/1546/1406 1041/1758/1595
f 1042/1759/1596 1043/1760/1597 1044/1761/1598
f 402/1762/624 1045/1763/1599 400/1764/622
f 1046/1765/1600 3182/1766/1601 1047/1767/1602
f 406/685/629 1048/1768/1603 629/1061/979
f 425/713/657 4712/1769/1604 1049/1770/1605
f 1050/1771/1606 1051/1772/1607 3373/1773/1608
f 1052/1774/1049 2533/1775/1609 564/950/881
f 749/1776/1152 1399/1554/1412 931/1556/1413
f 1053/1777/1610 4597/1778/1611 1054/1779/1612
f 1055/1780/1613 1056/1781/1614 1057/1782/1615
f 1058/1783/1616 1059/1784/1617 4882/1785/1618
f 906/1511/1377 3522/1786/871 2630/1787/1619
f 3926/1468/1337 4898/1788/40 882/1469/1338
f 1060/1789/1620 1061/1790/1621 1062/1791/1622
f 1019/1717/1558 212/341/296 1063/1792/1623
f 1064/1793/1624 1065/1794/1625 1066/1795/1626
f 259/1796/373 4756/1797/1627 2897/264/219
f 1067/1798/1628 4816/1799/1629 1068/1800/1630
f 1069/1801/1631 3141/1802/1632 3856/1803/1633
f 1070/1804/1634 1599/1805/1635 1071/1806/1636
f 1072/1807/1637 1073/1808/1638 1074/1809/1639
f 1075/1810/1640 3751/1811/1641 3696/1812/1642
f 1076/1813/1427 1002/1690/1534 1077/1814/1428
f 4682/1815/1643 1078/1816/1644 1079/1817/1645
f 1080/1818/1646 3752/1819/1647 1081/1820/1648
f 1022/346/301 216/345/300 3368/1821/1649
f 3408/1822/1650 3409/1823/1651 3278/1824/1652
f 1082/1825/1653 1083/1826/1654 1084/1827/1655
f 1082/1825/1653 1084/1827/1655 1085/1828/1656
f 3527/1829/1657 1086/1830/1658 1087/1831/1659
f 1088/1832/1660 1089/1833/1661 4831/1834/1662
f 1090/1835/1663 1091/1836/1664 4700/1837/1665
f 1092/1838/1666 1093/1839/1667 614/1042/960
f 1094/1840/1668 1095/1841/1669 1096/1842/1670
f 4410/1843/1671 1097/1844/1672 1196/1845/1673
f 4008/1846/1674 1098/1847/1675 595/1848/928
f 1099/1849/1676 636/1068/985 1100/1850/1677
f 1101/1851/1678 4922/1852/1679 765/1853/1177
f 4424/1854/1680 1102/1855/1681 1103/1856/1682
f 4838/1857/1683 331/548/498 472/791/730
f 1104/1858/1684 1889/1859/1685 1105/1860/1686
f 3739/1861/1564 3738/1862/1687 1106/1863/1688
f 459/771/712 1755/1864/1689 3599/1865/1690
f 3786/1866/1691 2457/1867/1692 1107/1868/1693
f 2719/1869/1694 3300/1870/1695 1108/1871/1696
f 1109/1872/1697 244/1873/344 1110/1874/1698
f 1111/1875/1699 1112/1876/1700 1113/1877/1701
f 1114/1878/698 1115/1879/1702 4235/1880/699
f 4799/1881/1703 1116/1882/1704 1117/1883/1705
f 1118/1884/701 4799/1881/1703 1117/1883/1705
f 4649/1885/1706 4651/1886/1707 1119/1887/1708
f 616/1044/962 823/1378/1264 521/1129/808
f 1120/1888/1709 4437/1889/1710 1121/1890/1711
f 1122/1891/1712 1123/1892/1510 820/1374/1260
f 4394/1510/1376 1124/1893/338 3108/1894/1713
f 4839/1895/1714 944/1578/1435 943/1577/1434
f 1125/1896/1715 1126/1897/1716 1127/1898/1717
f 1128/1899/1718 1129/1900/1719 1130/1901/1720
f 1131/1902/1721 1132/1903/1722 1133/1904/1723
f 503/843/777 1134/1905/1724 4049/1906/1725
f 1135/1907/1726 1136/1908/1727 1137/1909/1728
f 807/1352/1242 1138/1910/1729 1139/1911/1730
f 1140/1912/1731 4304/1913/1732 1141/1914/1733
f 2680/1915/1734 2302/1916/1735 1142/1917/1736
f 2833/1116/1031 666/1118/1033 1143/1918/1737
f 263/1919/377 1144/1920/1738 1145/1921/1739
f 3575/1922/1740 689/1154/1064 871/1450/1319
f 1146/1923/1741 4852/1924/1742 1147/1925/1743
f 4906/1926/1744 999/1685/1529 4567/1684/1528
f 1604/1927/1745 3616/1928/1746 1148/1929/1747
f 1149/1930/1748 1150/1931/1749 1151/1932/1750
f 1152/1933/1751 1153/1934/584 2067/1935/1752
f 1154/1936/1753 2643/1937/1754 888/1938/1344
f 1155/1939/1755 1156/1940/1756 679/1941/1053
f 4600/1942/1245 4599/1943/1757 4733/1944/1369
f 3166/1945/1758 4135/1946/1759 1770/1947/1760
f 1157/1948/1761 3868/1949/1762 3867/1950/1763
f 1158/1951/1764 1159/1952/1765 3159/1953/1766
f 1758/1954/1767 411/694/638 412/696/640
f 1160/1955/1768 1161/1956/1769 1162/1957/1770
f 3959/1958/1771 1163/1959/1772 1164/1960/1773
f 554/928/860 3687/1961/1774 555/929/861
f 2660/1962/1775 465/781/722 4704/1963/1776
f 1165/1964/1777 1166/1965/1778 763/1966/1174
f 1167/1967/1779 1168/1968/1298 942/1573/1430
f 2755/1585/1442 1669/1969/1780 947/1583/1440
f 4007/1970/1781 753/1256/1158 752/1255/1157
f 1169/1971/1782 1170/1972/1783 1171/1973/1784
f 4501/1974/1785 2313/1975/1786 4664/1976/1787
f 336/1977/504 4628/1085/1000 646/1087/1002
f 4615/1978/1788 1172/1979/1789 1173/1980/1790
f 1174/1981/1791 1175/1982/1792 4839/1895/1714
f 1176/1983/1793 334/1984/501 4641/1985/1794
f 1177/1986/1795 844/1415/1296 1178/1987/1796
f 1179/1988/1797 1180/1989/1798 1181/1990/1799
f 105/165/128 104/164/127 3421/1991/1800
f 1182/1992/566 2579/1993/1801 1183/1994/1802
f 1184/1995/1803 1185/1996/1804 4563/1997/1805
f 2649/1998/383 1186/1999/291 267/2000/384
f 2498/2001/1806 1187/2002/1807 1188/2003/1808
f 1777/2004/1809 1189/2005/1810 1190/2006/1579
f 1191/2007/1811 4587/2008/321 1192/2009/1812
f 4865/2010/1813 2740/2011/589 3652/2012/1814
f 1193/2013/1815 1194/2014/1816 1389/2015/1817
f 1195/2016/1818 1196/2017/1673 4606/2018/1819
f 1197/2019/1820 1136/1908/1727 1135/1907/1726
f 678/1140/1052 1198/2020/1821 1199/2021/347
f 2484/2022/1822 1200/2023/1823 592/1004/925
f 1201/2024/810 889/1480/1347 1211/2025/1824
f 1202/2026/1825 825/1382/1267 1203/2027/1826
f 1189/2005/1810 379/640/586 378/639/585
f 4591/2028/1827 1204/2029/1828 3966/2030/1829
f 3259/2031/1830 453/756/697 1205/2032/1831
f 1698/1100/1015 655/1099/1014 1206/2033/1832
f 1207/2034/1833 1208/2035/1834 2266/2036/1835
f 1209/2037/1437 1031/1737/1439 1030/1736/1574
f 1544/2038/1836 1210/2039/1837 1211/2040/1824
f 415/2041/644 1212/2042/1838 1213/2043/1839
f 1214/2044/1840 1215/2045/1841 3344/2046/1842
f 1216/2047/1843 3353/2048/1844 1217/2049/1845
f 1218/2050/1846 4664/1976/1787 4139/2051/1847
f 4570/2052/796 1219/2053/1848 514/2054/797
f 4957/2055/1849 4232/2056/899 4369/832/766
f 1220/2057/1850 1221/2058/1851 1222/2059/1852
f 30/45/35 29/44/34 1223/2060/1853
f 1224/2061/1854 1389/2015/1817 1194/2014/1816
f 1225/2062/1855 1088/1832/1660 4831/1834/1662
f 3077/2063/1856 1226/2064/1857 1227/2065/1858
f 534/896/828 536/898/830 1228/2066/1859
f 2824/2067/1860 126/2068/157 1229/2069/1861
f 1214/2070/1840 1230/2071/1862 3984/2072/1863
f 1231/2073/1864 1232/2074/1865 4308/2075/540
f 1233/2076/1866 361/601/549 1234/2077/1867
f 866/280/235 4155/279/234 1235/2078/1560
f 1236/2079/1868 1237/2080/1869 635/2081/984
f 4871/68/58 1238/2082/1870 1239/2083/1871
f 1240/2084/1872 1241/2085/1873 608/2086/952
f 330/547/497 332/549/499 142/2087/180
f 4585/2088/1874 1242/2089/1875 1861/2090/1876
f 2128/2091/1877 1243/2092/1878 3322/2093/1879
f 4426/2094/1880 1244/2095/1881 1245/2096/1882
f 4426/2097/1880 1245/2098/1882 1246/2099/1883
f 1947/2100/1884 2131/2101/1885 243/388/343
f 4593/2102/1886 4383/2103/1887 4687/2104/1888
f 3167/1168/1078 698/1167/1077 3754/1551/1409
f 1247/2105/1889 1248/2106/1890 1382/2107/1891
f 1972/2108/1892 1249/2109/1893 2885/2110/1894
f 1250/2111/1895 1251/2112/1896 235/377/332
f 1252/2113/1897 1253/2114/1898 1254/2115/111
f 316/2116/471 589/2117/922 382/645/591
f 2561/2118/859 2563/2119/1899 2296/2120/1900
f 1255/2121/1901 1256/2122/1902 1257/2123/1903
f 1258/2124/1461 4951/2125/1904 1216/2126/1843
f 1259/2127/1905 4604/2128/1906 3629/2129/1907
f 2712/2130/1908 1260/2131/1909 4819/2132/1910
f 1261/2133/1911 1262/2134/1912 1263/2135/1913
f 1326/2136/1914 1264/2137/1915 1265/2138/1916
f 369/626/573 4514/2139/1917 4827/627/574
f 1266/2140/429 2978/2141/1918 295/2142/430
f 1267/2143/1919 1268/2144/1920 1269/2145/1921
f 1769/2146/1922 1270/2147/1923 1271/2148/1924
f 696/1162/1072 1272/2149/1925 1273/2150/1926
f 4045/2151/1927 1274/2152/1928 1680/2153/1929
f 1275/2154/1930 1276/2155/1931 1277/2156/1932
f 1278/2157/1933 4358/2158/1934 1279/2159/1935
f 1280/2160/1936 838/1404/1286 839/1406/1287
f 501/841/775 3587/2161/1937 1281/2162/1938
f 2711/2163/1939 3351/2164/1940 1282/2165/1941
f 1283/2166/1942 65/97/81 64/96/80
f 547/2167/846 1284/2168/845 1839/2169/1943
f 3558/2170/1944 3337/2171/1945 4814/2172/167
f 1285/2173/1946 1286/2174/1947 1287/2175/1948
f 4930/2176/1949 4520/2177/1950 4209/2178/1951
f 3354/2179/1952 1442/1095/1010 653/1097/1012
f 1288/2180/1953 1289/2181/1954 4088/2182/1955
f 1290/2183/1956 1291/2184/1957 1292/2185/1958
f 41/2186/52 2287/2187/1959 1293/2188/1960
f 2112/2189/1961 1294/2190/1962 4925/2191/1963
f 595/1009/928 2053/2192/1964 2935/2193/1965
f 1295/2194/1966 1296/2195/1967 1634/2196/1968
f 3744/2197/1969 1297/2198/1970 3225/2199/1971
f 1298/2200/1972 1299/2201/1973 1300/2202/1974
f 1301/2203/1975 527/887/821 529/889/823
f 1302/2204/1976 3403/2205/1977 1303/2206/1978
f 4254/2207/1979 3373/1773/1608 4277/2208/1980
f 1131/1902/1721 1304/2209/1981 4699/2210/1982
f 1305/2211/1983 4849/2212/1984 1306/2213/1985
f 1307/2214/402 1308/2215/1986 1309/2216/1987
f 3684/2217/1988 1310/2218/1989 1311/2219/1990
f 1312/2220/1991 2851/2221/1992 4771/2222/1993
f 1155/1939/1755 1313/2223/1994 1314/2224/1995
f 1064/1793/1624 4181/2225/1996 1315/2226/1997
f 1316/2227/1998 3927/2228/1999 559/2229/869
f 1317/2230/2000 1318/2231/2001 1319/2232/2002
f 2728/2233/2003 1320/2234/481 2226/2235/2004
f 1741/1711/1552 1321/2236/2005 1322/2237/2006
f 1323/2238/2007 1324/2239/2008 3012/2240/2009
f 3990/2241/2010 1325/2242/2011 1326/2243/1914
f 1603/2244/2012 404/682/626 3616/2245/1746
f 1327/2246/2013 1328/2247/1575 4806/2248/2014
f 1329/2249/2015 817/1369/1255 1330/2250/2016
f 1049/1770/1605 1023/1724/1563 1331/2251/2017
f 3384/2252/2018 3354/2179/1952 653/1097/1012
f 1332/2253/2019 3277/2254/2020 1333/2255/2021
f 1332/2253/2019 1333/2255/2021 1334/2256/2022
f 1335/2257/2023 72/106/90 1336/2258/606
f 1479/2259/2024 1337/2260/2025 1338/2261/2026
f 1339/2262/2027 1287/2175/1948 3584/2263/2028
f 1340/2264/912 1341/2265/2029 1342/2266/2030
f 444/739/682 4734/2267/2031 3828/740/683
f 1004/1693/1536 1343/2268/2032 356/595/544
f 3911/2269/2033 1675/499/450 305/498/449
f 456/764/705 1344/2270/2034 457/765/706
f 896/2271/1356 225/363/318 4425/365/320
f 1585/2272/2035 2713/2273/2036 1345/2274/2037
f 1346/2275/2038 1347/2276/2039 1348/2277/2040
f 1243/2092/1878 4797/358/313 3322/2093/1879
f 270/2278/389 3612/2279/2041 1349/2280/2042
f 1706/2281/2043 1350/2282/612 394/2283/611
f 1351/2284/2044 3999/2285/2045 1352/2286/2046
f 1353/2287/2047 1354/2288/2048 1355/2289/2049
f 4915/1387/1269 4414/2290/2050 1356/2291/2051
f 2212/2292/2052 708/1184/1091 4440/2293/2053
f 1357/2294/2054 1358/2295/2055 709/1186/1092
f 3486/2296/2056 1359/2297/2057 4498/2298/2058
f 898/2299/1361 580/985/913 582/987/562
f 4712/2300/1604 1360/2301/2059 665/1115/1030
f 1600/2302/2060 3007/2303/2061 3006/2304/2062
f 4693/2305/1583 1361/2306/2063 3862/2307/2064
f 129/210/165 4814/212/167 541/1589/837
f 129/210/165 541/1589/837 2588/2308/988
f 1362/2309/2065 1363/2310/2066 4326/2311/2067
f 1364/2312/2068 544/2313/842 1365/2314/2069
f 2729/2315/2070 1366/2316/2071 1367/2317/2072
f 1368/2318/2073 1369/2319/2074 4777/2320/2075
f 956/2321/1455 1370/2322/1454 1371/2323/2076
f 1372/2324/2077 4015/2325/2078 1373/2326/2079
f 2547/2327/2080 1374/2328/2081 1274/2152/1928
f 514/2054/797 1375/2329/2082 1376/2330/2083
f 1566/2331/2084 1565/2332/2085 1625/2333/2086
f 1566/2331/2084 1625/2333/2086 1377/2334/2087
f 1378/2335/2088 1031/1582/1439 302/494/445
f 1379/2336/2089 1996/2337/2090 128/207/162
f 1582/2338/2091 4963/2339/2092 792/1323/1217
f 4601/2340/933 1380/2341/527 1381/2342/2093
f 1382/2343/1891 1248/2344/1890 4911/2345/2094
f 2021/2346/1112 1216/2126/1843 1383/2347/1113
f 4350/2348/2095 52/78/66 3973/2349/2096
f 4069/2350/2097 1384/2351/2098 1385/2352/2099
f 1386/2353/2100 1387/2354/2101 1388/2355/2102
f 918/1532/1394 1386/2353/2100 1388/2355/2102
f 2399/2356/2103 1389/2357/1817 1390/2358/1035
f 1391/2359/2104 1392/2360/2105 1393/2361/2106
f 1394/2362/2107 4869/2363/2108 1395/2364/2109
f 1396/2365/2110 1397/2366/2111 245/390/345
f 189/2367/261 1398/2368/2112 2550/2369/2113
f 1399/2370/1412 1344/2270/2034 456/764/705
f 2656/2371/2114 249/399/354 4176/398/353
f 2682/2372/1546 1400/2373/1545 1401/2374/2115
f 1402/2375/2116 309/505/456 2468/2376/2117
f 2850/2377/2118 252/410/365 4692/2378/2119
f 1403/2379/2120 157/253/208 1404/2380/2121
f 478/2381/741 1198/2020/1821 3766/1139/1051
f 1405/2382/2122 1406/2383/2123 3947/2384/2124
f 1407/2385/2125 1408/2386/2126 1409/2387/2127
f 1410/2388/2128 1411/2389/2129 1412/2390/2130
f 1413/2391/2131 514/2392/797 4334/2393/2132
f 766/1280/1178 3122/884/818 4820/886/820
f 1414/2394/2133 4303/2395/2134 1415/2396/1483
f 1416/2397/2135 4059/2398/2136 4143/2399/2137
f 3609/2400/2138 1417/2401/2139 4493/2402/2140
f 3787/2403/2141 3786/2404/1691 4210/2405/254
f 3787/2403/2141 4210/2405/254 1418/2406/2142
f 465/781/722 1481/2407/2143 4866/2408/2144
f 1205/2032/1831 4234/2409/2145 4583/2410/2146
f 3718/2411/2147 1419/2412/2148 1420/2413/2149
f 1028/1734/1572 2997/2414/2150 1421/2415/2151
f 1029/1735/1573 1028/1734/1572 1421/2415/2151
f 1422/2416/2152 1021/1720/1561 1423/2417/2153
f 1424/2418/2154 1014/1712/1553 1425/2419/2155
f 1183/2420/1802 2579/2421/1801 1426/2422/2156
f 3760/2423/2157 500/2424/773 4500/2425/772
f 3572/2426/2158 1427/2427/2159 1428/2428/2160
f 4159/2429/1585 1429/2430/2161 4693/2431/1583
f 1430/2432/2162 1371/2323/2076 1431/2433/2163
f 1767/2434/2164 1432/2435/2165 1193/2013/1815
f 1433/2436/2166 770/1286/1183 1434/2437/1511
f 867/2438/217 4872/2439/2167 1435/2440/2168
f 299/2441/437 1436/2442/2169 4785/2443/438
f 1525/2444/2170 1233/2445/1866 3838/2446/2171
f 4664/1976/1787 2788/2447/2172 730/2448/1125
f 1437/2449/2173 1438/2450/2174 1439/2451/2175
f 1440/2452/2176 1441/2453/1011 1442/2454/1010
f 1443/2455/2177 4168/2456/2178 4541/2457/2179
f 1444/2458/2180 2210/2459/2181 4559/2460/2182
f 65/97/81 1445/2461/2183 63/95/79
f 1446/2462/2184 1564/2463/2185 1447/2464/2186
f 1448/2465/2187 1449/2466/2188 1450/2467/2189
f 1451/2468/2190 433/722/665 1452/2469/2191
f 1453/2470/2192 1454/2471/2193 1455/2472/2194
f 1456/2473/2195 1096/1842/1670 4449/2474/2196
f 1457/2475/2197 4436/2476/2198 3860/2477/2199
f 1458/2478/2200 1459/2479/2201 189/2480/261
f 1460/2481/1155 4613/2482/2202 4612/2483/1458
f 328/543/493 1337/2260/2025 1461/2484/2203
f 1462/2485/2204 961/1613/1463 3674/2486/2205
f 1463/2487/2206 1142/1917/1736 3271/2488/2207
f 2256/1607/1156 959/1609/1459 783/1307/1202
f 668/2489/1036 1464/2490/2208 1465/2491/2209
f 667/1119/1034 668/1121/1036 1465/2492/2209
f 1466/2493/2210 2599/2494/2211 1467/2495/2212
f 3790/303/258 1468/2496/2213 188/304/259
f 3060/779/720 464/780/721 1469/2497/2214
f 1470/2498/2215 1195/2499/1818 1471/2500/2216
f 1478/2501/2217 1472/2502/2218 4706/2503/2219
f 2491/2504/2220 4242/2505/2221 1964/2506/2222
f 1473/2507/2223 1109/1872/1697 457/765/706
f 1183/1994/1802 1426/2508/2156 776/1298/1194
f 2218/2509/2224 1129/1900/1719 1474/2510/1234
f 3952/2511/2225 3842/2512/2226 1475/2513/2227
f 1476/2514/2228 1477/2515/2229 1478/2516/2217
f 1479/2517/2024 1480/2518/2230 1481/2519/2143
f 1632/2520/2231 1482/2521/2232 1633/2522/2233
f 1483/2523/2234 1484/2524/2235 231/2525/327
f 1485/2526/2236 1486/2527/2237 1487/2528/2238
f 1488/2529/2239 741/1238/1140 742/1240/1142
f 674/288/243 1489/2530/2240 675/2531/1043
f 1490/2532/2241 4474/2533/2242 4647/2534/2243
f 301/492/443 1019/1717/1558 1063/1792/1623
f 3918/1667/1512 1434/1666/1511 1491/2535/1532
f 109/2536/133 1492/2537/2244 112/177/137
f 1493/2538/2245 1494/2539/2246 1495/2540/2247
f 1496/2541/2248 1497/2542/2249 1498/2543/2250
f 736/1233/1136 738/1235/1137 1499/2544/2251
f 1500/2545/2252 686/2546/1060 685/2547/1059
f 1501/2548/2253 1502/2549/2254 1503/2550/2255
f 4152/2551/2256 1504/2552/2257 1347/2276/2039
f 1431/2433/2163 3775/2553/2258 1505/2554/225
f 875/2555/1327 1506/2556/2259 3938/2557/304
f 4884/2558/2260 1507/2559/2261 1508/2560/2262
f 1509/2561/2263 1205/2032/1831 3968/2562/2264
f 1510/2563/2265 4488/2564/2266 3538/2565/1080
f 576/973/903 3159/2566/1766 3160/974/904
f 1511/2567/2267 994/2568/1521 1512/2569/2268
f 1151/1932/1750 1513/2570/2269 3860/2477/2199
f 1514/2571/2270 1515/2572/554 3643/2573/553
f 1516/2574/2271 1517/2575/2272 1518/2576/2273
f 4909/2577/2274 4676/2578/2275 4947/2579/2276
f 1418/2406/2142 1519/2580/2277 661/1108/1023
f 3793/2581/2278 315/519/470 2736/518/469
f 1520/2582/754 1521/2583/2279 485/2584/755
f 1522/2585/2280 1523/2586/2281 1524/2587/2282
f 4828/2588/2283 4249/2589/194 1359/2590/2057
f 1525/2591/2170 1158/2592/1764 1526/2593/2284
f 1527/2594/539 1528/2595/2285 4308/2075/540
f 1529/2596/2286 1530/2597/2287 1359/2590/2057
f 1531/2598/2288 1268/2144/1920 1532/2599/2289
f 4191/2600/2290 1533/2601/2291 497/835/769
f 4622/2602/2292 1938/2603/2293 1024/2604/813
f 3998/698/642 4499/2605/2294 414/699/643
f 3250/2606/2295 1534/2607/2296 1535/2608/2297
f 572/964/895 1536/2609/2298 377/2610/583
f 4013/2611/2299 1537/2612/2300 1538/2613/2301
f 1539/2614/2302 1540/2615/2303 1541/2616/2304
f 1542/2617/2305 1543/2618/2306 1544/2619/1836
f 1545/2620/716 3588/2621/2307 4347/2622/2308
f 1546/2623/2309 4713/2624/2310 1547/2625/2311
f 1548/2626/2312 1549/2627/2313 4748/2628/2314
f 1550/2629/2315 1551/2630/2316 1552/2631/2317
f 1553/2632/2318 3920/2633/2319 4659/2634/2320
f 1233/2635/1866 1525/2591/2170 1526/2593/2284
f 1554/2636/1426 1077/2637/1428 756/1261/1161
f 2226/2638/2004 269/532/388 3761/2639/2321
f 9/11/10 1555/2640/2322 6/8/8
f 1556/2641/2323 833/2642/1280 278/446/401
f 3527/1829/1657 1557/2643/2324 2711/2644/1939
f 1558/2645/2325 463/2646/719 1559/2647/2326
f 1560/2648/2327 1561/2649/1503 4340/2650/2328
f 3716/2651/2329 1353/2287/2047 1355/2289/2049
f 4649/1885/1706 1562/2652/2330 4650/2653/2331
f 1563/2654/2332 1564/2655/2185 1565/2656/2085
f 1563/2654/2332 1565/2656/2085 1566/2657/2084
f 1567/2658/2333 642/1077/992 809/1356/1246
f 4502/2659/2334 1092/1838/1666 614/1042/960
f 1568/2660/2335 1569/2661/2336 1570/2662/2337
f 827/1388/1270 918/1532/1394 4531/1531/1393
f 69/103/87 360/131/104 359/2663/547
f 1571/2664/2338 1572/2665/2339 1150/1931/1749
f 4462/2666/2340 1573/2667/2341 2610/2668/2342
f 1574/2669/2343 2084/2670/2344 3589/2671/113
f 1575/2672/2345 1576/2673/2346 1577/2674/2347
f 1578/2675/2348 2279/2676/2349 1089/1833/1661
f 1579/2677/2350 1580/2678/2351 1065/1794/1625
f 1581/2679/2352 4098/2680/778 3765/2681/2353
f 4798/2682/2354 4817/2683/2355 1582/2684/2091
f 1583/2685/1271 1338/2261/2026 1584/2686/2356
f 1585/2687/2035 1586/2688/2357 2713/2689/2036
f 4696/2690/2358 1056/1781/1614 1587/2691/271
f 143/226/181 1588/2692/2359 1589/2693/2360
f 1501/2548/2253 1503/2550/2255 1590/2694/2361
f 2670/2695/2362 1591/2696/2363 1592/2697/2364
f 2742/2698/2365 1593/2699/2366 4342/2700/2367
f 1594/2701/2368 1595/2702/2369 1796/2703/2370
f 1596/2704/2371 234/375/330 233/374/329
f 1178/2705/1796 1597/2706/2372 257/416/371
f 3898/2707/2373 2670/2708/2362 704/1178/1086
f 1598/2709/2374 3808/2710/2375 1599/2711/1635
f 4771/2712/1993 1600/2713/2060 1601/2714/2376
f 1820/2715/2377 1602/2716/2378 1833/2717/2379
f 1490/2532/2241 1451/2718/2190 4474/2533/2242
f 4504/2719/2380 1603/2720/2012 1604/2721/1745
f 2849/2722/2381 691/1156/1066 1605/2723/2382
f 1606/2724/2383 1607/2725/2384 4718/2726/2385
f 3344/2727/1842 1608/2728/2386 1609/2729/2387
f 1610/2730/2388 790/1320/1214 874/1453/1322
f 1925/2731/2389 537/2732/831 3610/2733/2390
f 994/2568/1521 3958/2734/2391 1611/2735/2392
f 1612/2736/2393 2492/2737/2394 1613/2738/2395
f 1614/2739/2396 1615/2740/2397 4213/2741/2398
f 3912/2742/2399 1616/2743/2400 1617/2744/2401
f 626/1058/976 2712/2745/1908 1618/2746/2402
f 4512/1496/1362 900/1498/1364 3931/1537/1399
f 3061/2747/2403 1619/2748/2404 1620/2749/2405
f 1621/2750/2406 3666/2751/2407 1622/2752/2408
f 1623/2753/1027 4319/666/610 1624/2754/2409
f 1625/2755/2086 2552/2756/2410 4248/2757/2411
f 1355/2289/2049 1354/2288/2048 4877/2758/2412
f 1626/2759/2413 4096/2760/2414 430/719/662
f 1627/2761/2415 1628/2762/2416 1542/2617/2305
f 1189/2005/1810 1777/2004/1809 379/640/586
f 1629/2763/2417 1630/2764/293 1929/2765/2418
f 3409/2766/1651 915/1528/1391 1631/2767/2419
f 1632/2768/2231 1633/2769/2233 1639/2770/2420
f 1634/2771/1968 4654/2772/2421 367/618/565
f 211/339/294 4262/2773/2422 3306/340/295
f 4590/2774/2423 140/2775/178 1635/2776/2424
f 3073/2777/2425 3757/2778/1357 1636/2779/2426
f 1816/2780/2427 1637/2781/2428 1817/2782/2429
f 3005/2783/2430 3505/2784/2431 1638/2785/2432
f 1649/2786/2433 4303/2395/2134 1414/2394/2133
f 3211/2787/2434 3690/2788/2435 4868/1153/1063
f 1632/2789/2231 1639/2790/2420 1640/2791/2436
f 3356/2792/2437 4078/2793/2438 2958/2794/1518
f 1641/2795/2439 659/1105/1020 658/1104/1019
f 1242/2796/1875 421/2797/652 1642/2798/651
f 1020/1718/1559 1021/1720/1561 3903/2799/2440
f 3206/2800/2441 2576/2801/1116 4482/2802/2442
f 1269/2145/1921 1643/2803/2443 1644/2804/2444
f 1645/2805/2445 1646/2806/2446 1647/2807/2447
f 1171/1973/1784 1170/1972/1783 632/1064/981
f 553/2808/857 2561/2118/859 613/1041/959
f 1648/2809/2448 1649/2810/2433 2938/2811/2449
f 1648/2809/2448 2938/2811/2449 1650/2812/2450
f 227/367/322 1381/2342/2093 1651/2813/2451
f 1652/2814/2452 1581/2815/2352 1653/2816/2453
f 538/900/832 1654/2817/2454 539/901/833
f 4958/2818/2455 1655/2819/248 2778/2820/1097
f 1656/2821/2456 930/2822/1411 757/2823/1163
f 1657/2824/2457 4107/2825/2458 1228/2066/1859
f 3421/2826/1800 104/2827/127 2348/2828/2459
f 696/1162/1072 1273/2150/1926 2706/1163/1073
f 274/441/396 273/440/395 487/820/757
f 1658/2829/2460 4822/565/514 1659/2830/2461
f 1609/2729/2387 1660/2831/2462 1717/2832/2463
f 1661/2833/2464 1294/2190/1962 1662/2834/2465
f 1663/2835/2466 1664/2836/2467 1384/2837/2098
f 1229/2069/1861 903/1506/1372 902/1505/1371
f 552/2838/853 2791/2839/2468 3452/2840/2469
f 1665/2841/2470 1666/2842/2471 4225/2843/2472
f 1667/2844/2473 432/721/664 1521/2583/2279
f 711/1188/1094 710/1187/1093 4921/2845/2474
f 3850/2846/2475 1668/2847/2476 326/539/489
f 4108/2848/2477 4638/2849/2478 4843/2850/2479
f 4664/1976/1787 730/2448/1125 4501/1974/1785
f 390/2851/602 1669/2852/1780 4246/2853/2480
f 1331/2251/2017 1792/2854/2481 3106/2855/2482
f 561/943/875 1932/2856/2483 3956/2857/2484
f 1670/2858/2485 1671/2859/1495 78/130/97
f 309/2860/456 308/2861/455 1128/2862/1718
f 1672/2863/2486 1673/2864/448 1675/2865/450
f 1674/2866/2487 1672/2867/2486 1675/2868/450
f 1094/1840/1668 3803/2869/2488 4589/2870/2489
f 4298/2871/2490 1676/2872/2491 2497/2873/2492
f 1296/2874/1967 1677/2875/2493 1678/2876/2494
f 448/748/691 3115/2877/2495 449/749/692
f 1679/2878/2496 1680/2879/1929 1681/2880/2497
f 1682/2881/2498 1683/2882/880 4315/2883/2499
f 601/1020/938 451/2884/694 277/2885/400
f 1684/2886/2500 1685/2887/1192 1686/2888/2501
f 2906/2889/2502 745/1245/1147 744/1244/1146
f 23/34/29 27/41/32 11/26/12
f 1687/2890/2503 1688/2891/2504 4241/2892/2505
f 3115/2877/2495 1674/2893/2487 449/749/692
f 1310/2218/1989 1685/1296/1192 1311/2219/1990
f 4333/2894/2506 923/370/325 229/369/324
f 630/1062/980 1689/2895/2507 1690/2896/2508
f 4032/2897/2509 3782/2898/2510 1691/2899/2511
f 1692/2900/2512 1693/2901/2513 1694/2902/2514
f 1695/2903/2515 1696/2904/2516 4524/2905/2517
f 1697/2906/2518 3791/2907/2519 1698/2908/1015
f 1694/2902/2514 125/201/156 1699/2909/2520
f 1700/2910/2521 1701/2911/2522 1702/2912/2523
f 4098/2913/778 4489/2914/1570 1703/2915/2524
f 2394/2916/2525 3733/76/64 42/63/53
f 1704/2917/2526 4163/1266/1166 759/1265/1165
f 3399/2918/2527 1705/2919/2528 1706/2920/2043
f 4610/2921/2529 322/531/482 1320/530/481
f 808/1354/1244 1707/2922/2530 3763/2923/2531
f 1708/2924/2532 1709/2925/2533 1710/2926/2534
f 1341/2265/2029 1711/2927/826 1518/2928/2273
f 2545/2929/2535 294/2930/428 3560/2931/2536
f 1712/2932/548 360/2933/104 1669/2852/1780
f 199/318/273 2127/2934/2537 4364/2935/2538
f 1713/2936/2539 1714/2937/2540 1715/2938/2541
f 2692/1584/1441 1716/2939/2542 2755/1585/1442
f 657/2940/1018 1574/2941/2343 4870/2942/1021
f 3984/2072/1863 1717/2943/2463 1718/2944/2543
f 3053/2945/2544 3092/2946/2545 1612/2736/2393
f 4011/2947/2546 50/2948/63 46/69/59
f 3519/2949/2547 1719/2950/2548 4517/2951/2549
f 1720/2952/2550 1721/2953/2551 1722/2954/2552
f 2260/2955/2553 1723/2956/2554 2261/2957/2555
f 1724/2958/2556 3487/2959/2557 1725/2960/2558
f 424/711/655 141/224/179 2836/2961/2559
f 1726/2962/2560 3339/1595/1447 952/1596/1448
f 2401/2963/2561 1727/2964/2562 1316/2227/1998
f 4649/1885/1706 1728/2965/2563 1562/2652/2330
f 1729/2966/2564 3312/2967/2565 2471/2968/2566
f 2053/2192/1964 1730/2969/2567 2935/2193/1965
f 3547/2970/2568 921/1538/1400 4448/2971/2569
f 1731/2972/2570 1732/2973/2571 3140/2974/2572
f 4295/2975/2573 1733/2976/2574 4697/2977/2575
f 1734/2978/2576 1735/2979/2577 1736/2980/2578
f 1737/2981/2579 3430/2982/2580 1738/2983/2581
f 64/96/80 63/95/79 62/94/78
f 4802/2984/2582 4100/2985/2583 321/528/479
f 1739/2986/2584 55/83/71 1740/2987/2585
f 3767/2988/2586 3766/2989/1051 4874/2990/2587
f 3842/2512/2226 4860/2991/2588 1475/2513/2227
f 1741/2992/1552 1742/2993/2589 1321/2994/2005
f 1743/2995/2590 4251/2996/2591 1744/2997/2592
f 1745/2998/2593 1746/2999/2594 1747/3000/2595
f 1748/3001/2596 1749/3002/2597 1750/3003/2598
f 1700/2910/2521 1751/3004/2599 1701/2911/2522
f 3699/3005/2600 4746/3006/2601 2408/3007/2602
f 1752/3008/2603 656/3009/1016 1753/3010/2604
f 1754/3011/2605 752/1255/1157 1755/3012/1689
f 823/1378/1264 4131/3013/45 1756/3014/2606
f 1757/3015/2607 1758/3016/1767 412/3017/640
f 4349/3018/2608 1759/3019/2609 1760/3020/2610
f 3577/3021/2611 1761/3022/2612 1762/3023/2613
f 3577/3021/2611 1762/3023/2613 1763/3024/768
f 1116/1882/1704 1764/3025/2614 1765/3026/2615
f 1766/3027/2616 1767/3028/2164 3590/3029/2617
f 2037/3030/2618 1135/1907/1726 1768/3031/2619
f 3448/3032/2620 4314/930/862 555/929/861
f 4957/3033/1849 574/3034/898 1723/2956/2554
f 1803/3035/2621 1769/3036/1922 4555/3037/2622
f 2775/3038/2623 1770/3039/1760 1848/3040/2624
f 2849/3041/2381 253/3042/366 2850/3043/2118
f 1651/2813/2451 1381/2342/2093 1771/3044/2625
f 1772/3045/2626 1773/3046/2627 1774/3047/2628
f 4491/802/740 3346/403/358 478/803/741
f 365/613/561 1366/3048/2071 1775/3049/2629
f 1776/3050/2630 1777/3051/1809 1190/3052/1579
f 1889/3053/1685 1778/3054/2631 1779/3055/2632
f 1780/3056/2633 4713/2624/2310 1781/3057/2634
f 1782/3058/2635 1783/3059/2636 1784/3060/2637
f 2149/3061/2638 1647/2807/2447 1785/3062/2639
f 1073/1808/1638 1786/3063/2640 617/3064/963
f 608/1034/952 2145/1035/953 1787/3065/2641
f 1788/3066/2642 1789/3067/2643 1790/3068/2644
f 4739/3069/2645 1791/3070/2646 901/3071/1370
f 1668/3072/2476 1394/2362/2107 4696/2690/2358
f 1792/3073/2481 1793/3074/2647 1794/3075/2648
f 701/3076/465 1795/3077/464 813/1363/1250
f 15/20/19 14/19/18 19/29/24
f 1796/3078/2370 4952/1439/1312 863/1441/1314
f 1444/2458/2180 2369/3079/2649 2210/2459/2181
f 3987/3080/2650 1797/3081/2651 1798/3082/2652
f 709/3083/1092 455/3084/702 1799/3085/2653
f 1800/3086/491 1801/3087/2654 1802/3088/492
f 526/883/817 525/882/816 1803/3089/2621
f 4276/576/525 1804/3090/2655 1805/3091/2656
f 1806/3092/2657 4335/3093/2658 208/3094/288
f 462/3095/718 1807/3096/204 4574/3097/2659
f 3024/3098/2660 1595/2702/2369 1594/2701/2368
f 1808/3099/2661 3789/867/801 1809/3100/2662
f 1810/3101/2663 3828/3102/683 1811/3103/2664
f 3848/3104/2665 3847/3105/2666 4154/3106/2667
f 1812/3107/2668 1298/2200/1972 1393/3108/2106
f 3605/3109/2669 1813/3110/2670 4270/3111/2671
f 1679/2878/2496 1681/2880/2497 1814/3112/2672
f 1815/3113/2673 1816/3114/2427 1817/3115/2429
f 1818/3116/531 350/3117/530 1819/3118/672
f 4156/3119/2674 1820/3120/2377 3190/3121/2675
f 4400/3122/2676 1821/3123/2677 1319/2232/2002
f 3762/3124/390 270/2278/389 1822/3125/2678
f 4719/3126/2679 4387/3127/2680 1030/1736/1574
f 3087/3128/2681 1823/3129/2682 446/743/686
f 3087/3128/2681 446/743/686 4940/3130/2683
f 1824/3131/2684 1161/1956/1769 1825/3132/2685
f 1826/3133/361 1827/3134/2686 1828/3135/2687
f 475/797/735 1829/3136/2688 1830/3137/2689
f 539/901/833 527/887/821 1301/2203/1975
f 2099/3138/2690 1831/3139/715 1832/3140/714
f 1833/3141/2379 3545/3142/2691 1834/3143/2692
f 3373/1773/1608 1051/1772/1607 4277/2208/1980
f 1835/3144/2693 1836/3145/2694 2628/3146/2695
f 1837/3147/2696 4636/3148/791 1241/3149/1873
f 1838/3150/2697 2968/3151/2698 1839/3152/1943
f 1840/3153/2699 1841/3154/2700 1842/3155/2701
f 786/1314/1209 3635/3156/2702 1700/2910/2521
f 770/1286/1183 441/1285/678 1843/3157/2703
f 4493/2402/2140 1844/3158/2704 1845/3159/2705
f 1364/3160/2068 796/3161/1223 544/910/842
f 1641/2795/2439 1846/3162/2706 1847/3163/2707
f 135/218/173 384/1258/593 1848/3164/2624
f 1849/3165/2708 3243/3166/2709 1850/3167/2710
f 1851/3168/2711 1930/3169/1074 4494/3170/2712
f 5/3171/7 1852/3172/2713 3725/3173/2714
f 209/3174/289 3005/3175/2430 1853/3176/290
f 531/891/387 1854/3177/2715 1185/1996/1804
f 532/892/824 1185/1996/1804 1184/1995/1803
f 1855/3178/2716 1110/1874/1698 488/821/758
f 966/1623/1472 2665/3179/2717 1856/3180/2718
f 4156/3181/2674 4338/3182/2719 720/3183/1108
f 1857/3184/2720 1858/3185/2721 1859/3186/1592
f 232/373/328 4899/3187/2722 1734/2978/2576
f 1860/3188/2723 4919/521/472 916/523/474
f 2016/3189/2724 1977/3190/2725 663/1110/1025
f 3258/1370/1256 817/1369/1255 1329/2249/2015
f 1201/876/810 1211/2040/1824 1615/2740/2397
f 3252/3191/2726 1861/3192/1876 1642/3193/651
f 360/3194/104 1254/2115/111 1253/2114/1898
f 4099/3195/2727 4851/3196/1422 4243/3197/2728
f 1862/3198/2729 1863/3199/1220 649/1090/1005
f 418/703/647 417/702/646 1864/3200/2730
f 1647/2807/2447 2928/3201/2731 1865/3202/2732
f 4320/3203/2733 4845/3204/2734 1866/3205/2735
f 1176/1983/1793 4641/1985/1794 1867/3206/2736
f 1454/2471/2193 1868/3207/536 1869/3208/2737
f 1870/3209/2738 1871/3210/2739 1872/3211/2740
f 672/1126/1041 1412/2390/2130 1873/3212/2741
f 1383/2347/1113 1216/2126/1843 2759/3213/2742
f 1874/3214/2743 1875/3215/2744 1554/1569/1426
f 1876/3216/2745 3963/3217/2746 843/1414/1295
f 1877/3218/2747 4097/3219/2748 1878/3220/2749
f 4357/3221/2750 1879/3222/2751 4791/3223/2752
f 1880/3224/2753 4546/3225/2754 1881/3226/2755
f 3564/3227/2756 1882/3228/2757 1883/3229/2758
f 202/323/278 201/322/277 2705/3230/2759
f 4765/1274/1172 3160/1273/904 4301/437/392
f 1884/3231/2760 489/822/759 2242/3232/2761
f 1531/2598/2288 3576/3233/1589 1763/3234/768
f 4109/79/67 831/3235/1278 51/77/65
f 1885/3236/2762 1886/3237/2763 4411/3238/2764
f 3898/2707/2373 1887/3239/2765 3084/3240/2766
f 428/717/660 1888/3241/331 1889/3242/1685
f 4954/3243/2767 170/272/227 1890/3244/2768
f 3697/3245/2769 1430/3246/2162 1891/3247/2770
f 1892/3248/2771 1893/3249/2772 1894/3250/2773
f 1892/3248/2771 1894/3250/2773 1486/2527/2237
f 1895/3251/2774 1896/3252/2775 1759/3019/2609
f 1088/1832/1660 1814/3112/2672 1897/3253/2776
f 4887/3254/2777 811/553/503 1797/3255/2651
f 1577/2674/2347 1898/3256/2778 1899/3257/2779
f 2681/3258/2780 1617/2744/2401 917/1530/1392
f 3369/3259/2781 4908/690/634 1900/3260/2782
f 1901/3261/2783 249/399/354 2656/2371/2114
f 1318/3262/2001 625/1057/975 627/1059/977
f 2262/3263/2784 3166/1945/1758 2774/3264/2785
f 1902/3265/339 4762/1194/1099 713/1193/1098
f 1903/3266/2786 1750/3003/2598 1904/3267/2787
f 1905/3268/2788 1906/3269/2789 1907/3270/2790
f 1908/3271/2791 1409/2387/2127 1909/3272/2792
f 975/3273/1486 1910/3274/2793 1911/3275/2794
f 813/1363/1250 4765/1274/1172 814/1364/1251
f 1912/3276/2795 1785/3277/2639 1913/3278/774
f 1914/3279/2796 433/3280/665 1451/3281/2190
f 3291/3282/2797 1915/3283/799 4558/3284/2798
f 3033/3285/2799 2110/3286/2800 4506/3287/2801
f 3033/3285/2799 4506/3287/2801 4741/3288/2802
f 4211/3289/2803 4744/3290/2804 1916/3291/2805
f 1917/3292/2806 1918/3293/2807 1919/3294/815
f 927/1549/1407 3754/1551/1409 1920/3295/2808
f 1921/3296/2809 3649/3297/2810 1922/3298/2811
f 1923/3299/2812 4867/3300/2813 1924/3301/2814
f 4207/3302/2815 1034/1744/1581 3143/3303/2816
f 3863/3304/2817 1925/3305/2389 1926/3306/2818
f 1927/3307/2819 985/1663/1508 177/3308/239
f 1928/3309/2820 1808/3099/2661 1809/3100/2662
f 1929/3310/2418 210/337/292 1930/3311/1074
f 1931/3312/2821 1932/3313/2483 3431/3314/2822
f 1933/3315/2823 1364/3316/2068 1934/3317/1346
f 1935/3318/2824 1936/3319/2825 1892/3248/2771
f 4755/3320/2826 1937/3321/2827 3335/3322/2828
f 1025/1728/1566 1024/1727/813 1938/3323/2293
f 1436/2442/2169 2572/3324/2829 2888/3325/2830
f 1939/3326/2831 2117/3327/2832 1940/3328/2833
f 1941/3329/2834 1942/3330/2835 1943/3331/2836
f 462/777/718 461/776/717 4670/3332/2837
f 1944/3333/2838 3569/3334/2839 4380/3335/2840
f 4742/3336/2841 4497/3337/2842 1945/3338/2843
f 2789/3339/2844 4621/3340/2845 1530/2597/2287
f 1946/3341/2846 3147/3342/2847 1947/3343/1884
f 1948/3344/2848 1949/3345/2849 1950/3346/2850
f 4783/3347/2851 1951/3348/2852 2609/3349/2853
f 1952/3350/909 3218/622/569 1953/3351/604
f 1954/3352/738 1955/3353/2854 477/3354/739
f 2365/3355/2855 1880/3356/2753 1881/3357/2755
f 1956/3358/2856 1957/3359/2857 289/469/420
f 1958/3360/2858 1959/3361/2859 670/1123/1038
f 776/1298/1194 4351/458/413 3136/457/412
f 1960/3362/2860 1961/3363/2861 201/3364/277
f 280/449/404 279/448/403 1962/3365/2862
f 1748/3001/2596 1750/3003/2598 1903/3266/2786
f 1963/3366/1494 4010/3367/2863 1610/2730/2388
f 1964/3368/2222 3817/3369/2864 1965/3370/2865
f 1966/3371/2866 1345/2274/2037 1967/3372/2867
f 1968/3373/2868 1969/3374/2869 447/3375/687
f 939/1566/1423 1968/3373/2868 447/3375/687
f 1650/2812/2450 2938/2811/2449 1806/3092/2657
f 1970/3376/2870 3835/3377/2871 279/448/403
f 3860/2477/2199 1246/2099/1883 1151/1932/1750
f 1971/3378/2872 3791/2907/2519 1697/2906/2518
f 884/960/891 1972/3379/1892 570/961/892
f 1973/3380/2873 1971/3378/2872 1974/3381/2874
f 2672/3382/416 4894/3383/2875 4033/3384/417
f 1975/3385/2876 4089/3386/2877 3633/3387/2878
f 1976/3388/2879 1977/3389/2725 1187/2002/1807
f 1978/3390/2880 1979/3391/2881 2895/3392/2882
f 1980/3393/1105 4288/3394/2883 2657/3395/2884
f 1981/3396/360 1982/3397/2885 1197/2019/1820
f 1775/3049/2629 1983/3398/2886 1084/1827/1655
f 900/1498/1364 233/716/329 429/718/661
f 1341/3399/2029 1518/2576/2273 1342/3400/2030
f 4881/3401/2887 1984/3402/2888 1200/2023/1823
f 1985/3403/2889 196/314/269 2488/3404/2890
f 1986/3405/2891 1987/3406/2892 1136/1908/1727
f 696/1162/1072 996/3407/1525 1272/2149/1925
f 2223/3408/848 1244/2095/1881 1988/3409/1047
f 1989/3410/2893 4414/3411/2050 1802/3088/492
f 159/3412/210 906/1511/1377 4394/1510/1376
f 1268/2144/1920 1643/2803/2443 1269/2145/1921
f 1990/3413/2894 4607/3414/2895 1354/2288/2048
f 925/1544/1405 2320/3415/2896 1991/3416/2897
f 4829/1348/1238 1992/3417/2898 739/1236/1138
f 1993/3418/2899 4642/3419/819 4237/3420/2900
f 2196/3421/2901 4041/3422/2902 1251/2112/1896
f 1994/3423/2903 1995/3424/2904 1996/3425/2090
f 4674/1136/1048 1997/3426/2905 1998/3427/2906
f 1319/2232/2002 1318/2231/2001 4400/3122/2676
f 1294/2190/1962 1999/3428/2907 1662/2834/2465
f 4490/583/532 2000/3429/2908 351/584/533
f 3829/3430/2909 1646/2806/2446 2001/3431/2910
f 2002/3432/2911 608/3433/952 4189/3434/2912
f 1946/3341/2846 1523/2586/2281 3147/3342/2847
f 2003/3435/2913 2004/3436/2914 1708/2924/2532
f 1425/2419/2155 2487/3437/2915 1470/3438/2215
f 2005/3439/2916 645/3440/999 4395/3441/2917
f 1106/3442/1688 1535/2608/2297 1534/2607/2296
f 2006/3443/2918 4223/3444/2919 2007/3445/1176
f 994/2568/1521 993/3446/1520 3958/2734/2391
f 2008/3447/2920 2009/3448/2921 3775/2553/2258
f 3722/3449/2922 506/847/781 2673/3450/2923
f 277/445/400 1556/2641/2323 278/446/401
f 1311/2219/1990 2010/3451/2924 2961/3452/2925
f 2011/3453/2926 2716/3454/2927 292/3455/424
f 4524/2905/2517 2012/3456/2928 2013/3457/2929
f 4716/244/199 153/243/198 2014/3458/307
f 3092/2946/2545 1905/3459/2788 1612/2736/2393
f 1723/2956/2554 574/3034/898 4809/3460/2930
f 2926/3461/2931 1175/1982/1792 1174/1981/1791
f 4600/1942/1245 4733/1944/1369 2015/3462/2932
f 2016/3463/2724 2017/3464/2933 2018/3465/2934
f 915/3466/1391 635/2081/984 1860/3467/2723
f 2019/3468/2935 2020/3469/2936 947/1583/1440
f 4859/3470/2937 2021/3471/1112 723/3472/1111
f 4520/3473/1950 2022/3474/2938 4499/2605/2294
f 2023/3475/2939 1830/3137/2689 2024/3476/2940
f 2344/3477/2941 2025/3478/2942 1720/2952/2550
f 284/454/409 2026/3479/2943 2027/3480/710
f 2017/3464/2933 640/1075/990 2018/3465/2934
f 1950/3346/2850 1949/3345/2849 2028/3481/743
f 2029/3482/2944 3890/3483/2945 2030/3484/2946
f 2031/3485/130 2032/3486/2947 2348/2828/2459
f 2033/3487/2948 1667/2844/2473 1520/2582/754
f 1461/2484/2203 2009/3448/2921 2008/3447/2920
f 2034/3488/2949 307/503/454 2035/3489/2950
f 481/810/748 4017/809/747 2036/3490/2951
f 4441/3491/2952 2037/3492/2618 1768/3493/2619
f 2038/3494/2953 3112/3495/2954 4656/830/764
f 4921/3496/2474 2039/3497/2955 2801/3498/2956
f 2040/3499/2957 2041/3500/2958 2042/3501/2959
f 4895/3502/2960 4227/3503/2961 2043/3504/2962
f 2044/3505/2963 4621/3340/2845 1218/3506/1846
f 1248/2106/1890 4095/3507/2964 2045/3508/2965
f 1840/3153/2699 1842/3155/2701 4567/3509/1528
f 3639/3510/2966 975/3273/1486 2046/3511/2967
f 868/1446/1317 867/1445/217 2294/3512/2968
f 761/3513/1170 2047/3514/2969 4282/3515/2970
f 761/3516/1170 4282/3517/2970 4281/3518/2971
f 2048/3519/2972 438/730/673 2049/3520/2973
f 3309/3521/2974 3308/3522/2975 2050/3523/2976
f 145/228/183 2051/3524/2977 519/871/805
f 2052/3525/2978 1730/3526/2567 2053/3527/1964
f 829/1391/1273 2054/3528/2979 2558/953/884
f 989/1670/1515 2055/3529/2980 855/1429/1304
f 646/3530/1002 4538/3531/2981 2611/3532/2982
f 1398/2368/2112 3245/3533/2983 3624/3534/2984
f 141/224/179 424/711/655 423/710/654
f 2056/3535/2985 3844/3536/2986 2057/3537/2987
f 393/3538/609 4551/3539/440 3560/2931/2536
f 4577/3540/2988 4576/3541/2989 2058/3542/2990
f 1438/2450/2174 2059/3543/2991 1439/2451/2175
f 2060/3544/2992 1191/2007/1811 170/272/227
f 2061/3545/2993 378/639/585 1153/638/584
f 1524/2587/2282 3210/3546/2994 1522/2585/2280
f 1523/2586/2281 1522/2585/2280 1466/3547/2210
f 2062/3548/2995 2063/3549/2996 2064/3550/2997
f 2015/3551/2932 4763/3552/2998 2065/3553/1227
f 4515/753/407 3490/3554/2999 2157/3555/3000
f 2066/3556/3001 2067/3557/1752 2068/3558/3002
f 2069/3559/3003 2070/3560/3004 1098/1847/1675
f 2665/3179/2717 643/3561/993 2071/3562/3005
f 2072/3563/782 2073/3564/3006 2300/3565/3007
f 707/1182/1089 2074/3566/3008 4788/1183/1090
f 1798/3082/2652 2075/3567/3009 1871/3210/2739
f 924/1543/1404 2076/3568/3010 2462/3569/3011
f 2077/3570/3012 342/3571/517 3880/3572/3013
f 4288/3394/2883 2658/3573/3014 2657/3395/2884
f 2078/3574/3015 627/1059/977 2079/3575/3016
f 436/726/669 2058/3542/2990 4850/3576/3017
f 4185/3577/3018 1515/606/554 1514/3578/2270
f 2678/3579/3019 2677/3580/3020 2080/3581/3021
f 2081/3582/3022 2082/3583/3023 2083/3584/3024
f 657/2940/1018 2084/3585/2344 1574/2941/2343
f 1301/3586/1975 4052/3587/3025 3610/2733/2390
f 1300/2202/1974 1299/2201/1973 2085/3588/3026
f 1776/3050/2630 2086/3589/3027 2087/3590/3028
f 1087/1831/1659 4740/3591/480 2088/3592/3029
f 472/3593/730 4533/3594/3030 2783/3595/3031
f 647/1088/1003 217/347/302 4148/3596/3032
f 2089/3597/3033 4527/3598/3034 4126/3599/3035
f 2090/3600/3036 2091/3601/1397 2092/3602/3037
f 1671/1650/1495 980/1652/1497 77/117/96
f 4695/3603/3038 1290/3604/1956 2093/3605/3039
f 2094/3606/3040 2095/3607/3041 1295/2194/1966
f 2791/2839/2468 552/2838/853 2718/3608/425
f 2096/3609/3042 2097/3610/3043 2098/3611/3044
f 2099/3612/2690 2100/3613/3045 4305/3614/3046
f 357/596/545 356/595/544 2101/3615/3047
f 2867/3616/3048 3990/2241/2010 2102/3617/3049
f 2284/1176/1084 4389/3618/3050 703/1177/1085
f 1934/1479/1346 522/1481/809 2103/3619/3051
f 533/893/825 1516/2574/2271 1518/2576/2273
f 2104/3620/3052 2105/3621/3053 1914/3279/2796
f 2106/3622/3054 1874/3214/2743 2107/3623/3055
f 4897/3624/3056 1496/2541/2248 4943/3625/3057
f 3940/3626/3058 906/1511/1377 159/3412/210
f 2108/3627/3059 1448/2465/2187 2109/3628/943
f 3702/3629/3060 2056/3630/2985 268/3631/386
f 714/1196/1101 716/1198/1103 2110/3632/2800
f 2111/3633/3061 2112/3634/1961 2479/3635/3062
f 4862/3636/3063 2113/3637/3064 2444/3638/3065
f 2114/3639/3066 1962/3365/2862 2115/3640/3067
f 4953/3641/3068 2060/3642/2992 4954/3643/2767
f 2116/3644/3069 2117/3645/2832 2118/3646/3070
f 2553/3647/3071 4771/2712/1993 1601/2714/2376
f 1652/2814/2452 1653/2816/2453 2119/3648/3072
f 3974/3649/3073 1425/2419/2155 1470/3438/2215
f 2120/3650/1421 4935/3651/1247 4887/3652/2777
f 3828/740/683 4734/2267/2031 2121/3653/3074
f 648/1089/1004 3647/3654/3075 3368/1821/1649
f 2122/3655/3076 2123/3656/3077 1213/3657/1839
f 4255/3658/3078 2124/3659/3079 2125/3660/3080
f 2126/3661/3081 2920/3662/3082 1633/3663/2233
f 4364/3664/2538 2127/3665/2537 4726/1517/1382
f 1437/2449/2173 1439/2451/2175 2128/3666/1877
f 556/931/863 2251/491/442 3052/3667/3083
f 168/269/224 1430/3246/2162 1505/270/225
f 1249/2109/1893 2129/3668/3084 1524/3669/2282
f 667/1119/1034 2130/3670/3085 1390/1120/1035
f 2131/3671/1885 2011/3453/2926 292/3455/424
f 886/1474/1341 799/1336/1229 4702/1338/1231
f 2132/3672/3086 2133/3673/827 4446/3674/3087
f 1090/3675/1663 4700/3676/1665 2134/3677/3088
f 1938/3323/2293 845/1416/1297 1025/1728/1566
f 4874/3678/2587 2135/3679/3089 1156/1940/1756
f 2136/3680/3090 2137/3681/3091 2138/3682/3092
f 4691/209/164 361/3683/549 2903/3684/3093
f 4658/3685/3094 1165/3686/1777 4047/1275/1173
f 2566/3687/3095 2139/3688/3096 735/1231/1134
f 2140/3689/3097 2141/3690/926 592/3691/925
f 1005/1695/1538 1447/2464/2186 2142/3692/3098
f 2743/3693/3099 4812/3694/3100 3939/3695/3101
f 2143/3696/3102 2144/3697/3103 660/1107/1022
f 2145/3698/953 3725/3699/2714 1787/3700/2641
f 756/1261/1161 1367/2317/2072 2146/3701/3104
f 2147/3702/3105 2148/3703/3106 3375/3704/3107
f 2149/3705/2638 1912/3276/2795 4019/3706/3108
f 1405/2382/2122 2514/1249/1151 748/1248/1150
f 2014/352/307 4196/3707/3109 2150/3708/3110
f 2151/3709/3111 2152/3710/3112 2153/3711/3113
f 4395/3712/2917 4012/3713/3114 4010/3714/2863
f 1654/2817/2454 2219/3715/3115 3518/3716/3116
f 1654/2817/2454 3518/3716/3116 2154/3717/3117
f 2155/3718/3118 3327/3719/3119 2826/3720/3120
f 1073/1808/1638 2156/3721/3121 1786/3063/2640
f 1610/2730/2388 4010/3367/2863 1540/2615/2303
f 2157/3722/3000 2158/3723/889 2269/3724/3122
f 615/1043/961 2199/3725/46 4131/3013/45
f 1744/2997/2592 4252/3726/3123 2884/3727/3124
f 2159/3728/3125 843/1414/1295 3963/3217/2746
f 4946/3729/3126 4746/3730/2601 4801/3731/3127
f 858/1432/1307 2160/3732/3128 2161/3733/3129
f 2162/3734/3130 4072/3735/3131 940/1567/1424
f 4757/796/734 736/1233/1136 1499/2544/2251
f 715/1197/1102 1121/1890/1711 2163/3736/3132
f 1128/2862/1718 1037/1750/1587 1036/1749/1586
f 2164/3737/3133 1462/3738/2204 2165/3739/3134
f 1543/3740/2306 2166/3741/3135 1210/2039/1837
f 2167/3742/3136 2168/3743/3137 1949/3345/2849
f 2169/3744/3138 2290/3745/3139 4842/187/146
f 4578/21/20 15/20/19 17/27/22
f 890/1482/1348 2170/3746/3140 4799/3747/1703
f 2171/3748/3141 2172/3749/3142 2173/3750/3143
f 2174/3751/3144 4963/2339/2092 2175/3752/3145
f 397/3753/617 4046/3754/3146 2176/3755/3147
f 2395/3756/3148 2177/3757/3149 3675/3758/3150
f 222/355/310 645/3440/999 2005/3439/2916
f 3827/3759/3151 1068/1800/1630 4429/3760/3152
f 4741/3761/2802 4506/3762/2801 4742/3763/2841
f 4558/3764/2798 1915/865/799 515/864/798
f 2178/3765/3153 4952/1439/1312 4280/3766/3154
f 2179/3767/3155 1154/1936/1753 2180/3768/3156
f 1493/2538/2245 1117/1883/1705 1116/1882/1704
f 658/1104/1019 4205/3769/3157 2181/3770/3158
f 2182/3771/557 2006/3772/2918 2183/3773/555
f 2122/3655/3076 3515/3774/3159 2184/3775/3160
f 2185/3776/3161 2186/3777/3162 3701/3778/3163
f 4445/60/50 4944/3779/488 3069/61/51
f 2282/3780/3164 2044/3505/2963 1218/3506/1846
f 2187/3781/3165 2188/3782/3166 2189/3783/3167
f 4433/3784/3168 2190/3785/3169 2191/3786/3170
f 1825/3132/2685 1943/3331/2836 1857/3184/2720
f 1051/1772/1607 2192/3787/3171 2193/3788/3172
f 2194/3789/3173 2195/3790/3174 3640/3791/3175
f 1803/3089/2621 525/882/816 728/1217/1121
f 4040/3792/3176 2196/3793/2901 2197/3794/3177
f 2198/3795/3178 2199/3796/46 1233/2076/1866
f 4826/3797/3179 1965/3798/2865 4603/3799/3180
f 1496/2541/2248 4810/3800/3181 3709/3801/3182
f 4854/3802/3183 2668/3803/3184 2200/3804/3185
f 2201/3805/3186 610/1037/955 2202/3806/3187
f 2468/3807/2117 1128/3808/1718 2203/3809/3188
f 2468/2376/2117 309/505/456 1128/3810/1718
f 1228/2066/1859 2204/3811/3189 2205/3812/3190
f 1228/2066/1859 2205/3812/3190 2206/3813/3191
f 2207/3814/3192 288/3815/418 2208/3816/3193
f 2209/3817/3194 905/3818/1374 2210/3819/2181
f 4833/3820/3195 4832/3821/3196 2211/3822/3197
f 2212/3823/2052 2213/3824/3198 455/761/702
f 2778/1192/1097 2214/3825/3199 3783/3826/3200
f 1985/3403/2889 2488/3404/2890 4790/3827/3201
f 2215/3828/3202 2216/3829/3203 2217/3830/3204
f 2706/1163/1073 1853/335/290 2218/3831/2224
f 2760/3832/3205 2111/3833/3061 2219/3834/3115
f 2220/3835/3206 1472/2502/2218 1478/2501/2217
f 2300/3836/3007 1728/2965/2563 2221/3837/3207
f 3093/1731/1569 2222/3838/3208 4489/1732/1570
f 3712/3839/3209 1477/2515/2229 2223/3840/848
f 457/765/706 1109/1872/1697 1855/3178/2716
f 2224/3841/3210 392/662/607 1795/513/464
f 2225/3842/3211 836/1402/1284 835/1401/1283
f 2472/3843/3212 2226/3844/2004 3761/3845/2321
f 2472/3843/3212 3761/3845/2321 4625/3846/3213
f 4179/1616/1466 391/3847/603 964/1617/605
f 901/3071/1370 1146/1923/1741 2258/3848/3214
f 1390/1120/1035 2227/3849/3215 2400/3850/3216
f 4604/2128/1906 4510/3851/3217 4605/3852/3218
f 2228/3853/3219 151/3854/195 1725/2960/2558
f 277/2885/400 4084/3855/3220 601/1020/938
f 2229/3856/3221 2278/3857/3222 3728/3858/3223
f 4615/1978/1788 1173/1980/1790 282/3859/406
f 1521/2583/2279 2230/3860/3224 485/2584/755
f 1186/336/291 4368/3861/3225 2231/3862/3226
f 588/999/921 2232/3863/3227 2233/3864/3228
f 2234/3865/3229 984/1662/1507 2235/3866/3230
f 4030/3867/3231 4021/3868/3232 3674/3869/2205
f 589/1000/922 2233/3864/3228 3017/3870/3233
f 1513/2570/2269 1150/1931/1749 299/3871/437
f 223/356/311 2236/3872/3234 2237/3873/3235
f 3768/752/695 2651/3874/3236 2238/3875/3237
f 3944/3876/3238 2239/3877/3239 3397/3878/3240
f 2240/3879/3241 2980/3880/3242 2241/3881/3243
f 2388/391/346 245/390/345 2242/3882/2761
f 2243/3883/3244 537/3884/831 1925/3305/2389
f 1197/2019/1820 2037/3030/2618 1981/3396/360
f 4464/3885/3245 2244/3886/3246 2245/3887/3247
f 285/979/411 2246/3888/410 4453/3889/567
f 497/835/769 499/837/771 4192/3890/3248
f 2247/3891/3249 899/1497/1363 4512/1496/1362
f 2248/3892/3250 647/1088/1003 4148/3596/3032
f 2249/3893/3251 1948/3344/2848 2250/3894/3252
f 3052/3895/3083 2251/3896/442 2252/3897/3253
f 2253/3898/3254 2254/3899/3255 3165/3900/3256
f 2185/3776/3161 4663/3901/3257 2255/3902/3258
f 2256/3903/1156 1460/3904/1155 4612/3905/1458
f 12/15/14 644/3906/994 21/31/26
f 4926/3907/3259 1816/3114/2427 2257/3908/250
f 3380/3909/3260 103/163/126 106/166/129
f 2258/3910/3214 1193/2013/1815 2259/3911/3261
f 2260/3912/2553 2261/3913/2555 4613/2482/2202
f 4655/3914/3262 2262/3915/2784 2774/3916/2785
f 2226/2638/2004 1320/530/481 269/532/388
f 228/3917/323 1651/3918/2451 2263/3919/3263
f 2264/3920/3264 1886/3237/2763 4166/3921/3265
f 2265/3922/3266 2266/3923/1835 2267/3924/3267
f 2268/3925/3268 2269/3926/3122 2158/958/889
f 4246/3927/2480 1669/1969/1780 2755/1585/1442
f 2270/3928/3269 4343/3929/3270 599/1017/935
f 2788/3930/2172 4621/3340/2845 2789/3339/2844
f 1511/2567/2267 2271/3931/3271 994/2568/1521
f 2254/3932/3255 2272/3933/3272 4617/3934/3273
f 1070/3935/1634 2273/3936/3274 2274/3937/3275
f 2275/3938/3276 2276/3939/3277 3956/2857/2484
f 4792/3940/3278 1271/2148/1924 2277/3941/3279
f 801/3942/1235 1474/3943/1234 4680/3944/3280
f 4155/279/234 4300/3945/3281 1235/2078/1560
f 4032/2897/2509 1691/2899/2511 2278/3946/3222
f 2279/3947/2349 685/1149/1059 2280/3948/3282
f 2281/3949/3283 2282/3950/3164 1602/3951/2378
f 2283/3952/3284 2284/3953/1084 704/3954/1086
f 2285/3955/3285 2286/3956/3286 3707/3957/3287
f 2534/3958/3288 3841/3959/3289 4384/3960/3290
f 262/421/376 800/1337/1230 799/1336/1229
f 2137/3681/3091 2136/3680/3090 2287/3961/1959
f 2288/3962/3291 2137/3681/3091 2287/3961/1959
f 2289/3963/3292 1106/3442/1688 1534/2607/2296
f 398/674/618 397/673/617 4643/1705/1547
f 814/1364/1251 271/436/391 815/1365/1252
f 4663/3901/3257 1074/1809/1639 3694/3964/3293
f 2290/3965/3139 968/3966/1476 4147/3967/3294
f 1636/2779/2426 4495/3968/3295 2291/3969/3296
f 1871/3210/2739 2075/3567/3009 1310/3970/1989
f 971/1633/1481 3230/1632/1480 3759/3971/3297
f 2292/3972/3298 1790/3068/2644 2293/3973/3299
f 868/3974/1317 2294/3975/2968 3403/3976/1977
f 1821/3977/2677 2295/3978/3300 4836/3979/3301
f 2296/3980/1900 1262/2134/1912 1261/2133/1911
f 4015/2325/2078 766/3981/1178 1373/2326/2079
f 2796/1132/1044 675/1131/1043 2297/3982/3302
f 3124/3983/3303 2298/3984/3304 830/1392/1274
f 583/988/915 2299/3985/3305 818/1371/1257
f 2300/3986/3007 3596/3987/3306 194/3988/267
f 1497/2542/2249 2301/3989/350 2302/3990/1735
f 95/157/117 97/154/120 3479/3991/3307
f 301/492/443 1063/1792/1623 3125/493/444
f 1986/3405/2891 2303/3992/3308 1987/3406/2892
f 2304/3993/3309 2023/3475/2939 2305/3994/3310
f 781/1304/1200 4616/3995/3311 782/1305/1201
f 2306/3996/989 4537/3997/3312 2307/3998/459
f 504/3999/779 2119/3648/3072 3071/4000/3313
f 2165/3739/3134 962/4001/1464 2164/3737/3133
f 95/157/117 3479/3991/3307 2308/4002/3314
f 2309/4003/3315 936/1561/1418 815/1365/1252
f 228/3917/323 857/1431/1306 2310/4004/3316
f 2311/4005/887 3490/4006/2999 123/193/148
f 2312/4007/3317 2313/4008/1786 2314/4009/3318
f 2315/4010/1450 954/4011/1452 2286/3956/3286
f 1000/4012/1530 1207/2034/1833 2316/4013/3319
f 2317/4014/3320 2128/4015/1877 1732/2973/2571
f 2028/4016/743 2318/4017/745 2319/4018/666
f 2320/4019/2896 2321/4020/1028 1360/4021/2059
f 2322/4022/3321 1510/2563/2265 3231/4023/3322
f 2323/4024/3323 1250/2111/1895 235/377/332
f 1113/4025/1701 1947/2100/1884 243/388/343
f 4963/2339/2092 1582/2338/2091 4817/4026/2355
f 2324/4027/967 620/4028/966 193/311/266
f 2325/4029/3324 2326/4030/3325 2327/4031/3326
f 2325/4029/3324 2327/4031/3326 2328/4032/3327
f 2329/4033/3328 548/917/849 2330/4034/3329
f 2331/4035/3330 629/4036/979 4675/4037/3331
f 2332/4038/3332 2333/4039/3333 2864/4040/3334
f 2334/4041/3335 4362/4042/3336 403/681/625
f 3454/4043/3337 4659/4044/2320 4236/4045/3338
f 2335/4046/3339 2336/4047/3340 303/495/446
f 282/451/406 3490/4048/2999 4515/452/407
f 218/350/305 3938/349/304 2337/4049/3341
f 672/1126/1041 3835/3377/2871 673/1127/1042
f 381/644/590 316/2116/471 382/645/591
f 2338/4050/3342 798/4051/1228 4879/4052/3343
f 2339/4053/3344 2340/4054/3345 4589/2870/2489
f 645/3440/999 222/355/310 221/354/309
f 2341/4055/3346 396/672/616 398/674/618
f 918/1532/1394 2342/4056/3347 1386/2353/2100
f 2343/4057/3348 1865/4058/2732 3501/4059/3349
f 4112/4060/3350 978/4061/1492 2344/4062/2941
f 2194/3789/3173 2345/4063/3351 2346/4064/3352
f 4285/4065/3353 2347/4066/3354 4645/4067/3355
f 2348/4068/2459 2349/4069/3356 2915/4070/3357
f 4154/3106/2667 2350/4071/3358 2351/4072/3359
f 2352/4073/3360 2353/4074/3361 2354/4075/3362
f 2352/4073/3360 2354/4075/3362 2355/4076/3363
f 1945/3338/2843 2356/4077/3364 1147/4078/1743
f 2357/4079/3365 3900/4080/3366 2358/4081/3367
f 1091/1836/1664 1895/3251/2774 4349/3018/2608
f 2359/4082/3368 2360/4083/3369 2361/4084/3370
f 2873/4085/3371 2362/4086/3372 2363/4087/206
f 903/4088/1372 2364/4089/155 32/4090/38
f 658/1104/1019 2181/3770/3158 1846/3162/2706
f 4772/4091/3373 2285/4092/3285 2707/4093/3374
f 962/1614/1464 2365/4094/2855 963/1615/1465
f 4923/4095/3375 2366/4096/3376 3392/4097/3377
f 2323/4024/3323 235/377/332 2367/4098/3378
f 2368/4099/3379 2323/4024/3323 2367/4098/3378
f 3635/3156/2702 1751/3004/2599 1700/2910/2521
f 2209/3817/3194 2210/3819/2181 2369/4100/2649
f 892/1484/1350 850/1423/703 849/1422/1300
f 4169/4101/515 477/801/739 3881/4102/3380
f 4357/4103/2750 1823/4104/2682 3029/4105/3381
f 1005/1695/1538 1446/2462/2184 1447/2464/2186
f 2370/4106/3382 2371/4107/3383 2949/4108/3384
f 1579/2677/2350 1065/1794/1625 2359/4082/3368
f 1629/2763/2417 1929/2765/2418 1851/4109/2711
f 2372/4110/3385 1437/4111/2173 2317/4112/3320
f 2373/4113/3386 2385/4114/3387 2200/3804/3185
f 2373/4115/3386 2200/4116/3185 2374/4117/3388
f 1651/2813/2451 1771/3044/2625 4529/4118/3389
f 4561/4119/3390 2375/4120/3391 3837/4121/3392
f 2376/4122/3393 152/242/197 4716/244/199
f 2377/4123/1199 782/4124/1201 1693/2901/2513
f 1727/2964/2562 2378/4125/3394 3927/2228/1999
f 3699/4126/2600 2408/4127/2602 2379/4128/3395
f 1168/1417/1298 2380/4129/3396 973/4130/1484
f 3889/4131/3397 1899/3257/2779 2381/4132/568
f 2382/4133/3398 3365/4134/3399 2383/4135/3400
f 4154/3106/2667 3847/3105/2666 2350/4071/3358
f 2780/4136/3401 1357/4137/2054 1799/3085/2653
f 957/4138/1456 185/296/251 2384/4139/3402
f 4031/4140/3403 2385/4141/3387 2386/4142/3404
f 2293/3973/3299 2387/4143/3405 1325/4144/2011
f 1110/1874/1698 2388/4145/346 489/822/759
f 1061/4146/1621 697/1166/1076 2389/4147/3406
f 1141/1914/1733 2390/4148/3407 2172/3749/3142
f 2847/4149/3408 1851/3168/2711 4494/3170/2712
f 2391/4150/16 4336/414/369 364/610/558
f 2133/4151/827 1711/2927/826 4837/4152/3409
f 2392/4153/17 2393/4154/3410 9/11/10
f 2394/4155/2525 44/66/56 4493/4156/2140
f 681/4157/1054 2394/4155/2525 4493/4156/2140
f 1760/4158/2610 2177/4159/3149 2395/4160/3148
f 2396/4161/496 494/4162/750 586/4163/919
f 4651/4164/1707 1240/4165/1872 2397/4166/3411
f 2398/4167/3412 2399/4168/2103 2400/4169/3216
f 2401/4170/2561 2402/4171/3413 1184/1995/1803
f 1242/4172/1875 991/4173/1517 971/1633/1481
f 1880/3224/2753 1567/4174/2333 4546/3225/2754
f 4934/4175/3414 1446/2462/2184 4413/1697/1540
f 808/1354/1244 2403/4176/3415 1707/2922/2530
f 1830/3137/2689 1829/3136/2688 2024/3476/2940
f 2326/4030/3325 459/771/712 1818/3116/531
f 4613/2482/2202 2404/4177/3416 2405/4178/3417
f 1443/2455/2177 4541/2457/2179 2406/4179/3418
f 4331/4180/3419 4361/4181/3420 2407/4182/3421
f 2408/4183/2602 2248/4184/3250 2409/4185/3422
f 2410/4186/3423 2411/4187/3424 2412/4188/3425
f 3978/4189/3426 2413/4190/3427 2414/4191/3428
f 2415/4192/3429 2416/4193/3430 2277/3941/3279
f 957/1605/1456 551/920/852 4472/4194/3431
f 853/1426/1301 852/1425/153 2417/4195/3432
f 853/1426/1301 2417/4195/3432 2577/4196/3433
f 4405/4197/3434 4042/4198/3435 4370/4199/3436
f 2418/4200/3437 3767/4201/2586 2419/4202/3438
f 2420/4203/3439 692/1157/1067 4812/3694/3100
f 4119/4204/3440 1647/2807/2447 1865/3202/2732
f 2007/4205/1176 1101/1851/1678 765/1853/1177
f 2421/4206/3441 2422/4207/3442 3627/4208/3443
f 1402/2375/2116 2423/4209/3444 307/503/454
f 2424/4210/3445 2425/4211/3446 2426/4212/3447
f 2429/933/865 1620/2749/2405 4763/4213/2998
f 740/1237/1139 3472/4214/1050 4631/1349/1239
f 925/1544/1405 4043/4215/3448 2320/3415/2896
f 1001/1689/1533 2427/4216/3449 2428/4217/3450
f 2429/933/865 4733/4218/1369 743/4219/1143
f 2429/4220/865 743/1241/1143 2430/4221/3451
f 4752/4222/1029 4751/4223/3452 2431/4224/3453
f 2432/4225/3454 2433/4226/3455 2777/4227/3456
f 4852/4228/1742 1945/3338/2843 1147/4078/1743
f 821/1375/1261 2434/4229/3457 1956/4230/2856
f 1259/2127/1905 711/1188/1094 2435/4231/3458
f 2436/4232/3459 4433/3784/3168 2191/3786/3170
f 492/825/762 3434/4233/3460 2437/4234/3461
f 2438/4235/1282 283/4236/408 2517/4237/3462
f 2439/4238/3463 1079/1817/1645 1092/4239/1666
f 2440/4240/3464 2441/4241/3465 2442/4242/3466
f 925/1544/1405 1991/3416/2897 791/1545/1215
f 2126/3661/3081 1633/3663/2233 1482/4243/2232
f 2443/4244/3467 2242/3882/2761 707/1182/1089
f 4459/4245/3468 1600/4246/2060 3006/4247/2062
f 2113/4248/3064 4781/4249/3469 2444/4250/3065
f 2217/3830/3204 2445/4251/3470 2446/4252/3471
f 4204/4253/3472 2447/4254/3473 254/4255/367
f 2428/4217/3450 2448/4256/3474 2449/4257/3475
f 2450/4258/3476 2451/4259/3477 318/524/475
f 2452/4260/3478 4468/4261/3479 2453/4262/3480
f 2454/4263/3481 2455/4264/3482 2456/4265/3483
f 3392/4097/3377 2366/4096/3376 4623/4266/3484
f 4777/4267/2075 767/1281/1179 2457/4268/1692
f 377/637/583 4956/4269/3485 410/692/636
f 2458/4270/426 3047/4271/3486 2571/4272/3487
f 2166/3741/3135 2459/4273/3488 2460/4274/3489
f 4711/4275/3490 1598/2709/2374 2274/3937/3275
f 2076/4276/3010 2461/4277/3491 2462/4278/3011
f 4692/4279/2119 3236/1463/1332 2463/4280/3492
f 554/928/860 1578/4281/2348 2464/4282/3493
f 2041/3500/2958 2465/4283/3494 2466/4284/3495
f 4497/3337/2842 2356/4077/3364 1945/3338/2843
f 2467/4285/3496 1329/2249/2015 2837/4286/3497
f 3982/4287/3498 1667/2844/2473 2033/3487/2948
f 925/1544/1405 3528/1546/1406 982/1660/1505
f 4574/4288/2659 240/4289/337 4667/4290/1388
f 724/1210/1114 2468/4291/2117 4465/1211/1115
f 4165/4292/3499 4555/3037/2622 1876/3216/2745
f 4744/3290/2804 768/4293/1181 1916/3291/2805
f 2469/4294/3500 2470/4295/3501 2052/3525/2978
f 1186/336/291 2231/3862/3226 210/337/292
f 4779/4296/1180 4467/4297/3502 2471/4298/2566
f 4943/4299/3057 2795/4300/3503 2472/4301/3212
f 3142/4302/3504 3955/4303/3505 3583/4304/188
f 2432/4225/3454 2473/4305/3506 2474/4306/3507
f 2475/4307/3508 1206/2033/1832 2476/4308/3509
f 2477/4309/3510 2478/4310/3511 2479/4311/3062
f 2480/4312/3512 3833/4313/3513 2387/4314/3405
f 2481/4315/3514 2482/4316/3515 2483/4317/3516
f 2484/4318/1822 593/4319/927 2485/4320/3517
f 4782/4321/3518 2486/4322/3519 3330/4323/3520
f 1912/3276/2795 2149/3705/2638 1785/3277/2639
f 1003/1692/1535 2675/4324/3521 1004/1693/1536
f 990/1671/1516 4063/1619/1468 4939/1033/951
f 2676/4325/3522 521/4326/808 823/4327/1264
f 1321/2994/2005 2487/4328/2915 1425/4329/2155
f 3976/1322/1216 791/1321/1215 3581/4330/1449
f 286/459/414 4893/4331/3523 4217/4332/3524
f 4431/4333/3525 2488/4334/2890 2489/4335/3526
f 2490/4336/3527 4241/4337/2505 2491/4338/2220
f 977/1646/1491 569/4339/890 2025/4340/2942
f 833/4341/1280 2438/4235/1282 2758/4342/3528
f 2492/4343/2394 1361/2306/2063 4693/2305/1583
f 4247/4344/3529 2493/4345/3530 753/1256/1158
f 3069/61/51 2494/4346/3531 2495/4347/3532
f 4772/4091/3373 2496/4348/1311 2315/1599/1450
f 2444/4250/3065 4781/4249/3469 1945/3338/2843
f 2082/4349/3023 2497/4350/2492 1394/2362/2107
f 2498/4351/1806 3149/4352/3533 4140/4353/3534
f 3665/4354/3535 2793/4355/3536 3484/790/729
f 1181/1990/1799 2499/4356/946 1179/1988/1797
f 598/1013/932 2500/4357/3537 348/1014/528
f 3592/4358/3538 519/4359/805 3776/4360/804
f 4913/4361/3539 2072/3563/782 2300/3565/3007
f 2184/3775/3160 2501/4362/3540 2502/4363/3541
f 2503/4364/3542 505/846/780 2504/4365/3543
f 2505/4366/3544 4266/4367/3545 4535/4368/3546
f 2506/4369/3547 636/1068/985 2507/4370/3548
f 1761/3022/2612 3907/4371/3549 2508/4372/3550
f 4781/4249/3469 4742/3336/2841 1945/3338/2843
f 4884/2558/2260 2508/4373/3550 4113/4374/3551
f 1201/2024/810 522/1481/809 889/1480/1347
f 1035/4375/1582 33/4376/3552 32/4090/38
f 2364/4089/155 1035/4375/1582 32/4090/38
f 1340/4377/912 1342/4378/2030 2509/4379/910
f 4717/1102/1017 3558/2170/1944 2084/4380/2344
f 264/4381/379 2510/4382/1190 774/4383/380
f 4495/4384/3295 2511/4385/3553 4405/4197/3434
f 3065/4386/3554 2512/4387/3555 3806/4388/3556
f 2895/3392/2882 1979/3391/2881 491/4389/761
f 275/443/398 2003/3435/2913 2470/4295/3501
f 2513/4390/3557 2182/4391/557 4690/4392/3558
f 747/4393/1149 2514/4394/1151 2515/4395/3559
f 1215/2045/1841 1608/4396/2386 3344/2046/1842
f 1139/1911/1730 1622/4397/2408 2074/3566/3008
f 54/87/70 3304/4398/3560 4885/4399/3561
f 2516/4400/836 135/218/173 4135/4401/1759
f 1963/3366/1494 1610/2730/2388 4751/4402/3452
f 2517/4403/3462 2089/4404/3033 1308/2215/1986
f 2548/1229/214 2518/4405/3562 2519/4406/3563
f 2520/4407/3564 2112/2189/1961 4747/4408/3565
f 4871/4409/58 4011/4410/2546 2521/4411/3566
f 2308/4412/3314 2522/4413/3567 2523/4414/125
f 2524/4415/3568 2525/4416/3569 2526/4417/3570
f 2524/4415/3568 2526/4417/3570 2527/4418/3571
f 509/852/786 2528/4419/3572 507/850/784
f 2529/4420/3573 2465/4283/3494 2041/3500/2958
f 2530/4421/3574 1891/3247/2770 1347/2276/2039
f 4947/4422/2276 2531/4423/3575 4323/1454/1323
f 2532/4424/3576 1058/1783/1616 2533/4425/1609
f 4858/4426/3577 3819/4427/3578 2534/4428/3288
f 3565/4429/3579 2535/4430/3580 3338/4431/3581
f 2579/2421/1801 2580/4432/3582 1426/2422/2156
f 414/699/643 4507/4433/3583 2403/4176/3415
f 1365/2314/2069 2536/4434/3584 1364/2312/2068
f 4941/4435/3585 2107/4436/3055 2537/4437/3586
f 2538/4438/3587 1662/2834/2465 2424/4210/3445
f 2539/4439/688 1940/3328/2833 2540/4440/689
f 2134/4441/3088 2541/4442/3588 2542/4443/3589
f 4751/4402/3452 1610/2730/2388 874/1453/1322
f 3197/4444/3590 2543/4445/3591 2544/4446/3592
f 4190/4447/3593 2876/4448/3594 2545/4449/2535
f 2546/4450/3595 1007/4451/1541 4683/4452/1543
f 4886/4453/3596 4185/3577/3018 2547/4454/2080
f 973/4130/1484 2380/4129/3396 974/4455/1485
f 2548/4456/214 2549/4457/3597 3089/4458/3598
f 2852/4459/3599 189/4460/261 2550/4461/2113
f 3452/2840/2469 2791/2839/2468 2551/4462/3600
f 1446/4463/2184 2552/4464/2410 1564/4465/2185
f 769/4466/1182 876/1459/1328 441/735/678
f 1312/2220/1991 4771/2222/1993 2553/4467/3071
f 2832/4468/1032 2046/3511/2967 3579/4469/3601
f 897/4470/1360 2554/4471/200 3334/4472/202
f 2555/4473/3602 219/351/306 1627/2761/2415
f 2556/4474/3603 4948/4475/3604 2557/4476/3605
f 2713/2273/2036 2712/4477/1908 1345/2274/2037
f 2558/4478/884 1572/2665/2339 1571/2664/2338
f 1250/2111/1895 2559/4479/3606 2560/4480/3607
f 2561/2118/859 2296/2120/1900 675/2531/1043
f 2561/4481/859 2562/4482/1383 2563/4483/1899
f 1335/2257/2023 1336/2258/606 2224/4484/3210
f 2564/4485/3608 2886/4486/3609 2565/4487/3610
f 296/480/431 295/479/430 2566/4488/3095
f 3102/4489/3611 3348/4490/3612 4904/4491/3613
f 4592/4492/1056 1072/1807/1637 2567/4493/3614
f 2614/4494/1221 2476/4495/3509 2273/4496/3274
f 2316/4013/3319 2148/3703/3106 4332/4497/3615
f 2568/4498/3616 4404/4499/3617 2569/4500/3618
f 2568/4501/3616 2569/4502/3618 2570/4503/1205
f 4680/4504/3280 2571/4505/3487 817/1369/1255
f 1150/1931/1749 1572/2665/2339 2572/4506/2829
f 2573/4507/3619 1734/2978/2576 1736/2980/2578
f 2138/3682/3092 2137/3681/3091 2574/4508/3620
f 675/1131/1043 1261/2133/1911 2297/3982/3302
f 171/4509/228 4454/4510/3621 172/4511/229
f 2575/4512/3622 2576/4513/1116 1449/2466/2188
f 2381/4132/568 2577/4514/3433 2546/4450/3595
f 4532/4515/3623 1592/2697/2364 1591/2696/2363
f 1937/3321/2827 617/1045/963 510/853/787
f 2192/3787/3171 1051/1772/1607 2578/4516/3624
f 2579/4517/1801 3524/4518/3625 2580/4519/3582
f 145/228/183 693/4520/1068 2051/3524/2977
f 3111/4521/1277 1901/3261/2783 2656/2371/2114
f 2581/4522/3626 2582/4523/3627 1422/2416/2152
f 2203/3809/3188 1128/3808/1718 1130/4524/1720
f 2583/4525/3628 2584/4526/3629 2585/4527/3630
f 2586/4528/3631 1332/4529/2019 1342/4530/2030
f 1677/2875/2493 2587/4531/3632 1678/2876/2494
f 383/4532/592 557/932/864 556/931/863
f 3352/4533/3633 4455/4534/3634 1944/3333/2838
f 541/905/837 93/148/114 2588/4535/988
f 1326/2243/1914 2589/4536/3635 1264/4537/1915
f 2590/4538/3636 1746/2999/2594 1745/2998/2593
f 1949/3345/2849 3799/4539/3637 2028/3481/743
f 998/1683/1527 3626/4540/511 3191/4541/3638
f 248/397/352 2591/4542/3639 2592/4543/3640
f 2150/3708/3110 4880/4544/3641 2593/4545/3642
f 111/173/136 1873/3212/2741 1411/2389/2129
f 2594/4546/841 2536/4434/3584 1365/2314/2069
f 347/577/526 2595/4547/3643 4173/4548/3644
f 178/285/240 3912/2742/2399 179/286/241
f 3037/4549/3645 2106/3622/3054 2107/3623/3055
f 1291/4550/1957 1290/3604/1956 2596/4551/3646
f 446/743/686 1823/3129/2682 445/741/684
f 1541/4552/2304 1069/4553/1631 2597/4554/3647
f 2134/4441/3088 4701/4555/3648 2541/4442/3588
f 1466/3547/2210 2598/4556/3649 2599/4557/2211
f 4727/4558/3650 2600/4559/3651 2562/4560/1383
f 1634/2196/1968 4624/4561/3652 1295/2194/1966
f 2501/4362/3540 2184/3775/3160 2601/4562/3653
f 4367/4563/3654 4241/2892/2505 1688/2891/2504
f 4601/2340/933 227/367/322 2602/4564/3655
f 2785/4565/3656 4156/4566/2674 3190/4567/2675
f 2603/4568/3657 2604/4569/3658 150/4570/193
f 2201/3805/3186 2605/4571/3659 610/1037/955
f 2606/4572/3660 120/186/145 117/182/141
f 3335/3322/2828 1937/3321/2827 3477/4573/3661
f 2607/4574/3662 671/1124/1039 1163/1959/1772
f 2608/4575/3663 3911/2269/2033 305/498/449
f 2262/3263/2784 2609/4576/2853 3166/1945/1758
f 4542/4577/3664 1275/2154/1930 2535/4430/3580
f 2610/4578/2342 2841/4579/3665 4470/4580/3666
f 1797/3255/2651 337/555/505 2611/4581/2982
f 2612/4582/3667 4889/4583/3668 2613/4584/3669
f 2476/4308/3509 2614/4585/1221 2475/4307/3508
f 2301/395/350 248/397/352 2615/4586/3670
f 3951/4587/3671 2616/4588/3672 2617/4589/3673
f 4392/4590/3674 115/180/139 3150/4591/3675
f 4161/4592/3676 2609/3349/2853 1951/3348/2852
f 2618/4593/725 2619/4594/3677 2620/4595/3678
f 4597/4596/1611 4489/1732/1570 2222/3838/3208
f 2616/4588/3672 2621/4597/579 1917/4598/2806
f 2362/4086/3372 2622/4599/3679 1997/3426/2905
f 2397/4166/3411 1240/4165/1872 2002/4600/2911
f 2623/4601/3680 148/234/189 524/880/814
f 1147/4078/1743 2356/4077/3364 2624/4602/3681
f 1278/2157/1933 1279/2159/1935 1289/2181/1954
f 416/701/645 1892/3248/2771 1486/2527/2237
f 2625/4603/317 2626/4604/3682 3645/4605/315
f 728/4606/1121 4111/4607/1120 1082/4608/1653
f 2796/1132/1044 2767/4609/3683 2768/4610/3684
f 4605/4611/3218 2627/4612/3685 785/1313/1208
f 2628/4613/2695 2118/4614/3070 2629/4615/3686
f 907/4616/1378 2630/4617/1619 4516/4618/3687
f 4940/3130/2683 446/743/686 1408/4619/2126
f 293/476/427 2631/4620/3688 2632/4621/608
f 2633/4622/941 3247/4623/3689 573/4624/897
f 3898/2707/2373 704/1178/1086 703/1177/1085
f 3800/4625/3690 1292/2185/1958 1291/2184/1957
f 1840/3153/2699 2634/4626/1375 1841/3154/2700
f 2635/4627/3691 1708/2924/2532 1710/2926/2534
f 891/1483/1349 4656/830/764 495/829/763
f 2636/4628/3692 2637/4629/3693 1406/4630/2123
f 1434/2437/1511 1843/3157/2703 1491/1688/1532
f 2638/4631/3694 2639/4632/3695 2464/4633/3493
f 4958/2818/2455 2640/4634/246 1655/2819/248
f 3073/4635/2425 4575/4636/3696 2641/4637/1358
f 372/631/578 371/630/577 1021/1720/1561
f 454/759/700 890/1482/1348 1118/760/701
f 1977/3190/2725 3145/4638/3697 663/1110/1025
f 2642/4639/3698 4188/4640/3699 4187/4641/3700
f 2078/3574/3015 1318/3262/2001 627/1059/977
f 3735/4642/3701 2452/4260/3478 2453/4262/3480
f 2643/4643/1754 3728/3858/3223 2644/4644/3702
f 4961/4645/1544 4964/4646/3703 2645/4647/3704
f 2646/4648/3705 2234/3865/3229 2647/4649/3706
f 4514/2139/1917 2648/4650/3707 4576/4651/2989
f 1760/3020/2610 1759/3019/2609 2165/3739/3134
f 2649/4652/383 4368/3861/3225 1186/336/291
f 1481/2407/2143 2660/1962/1775 1479/4653/2024
f 2650/4654/3708 995/1679/1523 178/285/240
f 4083/4655/3709 2651/4656/3236 4768/4657/3710
f 2652/4658/1477 2557/4476/3605 2653/4659/3711
f 1395/2364/2109 4869/2363/2108 3751/1811/1641
f 3636/4660/3712 2654/4661/3713 2655/4662/3714
f 897/4470/1360 3334/4472/202 580/985/913
f 2924/4663/3715 2656/4664/2114 4906/4665/1744
f 1108/4666/1696 2657/4667/2884 2658/4668/3014
f 56/85/73 4250/4669/3716 2659/4670/3717
f 1479/2259/2024 2660/4671/1775 1337/2260/2025
f 2661/4672/3718 2662/4673/3719 1554/4674/1426
f 2663/4675/3720 34/51/41 37/54/44
f 2536/4434/3584 1934/1479/1346 1364/2312/2068
f 2941/969/900 4232/968/899 158/254/209
f 2662/4673/3719 2661/4672/3718 2664/4676/3721
f 2459/4273/3488 2665/4677/2717 966/4678/1472
f 654/1098/1013 2666/4679/3722 655/1099/1014
f 2667/4680/3723 2551/4681/3600 1835/4682/2693
f 2200/4116/3185 2668/4683/3184 4293/135/107
f 781/1304/1200 2738/4684/3724 2669/4685/3725
f 781/1304/1200 2669/4685/3725 4924/4686/3726
f 2670/4687/2362 2671/4688/3727 1591/4689/2363
f 2016/4690/2724 2018/4691/2934 4793/4692/3728
f 894/4693/1354 2612/4582/3667 2613/4584/3669
f 1747/3000/2595 2607/4574/3662 1163/1959/1772
f 1499/2544/2251 738/1235/1137 221/4694/309
f 4227/3503/2961 4895/3502/2960 2672/4695/416
f 1120/1888/1709 1121/1890/1711 715/1197/1102
f 3606/4696/3729 2673/4697/2923 2674/4698/3730
f 251/4699/359 1828/3135/2687 2675/4700/3521
f 702/1175/1083 2676/4701/3522 3736/4702/3731
f 1360/2301/2059 2321/1113/1028 665/1115/1030
f 2856/4703/3732 2677/4704/3020 2678/4705/3019
f 2679/4706/3733 4561/4119/3390 1827/3134/2686
f 1498/2543/2250 2680/4707/1734 4586/4708/3734
f 1265/2138/1916 1264/2137/1915 3086/4709/3735
f 3288/4710/3736 2243/3883/3244 705/1180/1087
f 317/522/473 3034/4711/3737 2681/4712/2780
f 862/4713/1310 2682/4714/1546 2496/4715/1311
f 3516/4716/3738 2683/4717/3739 2434/4229/3457
f 1742/2993/2589 2684/4718/3740 1321/2994/2005
f 4489/1732/1570 4098/844/778 505/846/780
f 1579/4719/2350 3411/1287/1184 772/1289/1186
f 2685/4720/3741 2686/4721/3742 2687/4722/3743
f 2688/4723/3744 2689/4724/3745 2690/4725/3746
f 4480/4726/3747 4481/4727/3748 2691/4728/3749
f 930/1553/1411 793/4729/1219 929/1552/1410
f 3737/4730/3750 4194/4731/3751 2692/4732/1441
f 31/46/36 4739/3069/2645 33/49/39
f 3260/4733/3752 3259/2031/1830 1509/2561/2263
f 2203/3809/3188 2693/4734/3753 2694/4735/3754
f 2695/4736/3755 2961/4737/2925 2696/4738/1289
f 223/356/311 2697/4739/3756 2698/4740/3757
f 2699/4741/3758 4719/3126/2679 1030/1736/1574
f 4379/4742/3759 4625/3846/3213 4950/4743/3760
f 2700/4744/3761 2509/4379/910 2701/4745/3762
f 2702/4746/3763 898/1495/1361 2703/4747/3764
f 2704/4748/3765 2705/4749/2759 1688/2891/2504
f 2604/4569/3658 3172/733/676 4883/4750/191
f 3750/1342/1233 2706/4751/1073 2218/4752/2224
f 2707/4753/3374 2285/3955/3285 3706/4754/3766
f 1244/2095/1881 4426/2094/1880 1988/3409/1047
f 2708/4755/3767 2709/4756/3768 312/515/466
f 2437/4234/3461 3808/2710/2375 2710/4757/870
f 4643/1705/1547 812/1704/1249 4760/4758/3769
f 4237/3420/2900 2711/4759/1939 2866/4760/3770
f 1260/4761/1909 2712/4762/1908 2713/4763/2036
f 1968/3373/2868 939/1566/1423 941/1568/1425
f 3933/4764/3771 2714/4765/3772 2715/4766/3773
f 2716/4767/2927 2717/4768/3774 2718/4769/425
f 2719/4770/1694 1108/4666/1696 2720/4771/3775
f 1498/2543/2250 1497/2542/2249 2680/4707/1734
f 774/4772/380 3442/4773/3776 4317/4774/3777
f 781/1304/1200 593/4319/927 2738/4684/3724
f 2721/4775/3778 470/788/727 469/787/726
f 2722/4776/3779 2723/4777/3780 2724/4778/3781
f 2725/4779/3782 2726/4780/3783 2727/4781/3784
f 1229/2069/1861 1144/1920/1738 643/3561/993
f 2472/4782/3212 2728/4783/2003 2226/4784/2004
f 3877/4785/3785 4684/329/284 1008/4786/1542
f 2449/4257/3475 2448/4256/3474 2729/4787/2070
f 4913/4788/3539 4363/4789/274 2730/4790/3786
f 2731/4791/3787 1746/2999/2594 2590/4538/3636
f 1465/2492/2209 2130/3670/3085 667/1119/1034
f 2732/4792/3788 1948/3344/2848 2249/3893/3251
f 2733/4793/3789 2734/4794/3790 2735/4795/3791
f 1019/1717/1558 4928/423/378 212/341/296
f 954/4011/1452 2736/4796/469 2737/4797/3792
f 4594/4798/3793 2669/4799/3725 2738/4800/3724
f 4715/4801/3794 764/1277/1175 2739/4802/3795
f 1095/1841/1669 1094/1840/1668 2340/4054/3345
f 2740/4803/589 2741/4804/588 3814/4805/3796
f 4046/4806/3146 4328/4807/3797 2742/4808/2365
f 3940/3626/3058 3522/1786/871 906/1511/1377
f 2743/4809/3099 4190/4810/3593 2632/4811/608
f 2142/3692/3098 1447/2464/2186 2744/4812/3798
f 2745/4813/3799 1875/3215/2744 1874/3214/2743
f 1601/4814/2376 1600/4246/2060 4459/4245/3468
f 4635/4815/3800 716/4816/1103 3124/4817/3303
f 2746/4818/3801 3571/4819/3802 2747/4820/3803
f 750/1251/1153 3650/4821/3804 749/1250/1152
f 2748/4822/3805 2720/4823/3775 881/1467/1336
f 3332/4824/3806 440/734/677 3155/4825/3807
f 2749/4826/3808 3168/4827/3809 2335/4046/3339
f 442/736/679 1208/2035/1834 443/737/680
f 2726/4828/3783 3212/4829/3810 2750/4830/3811
f 1684/2886/2500 2751/4831/3812 1685/2887/1192
f 4767/4832/3813 2752/4833/937 4896/4834/3814
f 4252/4835/3123 4157/4836/3815 4790/3827/3201
f 962/4837/1464 4140/4838/3534 2365/4839/2855
f 2753/4840/3816 2754/4841/949 1719/4842/2548
f 4190/4447/3593 4192/4843/3248 2876/4448/3594
f 2755/4844/1442 2756/4845/3817 4932/4846/3818
f 2757/4847/3819 1502/2549/2254 1501/2548/2253
f 1307/447/402 278/446/401 2758/4848/3528
f 2759/4849/2742 46/69/59 43/64/54
f 2431/4224/3453 3249/4850/3820 3738/4851/1687
f 3288/4852/3736 2760/4853/3205 538/900/832
f 2387/4314/3405 4412/4854/3821 2480/4312/3512
f 2761/4855/1475 3556/4856/3822 4596/4857/3823
f 1368/2318/2073 2188/3782/3166 2412/4188/3425
f 2762/4858/3824 3514/241/196 151/240/195
f 2787/4859/3825 2763/4860/1126 2764/4861/3826
f 4672/4862/3827 3742/4863/3828 3892/4864/3829
f 3914/4865/3830 2765/4866/3831 2766/4867/3832
f 2767/4868/3683 1285/2173/1946 2768/4869/3684
f 4841/4870/3833 3883/860/794 3594/4871/3834
f 3482/4872/3835 251/404/359 1003/1692/1535
f 2769/4873/3836 2770/4874/3837 14/4875/18
f 4013/2611/2299 2597/4876/3647 1537/2612/2300
f 2771/4877/3838 4195/4878/3839 1959/3361/2859
f 692/1157/1067 691/1156/1066 2849/2722/2381
f 1974/3381/2874 2772/4879/1568 3489/4880/3840
f 2169/3744/3138 968/4881/1476 2290/3745/3139
f 388/653/599 2773/4882/3841 1180/1989/1798
f 2774/4883/2785 1770/4884/1760 2775/4885/2623
f 2315/1599/1450 2496/4348/1311 953/1600/1451
f 1037/1750/1587 3580/4886/3842 1038/1751/1588
f 3965/4887/3843 4569/4888/3844 3997/4889/3845
f 925/1544/1405 1963/1649/1494 4043/4215/3448
f 2483/4317/3516 2776/4890/3846 2777/4891/3456
f 4824/500/451 2778/4892/1097 306/501/452
f 4700/4893/1665 4701/4555/3648 2134/4441/3088
f 804/1165/1075 803/4894/1237 1162/1957/1770
f 2779/4895/3847 2780/4896/3401 4575/4636/3696
f 1168/1417/1298 845/1416/1297 2380/4129/3396
f 2781/4897/3848 2374/4117/3388 2522/4413/3567
f 915/4898/1391 1860/3188/2723 916/523/474
f 3735/4642/3701 2453/4262/3480 2094/3606/3040
f 2782/4899/3849 2783/4900/3031 4641/1985/1794
f 611/1038/956 623/1052/970 609/1036/954
f 2784/4901/3850 2785/4902/3656 3190/4903/2675
f 2784/4904/3850 3190/4905/2675 3657/4906/3851
f 4545/4907/3852 4609/326/281 2786/4908/3853
f 2667/4680/3723 2628/4909/2695 513/861/795
f 2787/4910/3825 2788/4911/2172 2789/4912/2844
f 1012/1709/1550 723/3472/1111 2790/4913/3854
f 2717/4768/3774 2791/4914/2468 2718/4769/425
f 2792/4915/3855 3318/4916/3856 2418/4917/3437
f 205/4918/285 2793/4919/3536 4381/4920/3857
f 9/11/10 2393/4154/3410 1555/2640/2322
f 1363/2310/2066 2794/4921/3858 4326/2311/2067
f 1000/4922/1530 2316/4923/3319 4027/4924/3859
f 65/97/81 4681/4925/3860 1445/2461/2183
f 2795/4926/3503 2728/4783/2003 2472/4782/3212
f 181/4927/244 674/4928/243 2796/4929/1044
f 2670/4930/2362 1790/3068/2644 1869/3208/2737
f 141/224/179 2797/4931/3861 2836/2961/2559
f 2473/4932/3506 2798/4933/3862 2799/4934/3863
f 1948/3344/2848 1950/3346/2850 2250/3894/3252
f 2426/4212/3447 2098/4935/3044 2800/4936/3864
f 3898/2707/2373 3084/3240/2766 2671/4937/3727
f 2653/4938/3711 4306/4939/3865 2202/3806/3187
f 1557/4940/2324 721/4941/1109 2801/4942/2956
f 2270/3928/3269 599/1017/935 2992/1016/934
f 1439/2451/2175 1243/4943/1878 2128/3666/1877
f 2196/3421/2901 2560/4480/3607 2197/4944/3177
f 2802/4945/3866 2750/4830/3811 167/268/223
f 4314/4946/862 1454/2471/2193 1453/2470/2192
f 223/356/311 2803/4947/3867 2697/4739/3756
f 3883/860/794 1731/2972/2570 3139/4948/3868
f 289/4949/420 632/1064/981 631/1063/421
f 1856/3180/2718 2804/4950/3869 967/1624/1473
f 2805/4951/1096 2338/4050/3342 2806/4952/3870
f 506/847/781 2073/4953/3006 2072/848/782
f 383/4532/592 556/931/863 1804/3090/2655
f 4625/3846/3213 4136/4954/920 4950/4743/3760
f 630/4955/980 2807/4956/3871 290/471/422
f 630/4955/980 290/471/422 631/470/421
f 3795/4957/3872 2568/4958/3616 2770/4959/3837
f 1789/4960/2643 2808/4961/3873 4412/4962/3821
f 465/781/722 144/783/182 4174/4963/3874
f 1048/1768/1603 406/685/629 2685/4720/3741
f 1597/4964/2372 1167/1967/1779 942/1573/1430
f 4199/4965/3875 2809/4966/681 3828/4967/683
f 4818/624/571 4259/608/556 405/684/628
f 4849/4968/1984 3637/4969/3876 2313/1975/1786
f 4762/4970/1099 2810/4971/3877 2704/4972/3765
f 2811/4973/3878 2505/4366/3544 2812/4974/3879
f 2813/4975/3880 4692/2378/2119 252/410/365
f 2814/4976/3881 530/890/385 2402/4171/3413
f 2939/4977/3882 3308/4978/2975 878/4979/1330
f 2815/4980/3883 2816/4981/3884 2455/4982/3482
f 2129/3668/3084 1249/2109/1893 1972/2108/1892
f 2817/4983/3885 4940/3130/2683 1408/4619/2126
f 2263/3919/3263 2818/4984/3886 857/1431/1306
f 2819/4985/3887 2820/4986/3888 2821/4987/3889
f 1410/2388/2128 1412/2390/2130 4469/1125/1040
f 2822/4988/3890 2986/4989/1160 2823/4990/3891
f 2065/1334/1227 866/280/235 4890/1202/1106
f 2824/4991/1860 1699/2909/2520 126/202/157
f 2825/4992/3892 425/713/657 427/715/659
f 2475/4307/3508 787/1315/1210 788/1317/1212
f 2462/3569/3011 2473/4993/3506 4640/4994/3893
f 2826/4995/3120 979/4996/1496 1670/2858/2485
f 3257/4997/3894 2904/4998/3895 2827/4999/3896
f 4566/5000/3897 1468/5001/2213 2828/5002/3898
f 2829/5003/3899 2830/5004/3900 2831/5005/3901
f 2345/4063/3351 2832/5006/1032 2833/5007/1031
f 2797/5008/3861 2834/5009/3902 2835/5010/3903
f 2836/5011/2559 2797/5008/3861 2835/5010/3903
f 1810/3101/2663 2837/5012/3497 691/1156/1066
f 2763/1222/1126 151/3854/195 731/1223/1127
f 2700/5013/3761 2838/5014/3904 579/983/911
f 1853/3176/290 3005/3175/2430 2420/5015/3439
f 2839/5016/3905 2840/5017/3906 1680/2153/1929
f 2841/5018/3665 2610/5019/2342 284/454/409
f 4473/5020/3907 2405/4178/3417 1204/5021/1828
f 2842/5022/3908 3196/5023/3909 2983/5024/3910
f 2843/5025/3911 2844/5026/3912 2845/5027/3913
f 248/397/352 2592/4543/3640 4132/5028/3914
f 1071/1806/1636 1599/1805/1635 339/559/508
f 2846/5029/3915 1851/4109/2711 2847/5030/3408
f 2848/5031/3916 2849/5032/2381 2850/5033/2118
f 908/5034/1379 3949/5035/3917 3361/5036/3918
f 902/1505/1371 3638/5037/3919 1145/1921/1739
f 376/636/582 572/1008/895 377/637/583
f 2851/5038/1992 1458/2478/2200 2852/5039/3599
f 4852/4228/1742 2444/4250/3065 1945/3338/2843
f 1740/2987/2585 1231/2073/1864 1528/2595/2285
f 4294/145/108 2853/5040/3920 82/125/101
f 4359/5041/3921 1278/2157/1933 3655/5042/3922
f 4946/5043/3126 2854/5044/3923 4746/5045/2601
f 4006/5046/3924 4931/689/633 2855/5047/3925
f 2856/5048/3732 2857/5049/3926 2677/5050/3020
f 761/3516/1170 4281/3518/2971 4902/5051/1171
f 2329/4033/3328 2398/4167/3412 3969/915/847
f 2858/5052/3927 2333/4039/3333 2382/5053/3398
f 2858/5054/3927 2382/5055/3398 2383/5056/3400
f 188/304/259 4795/510/461 4286/509/460
f 4471/5057/3928 1876/3216/2745 3924/5058/3929
f 1512/2569/2268 1611/2735/2392 2859/5059/3930
f 4764/5060/3931 2860/5061/3932 2861/5062/3933
f 2862/5063/3934 3780/5064/3935 4833/5065/3195
f 2863/5066/3936 3903/2799/2440 2864/5067/3334
f 890/1482/1348 891/1483/1349 495/829/763
f 2509/4379/910 1342/4378/2030 1334/2256/2022
f 2865/5068/3937 2866/5069/3770 4151/5070/3938
f 2867/5071/3048 990/5072/1516 607/5073/950
f 937/1562/1419 2868/5074/3939 3269/5075/3940
f 922/5076/1402 2869/5077/1401 4743/688/632
f 2870/5078/3941 2871/5079/3942 1358/2295/2055
f 2872/5080/3943 4000/5081/3944 2873/5082/3371
f 1038/1751/1588 2631/4620/3688 293/476/427
f 3992/5083/3945 4867/5084/2813 2605/5085/3659
f 4218/5086/3946 4934/5087/3414 2874/5088/3947
f 1421/2415/2151 474/795/733 475/797/735
f 1421/2415/2151 475/797/735 2875/5089/3948
f 4534/5090/3949 2876/5091/3594 2877/5092/3950
f 4563/1997/1805 1185/1996/1804 2878/5093/3951
f 1773/5094/2627 2879/5095/3952 2880/5096/3953
f 4956/4269/3485 3911/2269/2033 2608/4575/3663
f 2643/4643/1754 2229/3856/3221 3728/3858/3223
f 460/5097/713 3599/5098/1690 3025/5099/855
f 1708/2924/2532 2004/3436/2914 1709/2925/2533
f 2881/5100/3954 3432/5101/3955 2230/3860/3224
f 2269/3926/3122 2882/5102/3956 4318/5103/3957
f 3976/1322/1216 3977/5104/3958 874/1453/1322
f 1149/1930/1748 1246/2099/1883 1245/2098/1882
f 1842/3155/2701 1841/3154/2700 1546/5105/2309
f 3633/5106/2878 1157/1948/1761 3867/1950/1763
f 2724/4778/3781 2723/4777/3780 3311/5107/3959
f 544/2313/842 2594/4546/841 1365/2314/2069
f 1191/2007/1811 2602/5108/3655 4587/2008/321
f 1771/3044/2625 1381/2342/2093 1215/2045/1841
f 2414/4191/3428 2413/4190/3427 4267/5109/3960
f 2883/5110/3961 3572/5111/2158 3865/5112/3962
f 1270/2147/1923 1084/1827/1655 1983/3398/2886
f 2884/5113/3124 2748/4822/3805 3444/1466/1335
f 94/149/115 93/148/114 3329/150/116
f 570/961/892 2885/5114/1894 2886/5115/3609
f 2464/4282/3493 3687/1961/1774 554/928/860
f 4408/5116/3963 2887/5117/3964 2888/5118/2830
f 4962/5119/3965 884/5120/891 883/5121/1339
f 2889/5122/3966 2890/5123/3967 3030/5124/3968
f 2891/5125/3969 2892/5126/3970 670/1123/1038
f 2820/5127/3888 1722/5128/2552 4780/592/541
f 364/610/558 255/413/368 2393/4154/3410
f 952/1596/1448 4929/5129/3971 694/5130/1070
f 1926/3306/2818 2893/5131/3972 4392/4590/3674
f 1573/5132/2341 2894/5133/3973 284/5134/409
f 490/823/760 2895/5135/2882 491/824/761
f 3010/5136/3974 2896/5137/3975 1530/2597/2287
f 2897/5138/219 4864/5139/751 2898/5140/3976
f 4939/1033/951 4063/1619/1468 4374/5141/3977
f 4504/5142/2380 1695/2903/2515 2013/3457/2929
f 150/238/193 296/480/431 621/1050/968
f 1369/2319/2074 325/536/486 2899/5143/3978
f 2298/3984/3304 4381/4920/3857 830/1392/1274
f 2137/3681/3091 2288/3962/3291 2574/4508/3620
f 639/1072/166 130/5144/168 542/5145/839
f 2588/1073/988 639/1072/166 542/5145/839
f 635/1067/984 2900/5146/3979 1860/5147/2723
f 3965/5148/3843 3997/5149/3845 3966/5150/1829
f 2901/5151/3980 453/756/697 3259/2031/1830
f 4757/5152/734 963/5153/1465 4070/5154/3981
f 1284/5155/845 1838/3150/2697 1839/3152/1943
f 2902/5156/1469 1265/2138/1916 3086/4709/3735
f 813/1363/1250 2903/5157/3093 4765/1274/1172
f 3217/5158/3982 2904/5159/3895 3257/5160/3894
f 1125/1896/1715 1127/1898/1717 911/1519/1384
f 2367/4098/3378 235/377/332 2905/5161/3983
f 3580/4886/3842 2693/5162/3753 1038/1751/1588
f 1175/5163/1792 4518/5164/3984 2906/5165/2502
f 2907/5166/3985 29/44/34 28/43/33
f 3580/4886/3842 1416/2397/2135 4143/2399/2137
f 3580/4886/3842 4143/2399/2137 4353/5167/3986
f 2908/5168/3987 4757/796/734 474/795/733
f 1137/5169/1728 3352/5170/3633 2527/5171/3571
f 1238/5172/1870 1703/5173/2524 1417/2401/2139
f 2909/5174/3988 938/1563/1420 3122/5175/818
f 2910/5176/513 2911/5177/257 2912/5178/3989
f 2913/5179/3990 3336/5180/3991 4096/2760/2414
f 2914/5181/996 2915/5182/3357 21/31/26
f 4804/5183/3992 1352/2286/2046 4000/5081/3944
f 336/554/504 646/5184/1002 337/555/505
f 2773/4882/3841 285/456/411 2916/5185/3993
f 2542/4443/3589 2917/5186/3994 2732/4792/3788
f 2194/3789/3173 3640/3791/3175 2345/4063/3351
f 796/3161/1223 795/5187/711 2918/5188/3995
f 2571/4272/3487 2919/5189/3996 253/5190/366
f 2920/5191/3082 484/816/753 2921/5192/3997
f 2922/5193/3998 4609/326/281 4121/325/280
f 3506/5194/3999 2008/3447/2920 2714/4765/3772
f 2923/5195/1403 1376/5196/2083 2076/5197/3010
f 3526/5198/4000 1547/2625/2311 2924/5199/3715
f 2925/5200/4001 1175/5201/1792 2926/5202/2931
f 4776/5203/4002 3616/2245/1746 404/682/626
f 4066/5204/4003 2407/4182/3421 1679/5205/2496
f 1073/1808/1638 3857/5206/4004 3700/5207/4005
f 2927/5208/4006 1419/5209/2148 2928/5210/2731
f 2461/4277/3491 2929/5211/4007 2462/4278/3011
f 2930/5212/4008 1099/1849/1676 1100/1850/1677
f 3669/5213/4009 2931/5214/4010 2625/4603/317
f 2932/5215/4011 2933/5216/4012 972/1636/792
f 4922/1852/1679 3144/5217/4013 1640/5218/2436
f 2214/3825/3199 3562/5219/4014 2934/5220/4015
f 900/1498/1364 3864/5221/4016 233/716/329
f 93/148/114 542/907/839 3329/150/116
f 1504/2552/2257 2530/4421/3574 1347/2276/2039
f 2392/4153/17 364/610/558 2393/4154/3410
f 2935/5222/1965 2936/5223/4017 2937/5224/4018
f 2938/5225/2449 1068/1800/1630 3827/3759/3151
f 4540/5226/4019 300/490/441 2306/1074/989
f 2051/3524/2977 1672/2867/2486 2585/4527/3630
f 1051/1772/1607 2193/3788/3172 2006/5227/2918
f 1816/2780/2427 602/5228/940 1637/2781/2428
f 4507/4433/3583 2491/5229/2220 1707/2922/2530
f 697/1166/1076 804/1165/1075 2389/4147/3406
f 368/623/570 4259/608/556 4818/624/571
f 4292/5230/4020 997/1682/1526 801/1344/1235
f 2939/5231/3882 878/5232/1330 1277/2156/1932
f 2940/5233/4021 2941/5234/900 2942/5235/4022
f 643/3561/993 2824/2067/1860 1229/2069/1861
f 2943/5236/4023 2944/5237/4024 1402/2375/2116
f 1260/4761/1909 1601/5238/2376 4819/5239/1910
f 1721/2953/2551 569/959/890 2945/5240/4025
f 4759/942/874 562/944/876 4937/5241/4026
f 251/4699/359 1826/3133/361 1828/3135/2687
f 2808/5242/3873 4676/2578/2275 4412/5243/3821
f 4128/763/704 69/103/87 359/2663/547
f 3908/5244/4027 1452/2469/2191 434/724/667
f 2946/5245/1343 879/1464/1333 1154/1936/1753
f 2947/5246/4028 4478/5247/4029 2028/4016/743
f 543/908/840 2376/4122/3393 2594/909/841
f 2786/5248/3853 2948/5249/4030 2023/3475/2939
f 4030/5250/3231 3674/2486/2205 961/1613/1463
f 2370/5251/3382 2949/5252/3384 2950/5253/4031
f 2526/5254/3570 2951/5255/4032 1137/5169/1728
f 2952/5256/4033 2094/5257/3040 3724/5258/4034
f 4789/5259/4035 1116/1882/1704 1765/3026/2615
f 793/5260/1219 2953/5261/1218 4025/5262/4036
f 1864/3200/2730 417/702/646 2809/4966/681
f 560/5263/872 2954/5264/4037 2955/5265/873
f 2956/5266/4038 3185/5267/4039 3184/5268/4040
f 867/2438/217 162/5269/216 3355/5270/4041
f 208/3094/288 4335/3093/2658 209/5271/289
f 2957/5272/4042 1001/1689/1533 3779/468/419
f 2392/4153/17 9/11/10 10/24/11
f 3584/5273/2028 2958/5274/1518 1339/5275/2027
f 3159/1953/1766 1159/1952/1765 2959/5276/4043
f 1522/2585/2280 3210/3546/2994 2598/4556/3649
f 928/5277/1408 1332/2253/2019 2586/5278/3631
f 2523/4414/125 2522/4413/3567 88/138/110
f 550/5279/851 2703/4747/3764 2960/5280/4044
f 2961/5281/2925 2010/5282/2924 2696/1408/1289
f 2296/3980/1900 1261/2133/1911 675/1131/1043
f 1935/3318/2824 2109/1025/943 4002/5283/4045
f 1650/2812/2450 1806/3092/2657 2962/5284/4046
f 2847/4149/3408 2963/5285/4047 1060/1789/1620
f 2705/4749/2759 201/3364/277 4367/4563/3654
f 4183/1626/1474 3651/5286/4048 2761/1627/1475
f 1566/2657/2084 2964/5287/4049 2965/5288/4050
f 2966/5289/731 1591/2696/2363 154/246/201
f 2967/5290/4051 2968/5291/2698 2969/5292/4052
f 2970/5293/4053 2472/3843/3212 4625/3846/3213
f 3477/4573/3661 1937/3321/2827 4309/855/789
f 1172/1979/1789 4615/1978/1788 2971/5294/4054
f 1961/5295/2861 3817/5296/2864 927/1549/1407
f 1796/2703/2370 1984/3402/2888 153/243/198
f 172/4511/229 4454/4510/3621 265/5297/381
f 2972/5298/4055 1538/2613/2301 2739/5299/3795
f 756/1261/1161 2146/3701/3104 755/1259/560
f 3431/3314/2822 1932/3313/2483 2973/5300/4056
f 101/159/123 96/152/118 2157/3555/3000
f 2888/5118/2830 2887/5117/3964 4786/5301/4057
f 2974/5302/518 2077/5303/3012 547/2167/846
f 2975/5304/4058 3770/5305/4059 2976/5306/4060
f 726/5307/1118 1269/2145/1921 2147/3702/3105
f 2977/5308/4061 517/5309/802 2087/3590/3028
f 998/1683/1527 999/1685/1529 3626/4540/511
f 1558/2645/2325 1559/2647/2326 3161/5310/4062
f 295/479/430 2978/5311/1918 4356/5312/4063
f 295/479/430 4356/5312/4063 2566/4488/3095
f 4802/2984/2582 321/528/479 320/527/478
f 546/912/844 2731/5313/3787 3410/5314/4064
f 1292/2185/1958 2441/4241/3465 1290/2183/1956
f 4517/2951/2549 2925/5315/4001 3519/2949/2547
f 2731/4791/3787 2979/5316/4065 1746/2999/2594
f 2980/5317/3242 1740/2987/2585 1528/2595/2285
f 4297/5318/4066 1451/2718/2190 1490/2532/2241
f 2424/4210/3445 1109/5319/1697 2538/4438/3587
f 1136/1908/1727 1987/3406/2892 1137/1909/1728
f 1109/1872/1697 1110/1874/1698 1855/3178/2716
f 2526/4417/3570 4380/3335/2840 2951/5320/4032
f 2981/5321/4067 2087/3590/3028 517/5309/802
f 1747/3000/2595 1163/1959/1772 3959/1958/1771
f 79/5322/98 1996/2337/2090 1379/2336/2089
f 2258/3848/3214 1146/1923/1741 2993/5323/4068
f 3196/5324/3909 2982/5325/4069 2983/5326/3910
f 2433/4226/3455 2984/5327/4070 4519/5328/4071
f 4629/5329/4072 4630/5330/972 2695/4736/3755
f 4575/4636/3696 2780/4896/3401 1620/2749/2405
f 2857/5049/3926 3970/1312/1207 2677/5050/3020
f 303/495/446 302/494/445 2335/4046/3339
f 3395/854/788 510/853/787 618/1046/964
f 1374/2328/2081 2839/5016/3905 1274/2152/1928
f 4129/5331/4073 2985/5332/4074 4130/5333/4075
f 2962/5284/4046 1438/2450/2174 1650/2812/2450
f 627/1059/977 626/1058/976 2079/3575/3016
f 1185/1996/1804 699/1169/1079 2878/5093/3951
f 2822/5334/3890 1874/3214/2743 2986/5335/1160
f 2987/5336/877 134/5337/172 1313/2223/1994
f 2139/3688/3096 3615/5338/4076 2518/5339/3562
f 4010/5340/2863 1362/2309/2065 1540/5341/2303
f 2988/5342/1144 4632/5343/4077 3692/5344/1145
f 2010/5345/2924 2751/4831/3812 2989/5346/4078
f 2452/5347/3478 2990/5348/4079 4678/5349/4080
f 2452/5347/3478 4678/5349/4080 4468/5350/3479
f 701/1174/465 2676/4701/3522 702/1175/1083
f 2061/3545/2993 3582/235/190 148/234/189
f 2991/5351/4081 1659/5352/2461 2992/5353/934
f 3664/5354/4082 2258/3910/3214 2993/5355/4068
f 4044/5356/4083 868/5357/1317 3403/5358/1977
f 2107/4436/3055 2822/4988/3890 2823/4990/3891
f 2101/3615/3047 1343/2268/2032 1013/1710/1551
f 3276/5359/4084 1443/2455/2177 2406/4179/3418
f 4494/3170/2712 1061/1790/1621 2963/5285/4047
f 2780/4896/3401 3061/2747/2403 1620/2749/2405
f 345/5360/523 2994/5361/4085 346/1001/524
f 4532/4515/3623 1591/2696/2363 2966/5289/731
f 2586/4528/3631 2995/5362/4086 2996/5363/4087
f 3701/3778/3163 2186/3777/3162 4646/5364/4088
f 3198/5365/4089 2390/4148/3407 2406/4179/3418
f 1028/5366/1572 2908/5367/3987 2997/5368/2150
f 2998/5369/4090 1782/3058/2635 535/897/829
f 3853/5370/4091 810/5371/1248 4935/5372/1247
f 1129/1900/1719 2743/4809/3099 2631/5373/3688
f 2088/5374/3029 3971/1409/1290 721/1205/1109
f 731/1223/1127 2228/3853/3219 2999/5375/4092
f 1201/876/810 1614/2739/2396 523/877/811
f 361/3683/549 1526/2593/2284 3000/5376/4093
f 1562/5377/2330 2827/5378/3896 3462/5379/4094
f 2816/4981/3884 880/1465/1334 3001/5380/4095
f 3002/5381/4096 1155/1939/1755 1314/2224/1995
f 1483/2523/2234 3003/5382/4097 1484/2524/2235
f 59/5383/75 1739/5384/2584 3004/5385/4098
f 354/5386/538 2715/4766/3773 1371/2323/2076
f 214/343/298 1699/2909/2520 2824/4991/1860
f 4217/4332/3524 4893/4331/3523 1413/5387/2131
f 584/5388/916 2420/4203/3439 3005/5389/2430
f 3127/693/637 410/692/636 261/5390/375
f 2483/4317/3516 2777/4891/3456 1323/2238/2007
f 3006/5391/2062 3007/5392/2061 2080/3581/3021
f 3008/5393/4099 3009/5394/4100 4525/5395/4101
f 2896/5396/3975 3010/5397/3974 4735/5398/4102
f 358/597/546 3011/5399/4103 2939/5400/3882
f 3012/5401/2009 1324/5402/2008 3013/5403/4104
f 863/5404/1314 3014/5405/1313 3379/5406/4105
f 1617/2744/2401 4620/5407/4106 1631/2767/2419
f 1617/2744/2401 1631/2767/2419 917/1530/1392
f 1592/5408/2364 1788/3066/2642 1790/3068/2644
f 1493/2538/2245 1116/1882/1704 1494/2539/2246
f 1881/5409/2755 4012/3713/3114 4395/3712/2917
f 3015/5410/4107 3016/5411/4108 2990/5412/4079
f 1566/2331/2084 1377/2334/2087 2964/5413/4049
f 1718/2944/2543 1972/3379/1892 884/960/891
f 3578/5414/4109 2655/4662/3714 4505/5415/4110
f 1532/5416/2289 4774/1753/1590 3576/1752/1589
f 3924/5058/3929 1876/3216/2745 2096/3609/3042
f 3890/3483/2945 2637/4629/3693 2636/4628/3692
f 3017/5417/3233 1018/1716/1557 557/932/864
f 4425/365/320 4600/5418/1245 641/5419/991
f 3018/5420/4111 899/5421/1363 3957/5422/1345
f 705/1180/1087 3018/5423/4111 3957/1478/1345
f 3019/5424/4112 213/5425/297 1628/2762/2416
f 3793/2581/2278 3781/5426/4113 315/519/470
f 3020/5427/4114 2826/4995/3120 1670/2858/2485
f 3021/5428/812 4622/2602/2292 1024/2604/813
f 3022/5429/4115 2396/5430/496 3023/5431/4116
f 3024/5432/2660 3025/5433/855 2178/3765/3153
f 4826/3797/3179 3026/5434/4117 1965/3798/2865
f 2891/5125/3969 670/1123/1038 669/1122/1037
f 3027/5435/4118 1067/1798/1628 1068/1800/1630
f 2938/5225/2449 3027/5435/4118 1068/1800/1630
f 1264/2137/1915 3028/5436/4119 3029/5437/3381
f 3030/5438/3968 3031/5439/1254 3032/5440/4120
f 4959/5441/4121 3033/5442/2799 3261/5443/4122
f 862/1437/1310 2049/3520/2973 4835/5444/4123
f 3912/2742/2399 1617/2744/2401 3034/5445/3737
f 2198/3795/3178 1233/2076/1866 1234/2077/1867
f 2386/4142/3404 2385/4141/3387 3035/5446/4124
f 810/5447/1248 3036/5448/4125 336/5449/504
f 3890/5450/2945 1877/3218/2747 2637/5451/3693
f 4769/1656/1501 4256/5452/4126 3303/1657/1502
f 1050/1771/1606 2578/4516/3624 1051/1772/1607
f 1178/5453/1796 844/5454/1296 1167/1967/1779
f 1919/881/815 3037/5455/3645 3038/5456/4127
f 2825/4992/3892 4712/1769/1604 425/713/657
f 3886/5457/4128 4337/5458/4129 1043/1760/1597
f 3039/5459/4130 2484/4318/1822 3040/5460/4131
f 3041/5461/4132 2836/5011/2559 3042/5462/4133
f 584/5463/916 1638/2785/2432 3043/5464/917
f 981/1659/1504 925/1544/1405 982/1660/1505
f 2167/3742/3136 2917/5186/3994 3044/5465/4134
f 860/1435/453 139/222/177 859/1433/1308
f 3045/5466/4135 1471/2500/2216 3046/5467/4136
f 2521/4411/3566 2991/5351/4081 2992/5353/934
f 4312/5468/4137 2272/5469/3272 2254/3899/3255
f 2458/5470/426 294/2930/428 3047/5471/3486
f 3048/5472/4138 2253/3898/3254 3049/5473/4139
f 3050/5474/4140 1042/1759/1596 3051/5475/4141
f 1159/1952/1765 1222/2059/1852 3052/5476/3083
f 187/298/253 186/297/252 3053/5477/2544
f 568/957/888 2268/3925/3268 2158/958/889
f 3054/5478/4142 605/1029/947 167/268/223
f 3978/5479/3426 3055/5480/1331 3056/5481/4143
f 3057/5482/4144 4651/4164/1707 2397/4166/3411
f 3058/5483/4145 3722/5484/2922 2673/5485/2923
f 3059/5486/4146 2626/4604/3682 3060/5487/720
f 1333/2255/2021 2509/4379/910 1334/2256/2022
f 3061/5488/2403 1495/2540/2247 1619/5489/2404
f 4701/4555/3648 3062/5490/4147 3063/5491/4148
f 3064/5492/4149 4036/5493/4150 3065/5494/3554
f 4650/5495/2331 3066/5496/4151 1241/3149/1873
f 1657/2824/2457 1228/2066/1859 2206/3813/3191
f 2314/4009/3318 3067/5497/4152 1834/3143/2692
f 4038/5498/4153 922/1540/1402 3068/5499/4154
f 4916/5500/4155 3069/5501/51 4861/537/487
f 3070/5502/4156 2539/745/688 447/744/687
f 563/946/878 3071/5503/3313 132/5504/170
f 563/946/878 132/5504/170 134/947/172
f 555/929/861 353/5505/537 3448/3032/2620
f 3530/5506/4157 622/5507/969 735/1231/1134
f 3072/5508/4158 2747/4820/3803 4565/5509/4159
f 2543/5510/3591 4456/5511/4160 2544/5512/3592
f 4599/1943/1757 3073/5513/2425 4733/1944/1369
f 545/911/843 481/810/748 4004/5514/4161
f 4031/5515/3403 3074/5516/4162 4749/5517/4163
f 4031/4140/3403 4749/5518/4163 2385/4141/3387
f 3075/5519/4164 3076/5520/484 1764/5521/2614
f 794/5522/1222 1070/1804/1634 1071/1806/1636
f 4886/4453/3596 3077/5523/1856 4185/3577/3018
f 2331/4035/3330 2422/4207/3442 2421/4206/3441
f 3078/5524/4165 3079/5525/1431 2194/3789/3173
f 3080/5526/506 3081/5527/4166 147/230/185
f 3082/5528/4167 2479/4311/3062 2478/4310/3511
f 3083/5529/1359 473/5530/732 897/4470/1360
f 3084/5531/2766 1016/1714/1555 3085/5532/4168
f 3392/4097/3377 4616/5533/3311 4923/4095/3375
f 3733/76/64 2394/2916/2525 681/5534/1054
f 2858/5535/3927 4860/5536/2588 3842/5537/2226
f 453/756/697 4235/758/699 4234/2409/2145
f 2225/3842/3211 571/963/894 836/1402/1284
f 3971/1409/1290 2696/1408/1289 2989/5538/4078
f 4844/5539/1470 3086/5540/3735 3087/5541/2681
f 3088/5542/4169 3089/5543/3598 3090/5544/4170
f 1890/3244/2768 170/272/227 172/274/229
f 3803/2869/2488 1096/1842/1670 1456/2473/2195
f 424/711/655 3091/5545/4171 482/712/656
f 186/297/252 3092/5546/2545 3053/5477/2544
f 355/5547/542 3093/5548/1569 2503/5549/3542
f 4831/1834/1662 1089/1833/1661 3094/5550/4172
f 3095/5551/4173 2081/3582/3022 2083/3584/3024
f 129/210/165 4823/5552/838 949/5553/1444
f 246/393/348 62/94/78 4479/394/349
f 2775/3038/2623 1848/3040/2624 950/5554/1445
f 2928/3201/2731 2596/5555/3646 1865/3202/2732
f 3096/5556/436 4785/5557/438 4795/5558/461
f 176/283/238 687/1151/1061 4803/1268/1168
f 872/5559/1320 3097/5560/4174 873/5561/1321
f 3098/5562/4175 1323/2238/2007 3067/5563/4152
f 3099/5564/4176 3100/5565/4177 3064/5492/4149
f 1325/2242/2011 2387/4314/3405 2589/4536/3635
f 3584/2263/2028 3492/5566/4178 3888/5567/4179
f 3101/5568/4180 1752/3008/2603 577/976/906
f 3102/5569/3611 3103/5570/4181 3347/5571/4182
f 2263/3919/3263 1651/3918/2451 3104/5572/4183
f 3105/5573/4184 3106/5574/2482 1794/3075/2648
f 2075/3567/3009 4538/3531/2981 732/5575/1129
f 2102/5576/3049 2902/1620/1469 990/1671/1516
f 4745/5577/4185 559/937/869 558/936/868
f 3260/4733/3752 1509/2561/2263 3858/5578/4186
f 3107/5579/4187 2240/3879/3241 2241/3881/3243
f 3421/5580/1800 2348/4068/2459 2915/4070/3357
f 3108/5581/1713 1124/383/338 3893/948/879
f 3851/5582/4188 3773/5583/4189 1957/3359/2857
f 4116/5584/4190 3876/5585/4191 4310/5586/4192
f 2916/5185/3993 3109/5587/4193 3110/5588/4194
f 3111/5589/1277 1780/3056/2633 831/3235/1278
f 3112/5590/2954 2038/5591/2953 2775/4885/2623
f 1338/2261/2026 4360/5592/4195 1479/2259/2024
f 3448/3032/2620 1454/5593/2193 4314/930/862
f 2605/4571/3659 3113/5594/4196 2439/4238/3463
f 602/5228/940 3247/4623/3689 2633/4622/941
f 3114/5595/4197 1674/2866/2487 3115/5596/2495
f 1004/1693/1536 3116/5597/4198 1343/2268/2032
f 4485/5598/4199 3117/5599/4200 3118/5600/4201
f 2612/5601/3667 4230/5602/867 3119/5603/4202
f 1306/2213/1985 2999/5375/4092 3120/5604/4203
f 1150/1931/1749 1513/2570/2269 1151/1932/1750
f 1713/5605/2539 1715/5606/2541 169/5607/226
f 2057/3537/2987 1920/3295/2808 698/1167/1077
f 2974/5302/518 1839/2169/1943 4953/5608/3068
f 3886/5457/4128 3050/5474/4140 3887/5609/4204
f 330/547/497 142/2087/180 3121/5610/1584
f 2701/4745/3762 2509/4379/910 1333/2255/2021
f 3122/5611/818 4802/5612/2582 3123/5613/4205
f 759/1265/1165 2173/3750/3143 2390/4148/3407
f 2255/5614/3258 2030/3484/2946 2619/4594/3677
f 716/1198/1103 2163/3736/3132 3124/5615/3303
f 2251/3896/442 3125/5616/444 3126/5617/4206
f 3127/5618/637 3540/5619/4207 4008/5620/1674
f 585/994/918 4329/5621/4208 3823/5622/4209
f 702/1175/1083 3128/5623/4210 3129/5624/4211
f 4366/5625/4212 2606/5626/3660 3130/5627/856
f 3056/5481/4143 3131/5628/675 3978/5479/3426
f 1212/2042/1838 200/320/275 1213/2043/1839
f 604/1026/944 418/703/647 1288/2180/1953
f 3291/3282/2797 950/5554/1445 1915/3283/799
f 946/5629/1438 1209/2037/1437 3132/5630/4213
f 333/550/500 4900/5631/4214 334/551/501
f 2757/4847/3819 3133/5632/4215 1502/2549/2254
f 1359/2590/2057 1530/2597/2287 2896/5137/3975
f 489/822/759 2388/4145/346 2242/3232/2761
f 1697/2906/2518 3134/5633/4216 2772/4879/1568
f 3135/5634/4217 311/1173/463 702/1175/1083
f 1653/2816/2453 3136/5635/412 3137/5636/4218
f 2752/1019/937 2651/5637/3236 601/1020/938
f 4403/5638/709 4665/5639/4219 2246/5640/410
f 367/618/565 4654/2772/2421 3524/4518/3625
f 3138/5641/4220 1946/3341/2846 1113/1877/1701
f 1247/2105/1889 2138/3682/3092 2574/4508/3620
f 3139/5642/3868 3140/5643/2572 99/156/122
f 1679/2878/2496 2407/5644/3421 1680/2879/1929
f 2171/3748/3141 1140/1912/1731 2172/3749/3142
f 2814/5645/3881 684/1148/1058 683/1147/1057
f 1487/5646/2238 4719/5647/2679 2699/5648/3758
f 4170/5649/516 4343/3929/3270 2270/3928/3269
f 1540/2615/2303 3141/5650/1632 1069/5651/1631
f 3101/5568/4180 1275/2154/1930 1752/3008/2603
f 3142/5652/3504 3583/5653/188 1922/5654/2811
f 2628/3146/2695 1836/3145/2694 2118/3646/3070
f 3143/5655/2816 1640/2791/2436 3144/5656/4013
f 3145/5657/3697 1463/2487/2206 3271/2488/2207
f 3170/5658/4221 4378/5659/4222 3521/5660/4223
f 1624/2754/2409 4319/666/610 1705/2919/2528
f 1624/2754/2409 1705/2919/2528 3146/5661/4224
f 4699/2210/1982 1304/2209/1981 3147/5662/2847
f 3193/5663/4225 1006/1696/1539 3102/5664/3611
f 3148/5665/4226 3899/5666/4227 921/1538/1400
f 1188/2003/1808 1567/4174/2333 3149/5667/3533
f 1779/3055/2632 3150/5668/3675 4200/5669/4228
f 3151/5670/4229 2482/4316/3515 1007/1698/1541
f 182/290/245 181/289/244 2600/4559/3651
f 1343/2268/2032 3116/5597/4198 3152/5671/4230
f 3153/5672/4231 812/5673/1249 1009/5674/1548
f 1929/3310/2418 1630/338/293 210/337/292
f 2224/3841/3210 1795/513/464 311/512/463
f 2488/4334/2890 3154/5675/4232 2489/4335/3526
f 545/911/843 4004/5514/4161 2159/5676/3125
f 1502/2549/2254 3133/5632/4215 1743/2995/2590
f 428/717/660 1889/3242/1685 1104/5677/1684
f 3155/5678/3807 4117/5679/4233 3156/5680/4234
f 1369/5681/2074 4778/5682/4235 4777/5683/2075
f 2228/3853/3219 1725/2960/2558 3120/5604/4203
f 1775/3049/2629 1366/3048/2071 2729/5684/2070
f 467/5685/723 2620/4595/3678 3157/5686/4236
f 632/1064/981 775/1297/1193 3158/5687/4237
f 3041/5688/4132 424/711/655 2836/2961/2559
f 4195/5689/3839 348/1014/528 2500/4357/3537
f 1645/2805/2445 1647/2807/2447 2149/3061/2638
f 3159/5690/1766 2959/5691/4043 3160/5692/904
f 4411/3238/2764 1886/3237/2763 3161/5693/4062
f 4792/3940/3278 2277/3941/3279 3162/5694/4238
f 2747/5695/3803 1316/2227/1998 4565/5696/4159
f 202/323/278 2705/3230/2759 2810/4971/3877
f 3163/5697/4239 4138/5698/4240 3164/5699/4241
f 1057/1782/1615 1504/2552/2257 4152/2551/2256
f 716/1198/1103 715/1197/1102 2163/3736/3132
f 3165/5700/3256 2254/3932/3255 4617/3934/3273
f 2048/3519/2972 439/731/674 438/730/673
f 3166/5701/1758 4950/5702/3760 4135/5703/1759
f 4815/5704/4242 4549/5705/4243 4550/5706/4244
f 2186/3777/3162 2255/3902/3258 2618/786/725
f 3167/5707/1078 2646/4648/3705 2647/4649/3706
f 3168/5708/3809 3169/5709/4245 310/506/457
f 1392/5710/2105 3168/5708/3809 310/506/457
f 1846/3162/2706 2181/3770/3158 3170/5711/4221
f 3171/5712/4246 3537/5713/1429 3172/5714/676
f 1207/2034/1833 1843/5715/2703 443/737/680
f 3053/2945/2544 1613/2738/2395 187/5716/253
f 3173/5717/4247 1712/600/548 3174/5718/4248
f 4373/5719/4249 981/1659/1504 3175/5720/4250
f 4204/5721/3472 4878/5722/4251 3169/5709/4245
f 1862/5723/2729 3928/5724/4252 3756/5725/4253
f 2927/5726/4006 1646/2806/2446 3829/3430/2909
f 114/5727/138 3176/5728/534 3177/5729/4254
f 3178/5730/4255 3724/5258/4034 3179/5731/4256
f 3180/5732/4257 4438/5733/4258 3234/5734/4259
f 2635/4627/3691 3181/5735/159 3182/5736/1601
f 792/1323/1217 3183/5737/4260 2953/1324/1218
f 3184/5738/4040 3185/5739/4039 3186/5740/4261
f 3342/5741/4262 4415/5742/4263 3910/5743/4264
f 4435/5744/4265 3187/5745/31 1837/3147/2696
f 3188/5746/4266 2745/4813/3799 2106/3622/3054
f 3189/5747/4267 1344/2270/2034 1399/2370/1412
f 3190/5748/2675 1820/2715/2377 1833/2717/2379
f 1448/2465/2187 2108/3627/3059 1449/2466/2188
f 860/1435/453 140/223/178 139/222/177
f 3191/5749/3638 2595/4547/3643 347/577/526
f 2188/3782/3166 760/1269/1169 2189/3783/3167
f 3062/5750/4147 3675/3758/3150 3192/5751/4268
f 3193/5752/4225 4904/4491/3613 3194/5753/4269
f 3151/5670/4229 3195/5754/4270 2776/4890/3846
f 349/580/529 1364/3316/2068 1933/3315/2823
f 1847/3163/2707 1846/3162/2706 3196/5755/3909
f 4272/5756/885 3705/5757/4271 3197/5758/3590
f 2038/5591/2953 2774/4883/2785 2775/4885/2623
f 1901/3261/2783 1704/5759/2526 3198/5760/4089
f 2571/4272/3487 3047/4271/3486 2919/5189/3996
f 4339/5761/4272 2784/4901/3850 3199/5762/4273
f 2440/4240/3464 2442/4242/3466 4805/5763/4274
f 4111/1216/1120 2537/4437/3586 3200/5764/4275
f 3201/5765/4276 4019/5766/3108 500/2424/773
f 3202/5767/4277 4201/5768/4278 4611/5769/4279
f 4685/5770/4280 2419/5771/3438 1156/5772/1756
f 4049/1906/1725 1054/1779/1612 3203/5773/4281
f 1698/2908/1015 3204/5774/1211 3134/5633/4216
f 3205/5775/4282 924/1543/1404 2462/3569/3011
f 3205/5775/4282 2462/3569/3011 4640/4994/3893
f 1450/2467/2189 1449/2466/2188 3206/5776/2441
f 657/1103/1018 4717/1102/1017 2084/4380/2344
f 246/393/348 3207/5777/357 64/96/80
f 1519/5778/2277 4048/5779/1122 3208/5780/1232
f 2345/4063/3351 2833/5007/1031 2346/4064/3352
f 2013/3457/2929 2012/3456/2928 3209/5781/4283
f 1660/5782/2462 4723/5783/4284 3210/5784/2994
f 421/2797/652 1242/2796/1875 3759/5785/3297
f 1593/2699/2366 3211/5786/2434 4342/2700/2367
f 3212/5787/3810 2726/4780/3783 2725/4779/3782
f 3136/457/412 4217/4332/3524 3137/5788/4218
f 2623/4601/3680 2061/3545/2993 148/234/189
f 3614/5789/4285 4073/5790/4286 1405/2382/2122
f 248/397/352 3213/5791/4287 2591/4542/3639
f 1119/1887/1708 2221/3837/3207 4649/1885/1706
f 4622/2602/2292 3744/5792/1969 1938/2603/2293
f 1369/5681/2074 2899/5793/3978 4778/5682/4235
f 4510/5794/3217 2654/4661/3713 3636/4660/3712
f 3214/5795/4288 3215/5796/4289 3216/5797/4290
f 3648/5798/4291 1686/2888/2501 1685/2887/1192
f 1984/3402/2888 2140/5799/3097 1200/2023/1823
f 4410/1843/1671 1169/1971/1782 1097/1844/1672
f 154/246/201 1015/5800/1554 3334/247/202
f 1315/2226/1997 1549/2627/2313 3217/5801/3982
f 647/1088/1003 2248/3892/3250 2408/5802/2602
f 155/5803/203 4639/5804/205 2511/5805/3553
f 1303/2206/1978 840/5806/1291 4327/5807/1294
f 2241/3881/3243 1527/590/539 354/589/538
f 246/393/348 64/96/80 62/94/78
f 3218/5808/569 2381/5809/568 964/659/605
f 3219/5810/4292 2754/1031/949 4939/1033/951
f 3220/5811/4293 2640/4634/246 4728/5812/4294
f 2311/4005/887 2158/3723/889 3490/4006/2999
f 3221/5813/4295 1908/3271/2791 3222/5814/4296
f 1001/1689/1533 3223/5815/4297 1002/1690/1534
f 3226/5816/4298 4224/5817/4299 3224/5818/4300
f 1152/5819/1751 2066/3556/3001 1921/3296/2809
f 4659/4044/2320 3420/5820/4301 4236/4045/3338
f 2380/4129/3396 3225/5821/1971 3226/5822/4298
f 2597/4554/3647 1069/4553/1631 3227/5823/4302
f 3228/5824/1100 1688/2891/2504 1687/2890/2503
f 2658/3573/3014 4288/3394/2883 4253/5825/4303
f 3920/5826/2319 4094/5827/4304 4068/5828/4305
f 1404/2380/2121 157/253/208 156/252/207
f 466/558/507 4039/5829/4306 144/227/182
f 2145/1035/953 511/856/790 3725/5830/2714
f 3229/5831/4307 1694/2902/2514 1693/2901/2513
f 782/4124/1201 3229/5831/4307 1693/2901/2513
f 1173/1980/1790 3130/924/856 2606/5832/3660
f 4804/5183/3992 4000/5081/3944 2872/5080/3943
f 3584/2263/2028 3888/5567/4179 3230/5833/1480
f 2322/5834/3321 3231/5835/3322 732/1225/1129
f 4689/5836/596 2545/2929/2535 3560/2931/2536
f 2720/4823/3775 3232/5837/4308 881/1467/1336
f 3233/5838/4309 3234/5839/4259 3235/5840/4310
f 4534/5090/3949 2877/5092/3950 3236/5841/1332
f 3237/5842/4311 2564/4485/3608 2565/4487/3610
f 3238/5843/4312 905/1508/1374 546/912/844
f 3238/5844/4312 546/5845/844 547/2167/846
f 2413/4190/3427 2341/5846/3346 4267/5109/3960
f 1359/2590/2057 2896/5137/3975 4735/5847/4102
f 2933/5848/4012 1414/2394/2133 1415/2396/1483
f 3239/5849/4313 1766/3027/2616 3590/3029/2617
f 3240/5850/4314 1825/3132/2685 4208/5851/4315
f 3718/2411/2147 2328/4032/3327 3873/5852/4316
f 3010/5397/3974 722/1206/1110 4735/5398/4102
f 445/5853/684 3241/5854/4317 3242/5855/685
f 4466/5856/4318 4402/5857/4319 204/5858/283
f 1689/2895/2507 630/1062/980 1170/1972/1783
f 431/720/663 3243/5859/2709 1849/5860/2708
f 580/985/913 3334/4472/202 3509/5861/4320
f 1247/2105/1889 2574/4508/3620 1248/2106/1890
f 1270/2147/1923 1983/3398/2886 3426/5862/4321
f 1727/2964/2562 3927/2228/1999 1316/2227/1998
f 1792/3073/2481 2289/3963/3292 1793/3074/2647
f 3244/5863/4322 4346/5864/4323 2001/3431/2910
f 417/702/646 416/701/645 1486/2527/2237
f 3245/5865/2983 1259/2127/1905 3629/2129/1907
f 144/227/182 4039/5829/4306 145/228/183
f 161/260/215 287/5866/415 162/261/216
f 4352/5867/4324 3246/5868/4325 3021/878/812
f 3247/5869/3689 4926/3907/3259 573/5870/897
f 974/5871/1485 266/427/382 1910/3274/2793
f 866/5872/235 1235/1719/1560 161/260/215
f 3248/5873/4326 1669/2852/1780 390/2851/602
f 2284/3953/1084 2283/3952/3284 352/586/535
f 3249/5874/3820 3250/5875/2295 1535/5876/2297
f 2130/3670/3085 1465/2492/2209 2295/3978/3300
f 4110/5877/4327 3251/5878/4328 955/1602/1453
f 1435/2440/2168 3252/5879/2726 2332/4038/3332
f 953/1600/1451 1401/2374/2115 4213/5880/2398
f 3272/5881/4329 2415/4192/3429 1271/2148/1924
f 3253/5882/4330 3254/5883/4331 2124/3659/3079
f 2984/5327/4070 3222/5884/4296 4519/5328/4071
f 1812/3107/2668 3255/5885/4332 1298/2200/1972
f 1388/2355/2102 1387/2354/2101 919/1533/1395
f 1905/3459/2788 3256/5886/4333 4483/5887/4334
f 1391/2359/2104 1393/2361/2106 1300/5888/1974
f 4791/5889/2752 870/5890/613 3241/5854/4317
f 172/5891/229 265/5892/381 4317/4774/3777
f 176/5893/238 4803/5894/1168 3519/2949/2547
f 2105/3621/3053 2947/5246/4028 2319/4018/666
f 2394/4155/2525 49/74/62 44/66/56
f 1315/2226/1997 3217/5801/3982 3257/5895/3894
f 1767/2434/2164 1193/2013/1815 1389/2015/1817
f 3258/5896/1256 691/1156/1066 690/1155/1065
f 3259/5897/1830 3260/5898/3752 4269/5899/4335
f 2512/4387/3555 1407/2385/2125 3221/5813/4295
f 4283/1680/1524 2650/4654/3708 985/5900/1508
f 4536/5901/4336 3261/5902/4122 4862/5903/3063
f 3584/2263/2028 1287/2175/1948 3262/5904/4337
f 1190/3052/1579 4418/5905/4338 2086/3589/3027
f 2884/5113/3124 4432/5906/4339 2748/4822/3805
f 1729/2966/2564 206/5907/286 4376/5908/4340
f 3263/5909/4341 2717/4768/3774 1836/3145/2694
f 3263/5909/4341 1836/3145/2694 3264/5910/4342
f 4274/5911/1268 4341/5912/4343 3716/2651/2329
f 2287/3961/1959 41/5913/52 40/5914/49
f 2287/3961/1959 40/5914/49 2288/3962/3291
f 4939/1033/951 3265/5915/4344 3219/5810/4292
f 684/1148/1058 2814/5645/3881 2746/4818/3801
f 250/401/356 3266/5916/4345 3267/5917/4346
f 3268/5918/4347 3269/5919/3940 2862/5063/3934
f 4132/5028/3914 3270/5920/4348 3271/5921/2207
f 1509/2561/2263 3968/2562/2264 3858/5578/4186
f 3272/5922/4329 3273/5923/4349 2415/5924/3429
f 3274/5925/4350 1456/5926/2195 4433/3784/3168
f 285/456/411 4253/5927/4303 2916/5185/3993
f 3738/5928/1687 3249/5929/3820 1535/5930/2297
f 3217/5158/3982 960/1612/1462 2904/5159/3895
f 3061/5488/2403 1117/1883/1705 1493/2538/2245
f 1175/1982/1792 2906/2889/2502 744/1244/1146
f 160/258/213 3539/257/212 2090/3600/3036
f 4331/4180/3419 3275/5931/4351 3276/5932/4084
f 2838/5014/3904 3277/5933/2020 2973/5300/4056
f 2199/3796/46 3838/5934/2171 1233/2076/1866
f 2739/5299/3795 1537/2612/2300 4715/5935/3794
f 4581/5936/4352 180/287/242 182/290/245
f 1631/2767/2419 4620/5407/4106 3278/5937/1652
f 1530/2597/2287 4621/3340/2845 3010/5136/3974
f 3279/5938/4353 327/5939/490 4420/5940/4354
f 3074/5516/4162 2815/4980/3883 4749/5517/4163
f 3443/5941/1191 4753/5942/4355 3280/5943/4356
f 2497/2873/2492 1676/2872/2491 3517/5944/4357
f 3281/5945/4358 3282/5946/4359 3283/5947/4360
f 3284/5948/397 1351/2284/2044 3285/5949/4361
f 3286/5950/4362 932/1557/1414 934/1559/1416
f 4743/5951/632 408/5952/631 3068/5953/4154
f 521/4326/808 2676/4325/3522 3287/5954/163
f 3288/5955/3736 705/5956/1087 2616/4588/3672
f 450/750/693 3768/752/695 3289/5957/4363
f 1824/3131/2684 1162/1957/1770 1161/1956/1769
f 2745/4813/3799 3188/5746/4266 2208/3816/3193
f 2109/1025/943 1935/3318/2824 604/1026/944
f 2037/3030/2618 1197/2019/1820 1135/1907/1726
f 1131/1902/1721 1968/3373/2868 941/1568/1425
f 2215/3828/3202 2217/3830/3204 3290/5958/4364
f 2640/291/246 4709/5959/4365 183/292/247
f 2183/607/555 2006/3443/2918 2007/3445/1176
f 3857/5206/4004 1072/1807/1637 4592/4492/1056
f 3112/5590/2954 2775/4885/2623 3291/5960/2797
f 1897/3253/2776 1578/2675/2348 1089/1833/1661
f 4920/5961/4366 4770/5962/4367 1923/3299/2812
f 4920/5961/4366 1923/3299/2812 1924/3301/2814
f 2043/5963/2962 4227/5964/2961 1020/5965/1559
f 2043/5963/2962 1020/5965/1559 4858/5966/3577
f 4185/3577/3018 3292/5967/4368 1515/606/554
f 426/714/658 3293/5968/4369 2559/4479/3606
f 3568/5969/4370 3294/5970/4371 3569/3334/2839
f 602/5228/940 3295/5971/1537 1637/2781/2428
f 3696/1812/1642 3697/3245/2769 3296/5972/4372
f 2179/3767/3155 2643/1937/1754 1154/1936/1753
f 1285/2173/1946 1287/2175/1948 1339/2262/2027
f 3297/5973/4373 4750/5974/4374 4761/5975/4375
f 3298/5976/4376 440/734/677 396/672/616
f 682/5977/256 681/5978/1054 3299/5979/4377
f 3870/5980/4378 4080/5981/4379 1160/1955/1768
f 2290/3965/3139 4147/3967/3294 4963/2339/2092
f 4819/2132/1910 4459/5982/3468 4464/3885/3245
f 3225/2199/1971 1297/2198/1970 4224/5817/4299
f 4431/4333/3525 3300/5983/1695 2719/5984/1694
f 3142/5652/3504 3301/5985/4380 1757/3015/2607
f 1661/2833/2464 1662/2834/2465 3302/5986/4381
f 3303/5987/1502 4256/5988/4126 4914/5989/4382
f 3943/5990/931 597/5991/930 3944/3876/3238
f 2467/5992/3496 1811/5993/2664 1209/2037/1437
f 3304/5994/3560 2659/4670/3717 4698/5995/4383
f 4376/5908/4340 4923/5996/3375 1729/2966/2564
f 4461/922/854 1173/1980/1790 1172/1979/1789
f 1550/2629/2315 1289/2181/1954 1551/2630/2316
f 3142/4302/3504 412/5997/640 192/310/265
f 3050/5474/4140 3886/5457/4128 1043/1760/1597
f 1468/2496/2213 3096/5998/436 188/304/259
f 2212/2292/2052 455/1185/702 708/1184/1091
f 3305/5999/4384 784/1309/1204 4662/6000/4385
f 3306/6001/295 3307/6002/4386 3125/5616/444
f 3989/6003/4387 1325/2242/2011 3990/2241/2010
f 878/1461/1330 3308/6004/2975 3309/6005/2974
f 4936/6006/4388 1670/2858/2485 78/130/97
f 784/1309/1204 3896/1311/1206 4662/6000/4385
f 4618/6007/4389 3310/6008/4390 3311/6009/3959
f 1081/6010/1648 3828/3102/683 1810/3101/2663
f 315/519/470 3781/5426/4113 588/999/921
f 1916/3291/2805 3312/6011/2565 3653/6012/4391
f 3097/5560/4174 2092/3602/3037 873/5561/1321
f 1308/2215/1986 2758/6013/3528 2517/4403/3462
f 1020/1718/1559 3903/2799/2440 2863/5066/3936
f 2232/3863/3227 967/1624/1473 2233/3864/3228
f 2125/3660/3080 3313/6014/4392 3314/6015/4393
f 4237/3420/2900 3315/6016/4394 1993/3418/2899
f 480/808/746 3316/6017/4395 4017/809/747
f 280/449/404 1962/3365/2862 3317/6018/4396
f 4223/3444/2919 1101/6019/1678 2007/3445/1176
f 3767/4201/2586 3318/6020/3856 3319/6021/4397
f 3320/6022/4398 3772/6023/4399 2683/6024/3739
f 3321/6025/4400 4811/1645/1490 4149/6026/4401
f 3893/948/879 1124/383/338 4122/385/340
f 339/559/508 1599/1805/1635 340/560/509
f 1732/2973/2571 2128/4015/1877 3322/6027/1879
f 3323/6028/4402 3098/5562/4175 3324/6029/4403
f 1940/3328/2833 2117/3327/2832 2540/4440/689
f 3325/6030/4404 2329/4033/3328 3163/6031/4239
f 4854/3802/3183 3326/6032/4405 4855/6033/4406
f 2292/3972/3298 2293/3973/3299 2371/4107/3383
f 4155/279/234 3051/5475/4141 4300/3945/3281
f 2155/6034/3118 969/1630/1478 3327/6035/3119
f 3328/6036/1001 4760/4758/3769 812/1704/1249
f 1424/2418/2154 3974/3649/3073 4438/5733/4258
f 3329/6037/116 1433/2436/2166 3330/6038/3520
f 864/1442/1315 3331/6039/4407 407/686/630
f 3155/5678/3807 3156/5680/4234 3332/6040/3806
f 1611/2735/2392 3958/2734/2391 1714/2937/2540
f 1015/6041/1554 3333/6042/4408 3334/6043/202
f 3414/6044/4409 3193/5663/4225 3194/6045/4269
f 3665/4354/3535 3484/790/729 331/548/498
f 3335/6046/2828 3243/3166/2709 3336/6047/3991
f 3337/6048/1945 3338/6049/3581 769/1284/1182
f 1997/3426/2905 2622/4599/3679 3339/6050/1447
f 503/843/777 4049/1906/1725 3210/5784/2994
f 2609/6051/2853 4379/6052/3759 3166/5701/1758
f 3337/6048/1945 3340/6053/4410 949/6054/1444
f 1522/2585/2280 2598/4556/3649 1466/3547/2210
f 714/1196/1101 2366/4096/3376 1120/1888/1709
f 3073/2777/2425 1636/2779/2426 4732/6055/1368
f 3341/6056/4411 58/84/72 4069/6057/2097
f 95/157/117 2308/4002/3314 2523/6058/125
f 25/37/13 13/6059/15 23/34/29
f 1509/2561/2263 3259/2031/1830 1205/2032/1831
f 147/230/185 3081/5527/4166 3342/6060/4262
f 3172/733/676 3343/6061/4412 440/734/677
f 2910/5176/513 2912/5178/3989 4173/4548/3644
f 1214/2070/1840 3344/6062/1842 1230/2071/1862
f 2004/3436/2914 1385/6063/2099 333/550/500
f 29/44/34 34/51/41 2663/4675/3720
f 3345/6064/4413 6/8/8 3346/6065/358
f 3712/6066/3209 4543/6067/4414 2220/3835/3206
f 87/137/109 2523/4414/125 88/138/110
f 4062/6068/4415 2324/6069/967 771/6070/1185
f 2371/4107/3383 2293/3973/3299 3989/6071/4387
f 3102/6072/3611 3347/6073/4182 3348/6074/3612
f 2927/5208/4006 3349/6075/4416 1419/5209/2148
f 187/5716/253 1613/2738/2395 1429/6076/2161
f 655/1099/1014 2666/4679/3722 4711/6077/3490
f 3350/6078/1396 3538/2565/1080 4487/6079/4417
f 2711/2644/1939 1557/2643/2324 3351/6080/1940
f 647/1088/1003 2408/5802/2602 648/1089/1004
f 1987/3406/2892 3352/6081/3633 1137/1909/1728
f 1217/6082/1845 3353/6083/1844 4011/2947/2546
f 1001/1689/1533 2957/5272/4042 2427/4216/3449
f 143/226/181 4145/6084/4418 1588/2692/2359
f 2466/4284/3495 1178/1987/1796 257/6085/371
f 2272/6086/3272 2722/4776/3779 4617/6087/3273
f 2493/4345/3530 4247/4344/3529 3354/6088/1952
f 3355/6089/4041 4033/6090/417 3356/6091/2437
f 297/481/432 3546/6092/4419 247/396/351
f 4256/5988/4126 3357/6093/4420 4914/5989/4382
f 1840/6094/2699 904/1507/1373 2634/1509/1375
f 2664/4676/3721 2661/4672/3718 1554/4674/1426
f 3195/6095/4270 2432/4225/3454 2777/4227/3456
f 1508/2560/2262 1762/6096/2613 2508/4373/3550
f 3358/6097/4421 298/484/435 3475/6098/4422
f 1620/2749/2405 1619/2748/2404 4763/4213/2998
f 1296/2874/1967 1678/2876/2494 4654/6099/2421
f 1706/2920/2043 1705/2919/2528 1350/668/612
f 4913/4361/3539 2300/3565/3007 3359/6100/4423
f 1827/3134/2686 3360/6101/4424 1828/3135/2687
f 3723/6102/4425 2396/6103/496 3361/6104/3918
f 1887/3239/2765 703/1177/1085 3362/6105/4426
f 3331/6039/4407 408/687/631 407/686/630
f 3363/6106/4427 3364/6107/4428 3365/6108/3399
f 1361/2306/2063 1465/2491/2209 3862/2307/2064
f 1589/6109/2360 4758/6110/4429 2834/5009/3902
f 3366/6111/1325 3367/6112/4430 4103/671/615
f 58/6113/72 1663/6114/2466 4069/2350/2097
f 4045/2151/1927 3368/6115/1649 1274/2152/1928
f 360/2933/104 3135/6116/4217 1669/2852/1780
f 1790/3068/2644 2292/3972/3298 1869/3208/2737
f 1772/3045/2626 1774/3047/2628 3369/6117/2781
f 958/1606/1457 1586/2688/2357 1585/2687/2035
f 4607/3414/2895 1585/6118/2035 1966/6119/2866
f 2532/4424/3576 3370/6120/4431 1726/6121/2560
f 2855/5047/3925 3371/6122/4432 633/6123/982
f 200/320/275 4363/319/274 3372/6124/4433
f 1016/1714/1555 3373/6125/1608 1017/1715/1556
f 1029/1735/1573 1421/2415/2151 3374/6126/4434
f 3375/6127/3107 2265/3922/3266 727/1215/1119
f 2744/4812/3798 2475/6128/3508 2142/3692/3098
f 4613/2482/2202 2405/4178/3417 4614/6129/4435
f 3376/6130/4436 175/282/237 3913/281/236
f 1736/2980/2578 1735/2979/2577 3377/6131/4437
f 2578/4516/3624 1050/1771/1606 4775/6132/4438
f 1975/3385/2876 3378/6133/4439 4089/3386/2877
f 1391/6134/2104 2335/6135/3339 3168/5708/3809
f 2122/3655/3076 2184/3775/3160 2123/3656/3077
f 3379/6136/4105 450/750/693 3289/5957/4363
f 1394/2362/2107 1395/2364/2109 1056/1781/1614
f 2904/6137/3895 3380/6138/3260 2827/6139/3896
f 456/1555/705 2000/6140/2908 3381/6141/4440
f 3382/6142/4441 3383/6143/4442 2040/3499/2957
f 135/218/173 2516/4400/836 136/219/174
f 4039/5829/4306 693/4520/1068 145/228/183
f 2967/5290/4051 2060/3642/2992 1839/6144/1943
f 20/30/25 19/29/24 4037/6145/4443
f 1555/2640/2322 2393/4154/3410 3266/6146/4345
f 2796/1132/1044 1286/6147/1947 2767/4609/3683
f 754/1257/1159 3384/6148/2018 3385/6149/4444
f 1972/3379/1892 2885/5114/1894 570/961/892
f 1137/5169/1728 2527/5171/3571 2526/5254/3570
f 2786/5248/3853 1029/1735/1573 3374/6126/4434
f 2786/5248/3853 3374/6126/4434 2948/5249/4030
f 3386/6150/4445 3387/6151/4446 3388/6152/4447
f 284/5134/409 3389/6153/4448 2026/6154/2943
f 3125/493/444 1063/1792/1623 3306/340/295
f 3390/6155/4449 2998/5369/4090 535/897/829
f 3391/6156/4450 4616/6157/3311 3392/6158/3377
f 3393/6159/4451 229/369/324 133/216/171
f 508/851/785 643/1078/993 2665/4677/2717
f 650/1091/1006 1071/1806/1636 634/1066/983
f 2342/4056/3347 3909/6160/4452 1386/2353/2100
f 388/653/599 284/454/409 2773/4882/3841
f 3394/6161/4453 3867/1950/1763 2901/6162/3980
f 617/3064/963 1786/3063/2640 3395/6163/788
f 4847/6164/4454 2132/3672/3086 4446/3674/3087
f 2494/6165/3531 272/439/394 4106/6166/4455
f 2709/4756/3768 2708/4755/3767 3414/6167/4409
f 807/1352/1242 1139/1911/1730 3396/6168/4456
f 4644/6169/1266 3397/6170/3240 3118/6171/4201
f 2384/4139/3402 3398/6172/4457 1260/4761/1909
f 3213/5791/4287 247/396/351 3399/6173/2527
f 3400/6174/4458 3039/5459/4130 3040/5460/4131
f 3401/6175/4459 858/1432/1307 2161/3733/3129
f 3266/5916/4345 255/6176/368 1283/6177/1942
f 1710/2926/2534 1176/6178/1793 4703/6179/161
f 2110/3632/2800 716/1198/1103 4506/6180/2801
f 805/1350/1240 3402/6181/4460 2097/3610/3043
f 4725/1522/1387 913/1524/1389 1559/6182/2326
f 3403/6183/1977 3404/6184/4461 1303/6185/1978
f 217/1723/302 3413/1722/1562 2100/6186/3045
f 3157/5686/4236 3405/6187/4462 4637/6188/4463
f 1044/1761/1598 3406/6189/4464 4067/6190/4465
f 1042/1759/1596 1044/1761/1598 4067/6190/4465
f 3407/6191/4466 3391/6156/4450 4959/5441/4121
f 3408/6192/1650 1236/2079/1868 3409/6193/1651
f 1110/1874/1698 244/1873/344 2388/4145/346
f 1455/2472/2194 2292/3972/3298 2371/4107/3383
f 3132/6194/4213 4442/6195/4467 2447/4254/3473
f 1829/3136/2688 1499/2544/2251 2024/3476/2940
f 1958/3360/2858 2771/4877/3838 1959/3361/2859
f 2604/4569/3658 4883/4750/191 150/4570/193
f 1284/5155/845 3410/6196/4064 1838/3150/2697
f 3628/6197/4468 1459/2479/2201 1458/2478/2200
f 1850/6198/2710 2881/5100/3954 1849/5860/2708
f 4042/6199/3435 3411/6200/1184 3058/5483/4145
f 158/254/209 3894/256/211 2956/6201/4038
f 1430/2432/2162 1431/2433/2163 1505/2554/225
f 2689/4724/3745 3730/6202/4469 2690/4725/3746
f 3412/6203/4470 3413/6204/1562 4045/6205/1927
f 2601/6206/3653 194/312/267 196/314/269
f 2708/6207/3767 4949/6208/4471 3414/6209/4409
f 827/1388/1270 2342/4056/3347 918/1532/1394
f 2243/6210/3244 3288/4852/3736 537/899/831
f 3415/6211/4472 3416/6212/4473 3772/6023/4399
f 1044/1761/1598 3059/5486/4146 3406/6189/4464
f 3252/3191/2726 1642/3193/651 422/6213/653
f 1985/3403/2889 2501/6214/3540 196/314/269
f 1323/2238/2007 2777/4891/3456 1324/2239/2008
f 4873/6215/4474 914/1525/1390 3417/6216/4475
f 1128/1899/1718 1036/6217/1586 1129/1900/1719
f 3418/6218/4476 3419/6219/4477 3420/6220/4301
f 2914/1081/996 3421/6221/1800 2915/6222/3357
f 1842/3155/2701 1546/5105/2309 3526/6223/4000
f 1804/3090/2655 556/931/863 1221/6224/1851
f 2654/4661/3713 3199/5762/4273 2655/4662/3714
f 179/6225/241 3422/6226/4478 3423/6227/4479
f 3424/6228/4480 3425/6229/4481 3426/6230/4321
f 3017/5417/3233 3427/6231/4482 1018/1716/1557
f 2047/6232/2969 2136/3680/3090 4282/6233/2970
f 1048/1768/1603 2151/3709/3111 2153/3711/3113
f 3428/6234/4483 4914/5989/4382 2895/3392/2882
f 3429/6235/4484 2734/4794/3790 2733/4793/3789
f 1582/2338/2091 1656/2821/2456 3322/6236/1879
f 4798/6237/2354 1582/2338/2091 3322/6236/1879
f 3256/5886/4333 1821/6238/2677 4483/5887/4334
f 1753/6239/2604 1641/2795/2439 1847/3163/2707
f 1392/5710/2105 1391/6134/2104 3168/5708/3809
f 2960/5280/4044 926/275/230 4178/277/232
f 1533/2601/2291 3074/5516/4162 497/835/769
f 3062/5750/4147 3192/5751/4268 3430/6240/2580
f 2017/3464/2933 895/1489/1355 640/1075/990
f 1831/774/715 3588/6241/2307 1545/775/716
f 3844/3536/2986 3431/6242/2822 2057/3537/2987
f 2530/4421/3574 3696/1812/1642 3296/5972/4372
f 2857/5049/3926 4605/4611/3218 785/1313/1208
f 3432/6243/3955 3408/1822/1650 3278/1824/1652
f 3009/6244/4100 3242/5855/685 3790/6245/258
f 3433/6246/4485 1340/984/912 579/983/911
f 457/765/706 1855/3178/2716 458/766/707
f 341/561/510 340/560/509 3434/6247/3460
f 1581/2679/2352 3765/2681/2353 2987/945/877
f 3435/6248/4486 1736/2980/2578 2807/4956/3871
f 1542/2617/2305 1628/2762/2416 2528/6249/3572
f 378/639/585 2042/6250/2959 3436/6251/4487
f 1775/3049/2629 3424/6252/4480 1983/3398/2886
f 1906/6253/2789 1905/6254/2788 3092/5546/2545
f 387/651/597 4190/4447/3593 4689/650/596
f 4554/6255/4488 3437/6256/4489 3438/6257/4490
f 1698/1100/1015 1206/2033/1832 788/1317/1212
f 1937/3321/2827 510/853/787 4309/855/789
f 3439/6258/154 4739/3069/2645 1035/6259/1582
f 3440/6260/4491 2757/4847/3819 1501/2548/2253
f 2362/6261/3372 3441/6262/4492 2622/6263/3679
f 2521/6264/3566 600/1018/936 4619/6265/4493
f 4623/4266/3484 714/1196/1101 2110/3632/2800
f 3442/6266/3776 3280/6267/4356 4430/594/543
f 2510/6268/1190 4112/4060/3350 3443/6269/1191
f 3444/6270/1335 1744/2997/2592 2884/3727/3124
f 63/95/79 1445/2461/2183 3445/6271/4494
f 3253/5882/4330 3446/6272/4495 3447/6273/1522
f 2020/6274/2936 3737/4730/3750 2692/4732/1441
f 4872/6275/2167 3356/6276/2437 4585/6277/1874
f 1454/6278/2193 3448/6279/2620 1868/587/536
f 2652/1629/1477 2653/6280/3711 969/1630/1478
f 461/6281/717 463/2646/719 1558/2645/2325
f 1061/1790/1621 3449/6282/4496 1062/1791/1622
f 1771/3044/2625 1215/2045/1841 1214/2044/1840
f 2831/5005/3901 2830/5004/3900 1735/6283/2577
f 4722/6284/971 1994/3423/2903 3450/6285/4497
f 2790/6286/3854 3631/728/671 4260/563/512
f 2514/4394/1151 1405/6287/2122 3947/6288/2124
f 378/6289/585 2040/3499/2957 2042/3501/2959
f 3300/5983/1695 3451/6290/303 218/6291/305
f 2942/6292/4022 2941/6293/900 3825/6294/4498
f 4351/458/413 3452/6295/2469 286/459/414
f 257/416/371 1597/2706/2372 258/417/372
f 3245/5865/2983 712/1189/1095 1259/2127/1905
f 3235/5840/4310 3046/5467/4136 3453/6296/4499
f 626/1058/976 1472/2502/2218 2079/3575/3016
f 4508/6297/4500 3048/5472/4138 4509/6298/4501
f 2162/3734/3130 939/1566/1423 447/3375/687
f 3454/6299/3337 1553/2632/2318 4659/2634/2320
f 1374/2328/2081 2638/4631/3694 2840/5017/3906
f 2416/6300/3430 3455/6301/4502 3456/6302/4503
f 3367/6112/4430 1457/6303/2197 4103/671/615
f 662/1109/1024 661/1108/1023 1519/2580/2277
f 3231/6304/3322 3538/6305/1080 3648/6306/4291
f 3331/6039/4407 864/1442/1315 896/2271/1356
f 3457/6307/4504 1847/6308/2707 2842/5022/3908
f 3458/6309/4505 2753/4840/3816 3459/6310/1167
f 1758/1954/1767 1066/1795/1626 3460/6311/4506
f 1933/3315/2823 1934/3317/1346 2103/6312/3051
f 2788/6313/2172 2787/4859/3825 2764/4861/3826
f 3561/6314/4507 363/603/551 362/602/550
f 3461/6315/4508 3381/6316/4440 108/169/132
f 216/345/300 217/347/302 647/1088/1003
f 3462/6317/4094 3066/5496/4151 4650/5495/2331
f 1562/5377/2330 3462/5379/4094 4650/6318/2331
f 4147/3967/3294 3183/5737/4260 4963/2339/2092
f 2600/4559/3651 181/289/244 2563/6319/1899
f 179/6225/241 3423/6227/4479 1927/3307/2819
f 1361/2306/2063 4910/6320/4509 1465/2491/2209
f 4022/6321/4510 3925/1239/1141 741/1238/1140
f 3575/1922/1740 3463/6322/4511 688/1152/1062
f 3360/6101/4424 1456/5926/2195 3274/5925/4350
f 3400/6323/4458 214/343/298 213/342/297
f 4775/6324/4438 1887/3239/2765 3362/6105/4426
f 2960/5280/4044 4178/277/232 4845/3204/2734
f 3464/6325/4512 515/864/798 516/866/800
f 1103/1856/1682 3164/6326/4241 3307/6002/4386
f 1787/6327/2641 3465/6328/742 3319/6329/4397
f 726/5307/1118 2147/3702/3105 727/6330/1119
f 3719/6331/4513 3787/2403/2141 2144/3697/3103
f 226/364/319 225/363/318 865/1443/1316
f 4051/6332/4514 4125/6333/4515 4124/6334/4516
f 2905/5161/3983 235/377/332 237/379/334
f 356/595/544 1343/2268/2032 2101/3615/3047
f 3466/6335/4517 3467/6336/4518 3468/6337/4519
f 1386/2353/2100 3849/6338/4520 1387/2354/2101
f 578/1691/907 1004/1693/1536 356/595/544
f 610/1037/955 2439/4238/3463 3469/6339/4521
f 2417/4195/3432 3470/6340/4522 2577/4196/3433
f 1490/2532/2241 4647/2534/2243 3471/6341/4523
f 1232/2074/1865 3472/6342/1050 564/950/881
f 4662/6343/4385 3896/6344/1206 1445/2461/2183
f 3473/6345/4524 3447/6273/1522 3474/6346/4525
f 3475/6347/4422 2199/3796/46 2198/3795/3178
f 3445/6348/4494 3476/6349/4526 60/6350/76
f 3856/6351/1633 3227/5823/4302 1069/4553/1631
f 3477/6352/3661 1973/3380/2873 1850/3167/2710
f 2505/4366/3544 4535/4368/3546 2812/4974/3879
f 3478/6353/4527 3105/6354/4184 3358/6355/4421
f 3063/5491/4148 3062/5490/4147 3430/2982/2580
f 1772/3045/2626 2708/6207/3767 1773/3046/2627
f 677/1134/1046 2223/916/848 1988/1135/1047
f 39/58/48 3561/6314/4507 362/602/550
f 3479/6356/3307 2781/4897/3848 2308/4412/3314
f 3647/6357/3075 2547/2327/2080 1274/2152/1928
f 867/2438/217 3355/5270/4041 4872/2439/2167
f 4636/857/791 511/856/790 2145/1035/953
f 1618/6358/2402 2245/3887/3247 828/1390/1272
f 1353/6359/2047 4341/6360/4343 1990/6361/2894
f 543/908/840 152/242/197 2376/4122/3393
f 3480/6362/4528 2229/6363/3221 2643/1937/1754
f 945/1579/1436 3099/5564/4176 3481/6364/4529
f 1118/760/701 890/1482/1348 4799/3747/1703
f 1507/2559/2261 1039/1754/1591 3286/5950/4362
f 3865/5112/3962 3572/5111/2158 2587/4531/3632
f 3482/6365/3835 3483/6366/4530 1981/3396/360
f 908/1513/1379 4602/1515/1381 3484/6367/729
f 1591/2696/2363 1015/5800/1554 154/246/201
f 1784/3060/2637 2204/3811/3189 1228/2066/1859
f 2694/4735/3754 2693/4734/3753 3485/6368/439
f 3486/6369/2056 4498/6370/2058 4784/1172/1082
f 3487/6371/2557 2766/6372/3832 4193/1757/1594
f 1976/3388/2879 1187/2002/1807 2498/2001/1806
f 689/1154/1064 4868/1153/1063 871/1450/1319
f 2680/1915/1734 1903/3266/2786 4586/6373/3734
f 4387/3127/2680 2467/5992/3496 1030/1736/1574
f 3447/1678/1522 3446/6374/4495 995/1679/1523
f 2276/6375/3277 3488/6376/4531 2490/6377/3527
f 2720/4771/3775 1108/4666/1696 391/657/603
f 3432/5101/3955 2881/5100/3954 3489/6378/3840
f 4339/6379/4272 2801/6380/2956 4338/3182/2719
f 2916/5185/3993 3821/6381/4532 3109/5587/4193
f 1024/1727/813 1026/1729/1567 4522/6382/4533
f 4607/3414/2895 1966/6119/2866 4877/2758/2412
f 171/6383/228 4876/6384/4534 3321/6385/4400
f 1173/1980/1790 2606/5832/3660 3490/6386/2999
f 3148/5665/4226 3491/6387/4535 1883/3229/2758
f 3492/6388/4178 3493/6389/4536 3888/6390/4179
f 3849/6391/4520 3080/6392/506 4866/6393/2144
f 1023/1724/1563 4721/1726/1565 1331/2251/2017
f 4160/6394/4537 2063/3549/2996 2062/3548/2995
f 760/1269/1169 4245/6395/4538 761/1270/1170
f 1721/2953/2551 2564/6396/3608 1722/2954/2552
f 3494/6397/1500 3495/6398/1499 1236/2079/1868
f 1521/2583/2279 3496/6399/4539 2230/3860/3224
f 4629/5329/4072 2695/4736/3755 3497/6400/1288
f 2126/3661/3081 3498/6401/4540 2920/3662/3082
f 2804/4950/3869 3427/6402/4482 3017/3870/3233
f 1782/3058/2635 1104/1858/1684 1105/1860/1686
f 4295/2975/2573 3516/4716/3738 3499/6403/4541
f 3596/3987/3306 1119/6404/1708 3500/6405/4542
f 4893/6406/3523 2667/4680/3723 1413/6407/2131
f 1454/2471/2193 1869/3208/2737 2292/3972/3298
f 2596/5555/3646 3501/6408/3349 1865/3202/2732
f 4846/6409/4543 3502/6410/4544 211/339/294
f 3503/6411/4545 1324/5402/2008 2433/4226/3455
f 4136/996/920 4290/6412/4546 3816/6413/4547
f 2195/6414/3174 1168/1968/1298 973/1639/1484
f 4586/6373/3734 1903/3266/2786 1027/6415/1571
f 282/1526/406 914/1525/1390 846/6416/1299
f 3047/6417/3486 2545/6418/2535 3504/6419/4548
f 328/543/493 1461/2484/2203 1800/541/491
f 500/6420/773 1912/3276/2795 1913/3278/774
f 3005/3175/2430 209/3174/289 3505/6421/2431
f 3469/6339/4521 2439/4238/3463 623/1052/970
f 565/951/882 1801/3087/2654 1800/3086/491
f 565/951/882 1800/3086/491 3506/6422/3999
f 3010/5397/3974 720/1204/1108 722/1206/1110
f 2518/4405/3562 1143/1918/1737 2519/4406/3563
f 97/154/120 757/1263/1163 929/1552/1410
f 905/1508/1374 904/1507/1373 546/912/844
f 4484/1228/1132 2518/4405/3562 2548/1229/214
f 2482/4316/3515 2776/4890/3846 2483/4317/3516
f 2534/6423/3288 3820/6424/4549 3841/6425/3289
f 3507/6426/4550 3508/6427/4551 802/1345/1236
f 3509/6428/4320 3510/6429/4552 1202/2026/1825
f 2969/5292/4052 598/1013/932 4888/6430/4553
f 2674/4698/3730 3511/6431/783 4863/6432/4554
f 1495/2540/2247 4081/6433/4555 3512/6434/4556
f 983/1661/1506 982/1660/1505 3513/6435/4557
f 3514/6436/196 2762/6437/3824 1529/6438/2286
f 3359/6439/4423 2300/6440/3007 3515/6441/3159
f 644/3906/994 2914/5181/996 21/31/26
f 2929/5211/4007 3099/6442/4176 2798/6443/3862
f 2080/3581/3021 2677/3580/3020 3704/6444/4558
f 3389/6445/4448 3841/6446/3289 3952/6447/2225
f 2277/3941/3279 2416/4193/3430 3456/6448/4503
f 2277/3941/3279 3456/6448/4503 652/1094/1009
f 3516/6449/3738 3320/6022/4398 2683/6024/3739
f 1125/1896/1715 912/1521/1386 1126/1897/1716
f 3517/6450/4357 3251/5878/4328 4110/5877/4327
f 2219/6451/3115 3082/6452/4167 3518/6453/3116
f 4755/6454/2826 3335/6046/2828 3336/6047/3991
f 4415/5742/4263 4231/6455/4559 3910/5743/4264
f 272/439/394 274/441/396 1884/3231/2760
f 1578/2675/2348 685/6456/1059 2279/2676/2349
f 651/1093/1008 480/808/746 545/911/843
f 1014/1712/1553 1424/2418/2154 3180/5732/4257
f 1108/1871/1696 218/350/305 2337/4049/3341
f 2689/4724/3745 3519/6457/2547 2926/6458/2931
f 659/1105/1020 656/6459/1016 657/6460/1018
f 4799/3747/1703 2170/3746/3140 3075/6461/4164
f 3984/2072/1863 1230/2071/1862 1717/2943/2463
f 2306/3996/989 2307/3998/459 1299/6462/1973
f 4280/3766/3154 3024/5432/2660 2178/3765/3153
f 3357/6093/4420 3748/6463/4560 3520/6464/4561
f 2055/3529/2980 989/1670/1515 988/1669/1514
f 3521/6465/4223 4750/5974/4374 2982/6466/4069
f 2435/4231/3458 2654/6467/3713 4510/3851/3217
f 2107/3623/3055 1874/3214/2743 2822/5334/3890
f 3522/6468/871 2955/5265/873 2630/4617/1619
f 4467/4297/3502 662/6469/1024 2471/4298/2566
f 1811/5993/2664 3132/5630/4213 1209/2037/1437
f 448/748/691 3523/6470/4562 3115/2877/2495
f 4654/6099/2421 1678/2876/2494 3524/6471/3625
f 539/901/833 2154/3717/3117 750/1251/1153
f 539/901/833 750/1251/1153 527/887/821
f 3017/6472/3233 557/6473/864 382/6474/591
f 3525/6475/4563 2011/3453/2926 2131/3671/1885
f 3526/6476/4000 2924/4663/3715 4906/4665/1744
f 3514/6436/196 1529/6438/2286 4249/6477/194
f 556/931/863 301/492/443 2251/491/442
f 539/901/833 1654/2817/2454 2154/3717/3117
f 2711/6478/1939 3123/5613/4205 3527/6479/1657
f 3528/6480/1406 3529/6481/4564 1813/6482/2670
f 2603/6483/3657 3530/6484/4157 3769/6485/4565
f 377/637/583 3531/6486/690 4956/4269/3485
f 3744/2197/1969 1590/2694/2361 1665/2841/2470
f 2001/3431/2910 4461/6487/854 3532/6488/4566
f 3255/5885/4332 2861/6489/3933 3533/6490/4567
f 4332/4497/3615 1644/2804/2444 574/6491/898
f 2493/4345/3530 3384/6148/2018 754/1257/1159
f 3534/6492/4568 1123/1892/1510 1122/1891/1712
f 793/4729/1219 3479/3991/3307 929/1552/1410
f 3208/1341/1232 3840/1340/1124 493/6493/749
f 701/3076/465 936/1561/1418 935/1560/1417
f 3379/6494/4105 3535/6495/4569 3536/6496/4570
f 1597/2706/2372 3537/6497/1429 4188/4640/3699
f 1597/2706/2372 4188/4640/3699 258/417/372
f 3538/6498/1080 1686/2888/2501 3648/5798/4291
f 3539/6499/212 3089/4458/3598 3031/6500/1254
f 4758/6501/4429 334/6502/501 4160/6394/4537
f 2070/3560/3004 3540/6503/4207 3541/6504/4571
f 2012/6505/2928 575/6506/901 3542/6507/902
f 345/574/523 1805/3091/2656 4219/6508/4572
f 4872/2439/2167 1861/6509/1876 1435/2440/2168
f 3377/6131/4437 3543/6510/4573 3544/6511/4574
f 1833/2717/2379 1602/2716/2378 3545/6512/2691
f 4724/6513/4575 2610/4578/2342 4470/4580/3666
f 4259/608/556 2183/607/555 2685/4720/3741
f 957/1605/1456 1586/2688/2357 958/1606/1457
f 3061/5488/2403 1799/3085/2653 1117/1883/1705
f 1690/2896/2508 3557/6514/4576 630/1062/980
f 3546/6515/4419 3547/6516/2568 3548/6517/4577
f 1171/1973/1784 3158/5687/4237 1097/1844/1672
f 3186/5740/4261 3185/5739/4039 4560/6518/4578
f 987/1668/1513 989/1670/1515 3549/6519/4579
f 2328/4032/3327 2327/4031/3326 3873/5852/4316
f 3550/6520/4580 3279/5938/4353 836/1402/1284
f 1060/1789/1620 2963/5285/4047 1061/1790/1621
f 690/1155/1065 692/1157/1067 2420/4203/3439
f 1919/3294/815 1918/3293/2807 3037/4549/3645
f 3551/6521/4581 2843/5025/3911 3552/6522/4582
f 3551/6523/4581 3552/6524/4582 3553/6525/4583
f 1386/2353/2100 3909/6160/4452 3849/6338/4520
f 2814/6526/3881 683/1634/1057 530/430/385
f 683/1634/1057 268/431/386 530/430/385
f 4181/6527/1996 3077/2063/1856 1315/6528/1997
f 3554/6529/4584 3555/6530/4585 891/1483/1349
f 3556/6531/3822 4603/6532/3180 1961/3363/2861
f 1960/3362/2860 3556/6531/3822 1961/3363/2861
f 1500/6533/2252 1453/2470/2192 3745/6534/4586
f 1690/6535/2508 3435/6248/4486 3557/6536/4576
f 3558/6537/1944 4542/4577/3664 3565/4429/3579
f 4955/6538/4587 3559/6539/4588 1560/2648/2327
f 4596/4857/3823 3556/4856/3822 1960/6540/2860
f 4892/6541/4589 3560/6542/2536 1393/2361/2106
f 3544/6543/4574 3945/1741/1578 4018/6544/4590
f 38/6545/47 298/484/435 3561/6546/4507
f 3316/6547/4395 3390/6155/4449 534/896/828
f 3814/6548/3796 2741/6549/588 3562/6550/4014
f 1037/1750/1587 1416/2397/2135 3580/4886/3842
f 3563/6551/4591 4876/6384/4534 1192/6552/1812
f 3564/6553/2756 4783/6554/2851 1882/6555/2757
f 2448/6556/3474 3424/6252/4480 1775/3049/2629
f 3558/2170/1944 3565/6557/3579 3337/2171/1945
f 2122/6558/3076 3566/6559/4592 3515/6441/3159
f 3567/6560/4593 3568/6561/4370 3569/6562/2839
f 913/1524/1389 4667/1523/1388 894/6563/1354
f 3665/4354/3535 3570/6564/1275 2793/4355/3536
f 414/699/643 2403/4176/3415 413/697/641
f 2402/4171/3413 3571/6565/3802 2814/4976/3881
f 3572/6566/2158 1428/6567/2160 2539/4439/688
f 3573/6568/4594 1006/1696/1539 2142/3692/3098
f 3574/6569/4595 3575/6570/1740 873/5561/1321
f 2101/3615/3047 1013/1710/1551 1014/1712/1553
f 2101/3615/3047 1014/1712/1553 3180/5732/4257
f 3642/604/552 1515/606/554 3292/5967/4368
f 1976/6571/2879 1749/3002/2597 1463/2487/2206
f 3576/6572/1589 3577/6573/2611 1763/6574/768
f 1351/2284/2044 276/6575/399 3999/2285/2045
f 3483/6366/4530 3457/6307/4504 1982/3397/2885
f 1148/6576/1747 3578/6577/4109 1604/6578/1745
f 3098/5562/4175 2483/4317/3516 1323/2238/2007
f 57/86/74 2659/4670/3717 3304/5994/3560
f 4183/1626/1474 4591/6579/1827 3651/5286/4048
f 2832/1117/1032 3579/6580/3601 666/1118/1033
f 3580/6581/3842 4353/6582/3986 2693/4734/3753
f 3977/6583/3958 3581/6584/1449 3249/4850/3820
f 59/90/75 55/83/71 1739/2986/2584
f 1152/6585/1751 1922/5654/2811 3583/5653/188
f 3582/6586/190 1152/6587/1751 3583/6588/188
f 1742/2993/2589 4090/6589/4596 2684/4718/3740
f 906/1511/1377 2630/1787/1619 907/1512/1378
f 2922/6590/3998 1498/2543/2250 4586/4708/3734
f 970/1674/1479 2958/1673/1518 3584/6591/2028
f 4751/4223/3452 874/6592/1322 3977/6583/3958
f 3412/6203/4470 3585/6593/4597 3413/6204/1562
f 745/6594/1147 2817/4983/3885 746/6595/1148
f 399/675/619 847/677/621 283/453/408
f 1288/2180/1953 418/703/647 1864/3200/2730
f 2892/6596/3970 1840/6094/2699 3586/6597/4598
f 2965/5288/4050 1563/2654/2332 1566/2657/2084
f 2618/4593/725 2620/4595/3678 467/5685/723
f 2957/5272/4042 3779/468/419 3942/467/364
f 473/5530/732 2554/4471/200 897/4470/1360
f 3252/5879/2726 422/6598/653 2332/4038/3332
f 1845/6599/2705 1844/6600/2704 3587/6601/1937
f 3588/6602/2307 366/617/564 1182/619/566
f 3589/6603/113 2084/4380/2344 4814/2172/167
f 3239/6604/4313 3590/6605/2617 3325/6030/4404
f 4316/6606/4599 172/5891/229 4317/4774/3777
f 518/869/803 2578/4516/3624 4775/6132/4438
f 2937/5224/4018 4175/6607/4600 3937/6608/4601
f 1798/3082/2652 2611/3532/2982 2075/3567/3009
f 2564/4485/3608 3237/5842/4311 3591/6609/4602
f 2885/2110/1894 2565/4487/3610 2886/4486/3609
f 3170/5658/4221 2181/6610/3158 4378/5659/4222
f 1229/2069/1861 1145/1921/1739 1144/1920/1738
f 284/454/409 285/456/411 2773/4882/3841
f 146/229/184 519/871/805 3592/6611/3538
f 3145/4638/3697 3270/5920/4348 664/1111/1026
f 2214/3825/3199 4203/6612/4603 3562/5219/4014
f 1481/2407/2143 465/781/722 2660/1962/1775
f 2243/3883/3244 1925/3305/2389 3863/3304/2817
f 3593/6613/4604 1957/6614/2857 775/1297/1193
f 3594/6615/3834 2268/3925/3268 568/957/888
f 3512/6616/4556 4416/6617/4605 3595/6618/4606
f 2300/3836/3007 2221/3837/3207 3596/6619/3306
f 3597/6620/4607 3895/6621/4608 3598/6622/4609
f 3098/5562/4175 3323/6028/4402 2483/4317/3516
f 3599/6623/1690 3385/6149/4444 3349/6624/4416
f 822/1376/1262 1956/4230/2856 4018/6625/4590
f 2679/4706/3733 2951/6626/4032 3600/6627/4610
f 3372/6628/4433 3566/6629/4592 200/6630/275
f 3502/6410/4544 2259/3911/3261 1432/2435/2165
f 96/152/118 2523/161/125 452/754/696
f 2157/3555/3000 96/152/118 452/754/696
f 473/6631/732 3083/6632/1359 4768/4657/3710
f 4576/6633/2989 2648/6634/3707 1928/6635/2820
f 2547/4454/2080 4185/3577/3018 1514/3578/2270
f 1617/2744/2401 1616/2743/2400 4620/5407/4106
f 2550/2369/2113 1398/2368/2112 3601/6636/4611
f 3393/6159/4451 4856/6637/4612 229/369/324
f 836/1402/1284 3279/5938/4353 837/1403/1285
f 3197/6638/3590 2544/6639/3592 3602/6640/4613
f 1423/2417/2153 3603/6641/4614 139/222/177
f 2954/5264/4037 3604/6642/276 2955/5265/873
f 1349/2280/2042 3605/6643/2669 2844/5026/3912
f 4681/6644/3860 65/6645/81 256/6646/370
f 1221/6224/1851 556/931/863 3052/3667/3083
f 4673/545/495 1519/5778/2277 3208/5780/1232
f 4632/5343/4077 3606/6647/3729 4863/6648/4554
f 3206/2800/2441 4482/2802/2442 4322/6649/4615
f 3607/6650/4616 3608/6651/939 2808/4961/3873
f 963/5153/1465 2365/3355/2855 4070/5154/3981
f 1239/2083/1871 1238/2082/1870 3609/6652/2138
f 76/661/95 79/5322/98 392/662/607
f 3610/6653/2390 539/901/833 1301/2203/1975
f 2130/3670/3085 2227/3849/3215 1390/1120/1035
f 2637/5451/3693 3473/6345/4524 3474/6346/4525
f 4529/4118/3389 1214/2044/1840 3282/6654/4359
f 2503/5549/3542 4584/6655/4617 355/5547/542
f 1790/3068/2644 1789/3067/2643 2293/3973/3299
f 3611/6656/4618 2739/5299/3795 764/6657/1175
f 2929/5211/4007 2798/6443/3862 2473/6658/3506
f 4448/2971/2569 921/1538/1400 922/1540/1402
f 2812/4974/3879 3612/6659/2041 789/6660/1213
f 2132/3672/3086 3613/6661/4619 3614/6662/4285
f 2833/1116/1031 1143/1918/1737 3615/6663/4076
f 2840/5017/3906 2464/4633/3493 1681/6664/2497
f 1604/2721/1745 1603/2720/2012 3616/6665/1746
f 3528/6480/1406 1539/2614/2302 3529/6481/4564
f 3378/6133/4439 3617/6666/4620 4089/3386/2877
f 4454/4510/3621 3618/6667/4621 264/4381/379
f 2105/3621/3053 2104/3620/3052 3619/6668/4622
f 2104/3620/3052 2541/4442/3588 3619/6668/4622
f 3838/5934/2171 2199/3796/46 3620/6669/1433
f 3621/6670/4623 3622/6671/4624 3428/6672/4483
f 2304/6673/3309 789/6674/1213 322/531/482
f 4951/6675/1904 3882/6676/4625 1658/6677/2460
f 2836/5011/2559 2835/5010/3903 3623/6678/4626
f 206/331/286 3023/5431/4116 207/332/287
f 2938/5225/2449 1649/2786/2433 1414/2394/2133
f 293/476/427 2632/4621/608 294/477/428
f 4617/3934/3273 3311/5107/3959 2723/4777/3780
f 2856/5048/3732 3624/6679/2984 2857/5049/3926
f 2091/3601/1397 2090/3600/3036 3539/257/212
f 996/1681/1525 695/6680/1071 3750/1342/1233
f 2782/4899/3849 4641/1985/1794 1588/6681/2359
f 3048/5472/4138 3049/5473/4139 1569/2661/2336
f 2584/4526/3629 1714/2937/2540 1713/2936/2539
f 1114/1878/698 3868/6682/1762 1115/1879/1702
f 2593/4545/3642 3019/5424/4112 1628/2762/2416
f 1253/2114/1898 2224/4484/3210 3135/6683/4217
f 4707/6684/4627 1083/1826/1654 1082/1825/1653
f 3625/6685/4628 4260/6686/512 3626/6687/511
f 1312/2220/1991 3627/6688/3443 3628/6689/4468
f 1231/2073/1864 4669/6690/4629 4261/6691/4630
f 167/268/223 166/267/222 3054/5478/4142
f 3245/6692/2983 3629/6693/1907 3624/6679/2984
f 4960/6694/4631 4269/5899/4335 3260/5898/3752
f 567/6695/886 3197/6638/3590 3602/6640/4613
f 4178/277/232 4092/6696/896 1866/3205/2735
f 2541/4442/3588 3063/5491/4148 3619/6668/4622
f 2840/5017/3906 2839/5016/3905 1374/2328/2081
f 4596/4857/3823 1960/6540/2860 201/322/277
f 2428/4217/3450 2449/4257/3475 3223/5815/4297
f 490/823/760 492/825/762 3630/6697/4632
f 3631/6698/671 680/1142/255 2911/6699/257
f 1060/1789/1620 1062/1791/1622 3089/5543/3598
f 3632/6700/4633 3633/6701/2878 3394/6702/4453
f 2419/5771/3438 3767/6703/2586 1156/5772/1756
f 83/128/102 73/122/93 1335/2257/2023
f 1581/2815/2352 3476/6349/4526 3445/6348/4494
f 3636/4660/3712 3634/6704/4634 3635/6705/2702
f 4510/6706/3217 3636/6707/3712 3635/6708/2702
f 3637/6709/3876 3067/5497/4152 2314/4009/3318
f 4235/1880/699 1115/1879/1702 3454/6299/3337
f 1434/2437/1511 3330/6038/3520 1433/2436/2166
f 513/861/795 2628/4909/2695 4570/862/796
f 4846/6409/4543 3638/6710/3919 2259/3911/3261
f 3332/6040/3806 3156/5680/4234 2975/5304/4058
f 3639/6711/2966 3640/6712/3175 2195/6414/3174
f 2772/1730/1568 2964/5413/4049 4766/1653/1498
f 3890/5450/2945 4097/3219/2748 1877/3218/2747
f 3542/6713/902 3641/6714/4635 2334/6715/3335
f 4390/6716/627 3542/6713/902 2334/6715/3335
f 3642/6717/552 4577/3540/2988 3643/6718/553
f 3076/534/484 3644/6719/316 3645/6720/315
f 3262/5904/4337 1287/2175/1948 2450/4258/3476
f 1053/1777/1610 1281/2162/1938 4597/1778/1611
f 4270/6721/2671 1813/6722/2670 3646/6723/4636
f 3182/6724/1601 4661/203/158 1047/6725/1602
f 648/6726/1004 4886/4453/3596 3647/6727/3075
f 3511/849/783 2072/848/782 4279/6728/4637
f 430/719/662 3243/5859/2709 431/720/663
f 733/1226/1130 3231/5835/3322 3648/6729/4291
f 876/1459/1328 878/1461/1330 3309/6005/2974
f 3142/5652/3504 1922/5654/2811 3649/6730/2810
f 3518/6453/3116 2478/6731/3511 3650/6732/3804
f 2761/4855/1475 3651/6733/4048 3556/4856/3822
f 2597/4876/3647 3652/6734/1814 1537/2612/2300
f 3653/6735/4391 3312/2967/2565 1729/2966/2564
f 1774/6736/2628 3654/6737/4638 3369/3259/2781
f 1625/6738/2086 4931/689/633 4006/5046/3924
f 4485/6739/4199 3118/6171/4201 3397/6170/3240
f 1306/2213/1985 4849/2212/1984 2999/5375/4092
f 3326/6740/4405 892/1484/1350 849/1422/1300
f 2582/4523/3627 2581/4522/3626 4891/6741/4639
f 1893/3249/2772 3655/6742/3922 1552/6743/2317
f 2126/3661/3081 1482/4243/2232 3656/6744/1580
f 3657/6745/3851 1833/2717/2379 1834/6746/2692
f 3967/6747/4640 4954/6748/2767 1890/6749/2768
f 2056/3535/2985 2057/3537/2987 698/1167/1077
f 4689/6750/596 3560/6542/2536 4892/6541/4589
f 4474/6751/2242 4247/4344/3529 753/1256/1158
f 4616/3995/3311 781/1304/1200 4924/4686/3726
f 3658/6752/4641 642/1077/992 1567/2658/2333
f 3659/6753/4642 1155/1939/1755 678/6754/1052
f 1283/2166/1942 64/96/80 3267/6755/4346
f 3266/5916/4345 1283/6177/1942 3267/5917/4346
f 1596/2704/2371 1926/6756/2818 234/375/330
f 351/584/533 1855/3178/2716 488/821/758
f 1331/2251/2017 4721/1726/1565 1792/2854/2481
f 1083/1826/1654 4707/6684/4627 4526/611/559
f 2432/4225/3454 2984/5327/4070 2433/4226/3455
f 52/78/66 4350/2348/2095 53/80/68
f 4046/4806/3146 2742/4808/2365 4005/6757/4643
f 3499/6403/4541 2434/4229/3457 821/1375/1261
f 3660/6758/1162 3595/6618/4606 3661/6759/4644
f 3662/6760/4645 3663/6761/4646 3317/6762/4396
f 3664/6763/4082 2624/4602/3681 3665/6764/3535
f 4095/3507/2964 3666/6765/2407 2045/3508/2965
f 1012/1709/1550 3667/6766/4647 723/3472/1111
f 3668/6767/4648 3669/6768/4009 3831/1643/1488
f 1645/2805/2445 2149/3061/2638 3244/5863/4322
f 547/2167/846 1839/2169/1943 2974/5302/518
f 3670/6769/866 2430/4221/3451 3671/6770/4649
f 2559/4479/3606 3478/6353/4527 2197/4944/3177
f 778/1300/1196 780/1302/1198 3672/6771/4650
f 3698/6772/1263 3269/5919/3940 3268/5918/4347
f 1745/2998/2593 3959/1958/1771 2969/6773/4052
f 1450/2467/2189 3206/5776/2441 2034/3488/2949
f 2644/6774/3702 4417/6775/1351 892/6776/1350
f 4363/319/274 4913/6777/3539 3372/6124/4433
f 3652/2012/1814 3814/6778/3796 1537/6779/2300
f 3673/6780/4651 300/490/441 4540/5226/4019
f 861/1436/1309 4772/6781/3373 3378/6133/4439
f 1462/6782/2204 3674/6783/2205 3675/6784/3150
f 2324/4027/967 193/311/266 3676/6785/4652
f 237/379/334 3677/6786/434 3678/6787/433
f 3520/6464/4561 3679/6788/4653 3215/5796/4289
f 1664/2836/2467 4299/6789/69 4298/2871/2490
f 4886/4453/3596 2547/4454/2080 3647/6727/3075
f 3903/2799/2440 1021/1720/1561 2582/4523/3627
f 2203/3809/3188 1130/4524/1720 2693/4734/3753
f 3332/6040/3806 2975/5304/4058 3680/6790/4654
f 3781/5426/4113 2232/3863/3227 588/999/921
f 1672/2867/2486 1674/2866/2487 2585/4527/3630
f 3681/6791/4655 3682/6792/4656 3667/6766/4647
f 3683/6793/4657 3684/6794/1988 4660/1056/974
f 2890/5123/3967 700/1171/1081 816/1366/1253
f 4674/1136/1048 3685/6795/4658 1997/3426/2905
f 3374/6126/4434 1421/2415/2151 2875/5089/3948
f 3665/4354/3535 330/547/497 3862/6796/2064
f 2464/4633/3493 3686/6797/4659 3687/6798/1774
f 3688/6799/1135 4633/1227/1131 4557/6800/4660
f 3168/4827/3809 2749/4826/3808 4204/4253/3472
f 349/580/529 796/1330/1223 1364/3316/2068
f 508/851/785 507/850/784 215/344/299
f 2114/3639/3066 3317/6018/4396 1962/3365/2862
f 3689/6801/4661 3688/6802/1135 3690/6803/2435
f 3691/6804/4662 3692/6805/1145 3693/6806/4663
f 908/5034/1379 3361/5036/3918 3091/5545/4171
f 4180/628/575 4827/627/574 4181/6527/1996
f 700/1171/1081 3538/1170/1080 3350/1534/1396
f 3694/6807/3293 617/1045/963 1937/3321/2827
f 4231/6455/4559 952/1596/1448 3695/6808/1069
f 2921/5192/3997 484/816/753 3853/6809/4091
f 3696/6810/1642 1371/2323/2076 3697/6811/2769
f 3400/6323/4458 1692/2900/2512 214/343/298
f 423/6812/654 4159/1748/1585 3121/1747/1584
f 1856/3180/2718 263/1919/377 2804/4950/3869
f 1225/2062/1855 4385/6813/4664 1088/1832/1660
f 3698/6814/1263 3736/4702/3731 2676/4701/3522
f 713/1193/1098 3228/1195/1100 4365/6815/4665
f 3699/6816/2600 2379/6817/3395 2904/6137/3895
f 3700/6818/4005 4114/6819/4666 4116/5584/4190
f 338/557/187 4039/5829/4306 466/558/507
f 2943/6820/4023 1402/6821/2116 724/1210/1114
f 1343/2268/2032 1741/1711/1552 1013/1710/1551
f 3142/5652/3504 3649/6730/2810 3301/5985/4380
f 1917/3292/2806 2621/632/579 1918/3293/2807
f 3701/6822/3163 1931/6823/2821 3702/6824/3060
f 3703/6825/4667 3704/6826/4558 3705/6827/4271
f 19/6828/24 784/1309/1204 3305/5999/4384
f 3706/6829/3766 3707/6830/3287 1553/2632/2318
f 440/734/677 3343/6061/4412 3155/4825/3807
f 4167/6831/4668 413/697/641 4548/1353/1243
f 3735/4642/3701 3015/6832/4107 2452/4260/3478
f 2727/6833/3784 3708/6834/4669 2358/4081/3367
f 4411/6835/2764 199/318/273 4618/6007/4389
f 4849/4968/1984 4501/1974/1785 2999/6836/4092
f 393/665/609 300/490/441 4551/489/440
f 3709/6837/3182 297/481/432 2301/395/350
f 1354/2288/2048 4607/3414/2895 4877/2758/2412
f 2274/3937/3275 1598/2709/2374 1599/2711/1635
f 2148/3703/3106 2266/2036/1835 3375/3704/3107
f 2992/1016/934 1659/6838/2461 2270/3928/3269
f 4011/4410/2546 2991/5351/4081 2521/4411/3566
f 993/6839/1520 1346/6840/2038 1715/6841/2541
f 2673/3450/2923 506/847/781 3511/849/783
f 1052/1137/1049 1998/3427/2906 3370/6120/4431
f 3710/6842/4670 2344/3477/2941 1720/2952/2550
f 3711/6843/4671 832/6844/1279 4198/6845/4672
f 3969/915/847 3712/6846/3209 2223/916/848
f 3188/5746/4266 2207/3814/3192 2208/3816/3193
f 1426/2422/2156 2580/4432/3582 1969/3374/2869
f 2403/4176/3415 4507/4433/3583 1707/2922/2530
f 3713/6847/4673 3714/6848/4674 3800/6849/3690
f 3154/5675/4232 3300/5983/1695 2489/4335/3526
f 1764/6850/2614 3076/534/484 323/533/483
f 3201/5765/4276 3715/6851/4675 848/6852/620
f 3716/6853/2329 1355/6854/2049 1907/3270/2790
f 3717/6855/4676 3203/6856/4281 3093/5548/1569
f 3718/6857/2147 3713/6847/4673 3800/6849/3690
f 3719/6858/4513 2143/6859/3102 1293/2188/1960
f 2225/3842/3211 835/1401/1283 1536/2609/2298
f 755/612/560 1366/3048/2071 365/613/561
f 3720/6860/4677 1635/6861/2424 3721/6862/4678
f 1811/6863/2664 2121/6864/3074 3132/6865/4213
f 3722/6866/2922 1579/2677/2350 2361/4084/3370
f 1784/3060/2637 1783/3059/2636 2204/3811/3189
f 3949/6867/3917 207/6868/287 3723/6869/4425
f 4918/831/765 4656/830/764 3112/3495/2954
f 1036/1749/1586 1038/1751/1588 1474/3943/1234
f 3179/6870/4256 3724/6871/4034 1295/2194/1966
f 1469/2497/2214 464/780/721 371/630/577
f 334/6502/501 4900/6872/4214 4130/5333/4075
f 3725/6873/2714 4355/6/6 6/8/8
f 4331/4180/3419 3276/5932/4084 4361/4181/3420
f 2931/5214/4010 419/6874/649 3726/6875/648
f 267/2000/384 1186/1999/291 1630/2764/293
f 1491/2535/1532 3727/6876/1531 3918/1667/1512
f 1223/2060/1853 29/44/34 2064/3550/2997
f 4502/2659/2334 1995/3424/2904 1994/3423/2903
f 2580/6877/3582 3070/5502/4156 447/744/687
f 3045/5466/4135 3046/5467/4136 3235/5840/4310
f 806/1351/1241 1138/1910/1729 807/1352/1242
f 3728/6878/3223 4417/6775/1351 2644/6774/3702
f 2165/3739/3134 1462/3738/2204 2177/6879/3149
f 1297/2198/1970 3744/2197/1969 1665/2841/2470
f 1896/3252/2775 4140/4353/3534 962/4001/1464
f 2208/3816/3193 288/3815/418 1875/3215/2744
f 434/724/667 3729/6880/4679 3908/5244/4027
f 3293/5968/4369 3105/6354/4184 3478/6353/4527
f 3007/5392/2061 2678/3579/3019 2080/3581/3021
f 1007/1698/1541 2481/4315/3514 1008/1699/1542
f 3437/6256/4489 3730/6881/4469 1939/3326/2831
f 2469/4294/3500 2052/3525/2978 2053/3527/1964
f 3731/6882/4680 1450/2467/2189 3732/6883/4681
f 1815/3113/2673 1817/3115/2429 2553/6884/3071
f 1737/2981/2579 1738/2983/2581 2947/5246/4028
f 3132/6865/4213 2121/6864/3074 4442/6885/4467
f 1383/1209/1113 3733/6886/64 3734/6887/4682
f 4181/2225/1996 1064/1793/1624 1066/1795/1626
f 275/443/398 2469/4294/3500 276/444/399
f 3719/6858/4513 2144/6888/3103 2143/6859/3102
f 2765/4866/3831 3090/5544/4170 2766/4867/3832
f 1021/1720/1561 1422/2416/2152 2582/4523/3627
f 3737/6889/3750 2020/6890/2936 3128/5623/4210
f 2952/5256/4033 3735/6891/3701 2094/5257/3040
f 3736/6892/3731 3268/5918/4347 3737/6893/3750
f 1943/3331/2836 1858/3185/2721 1857/3184/2720
f 4752/1114/1029 3738/6894/1687 3739/6895/1564
f 3740/6896/4683 1986/3405/2891 1136/1908/1727
f 4237/3420/2900 2866/4760/3770 2152/3710/3112
f 4174/4963/3874 146/6897/184 3592/4358/3538
f 3741/6898/4684 3742/6899/3828 3416/6900/4473
f 399/675/619 3014/5405/1313 848/676/620
f 2831/5005/3901 2930/5212/4008 2829/5003/3899
f 4010/5340/2863 3743/6901/4685 1362/2309/2065
f 4286/971/460 4796/6902/462 3542/972/902
f 2534/6903/3288 3819/6904/3578 3820/6905/4549
f 1938/3323/2293 3744/6906/1969 3225/5821/1971
f 3458/6309/4505 3745/6907/4586 2753/4840/3816
f 4795/5558/461 4785/5557/438 4787/6908/4686
f 3190/5748/2675 1833/2717/2379 3657/6745/3851
f 702/1175/1083 3736/4702/3731 3128/5623/4210
f 1494/2539/2246 1116/1882/1704 4789/5259/4035
f 3883/860/794 512/859/793 1732/2973/2571
f 1910/3274/2793 3746/6909/4687 1911/3275/2794
f 2515/4395/3559 3447/1678/1522 4283/1680/1524
f 3347/6073/4182 3103/6910/4181 1863/3199/1220
f 3747/6911/4688 4572/6912/4689 3503/6411/4545
f 2017/3464/2933 2016/3463/2724 948/6913/1443
f 867/2438/217 1435/2440/2168 2332/4038/3332
f 1528/2595/2285 1231/2073/1864 4308/2075/540
f 1128/2862/1718 308/2861/455 1037/1750/1587
f 1375/2329/2082 1219/2053/1848 2461/4277/3491
f 4316/6606/4599 1890/6914/2768 172/5891/229
f 2741/6549/588 3720/6860/4677 3562/6550/4014
f 3748/6915/4560 3468/6337/4519 3749/6916/4690
f 1439/2451/2175 2059/3543/2991 3043/6917/917
f 3622/6671/4624 3630/6697/4632 2378/6918/3394
f 3750/6919/1233 2218/2509/2224 1474/2510/1234
f 3696/6810/1642 3751/6920/1641 1371/2323/2076
f 1542/2617/2305 2528/6249/3572 1543/2618/2306
f 3052/3895/3083 2252/3897/3253 1159/6921/1765
f 3845/6922/4691 3482/4872/3835 1003/1692/1535
f 1551/2630/2316 4199/4965/3875 3752/6923/1647
f 3723/6924/4425 3361/5036/3918 3949/5035/3917
f 571/963/894 3550/6520/4580 836/1402/1284
f 19/29/24 2770/4959/3837 3753/6925/4692
f 4724/6513/4575 1339/6926/2027 2610/4578/2342
f 3754/6927/1409 2996/5363/4087 3167/5707/1078
f 1658/2829/2460 1659/2830/2461 2991/6928/4081
f 3755/6929/4693 3008/6930/4099 4524/2905/2517
f 3757/2778/1357 2511/5805/3553 1636/2779/2426
f 1223/2060/1853 2064/3550/2997 2063/3549/2996
f 284/5134/409 2894/5133/3973 3389/6153/4448
f 2664/6931/3721 756/6932/1161 2986/5335/1160
f 4502/2659/2334 614/1042/960 1995/3424/2904
f 3347/6073/4182 1862/3198/2729 3756/6933/4253
f 4413/1697/1540 1446/2462/2184 1005/1695/1538
f 327/540/490 197/315/270 198/317/272
f 3073/4635/2425 2641/4637/1358 3757/6934/1357
f 1801/3087/2654 1058/6935/1616 1989/3410/2893
f 3755/6929/4693 1696/2904/2516 3747/6936/4688
f 671/1124/1039 1959/3361/2859 3758/6937/4694
f 3116/6938/4198 2675/4700/3521 3274/5925/4350
f 1588/6939/2359 4145/6940/4418 2782/6941/3849
f 1074/1809/1639 617/3064/963 3694/3964/3293
f 3759/6942/3297 3364/6107/4428 3363/6106/4427
f 3422/6226/4478 3034/4711/3737 317/522/473
f 2571/4505/3487 253/3042/366 1605/6943/2382
f 2105/3621/3053 1737/2981/2579 2947/5246/4028
f 3715/6944/4675 3760/6945/2157 847/1419/621
f 3761/6946/2321 269/6947/388 3762/6948/390
f 1965/6949/2865 3026/6950/4117 3763/6951/2531
f 3764/6952/4695 596/6953/929 3510/6954/4552
f 2560/4480/3607 1251/2112/1896 1250/2111/1895
f 171/4509/228 3321/6955/4400 4454/4510/3621
f 797/1405/1226 3765/6956/2353 839/1406/1287
f 3319/6957/4397 3766/6958/1051 3767/6959/2586
f 2651/5637/3236 3768/6960/695 601/1020/938
f 3770/5305/4059 4117/5679/4233 3769/6961/4565
f 2238/3875/3237 549/918/850 551/920/852
f 2238/3875/3237 551/920/852 3289/5957/4363
f 3732/6883/4681 2423/4209/3444 2944/5237/4024
f 2732/4792/3788 2917/5186/3994 1948/3344/2848
f 2976/6962/4060 3770/6963/4059 3689/6801/4661
f 3579/6580/3601 2846/5029/3915 666/1118/1033
f 1736/2980/2578 3377/6131/4437 2807/4956/3871
f 4765/1274/1172 4301/437/392 271/436/391
f 1854/3177/2715 2056/3535/2985 698/1167/1077
f 711/1188/1094 4921/2845/2474 3771/6964/4696
f 774/1293/380 3443/1295/1191 3280/6267/4356
f 3772/6965/4399 3416/6900/4473 3773/6966/4189
f 686/2546/1060 3774/6967/4697 3459/6968/1167
f 3331/6969/4407 895/6970/1355 408/5952/631
f 1923/3299/2812 4770/5962/4367 3859/6971/4698
f 3775/6972/2258 3776/6973/804 169/271/226
f 653/1097/1012 3777/6974/4699 2325/4029/3324
f 1075/1810/1640 3696/1812/1642 1504/2552/2257
f 3778/6975/4700 59/5383/75 3004/5385/4098
f 288/3815/418 3779/6976/419 1076/1570/1427
f 2868/5074/3939 2309/4003/3315 3780/6977/3935
f 811/553/503 337/555/505 1797/3255/2651
f 4680/3944/3280 1474/3943/1234 2458/475/426
f 1143/1918/1737 666/1118/1033 2519/4406/3563
f 4871/68/58 1239/2083/1871 44/66/56
f 1615/2740/2397 2460/4274/3489 3781/6978/4113
f 52/78/66 51/77/65 1781/3057/2634
f 3782/6979/2510 742/1240/1142 3925/1239/1141
f 1179/6980/1797 2499/1028/946 3109/5587/4193
f 3515/3774/3159 2601/4562/3653 2184/3775/3160
f 3783/6981/3200 1635/2776/2424 140/2775/178
f 40/59/49 2495/4347/3532 3784/6982/4701
f 62/94/78 61/93/77 4479/394/349
f 1108/1871/1696 3300/1870/1695 218/350/305
f 2432/4225/3454 2474/4306/3507 2984/5327/4070
f 744/1244/1146 3100/5565/4177 944/1578/1435
f 1233/2635/1866 1526/2593/2284 361/3683/549
f 1238/5172/1870 3785/6983/4702 1703/5173/2524
f 4384/6984/3290 4858/4426/3577 2534/4428/3288
f 265/5297/381 4454/4510/3621 264/4381/379
f 3786/6985/1691 3787/6986/2141 3986/6987/4703
f 3788/6988/4704 3789/6989/801 1808/6990/2661
f 288/3815/418 1076/1570/1427 1875/3215/2744
f 4525/5395/4101 3790/6991/258 4240/6992/260
f 3298/5976/4376 3131/732/675 440/734/677
f 229/369/324 4856/6637/4612 4333/2894/2506
f 3791/6993/2519 654/1098/1013 1698/1100/1015
f 3462/6317/4094 1837/3147/2696 3066/5496/4151
f 3152/6994/4230 1742/2993/2589 1741/2992/1552
f 3792/6995/1055 3453/6296/4499 3046/5467/4136
f 3781/6978/4113 3793/6996/2278 1615/2740/2397
f 3794/6997/4705 1832/3140/714 3795/6998/3872
f 538/900/832 2760/4853/3205 1654/2817/2454
f 1782/3058/2635 1784/3060/2637 536/898/830
f 2537/4437/3586 2107/4436/3055 2823/4990/3891
f 2308/4412/3314 2781/4897/3848 2522/4413/3567
f 4243/3197/2728 624/6999/973 4099/3195/2727
f 3099/5564/4176 3064/5492/4149 3796/7000/4706
f 4210/2405/254 187/7001/253 1418/2406/2142
f 3797/7002/4707 3429/6235/4484 2733/4793/3789
f 1012/1709/1550 2790/4913/3854 4686/7003/4708
f 1523/2586/2281 1946/3341/2846 3798/7004/4709
f 3799/7005/3637 1440/2452/2176 479/806/744
f 3718/7006/2147 3800/7007/3690 1419/5209/2148
f 598/1013/932 4601/1015/933 4888/6430/4553
f 2903/3684/3093 361/3683/549 762/975/905
f 864/1442/1315 225/363/318 896/2271/1356
f 775/1297/1193 612/1039/957 3158/5687/4237
f 1666/2842/2471 988/7008/1514 987/7009/1513
f 2248/4184/3250 3794/6997/4705 2409/4185/3422
f 1825/3132/2685 1857/3184/2720 4208/5851/4315
f 2956/5266/4038 1682/7010/2498 3185/5267/4039
f 2797/5008/3861 1589/6109/2360 2834/5009/3902
f 420/706/650 3801/7011/4710 3802/7012/4711
f 464/780/721 420/706/650 3802/7012/4711
f 1827/3134/2686 3803/7013/2488 3360/6101/4424
f 3540/5619/4207 3804/7014/4712 4938/7015/4713
f 501/841/775 1845/7016/2705 3587/2161/1937
f 2762/4858/3824 151/240/195 2763/4860/1126
f 3495/6398/1499 1237/2080/1869 1236/2079/1868
f 1588/7017/2359 4758/6110/4429 1589/6109/2360
f 1590/2694/2361 1503/2550/2255 3805/7018/4714
f 1750/3003/2598 4140/4353/3534 1896/3252/2775
f 3279/5938/4353 4420/5940/4354 837/1403/1285
f 2798/4933/3862 3806/7019/3556 2799/4934/3863
f 825/1382/1267 3118/5600/4201 3117/5599/4200
f 2046/3511/2967 975/3273/1486 1911/3275/2794
f 1480/2518/2230 3849/6391/4520 1481/2519/2143
f 1609/7020/2387 1717/2943/2463 1230/2071/1862
f 92/146/112 1252/7021/1897 81/123/100
f 4767/4832/3813 4896/4834/3814 1788/7022/2642
f 1573/2667/2341 284/7023/409 2610/2668/2342
f 853/7024/1301 2577/4514/3433 2381/4132/568
f 2515/4395/3559 2234/7025/3229 747/4393/1149
f 2365/3355/2855 4657/1083/998 4070/5154/3981
f 2100/6186/3045 3179/5731/4256 4305/7026/3046
f 398/674/618 4643/1705/1547 2341/4055/3346
f 4415/5742/4263 952/1596/1448 4231/6455/4559
f 2759/4849/2742 1216/7027/1843 1217/6082/1845
f 361/601/549 363/603/551 1234/2077/1867
f 4403/768/709 2246/7028/410 2027/769/710
f 889/1480/1347 3807/7029/4715 2555/4473/3602
f 185/296/251 3398/6172/4457 2384/4139/3402
f 3742/4863/3828 2267/3924/3267 343/7030/520
f 2874/7031/3947 4248/2757/2411 4218/7032/3946
f 3850/2846/2475 4258/7033/4716 1668/2847/2476
f 1894/3250/2773 3752/1819/1647 1080/1818/1646
f 1599/1805/1635 3808/7034/2375 340/560/509
f 3621/6670/4623 2895/5135/2882 490/823/760
f 824/7035/1265 935/1560/1417 937/1562/1419
f 386/649/595 385/648/594 3220/5811/4293
f 312/515/466 2709/4756/3768 313/516/467
f 2484/2022/1822 592/1004/925 593/1006/927
f 3366/6111/1325 4830/7036/1324 3367/6112/4430
f 3809/7037/1353 2612/4582/3667 894/4693/1354
f 4041/7038/2902 3810/7039/4717 3811/7040/4718
f 3812/7041/4719 3813/7042/1187 196/314/269
f 4203/7043/4603 3814/7044/3796 3562/7045/4014
f 2168/3743/3137 3815/7046/4720 3799/4539/3637
f 2891/5125/3969 669/1122/1037 2979/5316/4065
f 2428/4217/3450 2427/4216/3449 3424/6228/4480
f 3816/7047/4547 1822/3125/2678 3551/6521/4581
f 1961/3363/2861 4603/6532/3180 3817/7048/2864
f 3134/5633/4216 1563/2654/2332 2965/5288/4050
f 992/7049/1519 1346/6840/2038 993/6839/1520
f 3721/6862/4678 1635/6861/2424 2934/7050/4015
f 2090/3600/3036 2092/3602/3037 3097/5560/4174
f 573/4624/897 4093/7051/4721 2633/4622/941
f 2460/4274/3489 2459/4273/3488 3818/7052/1471
f 3819/7053/3578 4263/7054/4722 3820/7055/4549
f 1256/2122/1902 1255/2121/1901 4942/7056/4723
f 2067/7057/1752 1153/638/584 1777/2004/1809
f 1180/1989/1798 1179/1988/1797 3821/7058/4532
f 3496/6399/4539 2881/5100/3954 2230/3860/3224
f 4379/6052/3759 4950/5702/3760 3166/5701/1758
f 2205/3812/3190 3822/7059/4724 2206/3813/3191
f 2455/4982/3482 2816/4981/3884 2456/7060/3483
f 1776/3050/2630 1190/3052/1579 2086/3589/3027
f 4452/7061/4725 3365/6108/3399 4215/7062/4726
f 579/983/911 2509/982/910 2700/5013/3761
f 3823/7063/4209 3824/7064/4727 585/7065/918
f 1810/3101/2663 2467/7066/3496 2837/5012/3497
f 3566/6559/4592 3359/6439/4423 3515/6441/3159
f 622/5507/969 2566/3687/3095 735/1231/1134
f 2941/969/900 158/254/209 3825/7067/4498
f 449/749/692 1674/2893/2487 1675/7068/450
f 3483/6366/4530 1982/3397/2885 1981/3396/360
f 2099/3138/2690 4305/7069/3046 1831/3139/715
f 3668/6767/4648 3826/7070/4728 3669/6768/4009
f 2793/4919/3536 207/6868/287 3949/6867/3917
f 2015/3551/2932 2065/3553/1227 4890/7071/1106
f 4611/7072/4279 2229/7073/3221 3480/7074/4528
f 13/7075/15 2915/4070/3357 27/7076/32
f 3252/5879/2726 1435/2440/2168 1861/6509/1876
f 2247/3891/3249 4512/1496/1362 3425/6229/4481
f 2938/2811/2449 3827/7077/3151 1806/3092/2657
f 1811/6863/2664 3828/7078/683 2121/6864/3074
f 383/4532/592 1804/3090/2655 4276/576/525
f 2927/5208/4006 3829/7079/2909 3349/6075/4416
f 1098/1847/1675 2053/3527/1964 595/1848/928
f 3830/7080/1489 3831/7081/1488 3644/6719/316
f 2085/7082/3026 2307/3998/459 779/7083/1197
f 3832/7084/4729 87/7085/109 1252/7021/1897
f 1401/2374/2115 1400/2373/1545 1614/7086/2396
f 3491/6387/4535 3564/3227/2756 1883/3229/2758
f 1958/3360/2858 4158/7087/4730 2771/4877/3838
f 1543/3740/2306 2528/4419/3572 509/852/786
f 3833/7088/3513 3028/5436/4119 1264/2137/1915
f 2394/4155/2525 42/72/53 48/71/61
f 4923/4095/3375 4376/7089/4340 2366/4096/3376
f 3525/6475/4563 941/1568/1425 2011/3453/2926
f 2234/7025/3229 2515/4395/3559 4283/1680/1524
f 2904/5159/3895 960/1612/1462 3699/7090/2600
f 413/697/641 2403/4176/3415 808/1354/1244
f 2005/3439/2916 4395/3441/2917 3991/7091/1493
f 2410/4186/3423 2412/4188/3425 2188/3782/3166
f 2876/5091/3594 4192/7092/3248 2877/5092/3950
f 2829/5003/3899 3834/7093/4731 1032/1739/1576
f 2904/6137/3895 2379/6817/3395 3380/6138/3260
f 3835/7094/2871 1382/2343/1891 673/7095/1042
f 3656/1743/1580 3836/7096/4732 1034/1744/1581
f 3294/5970/4371 3568/5969/4370 3837/7097/3392
f 3620/1576/1433 4927/1575/1432 3838/7098/2171
f 990/1671/1516 2902/1620/1469 4063/1619/1468
f 12/15/14 25/14/13 3187/5745/31
f 1262/2134/1912 3839/7099/4733 1263/2135/1913
f 4925/2191/1963 1661/2833/2464 3843/7100/4734
f 4611/5769/4279 4201/5768/4278 2229/3856/3221
f 3840/7101/1124 4159/7102/1585 423/7103/654
f 503/843/777 502/842/776 1134/1905/1724
f 3841/7104/3289 3842/7105/2226 3952/7106/2225
f 4040/7107/3176 3475/6098/4422 2198/7108/3178
f 1052/1137/1049 3370/6120/4431 2533/4425/1609
f 3836/7096/4732 1482/7109/2232 1632/7110/2231
f 2479/4311/3062 3843/7111/4734 2477/4309/3510
f 3844/7112/2986 1931/3312/2821 3431/3314/2822
f 3845/7113/4691 3483/6366/4530 3482/6365/3835
f 110/172/135 2115/3640/3067 1873/3212/2741
f 454/759/700 3554/6529/4584 891/1483/1349
f 2806/7114/3870 4203/6612/4603 2214/3825/3199
f 240/7115/337 3846/7116/4735 893/1486/1352
f 2191/3786/3170 3847/7117/2666 3848/7118/2665
f 2421/4206/3441 628/7119/978 2331/4035/3330
f 3081/5527/4166 3080/5526/506 3849/7120/4520
f 4261/6691/4630 3472/6342/1050 1232/2074/1865
f 1223/2060/1853 3850/7121/2475 30/45/35
f 2683/6024/3739 3772/6023/4399 3851/7122/4188
f 620/7123/966 1885/3236/2762 3852/7124/4736
f 3853/7125/4091 4935/7126/1247 4015/7127/2078
f 1621/2750/2406 3854/7128/4737 3666/2751/2407
f 3855/7129/908 356/595/544 358/597/546
f 2105/3621/3053 2319/4018/666 433/3280/665
f 51/77/65 1780/3056/2633 1781/3057/2634
f 3856/7130/1633 4325/7131/4738 4865/7132/1813
f 3926/1468/1337 3042/7133/4133 4898/1788/40
f 2130/3670/3085 2295/3978/3300 2078/3574/3015
f 708/1184/1091 709/1186/1092 1358/2295/2055
f 4592/1146/1056 684/1148/1058 3857/7134/4004
f 2174/3751/3144 2290/3965/3139 4963/2339/2092
f 1972/3379/1892 1717/2943/2463 2129/7135/3084
f 1761/3022/2612 2508/4372/3550 1762/3023/2613
f 484/816/753 483/815/752 3853/6809/4091
f 1603/2244/2012 4390/683/627 404/682/626
f 561/7136/875 3433/6246/4485 579/983/911
f 4960/6694/4631 3858/7137/4186 3859/7138/4698
f 2768/4869/3684 1285/2173/1946 4724/7139/4575
f 2848/5031/3916 2850/5033/2118 2463/4280/3492
f 4103/671/615 3860/7140/2199 2828/7141/3898
f 773/1292/1189 3861/7142/4739 4071/1457/1326
f 4693/1746/1583 3862/7143/2064 3121/1747/1584
f 2383/7144/3400 3365/7145/3399 4665/7146/4219
f 3411/7147/1184 4042/7148/3435 461/6281/717
f 4157/4836/3815 2502/7149/3541 4790/3827/3201
f 3863/7150/2817 3864/7151/4016 3018/5420/4111
f 384/1593/593 950/1592/1445 1848/7152/2624
f 4504/5142/2380 3209/5781/4283 1603/7153/2012
f 2095/3607/3041 2453/4262/3480 3865/7154/3962
f 3968/2562/2264 1205/2032/1831 4583/2410/2146
f 531/891/387 1185/1996/1804 532/892/824
f 1180/1989/1798 2773/4882/3841 3866/7155/4740
f 1551/2630/2316 1864/3200/2730 4199/4965/3875
f 2067/3557/1752 1776/3050/2630 2068/3558/3002
f 3867/7156/1763 3868/7157/1762 1114/7158/698
f 3094/7159/4172 3895/6621/4608 3597/6620/4607
f 2336/4047/3340 2085/7160/3026 779/1301/1197
f 2265/3922/3266 2267/3924/3267 3742/4863/3828
f 1560/2648/2327 3428/6672/4483 4026/7161/4741
f 230/371/326 232/373/328 3869/7162/4742
f 4421/7163/4743 3115/2877/2495 3523/6470/4562
f 1381/2342/2093 1380/2341/527 1215/2045/1841
f 2280/3948/3282 685/1149/1059 687/1151/1061
f 2485/4320/3517 781/1304/1200 2377/1303/1199
f 1343/2268/2032 3152/5671/4230 1741/1711/1552
f 2735/4795/3791 3870/7164/4378 803/1346/1237
f 2514/4394/1151 3947/6288/2124 2515/4395/3559
f 1687/2890/2503 2276/6375/3277 2490/6377/3527
f 3470/6340/4522 3205/5775/4282 1007/7165/1541
f 4244/799/737 370/629/576 372/631/578
f 4461/922/854 3130/924/856 1173/1980/1790
f 3662/6760/4645 3317/6762/4396 3177/5729/4254
f 3578/5414/4109 4505/5415/4110 1604/7166/1745
f 2721/4775/3778 1360/4021/2059 470/788/727
f 2144/3697/3103 661/1108/1023 660/1107/1022
f 3504/7167/4548 4878/7168/4251 2919/5189/3996
f 3871/7169/4744 2339/4053/3344 4589/2870/2489
f 4352/5867/4324 524/880/814 148/234/189
f 3154/5675/4232 3451/6290/303 3300/5983/1695
f 1445/2461/2183 3872/7170/4745 3445/6271/4494
f 4160/6394/4537 2985/5332/4074 2063/3549/2996
f 2350/4071/3358 1689/2895/2507 1169/1971/1782
f 3472/6342/1050 1052/1774/1049 564/950/881
f 2802/4945/3866 167/268/223 605/1029/947
f 2559/4479/3606 1250/2111/1895 426/714/658
f 3189/7171/4267 3650/6732/3804 2478/6731/3511
f 3873/7172/4316 1975/7173/2876 3633/6701/2878
f 2440/4240/3464 4805/5763/4274 3874/7174/150
f 1577/2674/2347 124/7175/152 851/7176/151
f 1169/1971/1782 1689/2895/2507 1170/1972/1783
f 2118/4614/3070 4839/1895/1714 2629/4615/3686
f 1052/1137/1049 4674/1136/1048 1998/3427/2906
f 3875/7177/4746 3250/7178/2295 4550/7179/4244
f 3876/7180/4191 3791/2907/2519 1971/3378/2872
f 863/5404/1314 3379/5406/4105 3536/7181/4570
f 1268/2144/1920 1267/2143/1919 1532/2599/2289
f 2531/4423/3575 1308/7182/1986 2089/3597/3033
f 2788/2447/2172 2764/7183/3826 730/2448/1125
f 1536/2609/2298 448/748/691 3531/747/690
f 2587/4531/3632 3572/5111/2158 2539/745/688
f 3877/7184/3785 3323/6028/4402 3324/6029/4403
f 1058/6935/1616 1801/3087/2654 2533/1775/1609
f 3682/6792/4656 4859/3470/2937 3667/6766/4647
f 1321/2236/2005 1425/2419/2155 1322/2237/2006
f 1090/3675/1663 4021/3868/3232 4030/3867/3231
f 561/7136/875 2838/5014/3904 1932/3313/2483
f 4623/4266/3484 2366/4096/3376 714/1196/1101
f 2577/4514/3433 1007/4451/1541 2546/4450/3595
f 3878/7185/4747 3125/5616/444 3879/7186/393
f 3880/7187/3013 342/7188/517 3881/7189/3380
f 4407/1610/1460 4169/7190/515 3882/7191/4625
f 3883/7192/794 3139/5642/3868 3594/6615/3834
f 2521/4411/3566 4619/7193/4493 4871/4409/58
f 1088/1832/1660 1897/3253/2776 1089/1833/1661
f 2047/7194/2969 4245/7195/4538 1293/2188/1960
f 737/1234/997 645/7196/999 738/1235/1137
f 985/5900/1508 2650/4654/3708 177/284/239
f 696/1162/1072 695/1161/1071 996/3407/1525
f 1242/4172/1875 971/1633/1481 3759/3971/3297
f 3884/7197/4748 2352/4073/3360 2355/4076/3363
f 1555/7198/2322 3266/5916/4345 250/401/356
f 3885/7199/4749 3886/7200/4128 3887/7201/4204
f 453/756/697 4234/2409/2145 1205/2032/1831
f 1260/4761/1909 3398/6172/4457 1601/5238/2376
f 3556/4856/3822 3651/6733/4048 4826/7202/3179
f 471/789/728 3250/7203/2295 3249/4850/3820
f 3575/7204/1740 4488/2564/2266 2347/4066/3354
f 4215/7205/4726 3888/7206/4179 3889/7207/3397
f 3890/7208/2945 2913/5179/3990 4097/7209/2748
f 2714/4765/3772 3775/2553/2258 1431/2433/2163
f 3341/6056/4411 4069/6057/2097 3891/7210/4750
f 3748/6915/4560 3423/6227/4479 3679/7211/4653
f 4821/7212/4751 741/1238/1140 1488/2529/2239
f 4942/7056/4723 3892/7213/3829 3741/6898/4684
f 173/616/231 4905/615/563 4092/965/896
f 3608/1021/939 601/1020/938 4676/7214/2275
f 4732/1502/1368 2988/1242/1144 743/1241/1143
f 3894/256/211 3108/7215/1713 3893/7216/879
f 3894/7217/211 3893/948/879 1682/7010/2498
f 3979/7218/4752 2126/3661/3081 3656/6744/1580
f 1667/2844/2473 1521/2583/2279 1520/2582/754
f 1243/2092/1878 224/359/314 4797/358/313
f 1627/2761/2415 220/353/308 1628/2762/2416
f 3895/7219/4608 1089/1833/1661 2279/2676/2349
f 2570/4503/1205 2569/4502/3618 3896/7220/1206
f 3403/3976/1977 2294/3975/2968 3404/7221/4461
f 1563/7222/2332 787/7223/1210 3897/7224/4753
f 4815/7225/4242 4550/7226/4244 470/788/727
f 1458/7227/2200 189/4460/261 2852/4459/3599
f 3074/5516/4162 3202/7228/4277 498/836/770
f 4622/7229/2292 3440/6260/4491 3744/2197/1969
f 794/1328/1222 2614/1327/1221 1070/3935/1634
f 2670/4687/2362 3898/7230/2373 2671/4688/3727
f 3899/7231/4227 2212/7232/2052 4440/7233/2053
f 2476/4308/3509 4711/6077/3490 2273/7234/3274
f 2670/4930/2362 1592/5408/2364 1790/3068/2644
f 4217/4332/3524 1413/5387/2131 4344/7235/4754
f 3900/7236/3366 3901/7237/4755 2725/4779/3782
f 2659/4670/3717 4250/4669/3716 3902/7238/4756
f 928/1550/1408 2586/7239/3631 3754/1551/1409
f 3301/7240/4380 3649/3297/2810 1921/3296/2809
f 2294/7241/2968 3903/7242/2440 1606/7243/2383
f 323/533/483 324/535/485 3386/6150/4445
f 1423/2417/2153 3802/7012/4711 3603/6641/4614
f 637/7244/986 3904/7245/4757 4870/1106/1021
f 3905/7246/4758 3906/7247/4759 3907/7248/4760
f 4247/4344/3529 3908/7249/4027 3354/6088/1952
f 1558/2645/2325 3161/5310/4062 3411/7147/1184
f 2905/5161/3983 237/379/334 1794/3075/2648
f 2026/7250/2943 3953/767/708 2027/769/710
f 200/6630/275 3566/6629/4592 1213/7251/1839
f 3535/7252/4569 1990/3413/2894 4341/7253/4343
f 72/106/90 71/105/89 1336/2258/606
f 1925/3305/2389 4503/7254/4761 2893/5131/3972
f 3655/6742/3922 1893/3249/2772 1892/3248/2771
f 3673/6780/4651 3485/488/439 300/490/441
f 3081/5527/4166 3909/7255/4452 3342/6060/4262
f 1384/2837/2098 1664/2836/2467 2081/3582/3022
f 3342/6060/4262 3910/7256/4264 147/230/185
f 2106/3622/3054 2745/4813/3799 1874/3214/2743
f 1371/2323/2076 2715/4766/3773 1431/2433/2163
f 82/125/101 2853/5040/3920 92/146/112
f 3369/3259/2781 3654/6737/4638 409/691/635
f 3531/747/690 449/749/692 3911/7257/2033
f 2825/4992/3892 2323/4024/3323 2368/4099/3379
f 3422/6226/4478 3912/7258/2399 3034/4711/3737
f 176/7259/238 3519/6457/2547 3913/7260/236
f 3487/2959/2557 3914/7261/3830 2766/7262/3832
f 2066/3556/3001 2981/5321/4067 3788/6988/4704
f 540/903/835 1166/7263/1778 1165/3686/1777
f 3811/7040/4718 3810/7039/4717 4142/7264/4762
f 430/719/662 3336/5180/3991 3243/5859/2709
f 162/463/216 4033/465/417 3355/7265/4041
f 3091/5545/4171 424/711/655 3041/5688/4132
f 4743/688/632 2869/5077/1401 3915/7266/4763
f 3392/4097/3377 4623/4266/3484 3916/7267/4764
f 2015/7268/2932 4890/7269/1106 809/1356/1246
f 2937/5224/4018 571/963/894 594/962/893
f 1709/2925/2533 333/550/500 335/552/502
f 304/496/447 1378/2335/2088 302/494/445
f 3917/7270/4765 2411/4187/3424 4916/5500/4155
f 4493/2402/2140 1417/2401/2139 1844/3158/2704
f 3499/6403/4541 3918/7271/1512 4295/2975/2573
f 1072/1807/1637 1074/1809/1639 2567/4493/3614
f 3295/5971/1537 3627/6688/3443 1637/2781/2428
f 3233/5838/4309 3919/7272/4766 2050/3523/2976
f 3920/7273/2319 3921/7274/4767 2994/5361/4085
f 1886/3237/2763 4062/6068/4415 771/6070/1185
f 1598/2709/2374 2710/4757/870 3808/2710/2375
f 2095/3607/3041 3865/7154/3962 1677/7275/2493
f 611/1038/956 610/1037/955 3469/6339/4521
f 711/1188/1094 3771/6964/4696 2435/4231/3458
f 823/1378/1264 1756/3014/2606 824/1379/1265
f 1161/1956/1769 1941/3329/2834 1825/3132/2685
f 3868/6682/1762 3706/6829/3766 1115/1879/1702
f 2470/4295/3501 2635/4627/3691 3182/5736/1601
f 829/1391/1273 2244/3886/3246 2054/3528/2979
f 2829/5003/3899 1032/1739/1576 3543/7276/4573
f 2830/5004/3900 2829/5003/3899 3543/7276/4573
f 2475/6128/3508 2614/7277/1221 3922/7278/4768
f 4412/5243/3821 4676/2578/2275 4909/2577/2274
f 3444/1466/1335 2748/4822/3805 881/1467/1336
f 2598/4556/3649 1112/7279/1700 2599/4557/2211
f 2098/4935/3044 3923/7280/4769 3924/7281/3929
f 678/1140/1052 3766/1139/1051 1198/2020/1821
f 2691/4728/3749 2205/3812/3190 2204/3811/3189
f 3990/2241/2010 1326/2243/1914 2102/3617/3049
f 3925/7282/1141 2155/7283/3118 2826/4995/3120
f 1805/3091/2656 1804/3090/2655 1221/6224/1851
f 1176/1983/1793 1867/3206/2736 3926/7284/1337
f 1772/3045/2626 3369/6117/2781 1900/7285/2782
f 2378/6918/3394 3630/6697/4632 3927/7286/1999
f 915/1528/1391 917/1530/1392 1631/2767/2419
f 4718/2726/2385 1607/2725/2384 4330/7287/4770
f 3928/7288/4252 1862/7289/2729 3929/7290/1007
f 1440/2452/2176 3471/6341/4523 1441/2453/1011
f 4499/2605/2294 2022/3474/2938 414/699/643
f 3385/6149/4444 3384/6148/2018 3349/6624/4416
f 3930/7291/4771 3931/7292/1399 3932/7293/4772
f 1045/1763/1599 3003/5382/4097 1483/2523/2234
f 1924/3301/2814 4867/3300/2813 4948/7294/3604
f 3839/7099/4733 4571/7295/4773 1263/2135/1913
f 1473/2507/2223 3302/7296/4381 2538/7297/3587
f 4814/212/167 949/1590/1444 541/1589/837
f 2361/4084/3370 2360/4083/3369 2073/7298/3006
f 169/5607/226 3776/7299/804 1713/5605/2539
f 1152/7300/1751 3582/235/190 1153/638/584
f 4308/2075/540 1232/2074/1865 3933/7301/3771
f 3419/6219/4477 3934/7302/4774 1525/7303/2170
f 2982/5325/4069 3297/7304/4373 3935/7305/4775
f 2983/5326/3910 2982/5325/4069 3935/7305/4775
f 4904/4491/3613 3936/7306/4776 3194/5753/4269
f 1284/913/845 546/912/844 3410/5314/4064
f 902/1505/1371 901/1504/1370 2258/7307/3214
f 727/6330/1119 2147/3702/3105 3375/3704/3107
f 3850/2846/2475 326/539/489 3937/7308/4601
f 2746/4818/3801 2747/4820/3803 3072/5508/4158
f 1094/1840/1668 1096/1842/1670 3803/2869/2488
f 2520/4407/3564 1294/2190/1962 2112/2189/1961
f 3609/2400/2138 1238/5172/1870 1417/2401/2139
f 156/252/207 2363/251/206 3685/7309/4658
f 3451/6290/303 875/1458/1327 3938/7310/304
f 3939/7311/3101 2848/5031/3916 1533/2601/2291
f 4004/5514/4161 1621/2750/2406 1138/7312/1729
f 3940/7313/3058 751/1252/1154 3522/7314/871
f 4801/3731/3127 4746/3730/2601 3699/7090/2600
f 3941/7315/4777 2333/7316/3333 2858/7317/3927
f 374/634/580 3942/7318/364 2207/3814/3192
f 2722/4776/3779 2272/6086/3272 1568/7319/2335
f 3943/7320/931 3944/7321/3238 4644/7322/1266
f 4201/5768/4278 2278/3857/3222 2229/3856/3221
f 4732/6055/1368 2291/3969/3296 2988/7323/1144
f 151/3854/195 1724/2958/2556 1725/2960/2558
f 1033/7324/1577 822/1376/1262 3945/7325/1578
f 3825/7067/4498 158/254/209 2956/6201/4038
f 4022/6321/4510 2155/7326/3118 3925/1239/1141
f 3946/7327/4778 2033/7328/2948 3313/6014/4392
f 3992/7329/3945 2605/4571/3659 2201/3805/3186
f 2454/4263/3481 4854/3802/3183 2200/3804/3185
f 1406/7330/2123 3474/6346/4525 3947/7331/2124
f 3046/5467/4136 1471/2500/2216 3792/6995/1055
f 3776/7299/804 3948/7332/806 1713/5605/2539
f 2664/6931/3721 2986/5335/1160 2662/7333/3719
f 2748/4822/3805 2719/7334/1694 2720/4823/3775
f 1568/7319/2335 1570/7335/2337 2722/4776/3779
f 4771/7336/1993 2852/4459/3599 1600/7337/2060
f 2793/4355/3536 3949/7338/3917 3484/790/729
f 511/7339/790 5/3171/7 3725/3173/2714
f 1681/2880/2497 2464/7340/3493 1578/2675/2348
f 3950/7341/4779 4012/7342/3114 1881/7343/2755
f 3008/6930/4099 4525/7344/4101 4524/2905/2517
f 4857/357/312 4798/7345/2354 4797/358/313
f 1843/5715/2703 441/735/678 443/737/680
f 4684/329/284 3877/4785/3785 203/327/282
f 4031/5515/3403 3202/7228/4277 3074/5516/4162
f 1955/3353/2854 3880/7187/3013 3881/7189/3380
f 3288/4852/3736 3951/7346/3671 2760/4853/3205
f 2915/4070/3357 2349/4069/3356 18/7347/23
f 2423/4209/3444 2035/3489/2950 307/503/454
f 2690/4725/3746 3730/6202/4469 3437/7348/4489
f 3952/7349/2225 1475/7350/2227 3953/7351/708
f 393/3538/609 3560/2931/2536 294/2930/428
f 4793/4692/3728 3658/7352/4641 1188/2003/1808
f 3954/7353/4780 979/4996/1496 2826/4995/3120
f 4305/7354/3046 3588/6241/2307 1831/774/715
f 585/7065/918 3824/7064/4727 3955/7355/3505
f 3633/6701/2878 3632/6700/4633 3713/6847/4673
f 1931/6823/2821 4646/7356/4088 3956/7357/2484
f 3957/7358/1345 899/1497/1363 2247/3891/3249
f 2708/6207/3767 2874/7031/3947 4949/6208/4471
f 3958/7359/2391 993/6839/1520 1715/6841/2541
f 3959/7360/1771 2500/4357/3537 598/1013/932
f 2084/4380/2344 3558/2170/1944 4814/2172/167
f 3004/5385/4098 1739/5384/2584 3107/5579/4187
f 3960/7361/4781 1980/3393/1105 2657/3395/2884
f 2743/4809/3099 2632/4811/608 2631/5373/3688
f 3668/6767/4648 2645/4647/3704 3826/7070/4728
f 795/5187/711 3961/7362/4782 2918/5188/3995
f 3601/6636/4611 3624/3534/2984 2856/4703/3732
f 3084/5531/2766 1050/7363/1606 1016/1714/1555
f 425/713/657 1049/1770/1605 426/714/658
f 4923/5996/3375 3653/6735/4391 1729/2966/2564
f 223/356/311 2698/4740/3757 2236/3872/3234
f 2885/2110/1894 1249/2109/1893 1524/3669/2282
f 2885/2110/1894 1524/3669/2282 3798/7364/4709
f 3352/4533/3633 3962/7365/4783 4455/4534/3634
f 4768/4657/3710 3083/6632/1359 4083/4655/3709
f 1579/2677/2350 411/694/638 1758/1954/1767
f 3626/562/511 2910/564/513 2595/7366/3643
f 4792/3940/3278 3162/5694/4238 3963/7367/2746
f 4577/3540/2988 3964/7368/4784 3643/6718/553
f 2150/3708/3110 2593/4545/3642 220/353/308
f 1204/7369/1828 3965/7370/3843 3966/7371/1829
f 1090/3675/1663 2134/3677/3088 4021/3868/3232
f 3967/7372/4640 1890/7373/2768 4343/7374/3270
f 4959/5441/4121 3261/5443/4122 4536/7375/4336
f 1078/1816/1644 3968/7376/2264 4583/7377/2146
f 1091/1836/1664 4349/3018/2608 4700/1837/1665
f 927/1549/1407 3817/5296/2864 928/1550/1408
f 3969/7378/847 2400/3850/3216 4543/6067/4414
f 3796/7000/4706 3065/5494/3554 3806/7379/3556
f 2357/4079/3365 3708/6834/4669 166/267/222
f 1575/2672/2345 3493/6389/4536 1576/2673/2346
f 4242/7380/2221 3277/2254/2020 3817/3369/2864
f 3970/7381/1207 4456/5511/4160 2543/5510/3591
f 2088/3592/3029 3497/6400/1288 3971/7382/1290
f 528/888/822 931/7383/1413 3461/6315/4508
f 2222/7384/3208 3203/5773/4281 1054/1779/1612
f 55/7385/71 54/87/70 4885/4399/3561
f 3972/7386/4785 2369/4100/2649 3973/7387/2096
f 2302/7388/1735 2615/4586/3670 4132/5028/3914
f 3974/7389/3073 1471/2500/2216 3045/5466/4135
f 152/242/197 1594/2701/2368 1796/2703/2370
f 3675/3758/3150 2250/3894/3252 3192/5751/4268
f 1526/2593/2284 1158/2592/1764 576/973/903
f 161/260/215 3975/7390/4786 287/5866/415
f 3976/7391/1216 3581/7392/1449 3977/7393/3958
f 3978/7394/3426 3298/7395/4376 2413/7396/3427
f 2385/4114/3387 2454/4263/3481 2200/3804/3185
f 1190/1742/1579 3979/7397/4752 3656/1743/1580
f 3980/7398/4787 800/1337/1230 262/421/376
f 3981/7399/37 903/4088/1372 32/4090/38
f 270/2278/389 1349/2280/2042 1822/3125/2678
f 1878/3220/2749 3982/7400/3498 3983/7401/4788
f 3254/5883/4331 1878/3220/2749 3983/7401/4788
f 1307/2214/402 2758/6013/3528 1308/2215/1986
f 208/333/288 997/7402/1526 4291/7403/4789
f 166/267/222 1181/1990/1799 3054/5478/4142
f 3116/6938/4198 2436/4232/3459 3152/6994/4230
f 3291/3282/2797 2775/3038/2623 950/5554/1445
f 3282/6654/4359 1214/2044/1840 3984/7404/1863
f 3585/6593/4597 1141/1914/1733 3985/7405/4790
f 3981/47/37 33/49/39 901/3071/1370
f 4245/7195/4538 3986/7406/4703 3719/6858/4513
f 2739/5299/3795 1538/2613/2301 1537/2612/2300
f 4887/3254/2777 1797/3255/2651 3987/7407/2650
f 3988/7408/4791 2373/4115/3386 2781/4897/3848
f 1747/3000/2595 3959/1958/1771 1745/2998/2593
f 3989/7409/4387 3990/7410/2010 2867/5071/3048
f 2949/5252/3384 3989/7409/4387 2867/5071/3048
f 2333/4039/3333 422/6598/653 2382/5053/3398
f 4097/3219/2748 3982/7400/3498 1878/3220/2749
f 3499/6403/4541 3516/4716/3738 2434/4229/3457
f 1369/2319/2074 1368/2318/2073 2412/4188/3425
f 2571/4505/3487 4680/4504/3280 2458/7411/426
f 4395/3712/2917 4010/3714/2863 3991/7412/1493
f 4948/4475/3604 3992/7413/3945 2557/4476/3605
f 4881/3401/2887 1200/2023/1823 2484/2022/1822
f 3757/2778/1357 155/5803/203 2511/5805/3553
f 3993/7414/4792 3107/5579/4187 3251/5878/4328
f 3994/7415/4793 3299/7416/4377 1845/7016/2705
f 3995/7417/4794 815/1365/1252 3996/7418/4795
f 2345/4063/3351 3640/3791/3175 2832/5006/1032
f 1877/3218/2747 1878/3220/2749 3254/5883/4331
f 2163/3736/3132 1121/1890/1711 2298/7419/3304
f 3473/6345/4524 1877/3218/2747 3254/5883/4331
f 3014/5405/1313 450/1587/693 3379/5406/4105
f 4015/7420/2078 2120/1564/1421 2909/5174/3988
f 3997/7421/3845 4209/7422/1951 3998/7423/642
f 2874/7031/3947 1772/3045/2626 1900/7285/2782
f 316/520/471 315/519/470 589/1000/922
f 652/1094/1009 3456/6448/4503 3316/6017/4395
f 3999/7424/2045 3541/6504/4571 4000/7425/3944
f 3861/7426/4739 2419/4202/3438 4071/7427/1326
f 3833/4313/3513 2480/4312/3512 4001/7428/4796
f 2491/5229/2220 1964/7429/2222 1707/2922/2530
f 877/7430/1329 1277/2156/1932 878/5232/1330
f 2337/4049/3341 319/7431/477 717/7432/476
f 258/417/372 4188/4640/3699 2642/4639/3698
f 2109/3628/943 1448/2465/2187 4002/7433/4045
f 1262/2134/1912 2563/7434/1899 4003/7435/4797
f 1935/3318/2824 416/701/645 604/1026/944
f 2258/7307/3214 3638/5037/3919 902/1505/1371
f 1692/2900/2512 2377/4123/1199 1693/2901/2513
f 2667/4680/3723 1835/4682/2693 2628/4909/2695
f 4004/7436/4161 1138/1910/1729 806/1351/1241
f 4005/7437/4643 3463/7438/4511 4285/4065/3353
f 4437/1889/1710 2298/7419/3304 1121/1890/1711
f 2979/5316/4065 2607/4574/3662 1747/3000/2595
f 1377/2334/2087 4006/7439/3924 4766/1653/1498
f 4007/7440/1781 1754/7441/2605 3777/6974/4699
f 4008/7442/1674 595/1009/928 376/636/582
f 835/1401/1283 3523/6470/4562 448/748/691
f 165/266/221 167/268/223 2750/4830/3811
f 2912/7443/3989 2911/302/257 4009/7444/4798
f 1936/3319/2825 4359/7445/3921 3655/6742/3922
f 3991/1648/1493 4010/7446/2863 1963/1649/1494
f 3734/7447/4682 681/1143/1054 680/1142/255
f 3353/7448/1844 1658/2829/2460 2991/6928/4081
f 3353/7448/1844 2991/6928/4081 4011/7449/2546
f 2125/3660/3080 3946/7327/4778 3313/6014/4392
f 155/248/203 238/7450/335 1807/249/204
f 4012/7451/3114 3743/6901/4685 4010/5340/2863
f 2398/4167/3412 2400/4169/3216 3969/915/847
f 4791/7452/2752 1879/7453/2751 870/1449/613
f 1119/7454/1708 4651/4164/1707 3500/7455/4542
f 4013/7456/2299 3529/6481/4564 1539/2614/2302
f 3872/7170/4745 4014/7457/4799 777/1299/1195
f 634/1066/983 1071/1806/1636 339/559/508
f 3853/6809/4091 4015/7458/2078 1372/7459/2077
f 2409/4185/3422 3794/6997/4705 2769/4873/3836
f 2532/4424/3576 4016/7460/4800 1059/1784/1617
f 2945/5240/4025 569/959/890 570/961/892
f 3390/6155/4449 535/897/829 534/896/828
f 3316/6547/4395 534/896/828 4017/7461/747
f 4860/2991/2588 2383/7462/3400 1475/2513/2227
f 4018/7463/4590 289/469/420 290/471/422
f 3058/5483/4145 2673/5485/2923 3606/7464/3729
f 2149/3061/2638 4019/7465/3108 3244/5863/4322
f 196/314/269 195/313/268 3812/7041/4719
f 1750/3003/2598 1896/3252/2775 4020/7466/4801
f 1395/2364/2109 3751/1811/1641 1075/1810/1640
f 4460/7467/4802 4932/7468/3818 1457/2475/2197
f 3885/7199/4749 3388/6152/4447 3886/7200/4128
f 3061/5488/2403 1493/2538/2245 1495/2540/2247
f 3370/6120/4431 1998/3427/2906 1726/6121/2560
f 2134/4441/3088 2542/4443/3589 2732/4792/3788
f 2134/4441/3088 2732/4792/3788 4021/7469/3232
f 768/4293/1181 3312/6011/2565 1916/3291/2805
f 4530/7470/4803 4206/7471/4804 3433/6246/4485
f 4220/7472/4805 1781/3057/2634 4713/2624/2310
f 3794/6997/4705 2099/3138/2690 1832/3140/714
f 1057/1782/1615 1075/1810/1640 1504/2552/2257
f 3183/5737/4260 4147/3967/3294 4022/7473/4510
f 4471/5057/3928 4165/4292/3499 1876/3216/2745
f 4384/7474/3290 3841/6446/3289 2894/7475/3973
f 1748/3001/2596 1903/3266/2786 1142/1917/1736
f 4787/7476/4686 4786/5301/4057 4023/7477/4806
f 446/743/686 4024/7478/4807 1409/7479/2127
f 3296/5972/4372 3697/3245/2769 1891/3247/2770
f 4698/5995/4383 3902/7238/4756 1992/3417/2898
f 4025/7480/4036 1488/2529/2239 3988/7481/4791
f 3919/7272/4766 3453/6296/4499 343/7030/520
f 4719/3126/2679 1080/7482/1646 4387/3127/2680
f 1079/1817/1645 1078/1816/1644 1092/4239/1666
f 2539/4439/688 1428/6567/2160 1940/3328/2833
f 2928/5210/2731 1291/4550/1957 2596/4551/3646
f 4955/7483/4587 4026/7484/4741 1727/2964/2562
f 3727/6876/1531 4027/7485/3859 1733/7486/2574
f 2184/3775/3160 2502/4363/3541 2123/3656/3077
f 755/1259/560 1367/2317/2072 1366/2316/2071
f 268/7487/386 4028/7488/1482 3701/6822/3163
f 584/5388/916 690/1155/1065 2420/4203/3439
f 673/7095/1042 4911/2345/2094 3822/7059/4724
f 2153/7489/3113 2865/7490/3937 4029/7491/4808
f 4933/7492/4809 3314/7493/4393 4620/5407/4106
f 3624/6679/2984 4605/4611/3218 2857/5049/3926
f 325/536/486 3917/7270/4765 4861/537/487
f 3717/6855/4676 3591/6609/4602 3237/5842/4311
f 2485/4320/3517 593/4319/927 781/1304/1200
f 3899/7231/4227 3554/7494/4584 2213/7495/3198
f 4307/7496/4810 4020/7466/4801 4030/7497/3231
f 3391/6156/4450 3392/6158/3377 3916/7498/4764
f 2349/7499/3356 4578/21/20 18/28/23
f 3672/6771/4650 780/1302/1198 4568/7500/4811
f 1576/2673/2346 124/7175/152 1577/2674/2347
f 3202/5767/4277 4031/7501/3403 4032/7502/2509
f 4582/7503/4812 182/290/245 2600/4559/3651
f 4667/1523/1388 893/7504/1352 894/6563/1354
f 1080/7505/1646 1810/3101/2663 4388/7506/4813
f 4822/565/514 4170/567/516 1659/2830/2461
f 4129/7507/4073 4901/7508/4814 4257/7509/4815
f 918/1532/1394 1388/2355/2102 919/1533/1395
f 3287/5954/163 935/7510/1417 4691/7511/164
f 3213/5791/4287 1706/2281/2043 2591/4542/3639
f 3356/2792/2437 4033/7512/417 4078/2793/2438
f 3521/6465/4223 1095/1841/1669 4750/5974/4374
f 3297/7304/4373 4455/4534/3634 4034/7513/4816
f 2619/4594/3677 4035/7514/4817 3613/6661/4619
f 3877/4785/3785 3324/7515/4403 203/327/282
f 3065/4386/3554 4036/7516/4150 2512/4387/3555
f 1010/1707/355 1012/1709/1550 4686/7003/4708
f 1948/3344/2848 2167/3742/3136 1949/3345/2849
f 3765/2681/2353 2504/4365/3543 505/846/780
f 3426/5862/4321 3272/5881/4329 1270/2147/1923
f 3187/40/31 26/39/30 511/856/790
f 356/595/544 3855/7129/908 578/1691/907
f 3153/5672/4231 1009/5674/1548 2322/7517/3321
f 4037/7518/4443 19/6828/24 3305/5999/4384
f 973/1639/1484 975/1641/1486 3639/6711/2966
f 3548/6517/4577 4038/7519/4153 3399/2918/2527
f 1441/1096/1011 3777/6974/4699 653/1097/1012
f 4039/7520/4306 3695/1159/1069 693/1158/1068
f 3621/6670/4623 490/823/760 3622/6671/4624
f 4040/7521/3176 2198/3795/3178 4041/7522/2902
f 396/672/616 3680/7523/4654 397/673/617
f 1726/2962/2560 952/1596/1448 4415/5742/4263
f 4042/7524/3435 4670/7525/2837 461/7526/717
f 4043/7527/3448 4752/1114/1029 2321/1113/1028
f 3222/5814/4296 1908/3271/2791 1909/3272/2792
f 3743/7528/4685 4044/7529/4083 1302/2204/1976
f 583/988/915 818/1371/1257 584/989/916
f 1546/5105/2309 1841/3154/2700 4220/7530/4805
f 1680/7531/1929 2407/4182/3421 4045/7532/1927
f 3801/7011/4710 3603/6641/4614 3802/7012/4711
f 397/673/617 3680/7523/4654 4046/7533/3146
f 2753/4840/3816 607/5073/950 2754/4841/949
f 3376/6130/4436 3913/281/236 2688/7534/3744
f 4709/5959/4365 4047/7535/1173 183/292/247
f 2140/5799/3097 592/1004/925 1200/2023/1823
f 2170/3746/3140 495/829/763 976/7536/1487
f 1519/2580/2277 187/7001/253 4048/7537/1122
f 739/1236/1138 740/1237/1139 4631/1349/1239
f 3078/5524/4165 1266/2140/429 3079/5525/1431
f 2275/7538/3276 4646/5364/4088 468/785/724
f 550/5279/851 2960/5280/4044 4845/3204/2734
f 1765/7539/2615 1764/6850/2614 323/533/483
f 1112/1876/1700 4049/7540/1725 3138/5641/4220
f 1112/1876/1700 3138/5641/4220 1113/1877/1701
f 4040/7107/3176 3358/6097/4421 3475/6098/4422
f 258/417/372 2642/4639/3698 4050/7541/4818
f 3119/7542/4202 3671/7543/4649 4051/7544/4514
f 2399/7545/2103 1390/1120/1035 2400/3850/3216
f 2658/3573/3014 4253/5825/4303 1953/981/604
f 1301/2203/1975 529/889/823 4052/7546/3025
f 3123/5613/4205 1086/7547/1658 3527/6479/1657
f 1534/2607/2296 2368/4099/3379 4053/7548/4819
f 163/263/218 257/6085/371 259/1796/373
f 2622/6263/3679 3441/6262/4492 4054/7549/4820
f 4055/7550/4821 4056/7551/4822 1576/2673/2346
f 2031/3485/130 2409/4185/3422 4057/7552/4823
f 4058/7553/4824 2861/7554/3933 4059/7555/2136
f 3213/5791/4287 3399/6173/2527 1706/2281/2043
f 1813/6722/2670 1538/2613/2301 3646/6723/4636
f 898/2299/1361 582/987/562 2703/7556/3764
f 1785/3062/2639 1647/2807/2447 4119/4204/3440
f 1384/2837/2098 2081/3582/3022 3095/5551/4173
f 1385/7557/2099 1384/2837/2098 3095/5551/4173
f 4060/7558/4825 4897/7559/3056 4061/7560/4826
f 4835/7561/4123 522/1481/809 523/7562/811
f 4779/7563/1180 4496/7564/4827 4467/7565/3502
f 3701/6822/3163 3702/6824/3060 268/7487/386
f 4062/7566/4415 619/1047/965 2324/1049/967
f 4801/3731/3127 960/1612/1462 2021/7567/1112
f 1139/1911/1730 1397/2366/2111 3396/6168/4456
f 3509/7568/4320 1202/7569/1825 581/7570/914
f 1296/2195/1967 2095/3607/3041 1677/7275/2493
f 4263/7571/4722 2858/5535/3927 3842/5537/2226
f 4063/7572/1468 4844/5539/1470 4374/7573/3977
f 4487/6079/4417 3538/2565/1080 4488/2564/2266
f 2727/6833/3784 2726/7574/3783 2802/7575/3866
f 21/31/26 2915/5182/3357 13/16/15
f 4064/7576/4828 4065/7577/4829 4066/7578/4003
f 4244/799/737 4067/7579/4465 370/629/576
f 1664/2836/2467 4298/2871/2490 2082/3583/3023
f 3418/6218/4476 4068/7580/4305 3419/6219/4477
f 2779/7581/3847 1357/4137/2054 2780/4136/3401
f 3891/7582/4750 4069/7583/2097 2004/3436/2914
f 475/797/735 4757/796/734 1829/3136/2688
f 3636/4660/3712 2655/4662/3714 3578/5414/4109
f 2470/4295/3501 1708/2924/2532 2635/4627/3691
f 3284/5948/397 276/6575/399 1351/2284/2044
f 3770/6963/4059 3769/7584/4565 734/7585/1133
f 4070/7586/3981 736/1233/1136 4757/796/734
f 1506/2556/2259 4071/7587/1326 4685/7588/4280
f 2410/7589/3423 273/440/395 272/439/394
f 3333/7590/4408 3510/6954/4552 3509/7591/4320
f 1752/3008/2603 1753/3010/2604 577/976/906
f 2716/4767/2927 4072/7592/3131 2116/3644/3069
f 2716/4767/2927 2116/3644/3069 2717/4768/3774
f 2332/7593/3332 2864/7594/3334 2294/7241/2968
f 1362/2309/2065 2794/4921/3858 1363/2310/2066
f 2445/4251/3470 1690/2896/2508 2446/4252/3471
f 4135/4401/1759 135/218/173 1848/3164/2624
f 4769/1656/1501 1561/1658/1503 4563/1997/1805
f 3613/6661/4619 4073/7595/4286 3614/6662/4285
f 2517/7596/3462 4527/3598/3034 2089/3597/3033
f 4054/7549/4820 4074/7597/4830 885/1473/1340
f 2873/7598/3371 4075/7599/4831 3441/6262/4492
f 1133/1904/1723 241/386/341 4076/7600/4832
f 3924/5058/3929 2096/3609/3042 2098/3611/3044
f 2892/5126/3970 4077/7601/4833 670/1123/1038
f 1155/1939/1755 679/1941/1053 678/6754/1052
f 1955/3353/2854 1444/2458/2180 4559/2460/2182
f 4134/7602/4834 3170/5711/4221 3521/7603/4223
f 2973/7604/4056 3277/2254/2020 4242/7380/2221
f 4078/7605/2438 4894/7606/2875 4595/7607/4835
f 1666/2842/2471 987/7009/1513 4225/2843/2472
f 3607/6650/4616 2808/4961/3873 1789/4960/2643
f 4079/7608/4836 4402/7609/4319 4080/7610/4379
f 4389/3618/3050 3362/6105/4426 703/1177/1085
f 4441/3491/2952 1768/3493/2619 2951/7611/4032
f 4081/7612/4555 4416/6617/4605 3512/6616/4556
f 4082/7613/4837 3480/6362/4528 2179/3767/3155
f 1039/1754/1591 932/1557/1414 3286/5950/4362
f 1484/7614/2235 4899/3187/2722 231/372/327
f 4083/7615/3709 2238/3875/3237 2651/3874/3236
f 4084/7616/3220 1307/2214/402 1309/2216/1987
f 1494/2539/2246 4789/5259/4035 4081/6433/4555
f 2332/7593/3332 2294/7241/2968 867/7617/217
f 1814/3112/2672 1681/2880/2497 1578/2675/2348
f 3999/7424/2045 2070/3560/3004 3541/6504/4571
f 1184/7618/1803 4955/7483/4587 2401/2963/2561
f 2584/4526/3629 2583/4525/3628 1714/2937/2540
f 3241/5854/4317 2828/7619/3898 4085/7620/4838
f 2770/4959/3837 2568/4958/3616 3753/6925/4692
f 1687/2890/2503 4241/2892/2505 2276/6375/3277
f 4440/7621/2053 708/7622/1091 2869/5077/1401
f 2057/3537/2987 927/1549/1407 1920/3295/2808
f 4086/7623/4839 4087/7624/945 4088/7625/1955
f 2069/3559/3003 1098/1847/1675 4008/1846/1674
f 4389/7626/3050 1928/3309/2820 1809/3100/2662
f 2317/4014/3320 1732/2973/2571 512/859/793
f 810/7627/1248 336/554/504 811/553/503
f 3617/7628/4620 2707/7629/3374 4089/7630/2877
f 3255/5885/4332 3533/6490/4567 1298/2200/1972
f 2111/3833/3061 3082/5528/4167 2219/3834/3115
f 4194/4731/3751 4833/3820/3195 2211/3822/3197
f 3151/5670/4229 2473/7631/3506 3195/5754/4270
f 3515/3774/3159 194/3988/267 2601/4562/3653
f 488/821/758 1110/1874/1698 489/822/759
f 4964/7632/3703 3112/5590/2954 3291/5960/2797
f 1707/2922/2530 1964/7429/2222 3763/2923/2531
f 1436/2442/2169 2888/3325/2830 4786/7633/4057
f 4410/1843/1671 4090/7634/4596 2351/4072/3359
f 2572/3324/2829 1436/2442/2169 299/2441/437
f 943/1577/1434 4544/7635/4840 2629/4615/3686
f 50/75/63 4871/68/58 45/67/57
f 552/921/853 4076/7600/4832 291/472/423
f 206/5907/286 1729/2966/2564 3022/7636/4115
f 4739/3069/2645 4738/7637/4841 4091/7638/4842
f 4739/3069/2645 4091/7638/4842 1791/3070/2646
f 101/159/123 2157/3555/3000 102/160/124
f 3269/5919/3940 3780/5064/3935 2862/5063/3934
f 4000/7639/3944 4938/7015/4713 2873/7598/3371
f 1866/7640/2735 4092/7641/896 573/7642/897
f 4886/4453/3596 2854/7643/3923 1226/7644/1857
f 1165/3686/1777 763/1276/1174 4047/1275/1173
f 4093/7645/4721 4731/7646/4843 3117/5599/4200
f 4485/5598/4199 4093/7645/4721 3117/5599/4200
f 2390/4148/3407 1141/1914/1733 3585/6593/4597
f 4943/4299/3057 2472/4301/3212 2970/7647/4053
f 2928/5210/2731 1419/5209/2148 3800/7007/3690
f 538/900/832 537/899/831 3288/4852/3736
f 3220/7648/4293 4709/5959/4365 2640/291/246
f 1670/2858/2485 979/4996/1496 1671/2859/1495
f 345/574/523 4094/7649/4304 2994/7650/4085
f 706/1181/1088 4788/1183/1090 4095/7651/2964
f 4253/5825/4303 285/979/411 1953/981/604
f 3289/5957/4363 551/920/852 3535/7652/4569
f 269/433/388 789/1319/1213 270/434/389
f 4096/7653/2414 3982/7654/3498 4097/7655/2748
f 2319/4018/666 2947/5246/4028 2028/4016/743
f 2918/5188/3995 543/908/840 544/910/842
f 1652/2814/2452 504/3999/779 4098/7656/778
f 2475/4307/3508 788/1317/1212 1206/2033/1832
f 1275/2154/1930 4542/4577/3664 1752/3008/2603
f 321/528/479 4099/3195/2727 624/6999/973
f 13/6059/15 27/41/32 23/34/29
f 1105/7657/1686 1889/7658/1685 4214/7659/4844
f 3101/5568/4180 577/976/906 3855/978/908
f 4375/7660/4845 319/7431/477 2337/4049/3341
f 1141/1914/1733 4304/1913/1732 3985/7405/4790
f 4851/1565/1422 4099/7661/2727 4100/7662/2583
f 4101/7663/4846 603/1024/942 4102/7664/4847
f 4312/7665/4137 1568/7666/2335 2272/7667/3272
f 1457/2475/2197 3860/2477/2199 4103/7668/615
f 3287/5954/163 701/7669/465 935/7510/1417
f 1207/2034/1833 2148/3703/3106 2316/4013/3319
f 2737/4797/3792 4104/7670/4848 4105/7671/4849
f 2505/4366/3544 2237/3873/3235 4266/4367/3545
f 2495/4347/3532 4106/7672/4455 819/1373/1259
f 3327/3719/3119 2202/3806/3187 609/1036/954
f 3327/3719/3119 609/1036/954 3954/7673/4780
f 2036/3490/2951 4107/7674/2458 4853/7675/4850
f 638/1070/987 4108/7676/2477 4588/7677/4851
f 911/7678/1384 4292/5230/4020 801/1344/1235
f 4297/5318/4066 1490/2532/2241 3815/7679/4720
f 3902/7238/4756 4564/7680/4852 1403/2379/2120
f 3902/7238/4756 1403/2379/2120 1404/2380/2121
f 3414/6167/4409 3194/5753/4269 2709/4756/3768
f 1495/2540/2247 1494/2539/2246 4081/6433/4555
f 4109/7681/67 4556/7682/4853 4476/7683/4854
f 3274/5925/4350 4433/3784/3168 2436/4232/3459
f 3346/403/358 3207/402/357 478/803/741
f 4110/7684/4327 956/2321/1455 3751/6920/1641
f 4111/7685/1120 4707/6684/4627 1082/1825/1653
f 4112/7686/3350 4149/6026/4401 978/1647/1492
f 2119/3648/3072 4856/6637/4612 3393/6159/4451
f 1054/1779/1612 4597/1778/1611 2222/7384/3208
f 1796/2703/2370 153/243/198 152/242/197
f 3108/1894/1713 159/3412/210 4394/1510/1376
f 2347/4066/3354 4488/2564/2266 1510/2563/2265
f 3906/7247/4759 3905/7246/4758 4113/4371/4855
f 3907/7248/4760 3906/7247/4759 4113/4371/4855
f 4020/7466/4801 1896/3252/2775 1895/3251/2774
f 4082/7613/4837 2179/3767/3155 2180/3768/3156
f 4114/7687/4666 4115/7688/4856 4116/7689/4190
f 1769/2146/1922 1271/2148/1924 4792/3940/3278
f 3794/6997/4705 2248/4184/3250 2099/3138/2690
f 3191/5749/3638 347/577/526 2771/7690/3838
f 828/7691/1272 2558/4478/884 1571/2664/2338
f 2548/1229/214 2519/4406/3563 2549/7692/3597
f 3155/4825/3807 3343/6061/4412 4117/7693/4233
f 350/581/530 2049/3520/2973 438/730/673
f 649/1090/1005 1863/3199/1220 794/5522/1222
f 936/1561/1418 813/1363/1250 815/1365/1252
f 1532/2599/2289 726/5307/1118 725/7694/1117
f 980/1652/1497 3450/6285/4497 79/120/98
f 980/1652/1497 79/120/98 77/117/96
f 1638/2785/2432 224/359/314 3043/5464/917
f 3960/7695/4781 717/7432/476 1980/7696/1105
f 1107/1868/1693 4744/3290/2804 4211/3289/2803
f 3571/6565/3802 2402/4171/3413 2401/4170/2561
f 835/1401/1283 837/1403/1285 3523/6470/4562
f 441/735/678 876/1459/1328 442/736/679
f 4118/7697/4857 4088/7698/1955 2944/5237/4024
f 1172/1979/1789 4119/7699/3440 2343/4057/3348
f 3069/61/51 4916/7700/4155 2494/4346/3531
f 4943/3625/3057 4120/7701/4858 4121/7702/280
f 4122/7703/340 713/1193/1098 1683/2882/880
f 3897/7224/4753 2744/4812/3798 1447/2464/2186
f 4123/7704/4859 4828/7705/2283 3486/6369/2056
f 4124/7706/4516 4125/7707/4515 4492/7708/4860
f 3651/7709/4048 4591/2028/1827 4354/7710/4861
f 4126/7711/3035 2755/1585/1442 4932/7712/3818
f 3218/622/569 1952/3350/909 4453/620/567
f 2730/7713/3786 613/7714/959 4127/7715/958
f 4171/7716/4862 4128/7717/704 3173/5717/4247
f 2676/4325/3522 823/4327/1264 3698/7718/1263
f 4841/7719/3833 2174/7720/3144 2932/5215/4011
f 3372/7721/4433 4913/4361/3539 3359/6100/4423
f 4901/7722/4814 4129/7723/4073 4130/7724/4075
f 4131/7725/45 39/7726/48 1756/7727/2606
f 992/7728/1519 4152/2551/2256 1346/2275/2038
f 773/1292/1189 4401/1291/1188 3861/7142/4739
f 669/1122/1037 671/1124/1039 2607/4574/3662
f 2474/4306/3507 3222/5884/4296 2984/5327/4070
f 4726/7729/1382 4727/4558/3650 2562/4560/1383
f 2154/3717/3117 3518/3716/3116 750/1251/1153
f 2302/1916/1735 4132/7730/3914 1142/1917/1736
f 3090/5544/4170 3089/5543/3598 1062/1791/1622
f 1146/1923/1741 1147/1925/1743 2993/5323/4068
f 3635/7731/2702 3634/7732/4634 1751/7733/2599
f 4250/4669/3716 4564/7680/4852 3902/7238/4756
f 2779/7734/3847 4800/7735/4863 2870/5078/3941
f 1867/7736/2736 4133/7737/4864 3042/5462/4133
f 4134/7738/4834 3521/7739/4223 2982/7740/4069
f 3824/7064/4727 3823/7063/4209 3133/5632/4215
f 1406/7330/2123 2637/5451/3693 3474/6346/4525
f 4448/2971/2569 922/1540/1402 4038/5498/4153
f 3309/6005/2974 2050/7741/2976 442/736/679
f 4135/7742/1759 4136/7743/920 2516/7744/836
f 4137/7745/4865 2819/7746/3887 4753/7747/4355
f 3163/6031/4239 2329/4033/3328 4138/7748/4240
f 3775/6972/2258 169/271/226 1505/270/225
f 3307/6002/4386 3879/7186/393 3125/5616/444
f 1683/2882/880 4365/6815/4665 4315/2883/2499
f 4883/236/191 1266/478/429 149/237/192
f 1485/7749/2236 1487/5646/2238 1327/2246/2013
f 3623/7750/4626 4160/6394/4537 4898/50/40
f 2404/4177/3416 4809/7751/2930 2940/5233/4021
f 1108/4666/1696 3960/7752/4781 2657/4667/2884
f 4594/7753/3793 3716/6853/2329 1906/3269/2789
f 388/653/599 4287/652/598 2841/5018/3665
f 621/1050/968 622/1051/969 3530/6484/4157
f 4139/7754/1847 2313/4008/1786 2312/4007/3317
f 4811/1645/1490 2161/7755/3129 977/1646/1491
f 2798/7756/3862 3796/7000/4706 3806/7379/3556
f 693/1158/1068 694/1160/1070 4929/7757/3971
f 4140/7758/3534 3149/5667/3533 1880/3224/2753
f 653/1097/1012 2325/4029/3324 1420/2413/2149
f 4093/7645/4721 4141/7759/572 4102/7664/4847
f 236/378/333 3811/7760/4718 4142/7761/4762
f 37/54/44 4898/50/40 2663/4675/3720
f 3100/5565/4177 744/1244/1146 746/1246/1148
f 2370/5251/3382 2950/5253/4031 2753/4840/3816
f 1966/3371/2866 1585/2272/2035 1345/2274/2037
f 4143/7762/2137 1812/3107/2668 4353/7763/3986
f 763/1966/1174 3553/6525/4583 2972/5298/4055
f 1271/2148/1924 2415/4192/3429 2277/3941/3279
f 4144/7764/4866 3682/6792/4656 3681/6791/4655
f 4145/7765/4418 4838/1857/1683 2782/7766/3849
f 4814/7767/167 2588/4535/988 93/148/114
f 1966/3371/2866 1967/3372/2867 4146/7768/4867
f 3123/5613/4205 4802/5612/2582 320/7769/478
f 960/1612/1462 1258/1611/1461 2021/7567/1112
f 968/1628/1476 2155/6034/3118 4147/7770/3294
f 2428/4217/3450 3424/6228/4480 2448/4256/3474
f 1500/2545/2252 3774/6967/4697 686/2546/1060
f 2248/4184/3250 4148/7771/3032 2099/3138/2690
f 2868/5074/3939 3780/6977/3935 3269/5075/3940
f 1977/3389/2725 2016/4690/2724 1187/2002/1807
f 481/810/748 2036/3490/2951 3854/7128/4737
f 2281/7772/3283 1602/2716/2378 1820/2715/2377
f 3618/6667/4621 4454/4510/3621 4149/7773/4401
f 860/502/453 306/501/452 140/2775/178
f 4150/7774/55 50/75/63 47/70/60
f 2838/5014/3904 2700/5013/3761 2701/7775/3762
f 2150/3708/3110 4196/3707/3109 4880/4544/3641
f 2865/7490/3937 4151/7776/3938 710/1187/1093
f 3532/6488/4566 4461/6487/854 2343/7777/3348
f 2347/4066/3354 3463/7438/4511 3575/7204/1740
f 1055/7778/1613 4152/7779/2256 992/1675/1519
f 255/6176/368 256/6646/370 1283/6177/1942
f 831/1396/1278 4153/7780/4868 1011/1708/1549
f 4067/7579/4465 3406/7781/4464 1469/2497/2214
f 1157/1948/1761 4089/7630/2877 2707/7629/3374
f 2617/4589/3673 2112/3634/1961 3951/4587/3671
f 3562/6550/4014 3721/6862/4678 2934/7050/4015
f 1108/4666/1696 2658/4668/3014 391/657/603
f 3532/6488/4566 3501/7782/3349 4695/7783/3038
f 3848/7118/2665 4154/7784/2667 4090/6589/4596
f 3086/5540/3735 3029/4105/3381 3087/5541/2681
f 2687/4722/3743 3315/6016/4394 2151/3709/3111
f 3660/6758/1162 4427/7785/4869 4155/7786/234
f 2281/7787/3283 4156/7788/2674 3010/7789/3974
f 3533/6490/4567 2861/6489/3933 2860/7790/3932
f 1579/2677/2350 1758/1954/1767 1580/2678/2351
f 3971/1409/1290 2989/5538/4078 722/1206/1110
f 3579/6580/3601 1911/7791/2794 2846/5029/3915
f 2098/3611/3044 2097/3610/3043 2800/7792/3864
f 3565/6557/3579 3338/7793/3581 3337/2171/1945
f 1749/3002/2597 1748/3001/2596 1463/2487/2206
f 1208/7794/1834 2050/3523/2976 3919/7272/4766
f 1888/376/331 1778/3054/2631 1889/3053/1685
f 4157/7795/3815 2123/3656/3077 2502/4363/3541
f 335/552/502 334/551/501 1176/6178/1793
f 4158/7796/4730 998/1683/1527 2771/7797/3838
f 3405/6187/4462 2132/3672/3086 4847/6164/4454
f 771/1288/1185 2324/4027/967 826/1383/639
f 798/1335/1228 4715/4801/3794 4879/7798/3343
f 3212/4829/3810 165/266/221 2750/4830/3811
f 3840/1220/1124 729/1219/1123 4159/7799/1585
f 694/5130/1070 3695/6808/1069 952/1596/1448
f 2430/4221/3451 743/1241/1143 3692/1243/1145
f 2907/5166/3985 35/52/42 34/51/41
f 2834/5009/3902 4758/6110/4429 4160/7800/4537
f 2834/5009/3902 4160/7800/4537 3623/6678/4626
f 4061/7801/4826 2970/7802/4053 4161/7803/3676
f 1420/2413/2149 2325/4029/3324 2328/4032/3327
f 920/1536/1398 429/718/661 1104/5677/1684
f 470/788/727 4550/7226/4244 471/789/728
f 1357/4137/2054 709/3083/1092 1799/3085/2653
f 3554/6529/4584 454/759/700 2213/3824/3198
f 2742/7804/2365 3463/7438/4511 4005/7437/4643
f 1311/2219/1990 1685/1296/1192 2010/3451/2924
f 2871/7805/3942 4743/688/632 3915/7266/4763
f 3486/6369/2056 4828/7705/2283 1359/7806/2057
f 2221/3837/3207 1119/1887/1708 3596/6619/3306
f 3716/2651/2329 4341/5912/4343 1353/2287/2047
f 4162/7807/4870 1499/7808/2251 2237/3873/3235
f 4162/7807/4870 2237/3873/3235 2505/4366/3544
f 4541/2457/2179 3198/5365/4089 2406/4179/3418
f 2673/4697/2923 3511/6431/783 2674/4698/3730
f 1020/1718/1559 2863/5066/3936 3819/7053/3578
f 1704/5759/2526 3711/6843/4671 4163/7809/1166
f 826/1383/639 2324/4027/967 3676/6785/4652
f 4475/7810/4871 4164/7811/4872 619/1047/965
f 4931/689/633 409/691/635 2855/5047/3925
f 2715/4766/3773 2714/4765/3772 1431/2433/2163
f 789/7812/1213 3612/2279/2041 270/2278/389
f 129/210/165 949/5553/1444 131/214/169
f 1047/7813/1602 2907/5166/3985 28/43/33
f 910/7814/858 2562/4482/1383 2561/4481/859
f 3766/6958/1051 3465/804/742 478/803/741
f 3936/7306/4776 4904/4491/3613 3348/4490/3612
f 4256/5988/4126 3468/7815/4519 3357/6093/4420
f 2280/3948/3282 687/1151/1061 175/282/237
f 2299/3985/3305 817/1369/1255 818/1371/1257
f 4710/7816/4873 968/1628/1476 2169/7817/3138
f 4096/2760/2414 3336/5180/3991 430/719/662
f 437/727/670 4850/3576/3017 353/5505/537
f 555/929/861 437/727/670 353/5505/537
f 4052/3587/3025 529/7818/823 107/176/131
f 1492/7819/2244 3177/5729/4254 3317/6762/4396
f 3109/5587/4193 3821/6381/4532 1179/6980/1797
f 4165/7820/3499 526/883/817 1803/3089/2621
f 723/1207/1111 1383/1209/1113 3734/6887/4682
f 2254/3899/3255 4166/7821/3265 4312/5468/4137
f 2877/7822/3950 4082/7613/4837 2180/3768/3156
f 3500/7455/4542 3057/5482/4144 3812/7041/4719
f 2790/6286/3854 723/1207/1111 3734/6887/4682
f 4094/7649/4304 3920/7823/2319 2994/7650/4085
f 912/1521/1386 4648/1520/1385 583/7824/915
f 4547/7825/4874 3997/7826/3845 4167/7827/4668
f 1858/3185/2721 1306/2213/1985 3120/5604/4203
f 1187/2002/1807 4793/4692/3728 1188/2003/1808
f 1454/2471/2193 2292/3972/3298 1455/2472/2194
f 832/1397/1279 1011/1708/1549 4168/7828/2178
f 4122/7703/340 1902/3265/339 713/1193/1098
f 4938/7015/4713 3804/7014/4712 4075/7599/4831
f 4169/7829/515 3967/7830/4640 4170/7831/516
f 390/7832/602 3832/7084/4729 3248/7833/4326
f 2950/5253/4031 607/5073/950 2753/4840/3816
f 3031/5439/1254 3088/5542/4169 3032/5440/4120
f 1227/7834/1858 1226/7835/1857 4748/2628/2314
f 4855/7836/4406 4128/1421/704 4171/7837/4862
f 913/7838/1389 2613/4584/3669 4945/7839/4875
f 2160/3732/3128 4172/7840/4876 4962/5119/3965
f 2912/7443/3989 4009/7444/4798 4173/7841/3644
f 4523/7842/4877 1443/2455/2177 3276/5359/4084
f 4174/7843/3874 144/227/182 146/229/184
f 1893/3249/2772 1552/6743/2317 1894/3250/2773
f 942/1573/1430 2194/7844/3173 3079/1574/1431
f 1768/3493/2619 1137/7845/1728 2951/7611/4032
f 1723/2956/2554 2260/2955/2553 1460/1253/1155
f 3694/6807/3293 1937/3321/2827 4755/3320/2826
f 3214/5795/4288 341/561/510 3434/6247/3460
f 1073/1808/1638 617/3064/963 1074/1809/1639
f 4175/7846/4600 28/43/33 30/45/35
f 4176/7847/353 1010/1707/355 4686/7003/4708
f 4176/7847/353 4686/7003/4708 3625/7848/4628
f 1286/2174/1947 2451/4259/3477 1287/2175/1948
f 2958/7849/1518 4078/7850/2438 4595/7851/4835
f 1502/2549/2254 4177/7852/4878 1503/2550/2255
f 173/616/231 4092/965/896 4178/7853/232
f 2734/4794/3790 4179/7854/1466 965/7855/1467
f 4180/7856/575 4181/7857/1996 1757/3015/2607
f 1619/7858/2404 3660/6758/1162 4763/3552/2998
f 3618/6667/4621 2510/4382/1190 264/4381/379
f 1770/1947/1760 2774/3264/2785 3166/1945/1758
f 4664/1976/1787 2313/1975/1786 4139/2051/1847
f 3985/7859/4790 3178/5730/4255 3413/1722/1562
f 3747/6936/4688 1696/2904/2516 1695/2903/2515
f 2749/4826/3808 2335/4046/3339 302/494/445
f 1131/1902/1721 4699/2210/1982 4182/7860/4879
f 4055/7550/4821 1314/2224/1995 1313/2223/1994
f 4055/7550/4821 1313/2223/1994 4056/7551/4822
f 585/994/918 415/700/644 4329/5621/4208
f 4088/2182/1955 1289/2181/1954 1279/2159/1935
f 4614/7861/4435 4473/7862/3907 4183/7863/1474
f 4191/7864/2290 2743/3693/3099 3939/3695/3101
f 3298/5976/4376 396/672/616 2341/4055/3346
f 3049/5473/4139 4184/7865/4880 1569/2661/2336
f 236/378/333 4142/7761/4762 237/379/334
f 4185/7866/3018 3077/2063/1856 4827/627/574
f 2415/5924/3429 3930/7291/4771 2416/6300/3430
f 591/1003/924 381/644/590 383/646/592
f 3435/6248/4486 2573/4507/3619 1736/2980/2578
f 1796/3078/2370 863/1441/1314 4521/7867/4881
f 1139/1911/1730 1138/1910/1729 1622/4397/2408
f 1248/2106/1890 2574/4508/3620 4186/7868/1258
f 4285/4065/3353 3463/7438/4511 2347/4066/3354
f 3056/5481/4143 4187/7869/3700 4188/7870/3699
f 2300/3836/3007 2073/7298/3006 1728/2965/2563
f 1516/2574/2271 748/1248/1150 2995/7871/4086
f 4189/7872/2912 1787/6327/2641 3319/6329/4397
f 536/898/830 1784/3060/2637 1228/2066/1859
f 85/133/86 1254/142/111 360/7873/104
f 180/287/242 1489/2530/2240 674/288/243
f 3550/6520/4580 2937/5224/4018 3937/6608/4601
f 3156/5680/4234 4117/5679/4233 3770/5305/4059
f 1717/7874/2463 1660/7875/2462 2129/3668/3084
f 2474/7876/3507 2799/4934/3863 3221/7877/4295
f 4190/7878/3593 4191/7879/2290 4192/7880/3248
f 1859/7881/1592 4193/7882/1594 3449/6282/4496
f 2560/4480/3607 2196/3421/2901 1251/2112/1896
f 4404/4499/3617 4321/7883/4882 2569/4500/3618
f 821/1375/1261 1956/4230/2856 822/1376/1262
f 4194/7884/3751 3268/5918/4347 2862/5063/3934
f 4194/7884/3751 2862/5063/3934 4833/5065/3195
f 4431/4333/3525 2489/4335/3526 3300/5983/1695
f 4661/203/158 127/205/160 35/7885/42
f 3493/6389/4536 1314/2224/1995 4055/7550/4821
f 2810/4971/3877 2705/3230/2759 2704/4972/3765
f 4154/3106/2667 2351/4072/3359 4090/7634/4596
f 112/177/137 2114/3639/3066 2115/3640/3067
f 2771/7690/3838 347/577/526 4195/7886/3839
f 4196/7887/3109 4197/7888/4883 4880/7889/3641
f 1414/2394/2133 2933/5848/4012 3027/5435/4118
f 2835/5010/3903 2834/5009/3902 3623/6678/4626
f 3704/7890/4558 3970/7381/1207 2543/5510/3591
f 4198/7891/4672 4523/7842/4877 3275/7892/4351
f 3161/7893/4062 771/1288/1185 3411/1287/1184
f 1992/3417/2898 1404/2380/2121 739/1236/1138
f 4199/7894/3875 3828/3102/683 1081/6010/1648
f 1782/3058/2635 1105/1860/1686 1783/3059/2636
f 4200/7895/4228 1411/2389/2129 1410/2388/2128
f 2648/7896/3707 1808/7897/2661 1928/7898/2820
f 3462/7899/4094 2827/6139/3896 3380/6138/3260
f 1563/7222/2332 3897/7224/4753 1564/2463/2185
f 4201/7900/4278 4032/2897/2509 2278/3946/3222
f 252/410/365 254/412/367 2813/4975/3880
f 854/1428/1303 881/1467/1336 4202/7901/4884
f 3769/7902/4565 735/1231/1134 734/1230/1133
f 4136/996/920 3816/6413/4547 587/997/834
f 2821/7903/3889 4430/594/543 3280/6267/4356
f 14/19/18 2770/4959/3837 19/29/24
f 2060/3642/2992 4888/6430/4553 1191/7904/1811
f 4191/2600/2290 3939/7311/3101 1533/2601/2291
f 2806/4952/3870 4879/4052/3343 4203/7905/4603
f 254/412/367 2919/7906/3996 4204/7907/3472
f 2451/4259/3477 718/7908/1104 717/525/476
f 4205/7909/3157 2506/4369/3547 2507/4370/3548
f 3708/7910/4669 605/1029/947 2499/1028/946
f 4206/7911/4804 4637/6188/4463 4848/7912/4885
f 3466/6335/4517 2235/3866/3230 3467/6336/4518
f 1837/3147/2696 3187/5745/31 4636/3148/791
f 4397/655/601 283/453/408 4515/452/407
f 3517/6450/4357 1676/7913/2491 3251/5878/4328
f 4123/7704/4859 3486/6369/2056 2889/5122/3966
f 4706/2503/2219 1618/2746/2402 828/7914/1272
f 1933/3315/2823 2103/6312/3051 350/581/530
f 1207/2034/1833 2266/2036/1835 2148/3703/3106
f 4207/7915/2815 3143/7916/2816 3144/7917/4013
f 4208/7918/4315 1859/7919/1592 3449/7920/4496
f 4810/3800/3181 1496/2541/2248 4897/3624/3056
f 3771/7921/4696 3199/5762/4273 2654/4661/3713
f 4569/7922/3844 4930/7923/1949 4209/7924/1951
f 2712/2130/1908 4819/2132/1910 1618/6358/2402
f 1838/3150/2697 2590/4538/3636 2968/3151/2698
f 3745/6534/4586 1455/2472/2194 2370/4106/3382
f 4360/7925/4195 1480/2518/2230 1479/2517/2024
f 1303/6185/1978 3404/6184/4461 840/7926/1291
f 186/7927/252 4210/7928/254 4211/7929/2803
f 3455/6301/4502 4212/7930/4886 3390/6155/4449
f 2813/4975/3880 254/412/367 4878/7931/4251
f 2332/4038/3332 422/6598/653 2333/4039/3333
f 2959/5691/4043 2252/3897/3253 3126/5617/4206
f 2406/4179/3418 3585/6593/4597 3412/6203/4470
f 58/84/72 3341/6056/4411 56/85/73
f 4213/7932/2398 2736/4796/469 954/4011/1452
f 207/332/287 3023/5431/4116 3723/7933/4425
f 4214/7934/4844 1779/3055/2632 4481/7935/3748
f 4009/7936/4798 3994/7415/4793 4723/5783/4284
f 3010/7937/3974 2044/7938/2963 2281/7939/3283
f 3762/3124/390 1822/3125/2678 3816/7047/4547
f 4866/2408/2144 466/782/507 465/781/722
f 4051/6332/4514 3693/7940/4663 4125/6333/4515
f 2064/3550/2997 29/44/34 2663/4675/3720
f 259/418/373 3036/7941/4125 4756/7942/1627
f 2210/3819/2181 905/3818/1374 3238/7943/4312
f 1058/1783/1616 4882/1785/1618 1989/7944/2893
f 4215/7945/4726 4216/7946/4887 4452/7947/4725
f 129/210/165 2588/2308/988 4823/5552/838
f 2096/3609/3042 805/1350/1240 2097/3610/3043
f 2211/3822/3197 4832/3821/3196 1716/7948/2542
f 2682/1703/1546 4835/7949/4123 523/877/811
f 4701/4555/3648 2395/7950/3148 3062/5490/4147
f 3927/7286/1999 3630/6697/4632 2437/4234/3461
f 3137/5636/4218 4217/7951/3524 4344/7952/4754
f 2422/7953/3442 190/7954/262 1459/7955/2201
f 2552/7956/2410 4934/7957/3414 4218/7958/3946
f 3268/5918/4347 4194/7884/3751 3737/6893/3750
f 2603/6483/3657 150/238/193 621/1050/968
f 502/842/776 1281/2162/1938 1053/1777/1610
f 4004/5514/4161 481/810/748 1621/2750/2406
f 4219/7959/4572 1220/2057/1850 3419/6219/4477
f 213/5425/297 3019/5424/4112 3400/7960/4458
f 4220/7961/4805 3973/7962/2096 52/7963/66
f 4258/7964/4716 2083/7965/3024 2082/4349/3023
f 4221/7966/4888 1204/5021/1828 2405/4178/3417
f 4153/7780/4868 4109/7681/67 4476/7683/4854
f 1667/2844/2473 1626/2759/2413 432/721/664
f 1408/4619/2126 446/743/686 1409/7479/2127
f 4468/4261/3479 2883/7967/3961 3865/7154/3962
f 4565/5509/4159 2666/4679/3722 3072/5508/4158
f 626/1058/976 4706/2503/2219 1472/2502/2218
f 3904/7245/4757 658/1104/1019 4870/1106/1021
f 1122/1891/1712 820/1374/1260 1033/7324/1577
f 1134/1905/1724 1054/1779/1612 4049/1906/1725
f 1036/6217/1586 1474/2510/1234 1129/1900/1719
f 3489/7968/3840 2772/1730/1568 3494/1655/1500
f 684/1148/1058 3072/5508/4158 4114/7687/4666
f 2513/4390/3557 2006/7969/2918 2182/4391/557
f 4220/7472/4805 52/78/66 1781/3057/2634
f 2275/3938/3276 3488/7970/4531 2276/3939/3277
f 4118/7697/4857 2575/7971/3622 4086/7972/4839
f 3813/1290/1187 773/1292/1189 3154/5675/4232
f 2954/5264/4037 4222/7973/1203 3604/6642/276
f 4705/7974/4889 4907/7975/4890 4223/7976/2919
f 4224/7977/4299 4225/7978/2472 2649/428/383
f 1616/2743/2400 4933/7492/4809 4620/5407/4106
f 163/263/218 259/1796/373 2897/264/219
f 2931/5214/4010 4226/7979/4891 419/6874/649
f 754/1257/1159 3385/6149/4444 752/1255/1157
f 1134/1905/1724 1053/1777/1610 1054/1779/1612
f 4754/308/263 4029/7980/4808 1398/7981/2112
f 1152/5819/1751 2067/3557/1752 2066/3556/3001
f 2634/1509/1375 905/1508/1374 2209/7982/3194
f 1039/1754/1591 4774/1753/1590 932/1557/1414
f 1153/638/584 379/640/586 1777/2004/1809
f 4227/7983/2961 3975/7390/4786 1020/1718/1559
f 1915/865/799 4238/7984/4892 4228/7985/4893
f 4229/7986/4894 1166/7263/1778 540/903/835
f 2011/3453/2926 940/1567/1424 2716/3454/2927
f 3663/6761/4646 3662/6760/4645 2187/3781/3165
f 439/7987/674 1975/7173/2876 2327/7988/3326
f 288/3815/418 2207/3814/3192 3942/7318/364
f 1746/2999/2594 2979/5316/4065 1747/3000/2595
f 2612/7989/3667 3809/7990/1353 4230/7991/867
f 4924/7992/3726 186/7927/252 3653/6735/4391
f 797/7993/1226 2504/4365/3543 3765/2681/2353
f 2959/5691/4043 3126/5617/4206 3878/7185/4747
f 2046/3511/2967 1911/3275/2794 3579/4469/3601
f 3956/2857/2484 562/944/876 561/943/875
f 1723/2956/2554 4809/3460/2930 2261/2957/2555
f 4231/7994/4559 3695/1159/1069 4688/231/186
f 1909/3272/2792 3008/6930/4099 3755/6929/4693
f 4595/7995/4835 4462/2666/2340 2610/2668/2342
f 4595/7851/4835 2610/7996/2342 1339/7997/2027
f 1540/2615/2303 1069/5651/1631 1541/2616/2304
f 4867/3300/2813 3859/6971/4698 3113/7998/4196
f 3440/6260/4491 4622/7229/2292 3246/7999/4325
f 4232/8000/899 3940/3626/3058 159/3412/210
f 979/1651/1496 4722/6284/971 980/1652/1497
f 230/371/326 401/679/623 231/372/327
f 1476/2514/2228 1571/2664/2338 1149/1930/1748
f 273/440/395 3176/585/534 487/820/757
f 4704/1963/1776 4174/4963/3874 4233/8001/4895
f 3443/6269/1191 4112/4060/3350 2344/4062/2941
f 1181/1990/1799 3110/5588/4194 606/1030/948
f 2475/6128/3508 3922/7278/4768 2142/3692/3098
f 699/1169/1079 3167/1168/1078 2878/5093/3951
f 3167/5707/1078 2996/5363/4087 2646/4648/3705
f 3993/7414/4792 3778/6975/4700 3004/5385/4098
f 4234/8002/2145 4235/8003/699 4236/8004/3338
f 2263/3919/3263 3104/5572/4183 4172/7840/4876
f 2445/8005/3470 2573/4507/3619 3435/6248/4486
f 4237/8006/2900 3123/5613/4205 2711/6478/1939
f 3433/6246/4485 4848/8007/4885 1340/984/912
f 3883/860/794 1732/2973/2571 1731/2972/2570
f 3901/8008/4755 165/266/221 3212/4829/3810
f 3803/7013/2488 1456/5926/2195 3360/6101/4424
f 4645/4067/3355 2347/4066/3354 1510/2563/2265
f 633/1065/982 650/1091/1006 634/1066/983
f 1276/2155/1931 358/8009/546 1277/2156/1932
f 1188/2003/1808 3658/7352/4641 1567/4174/2333
f 1915/8010/799 951/1594/1446 4238/8011/4892
f 3322/6236/1879 1656/2821/2456 757/2823/1163
f 1773/5094/2627 312/515/466 2879/5095/3952
f 4239/8012/458 780/1302/1198 2307/8013/459
f 2052/3525/2978 2470/4295/3501 3182/5736/1601
f 4240/8014/260 575/6506/901 2012/6505/2928
f 4241/8015/2505 2973/8016/4056 4242/8017/2221
f 53/80/68 477/801/739 1548/8018/2312
f 203/327/282 3324/7515/4403 4849/8019/1984
f 1224/8020/1854 668/8021/1036 1389/2357/1817
f 4243/8022/2728 3683/6793/4657 4660/1056/974
f 4008/7442/1674 376/636/582 375/635/581
f 4893/6406/3523 2551/4681/3600 2667/4680/3723
f 282/3859/406 1173/1980/1790 3490/6386/2999
f 4244/8023/737 1042/1759/1596 4067/6190/4465
f 761/3513/1170 4245/8024/4538 2047/3514/2969
f 4527/3598/3034 4246/8025/2480 4126/3599/3035
f 4247/8026/3529 1452/2469/2191 3908/5244/4027
f 3950/8027/4779 719/8028/1107 4044/8029/4083
f 1006/1696/1539 1005/1695/1538 2142/3692/3098
f 1393/3108/2106 1298/2200/1972 1300/2202/1974
f 4248/8030/2411 4908/690/634 4931/689/633
f 4249/8031/194 1724/2958/2556 151/3854/195
f 3285/5949/4361 1351/2284/2044 4250/8032/3716
f 4251/8033/2591 4157/8034/3815 4252/8035/3123
f 4253/8036/4303 389/654/600 3821/7058/4532
f 3487/6371/2557 4193/1757/1594 1040/1756/1593
f 459/771/712 3599/1865/1690 460/772/713
f 84/132/105 1252/7021/1897 1254/142/111
f 2242/3882/2761 2074/3566/3008 707/1182/1089
f 2271/8037/3271 1055/7778/1613 992/1675/1519
f 4254/8038/1979 597/1011/930 596/1010/929
f 4255/8039/3078 4933/7492/4809 3446/6374/4495
f 4697/8040/2575 1762/6096/2613 3320/6022/4398
f 4256/8041/4126 3466/6335/4517 3468/6337/4519
f 1447/2464/2186 1564/2463/2185 3897/7224/4753
f 4894/7606/2875 4463/8042/4896 4595/7607/4835
f 3234/5839/4259 3233/5838/4309 3308/3522/2975
f 3876/8043/4191 4115/7688/4856 654/1098/1013
f 4481/8044/3748 4200/7895/4228 1410/2388/2128
f 573/7642/897 4926/8045/3259 1866/7640/2735
f 246/8046/348 478/803/741 3207/402/357
f 1548/8018/2312 477/801/739 4169/4101/515
f 2227/3849/3215 2220/3835/3206 2400/3850/3216
f 3850/7121/2475 4257/8047/4815 4258/8048/4716
f 2650/4654/3708 178/285/240 177/284/239
f 2690/4725/3746 3437/7348/4489 4554/8049/4488
f 4259/8050/556 4690/4392/3558 2182/4391/557
f 1655/293/248 183/292/247 2338/4050/3342
f 3329/150/116 542/907/839 1433/8051/2166
f 3962/7365/4783 2303/8052/3308 2983/5326/3910
f 2288/3962/3291 40/5914/49 3784/8053/4701
f 2288/3962/3291 3784/8053/4701 2574/4508/3620
f 450/1587/693 3014/5405/1313 399/675/619
f 4779/4296/1180 2471/4298/2566 3312/6011/2565
f 3625/7848/4628 4686/7003/4708 4260/8054/512
f 4668/8055/4897 4631/8056/1239 4261/8057/4630
f 2883/8058/3961 1427/2427/2159 3572/2426/2158
f 3306/6001/295 4262/8059/2422 3307/6002/4386
f 1629/2763/2417 1851/4109/2711 2846/5029/3915
f 2601/6206/3653 196/314/269 2501/6214/3540
f 4543/6067/4414 2400/3850/3216 2220/3835/3206
f 3941/7315/4777 2858/7317/3927 4263/8060/4722
f 4637/6188/4463 4847/6164/4454 4848/7912/4885
f 3068/5953/4154 1624/2754/2409 3146/5661/4224
f 3899/7231/4227 4626/8061/4898 3554/7494/4584
f 2286/3956/3286 954/4011/1452 3921/7274/4767
f 4618/6007/4389 199/318/273 1212/2042/1838
f 1560/2648/2327 4340/2650/2328 3428/6672/4483
f 1943/3331/2836 1306/2213/1985 1858/3185/2721
f 3974/3649/3073 1424/2418/2154 1425/2419/2155
f 966/1623/1472 1856/3180/2718 967/1624/1473
f 1729/2966/2564 2471/2968/2566 329/8062/494
f 2384/4139/3402 1586/8063/2357 957/4138/1456
f 4264/8064/4899 260/419/374 4074/7597/4830
f 3994/7415/4793 1845/7016/2705 501/841/775
f 4373/5719/4249 3175/5720/4250 4265/8065/4900
f 4266/8066/3545 4373/5719/4249 4265/8065/4900
f 4031/4140/3403 2386/4142/3404 4032/8067/2509
f 3410/6196/4064 2590/4538/3636 1838/3150/2697
f 2782/8068/3849 472/3593/730 2783/3595/3031
f 3031/5439/1254 3089/5543/3598 3088/5542/4169
f 1909/3272/2792 1409/2387/2127 3008/6930/4099
f 1971/3378/2872 1697/2906/2518 1974/3381/2874
f 1783/3059/2636 4480/4726/3747 2691/4728/3749
f 4267/8069/3960 4643/1705/1547 4760/4758/3769
f 2077/3570/3012 2974/8070/518 342/3571/517
f 4268/8071/4901 3922/8072/4768 1863/8073/1220
f 1785/8074/2639 4119/7699/3440 2971/5294/4054
f 4909/2577/2274 4947/2579/2276 4450/8075/4902
f 1164/1960/1773 3758/6937/4694 4195/4878/3839
f 1164/1960/1773 4195/4878/3839 2500/8076/3537
f 3610/6653/2390 537/899/831 539/901/833
f 222/355/310 2005/3439/2916 2803/4947/3867
f 4535/8077/3546 3605/6643/2669 1349/2280/2042
f 1355/6854/2049 4146/7768/4867 1317/2230/2000
f 3258/5896/1256 4388/7506/4813 1810/3101/2663
f 3632/8078/4633 3394/6161/4453 4269/8079/4335
f 4621/3340/2845 2788/3930/2172 1218/3506/1846
f 2845/5027/3913 4270/8080/2671 3552/6522/4582
f 4911/2345/2094 2045/8081/2965 4271/8082/4903
f 4272/8083/885 3197/6638/3590 567/6695/886
f 461/6281/717 1558/2645/2325 3411/7147/1184
f 2096/3609/3042 843/1414/1295 805/1350/1240
f 206/331/286 205/330/285 4273/8084/4904
f 3670/934/866 2429/933/865 2430/8085/3451
f 3074/5516/4162 498/836/770 497/835/769
f 1140/1912/1731 4065/7577/4829 4064/7576/4828
f 4721/8086/1565 3739/1861/1564 1106/1863/1688
f 4021/7469/3232 2732/4792/3788 2249/3893/3251
f 506/8087/781 2361/4084/3370 2073/7298/3006
f 3956/2857/2484 2276/3939/3277 562/944/876
f 4274/8088/1268 3716/6853/2329 4594/7753/3793
f 3135/8089/4217 2224/3841/3210 311/512/463
f 4697/2977/2575 3320/8090/4398 3516/4716/3738
f 4295/2975/2573 4697/2977/2575 3516/4716/3738
f 3787/2403/2141 4275/8091/4905 2144/3697/3103
f 2366/4096/3376 4437/1889/1710 1120/1888/1709
f 1256/2122/1902 4942/7056/4723 3741/6898/4684
f 346/1001/524 591/1003/924 4276/8092/525
f 2620/4595/3678 2132/3672/3086 3405/6187/4462
f 4277/8093/1980 1051/8094/1607 2513/4390/3557
f 525/882/816 3038/5456/4127 4278/8095/4906
f 4279/8096/4637 4913/4788/3539 2730/4790/3786
f 3024/3098/2660 4280/8097/3154 1595/2702/2369
f 624/1055/973 4243/8022/2728 4660/1056/974
f 547/2167/846 2077/5303/3012 4808/8098/4907
f 3513/6435/4557 982/1660/1505 1041/1758/1595
f 540/903/835 1165/3686/1777 4658/3685/3094
f 3049/5473/4139 3165/3900/3256 4184/7865/4880
f 3253/5882/4330 2124/3659/3079 4255/3658/3078
f 4633/1227/1131 2548/1229/214 4557/6800/4660
f 974/8099/1485 3226/5816/4298 3224/5818/4300
f 4796/6902/462 4023/8100/4806 3641/8101/4635
f 4281/8102/2971 4282/8103/2970 1970/8104/2870
f 3689/6801/4661 3690/6803/2435 1593/2699/2366
f 1931/6823/2821 3956/7357/2484 1932/8105/2483
f 1777/3051/1809 1776/3050/2630 2067/3557/1752
f 2686/4721/3742 1993/3418/2899 3315/6016/4394
f 4685/7588/4280 3262/5904/4337 1506/2556/2259
f 4283/8106/1524 985/1663/1508 984/1662/1507
f 4028/8107/1482 2185/3776/3161 3701/3778/3163
f 2006/5227/2918 2193/3788/3172 4223/8108/2919
f 4284/8109/4908 3936/7306/4776 314/517/468
f 3631/6698/671 3734/7447/4682 680/1142/255
f 2176/3755/3147 4005/8110/4643 4285/8111/3353
f 4240/305/260 188/304/259 4286/509/460
f 4240/8014/260 4286/8112/460 575/6506/901
f 138/8113/176 140/2775/178 4590/2774/2423
f 4287/8114/598 4288/8115/2883 1980/1201/1105
f 266/427/382 3224/8116/4300 2649/428/383
f 1222/2059/1852 1221/2058/1851 3052/5476/3083
f 2794/8117/3858 1303/2206/1978 4327/5807/1294
f 3513/6435/4557 3175/5720/4250 983/1661/1506
f 2351/4072/3359 2350/4071/3358 1169/1971/1782
f 2879/5095/3952 3936/7306/4776 3348/4490/3612
f 4186/1372/1258 706/1181/1088 4095/7651/2964
f 533/893/825 3614/5789/4285 1405/2382/2122
f 3056/5481/4143 3055/5480/1331 4187/7869/3700
f 2243/3883/3244 3018/5423/4111 705/1180/1087
f 3979/7218/4752 4289/8118/4909 2126/3661/3081
f 3761/3845/2321 4290/8119/4546 4625/3846/3213
f 1127/1898/1717 4291/8120/4789 4292/8121/4020
f 3559/6539/4588 1561/2649/1503 1560/2648/2327
f 1237/2080/1869 633/6123/982 635/2081/984
f 4293/8122/107 2668/8123/3184 4294/8124/108
f 389/654/600 1180/1989/1798 3821/7058/4532
f 3727/6876/1531 1733/7486/2574 4295/8125/2573
f 3550/6520/4580 3937/6608/4601 3279/5938/4353
f 2536/4434/3584 4296/8126/4910 3807/7029/4715
f 357/596/545 2101/3615/3047 3011/5399/4103
f 2410/4186/3423 3662/6760/4645 3177/5729/4254
f 3044/5465/4134 4297/8127/4066 2167/3742/3136
f 2120/1564/1421 4887/8128/2777 4851/1565/1422
f 3778/6975/4700 4298/8129/2490 4299/8130/69
f 4552/8131/4911 3645/4605/315 2626/4604/3682
f 1702/2912/2523 1701/2911/2522 403/681/625
f 1235/1719/1560 4300/8132/3281 476/798/736
f 298/484/435 3677/483/434 3561/6546/4507
f 4342/8133/2367 3211/2787/2434 688/1152/1062
f 3409/6193/1651 635/2081/984 915/3466/1391
f 949/8134/1444 542/5145/839 130/5144/168
f 3003/5382/4097 4205/7909/3157 2507/4370/3548
f 2105/3621/3053 3619/6668/4622 1737/2981/2579
f 2206/3813/3191 4271/8082/4903 1657/2824/2457
f 777/1299/1195 3136/457/412 1653/8135/2453
f 118/192/143 122/191/147 4903/8136/4912
f 3160/5692/904 3878/7185/4747 4301/8137/392
f 259/418/373 4050/7541/4818 3036/7941/4125
f 2451/4259/3477 717/525/476 318/524/475
f 3919/7272/4766 3235/5840/4310 3453/6296/4499
f 4020/7466/4801 1895/3251/2774 1091/1836/1664
f 1097/1844/1672 3158/5687/4237 612/1039/957
f 1641/2795/2439 658/1104/1019 1846/3162/2706
f 856/1430/1305 3401/6175/4459 4302/8138/4913
f 1724/2958/2556 3914/7261/3830 3487/2959/2557
f 4297/8127/4066 3815/7046/4720 2168/3743/3137
f 4303/8139/2134 1648/2809/2448 2372/8140/3385
f 4304/8141/1732 2952/5256/4033 3178/5730/4255
f 2655/4662/3714 2784/4901/3850 4505/5415/4110
f 1560/2648/2327 4026/7161/4741 4955/6538/4587
f 1406/2383/2123 1405/2382/2122 4073/5790/4286
f 3240/8142/4314 3449/6282/4496 1061/1790/1621
f 2389/4147/3406 3240/5850/4314 1061/4146/1621
f 1163/1959/1772 671/1124/1039 1164/1960/1773
f 4624/4561/3652 366/8143/564 4305/8144/3046
f 1495/8145/2247 3512/6616/4556 1619/7858/2404
f 4085/7620/4838 2828/7619/3898 1468/8146/2213
f 2442/8147/3466 2556/4474/3603 2652/4658/1477
f 3057/5482/4144 2792/8148/3855 3812/7041/4719
f 1317/2230/2000 1967/3372/2867 1318/2231/2001
f 4175/7846/4600 30/45/35 3850/7121/2475
f 3733/76/64 2759/4849/2742 43/64/54
f 3091/5545/4171 3361/5036/3918 482/712/656
f 4840/8149/4914 4842/187/146 2290/3745/3139
f 3992/7413/3945 4306/8150/3865 2557/4476/3605
f 4600/1355/1245 2015/7268/2932 809/1356/1246
f 4123/7704/4859 2889/5122/3966 3030/5124/3968
f 3037/4549/3645 3188/5746/4266 2106/3622/3054
f 2361/4084/3370 1579/2677/2350 2359/4082/3368
f 998/8151/1527 3191/5749/3638 2771/7690/3838
f 2441/4241/3465 2093/8152/3039 1290/2183/1956
f 2231/3862/3226 3508/6427/4551 3507/6426/4550
f 3909/6160/4452 3884/7197/4748 4016/7460/4800
f 1904/8153/2787 1750/8154/2598 4307/8155/4810
f 354/5386/538 4308/8156/540 2715/4766/3773
f 71/105/89 76/8157/95 1336/2258/606
f 2431/4224/3453 3977/6583/3958 3249/4850/3820
f 4309/8158/789 4310/8159/4192 1973/3380/2873
f 2380/4129/3396 845/1416/1297 1938/3323/2293
f 4311/8160/4915 1342/4530/2030 1517/8161/2272
f 2379/8162/3395 2409/4185/3422 2031/3485/130
f 3450/6285/4497 1994/3423/2903 1996/3425/2090
f 4544/7635/4840 943/1577/1434 945/1579/1436
f 119/8163/144 2169/3744/3138 121/189/142
f 4164/7811/4872 4312/8164/4137 1885/8165/2762
f 3113/5594/4196 4682/1815/1643 1079/1817/1645
f 662/1109/1024 1519/2580/2277 4313/8166/4916
f 4309/8158/789 1973/3380/2873 3477/6352/3661
f 2574/4508/3620 3784/8053/4701 4186/7868/1258
f 1554/4674/1426 756/8167/1161 2664/4676/3721
f 4314/8168/862 685/6456/1059 1578/2675/2348
f 1871/3210/2739 1310/3970/1989 3683/6793/4657
f 4481/7935/3748 1779/3055/2632 4200/5669/4228
f 2238/3875/3237 4083/7615/3709 549/918/850
f 3606/4696/3729 2674/4698/3730 4863/6432/4554
f 4955/7483/4587 1727/2964/2562 2401/2963/2561
f 3185/5739/4039 4315/8169/2499 4736/8170/4917
f 1004/8171/1536 2675/4700/3521 3116/6938/4198
f 4316/8172/4599 4317/8173/3777 4528/1331/1224
f 3845/6922/4691 1003/1692/1535 578/1691/907
f 1704/2917/2526 2390/4148/3407 3198/5365/4089
f 102/160/124 2157/3555/3000 4318/8174/3957
f 4329/5621/4208 415/700/644 1213/8175/1839
f 4747/4408/3565 1917/8176/2806 1919/881/815
f 434/724/667 2319/723/666 2318/807/745
f 4319/8177/610 664/1111/1026 394/2283/611
f 1968/3373/2868 4076/7600/4832 1969/3374/2869
f 2304/8178/3309 2305/8179/3310 789/6660/1213
f 872/5559/1320 4557/8180/4660 3097/5560/4174
f 4926/8045/3259 4320/8181/2733 1866/7640/2735
f 4312/8164/4137 4166/8182/3265 1885/8165/2762
f 1033/7324/1577 820/1374/1260 822/1376/1262
f 2993/8183/4068 1147/4078/1743 2624/4602/3681
f 4321/8184/4882 1832/773/714 1545/775/716
f 4354/8185/4861 3966/5150/1829 4547/8186/4874
f 307/503/454 4322/8187/4615 308/504/455
f 3258/5896/1256 1810/3101/2663 691/1156/1066
f 1749/3002/2597 2498/4351/1806 1750/3003/2598
f 4323/8188/1323 395/1448/614 869/1447/1318
f 185/296/251 4324/8189/4918 184/294/249
f 3995/8190/4794 4832/8191/3196 2309/8192/3315
f 3505/2784/2431 4857/357/312 224/359/314
f 3062/5750/4147 2395/3756/3148 3675/3758/3150
f 1092/4239/1666 1078/1816/1644 1093/8193/1667
f 1836/3145/2694 2116/3644/3069 2118/3646/3070
f 4327/1413/1294 842/1412/1293 4325/8194/4738
f 4326/8195/2067 4327/8196/1294 4325/7131/4738
f 3282/5946/4359 3984/8197/1863 3283/5947/4360
f 1124/383/338 4516/8198/3687 1902/384/339
f 4328/8199/3797 1593/2699/2366 2742/2698/2365
f 368/8200/570 2239/3877/3239 4690/4392/3558
f 887/8201/1342 3326/6032/4405 4854/3802/3183
f 1329/2249/2015 1330/2250/2016 2837/4286/3497
f 1213/3657/1839 2123/3656/3077 4329/8202/4208
f 2731/5313/3787 904/1507/1373 2891/8203/3969
f 4330/8204/4770 4891/8205/4639 4590/8206/2423
f 454/759/700 455/761/702 2213/3824/3198
f 3719/6858/4513 3986/7406/4703 3787/8207/2141
f 400/1764/622 1045/1763/1599 1483/2523/2234
f 2173/3750/3143 4331/8208/3419 2171/3748/3141
f 4957/3033/1849 4332/8209/3615 574/3034/898
f 3882/7191/4625 4169/7190/515 4822/8210/514
f 1756/7727/2606 4691/7511/164 935/7510/1417
f 4333/8211/2506 4334/8212/2132 2923/1542/1403
f 4391/8213/4919 2375/4120/3391 3600/6627/4610
f 770/1286/1183 1843/3157/2703 1434/2437/1511
f 2720/4823/3775 391/8214/603 3232/5837/4308
f 4335/8215/2658 3505/2784/2431 209/8216/289
f 589/1000/922 588/999/921 2233/3864/3228
f 2447/4254/3473 946/1581/1438 3132/6194/4213
f 146/229/184 145/228/183 519/871/805
f 728/8217/1121 1769/3036/1922 1803/3035/2621
f 3540/5619/4207 260/419/374 3804/7014/4712
f 1467/2495/2212 2599/2494/2211 242/387/342
f 2000/3429/2908 458/766/707 351/584/533
f 1273/2150/1926 997/7402/1526 1853/335/290
f 4040/7107/3176 2197/8218/3177 3358/6097/4421
f 2391/8219/16 1/42/1 4336/8220/369
f 3388/6152/4447 4337/8221/4129 3886/7200/4128
f 978/1647/1492 2025/4340/2942 2344/8222/2941
f 4338/8223/2719 4156/4566/2674 4339/8224/4272
f 4340/8225/2328 3303/1657/1502 4914/8226/4382
f 2840/5017/3906 1681/6664/2497 1680/2153/1929
f 3807/7029/4715 219/351/306 2555/4473/3602
f 2141/1385/926 3536/7181/4570 4341/8227/4343
f 350/581/530 438/730/673 1819/729/672
f 2420/5015/3439 2743/4809/3099 1129/1900/1719
f 4435/5744/4265 12/15/14 3187/5745/31
f 3463/7438/4511 4342/8228/2367 688/8229/1062
f 909/8230/1380 3042/5462/4133 4133/7737/4864
f 4740/3591/480 3497/6400/1288 2088/3592/3029
f 879/1464/1333 2946/5245/1343 3001/5380/4095
f 803/4894/1237 3870/5980/4378 1162/1957/1770
f 4170/8231/516 3967/8232/4640 4343/8233/3270
f 2987/945/877 3765/2681/2353 563/946/878
f 901/3071/1370 1791/3070/2646 1146/1923/1741
f 1170/1972/1783 630/1062/980 632/1064/981
f 2337/4049/3341 3960/7695/4781 1108/1871/1696
f 3461/6315/4508 931/7383/1413 3381/6316/4440
f 1822/3125/2678 2844/5026/3912 2843/5025/3911
f 1883/3229/2758 1882/3228/2757 4655/3914/3262
f 399/675/619 283/453/408 834/1588/1281
f 4344/8234/4754 1413/8235/2131 4345/8236/4920
f 2368/4099/3379 2367/4098/3378 4053/7548/4819
f 1208/7794/1834 3919/7272/4766 2267/3924/3267
f 4903/8136/4912 122/191/147 568/957/888
f 3014/1440/1313 4346/8237/4323 848/8238/620
f 2560/4480/3607 2559/4479/3606 2197/4944/3177
f 2569/8239/3618 4347/8240/2308 4348/8241/4921
f 1064/1793/1624 3257/5895/3894 2359/4082/3368
f 1645/2805/2445 3244/5863/4322 2001/3431/2910
f 2406/4179/3418 2390/4148/3407 3585/6593/4597
f 940/1567/1424 4072/3735/3131 2716/3454/2927
f 450/750/693 834/1399/1281 451/751/694
f 934/1559/1416 933/1558/1415 3415/6211/4472
f 1211/2025/1824 889/1480/1347 2555/4473/3602
f 3634/8242/4634 3578/6577/4109 1148/6576/1747
f 585/994/918 3955/4303/3505 3142/4302/3504
f 2943/6820/4023 724/1210/1114 2576/1212/1116
f 4349/8243/2608 1760/4158/2610 2395/4160/3148
f 198/317/272 1055/7778/1613 2271/8037/3271
f 2369/8244/2649 4350/8245/2095 3973/8246/2096
f 1426/2422/2156 1969/3374/2869 552/921/853
f 1426/2422/2156 552/921/853 4351/8247/413
f 408/5952/631 1623/2753/1027 1624/2754/2409
f 408/5952/631 1624/2754/2409 3068/5953/4154
f 3824/7064/4727 3246/7999/4325 4352/8248/4324
f 2302/7388/1735 2301/395/350 2615/4586/3670
f 4353/8249/3986 4551/489/440 3485/488/439
f 4354/8250/4861 4547/8251/4874 4419/8252/4922
f 751/1252/1154 1723/2956/2554 1460/1253/1155
f 4763/3552/2998 3660/6758/1162 174/8253/233
f 1904/8153/2787 963/1615/1465 2908/5367/3987
f 1341/2265/2029 4837/4152/3409 1711/2927/826
f 1990/3413/2894 1354/2288/2048 1353/2287/2047
f 3506/5194/3999 2714/4765/3772 3933/4764/3771
f 3945/7325/1578 822/1376/1262 4018/6625/4590
f 2745/4813/3799 2208/3816/3193 1875/3215/2744
f 2952/5256/4033 3724/5258/4034 3178/5730/4255
f 3551/6521/4581 1822/3125/2678 2843/5025/3911
f 1852/3172/2713 4355/8254/6 3725/3173/2714
f 227/367/322 1651/2813/2451 228/368/323
f 1087/1831/1659 1086/1830/1658 4740/3591/480
f 4356/8255/4063 2346/8256/3352 2833/8257/1031
f 3028/5436/4119 4001/8258/4796 4357/8259/2750
f 3028/5436/4119 4357/8259/2750 3029/5437/3381
f 1160/1955/1768 1941/3329/2834 1161/1956/1769
f 3731/6882/4680 4358/8260/1934 4359/8261/3921
f 1936/8262/2825 3731/6882/4680 4359/8261/3921
f 1583/1389/1271 4531/1531/1393 4360/8263/4195
f 2371/4107/3383 3989/6071/4387 2949/4108/3384
f 2115/3640/3067 672/1126/1041 1873/3212/2741
f 899/5421/1363 3018/5420/4111 3864/7151/4016
f 1095/1841/1669 402/680/624 1096/1842/1670
f 2427/4216/3449 3425/6229/4481 3424/6228/4480
f 4361/8264/3420 3276/5359/4084 3412/6203/4470
f 4925/2191/1963 1294/2190/1962 1661/2833/2464
f 1398/8265/2112 4029/7491/4808 712/1189/1095
f 2555/4473/3602 1627/2761/2415 1542/2617/2305
f 687/1151/1061 686/1150/1060 4803/1268/1168
f 4290/6412/4546 3762/6948/390 3816/6413/4547
f 3657/4906/3851 3013/8266/4104 2784/4904/3850
f 2783/4900/3031 1867/3206/2736 4641/1985/1794
f 2932/5215/4011 972/1636/792 4841/7719/3833
f 3901/8008/4755 3900/4080/3366 2357/4079/3365
f 4875/8267/4923 4362/8268/3336 4409/8269/4924
f 3818/7052/1471 2459/4273/3488 966/4678/1472
f 2040/3499/2957 2529/4420/3573 2041/3500/2958
f 3727/1687/1531 1000/1686/1530 4027/8270/3859
f 4363/8271/274 4364/8272/2538 910/926/858
f 1003/1692/1535 251/404/359 2675/4324/3521
f 1488/2529/2239 742/1240/1142 3988/7481/4791
f 24/35/28 23/34/29 11/26/12
f 4365/8273/4665 3228/5824/1100 1687/2890/2503
f 2348/4068/2459 2032/8274/2947 2349/4069/3356
f 107/168/131 3461/6315/4508 108/169/132
f 1452/2469/2191 433/722/665 434/724/667
f 3130/8275/856 4695/3603/3038 4366/8276/4212
f 4367/8277/3654 927/1549/1407 2973/8278/4056
f 3358/6355/4421 3105/6354/4184 3678/8279/433
f 4407/8280/1460 1548/8018/2312 4169/4101/515
f 4041/7522/2902 2198/3795/3178 1234/2077/1867
f 546/912/844 904/1507/1373 2731/5313/3787
f 4269/8079/4335 3394/6161/4453 3259/8281/1830
f 2649/428/383 4225/7978/2472 4368/8282/3225
f 1217/6082/1845 46/69/59 2759/4849/2742
f 1644/2804/2444 496/8283/767 4369/8284/766
f 1126/1897/1716 912/1521/1386 2059/8285/2991
f 4370/8286/3436 4371/8287/4925 2291/8288/3296
f 437/727/670 436/726/669 4850/3576/3017
f 3450/6285/4497 1996/3425/2090 79/120/98
f 266/427/382 267/429/384 3746/6909/4687
f 844/5454/1296 1168/1968/1298 1167/1967/1779
f 3598/6622/4609 2688/7534/3744 4372/8289/4926
f 1890/7373/2768 4316/8290/4599 4343/7374/3270
f 1084/1827/1655 1270/2147/1923 1085/1828/1656
f 2049/3520/2973 862/1437/1310 2048/3519/2972
f 2696/1408/1289 2010/5282/2924 2989/5538/4078
f 4373/8291/4249 2803/4947/3867 981/8292/1504
f 2111/3833/3061 2760/3832/3205 3951/8293/3671
f 4374/8294/3977 4940/3130/2683 2817/4983/3885
f 1794/3075/2648 237/379/334 3678/6787/433
f 3929/1092/1007 650/1091/1006 3371/8295/4432
f 348/579/528 1380/578/527 4601/8296/933
f 2244/8297/3246 3703/6825/4667 2054/8298/2979
f 1251/2112/1896 236/378/333 235/377/332
f 1397/2366/2111 1139/1911/1730 2074/3566/3008
f 4091/7638/4842 4852/1924/1742 1146/1923/1741
f 1791/3070/2646 4091/7638/4842 1146/1923/1741
f 3948/872/806 2584/4526/3629 1713/2936/2539
f 1796/2703/2370 4521/8299/4881 2140/5799/3097
f 462/777/718 4574/8300/2659 463/778/719
f 4161/4592/3676 2970/8301/4053 2609/3349/2853
f 2450/4258/3476 318/524/475 4375/8302/4845
f 1715/8303/2541 1348/2277/2040 169/271/226
f 3419/6219/4477 1525/7303/2170 3420/6220/4301
f 4219/7959/4572 1805/8304/2656 1220/2057/1850
f 533/893/825 748/1248/1150 1516/2574/2271
f 4376/8305/4340 206/331/286 4273/8084/4904
f 4377/8306/4927 363/603/551 3561/6314/4507
f 1385/7557/2099 3095/5551/4173 4900/8307/4214
f 2169/3744/3138 4842/187/146 121/189/142
f 2344/3477/2941 4137/7745/4865 4753/7747/4355
f 4321/7883/4882 1545/2620/716 4347/2622/2308
f 3521/6465/4223 4378/8308/4222 1095/1841/1669
f 86/134/106 2374/4117/3388 2200/4116/3185
f 86/134/106 2200/4116/3185 4293/135/107
f 2609/3349/2853 2970/8301/4053 4379/8309/3759
f 2675/4700/3521 1828/3135/2687 3274/5925/4350
f 2525/4416/3569 1944/3333/2838 4380/3335/2840
f 1889/3053/1685 1779/3055/2632 4214/7934/4844
f 2951/6626/4032 4380/8310/2840 4391/8213/4919
f 4273/8084/4904 205/330/285 4381/8311/3857
f 4396/8312/4928 4060/8313/4825 4382/8314/4929
f 3047/4271/3486 3504/7167/4548 2919/5189/3996
f 1927/3307/2819 177/3308/239 179/6225/241
f 4657/1083/998 2365/3355/2855 1881/3357/2755
f 4876/6384/4534 4302/8138/4913 3321/6385/4400
f 3182/6724/1601 3181/204/159 4661/203/158
f 2294/7241/2968 1606/7243/2383 3404/8315/4461
f 4383/8316/1887 4384/8317/3290 2894/8318/3973
f 3333/7590/4408 3764/6952/4695 3510/6954/4552
f 4385/8319/4664 1225/8320/1855 4064/7576/4828
f 1474/3943/1234 293/476/427 2458/475/426
f 3884/7197/4748 2355/4076/3363 4016/7460/4800
f 3785/8321/4702 839/1406/1287 1703/2915/2524
f 3805/7018/4714 4386/8322/1302 2055/8323/2980
f 2429/933/865 4763/4213/2998 4733/4218/1369
f 4963/2339/2092 3183/5737/4260 792/1323/1217
f 3374/6126/4434 2875/5089/3948 2948/5249/4030
f 4363/319/274 199/318/273 4364/2935/2538
f 818/8324/1257 3258/5896/1256 690/1155/1065
f 4387/8325/2680 4388/8326/4813 1329/2249/2015
f 3063/5491/4148 1737/2981/2579 3619/6668/4622
f 232/373/328 1734/2978/2576 2573/4507/3619
f 1928/8327/2820 4389/8328/3050 4850/8329/3017
f 995/1679/1523 4933/7492/4809 178/285/240
f 4346/8330/4323 3201/5765/4276 848/6852/620
f 1975/3385/2876 439/731/674 3378/6133/4439
f 4120/7701/4858 1498/2543/2250 2922/6590/3998
f 1737/2981/2579 3063/5491/4148 3430/2982/2580
f 3242/5855/685 4085/7620/4838 3790/6245/258
f 1861/3192/1876 1242/8331/1875 1642/3193/651
f 3209/5781/4283 4390/8332/627 1603/7153/2012
f 4187/7869/3700 3055/5480/1331 4628/8333/1000
f 2769/4873/3836 3795/6998/3872 2770/4874/3837
f 964/659/605 2381/5809/568 2546/8334/3595
f 3040/5460/4131 2485/4320/3517 2377/1303/1199
f 3837/7097/3392 4391/8335/4919 3294/5970/4371
f 2465/4283/3494 1177/1986/1795 1178/1987/1796
f 3134/5633/4216 2965/5288/4050 2772/4879/1568
f 2702/4746/3763 2703/4747/3764 550/5279/851
f 2722/4776/3779 2724/4778/3781 3852/8336/4736
f 234/375/330 4392/8337/3674 1778/3054/2631
f 2531/4423/3575 4830/1455/1324 4323/1454/1323
f 2828/7141/3898 3860/7140/2199 4566/8338/3897
f 2540/4440/689 2117/3327/2832 4072/8339/3131
f 2504/4365/3543 4393/8340/1225 2503/4364/3542
f 4394/8341/1376 907/4616/1378 1124/8342/338
f 2823/4990/3891 2986/4989/1160 755/8343/560
f 3722/8344/2922 3411/1287/1184 1579/4719/2350
f 2932/5215/4011 2175/8345/3145 4451/8346/4930
f 645/1084/999 4657/1083/998 4395/8347/2917
f 1422/2416/2152 1423/2417/2153 2581/4522/3626
f 3895/6621/4608 3376/6130/4436 3598/6622/4609
f 99/156/122 98/155/121 4318/5103/3957
f 4228/7985/4893 3801/7011/4710 516/866/800
f 297/481/432 4810/8348/3181 4396/8349/4928
f 1597/4964/2372 942/1573/1430 3537/1572/1429
f 4647/8350/2243 3777/6974/4699 1441/1096/1011
f 3650/6732/3804 1399/1554/1412 749/1776/1152
f 4397/8351/601 2517/4237/3462 283/4236/408
f 728/8352/1121 1085/1828/1656 1769/2146/1922
f 2933/5216/4012 2932/5215/4011 4451/8346/4930
f 3936/7306/4776 312/515/466 314/517/468
f 240/382/337 239/381/336 3846/8353/4735
f 2336/4047/3340 779/1301/1197 778/1300/1196
f 4959/5441/4121 4536/7375/4336 4398/8354/4931
f 3407/6191/4466 4959/5441/4121 4398/8354/4931
f 4366/5625/4212 2093/8152/3039 2440/4240/3464
f 4399/8355/4932 2921/5192/3997 1372/7459/2077
f 3582/235/190 2061/3545/2993 1153/638/584
f 4401/1291/1188 2418/4917/3437 3861/7142/4739
f 2224/4484/3210 1253/2114/1898 1335/2257/2023
f 1821/3977/2677 4400/8356/2676 2295/3978/3300
f 1753/3010/2604 1847/6308/2707 3457/6307/4504
f 1633/2769/2233 2920/5191/3082 2921/5192/3997
f 1331/2251/2017 3106/2855/2482 3293/5968/4369
f 1678/2876/2494 2587/4531/3632 3070/5502/4156
f 2250/3894/3252 1950/3346/2850 3192/5751/4268
f 3812/7041/4719 4401/8357/1188 3813/7042/1187
f 2867/8358/3048 2102/5576/3049 990/1671/1516
f 3326/6032/4405 887/8201/1342 888/8359/1344
f 2018/3465/2934 640/1075/990 3658/6752/4641
f 4402/8360/4319 4683/8361/1543 4684/329/284
f 1753/3010/2604 3457/6307/4504 3483/6366/4530
f 1753/3010/2604 3483/6366/4530 577/976/906
f 3290/5958/4364 2446/4252/3471 1689/2895/2507
f 2350/4071/3358 3290/5958/4364 1689/2895/2507
f 1788/7022/2642 4896/4834/3814 3607/6650/4616
f 2951/6626/4032 4391/8213/4919 3600/6627/4610
f 426/714/658 1331/2251/2017 3293/5968/4369
f 2058/3542/2990 1928/8362/2820 4850/3576/3017
f 1459/8363/2201 190/307/262 189/306/261
f 3493/6389/4536 4055/7550/4821 1576/2673/2346
f 1189/2005/1810 3436/6251/4487 3979/7218/4752
f 3982/4287/3498 1626/2759/2413 1667/2844/2473
f 4403/8364/709 2383/8365/3400 4665/8366/4219
f 751/8367/1154 783/8368/1202 560/940/872
f 3926/7284/1337 1867/3206/2736 3042/8369/4133
f 2568/4958/3616 3795/4957/3872 4404/8370/3617
f 291/472/423 241/386/341 292/473/424
f 1362/2309/2065 4326/2311/2067 3141/1802/1632
f 3734/7447/4682 3733/8371/64 681/1143/1054
f 1474/3943/1234 1038/1751/1588 293/476/427
f 4405/8372/3434 4406/8373/4933 4042/8374/3435
f 4668/8375/4897 4829/1348/1238 4631/1349/1239
f 4129/5331/4073 1223/2060/1853 2063/3549/2996
f 1370/1603/1454 2241/3881/3243 354/589/538
f 4809/7751/2930 2941/5234/900 2940/5233/4021
f 1754/7441/2605 1755/1864/1689 2325/4029/3324
f 2986/5335/1160 1874/3214/2743 1554/1569/1426
f 3545/3142/2691 2314/4009/3318 1834/3143/2692
f 1171/1973/1784 632/1064/981 3158/5687/4237
f 1549/2627/2313 1548/2626/2312 4407/8376/1460
f 3395/8377/788 4825/8378/1367 4309/8158/789
f 4408/8379/3963 4875/8380/4923 4409/8381/4924
f 3319/6957/4397 3465/804/742 3766/6958/1051
f 3327/3719/3119 2653/4938/3711 2202/3806/3187
f 3437/6256/4489 1939/3326/2831 3438/6257/4490
f 3633/5106/2878 3867/1950/1763 3394/6161/4453
f 3896/6344/1206 4014/7457/4799 3872/7170/4745
f 2684/4718/3740 4410/8382/1671 2487/4328/2915
f 2892/6596/3970 904/1507/1373 1840/6094/2699
f 4436/2476/2198 4426/2097/1880 1246/2099/1883
f 2655/4662/3714 3199/5762/4273 2784/4901/3850
f 189/306/261 4754/308/263 1398/7981/2112
f 2850/5033/2118 4692/4279/2119 2463/4280/3492
f 3161/5310/4062 1559/2647/2326 4411/8383/2764
f 1789/3067/2643 4412/8384/3821 2293/3973/3299
f 4934/8385/3414 4413/8386/1540 4949/6208/4471
f 1347/2276/2039 1891/3247/2770 168/269/224
f 1923/3299/2812 3859/6971/4698 4867/3300/2813
f 1725/2960/2558 1040/8387/1593 3120/5604/4203
f 2685/4720/3741 406/685/629 4259/608/556
f 1802/542/492 4414/8388/2050 328/543/493
f 2532/4424/3576 4415/8389/4263 4016/7460/4800
f 3172/733/676 2604/4569/3658 3343/6061/4412
f 637/1069/986 636/1068/985 2506/4369/3547
f 2898/5140/3976 4289/8118/4909 2042/6250/2959
f 3484/8390/729 4533/3594/3030 472/3593/730
f 1001/1689/1533 2428/4217/3450 3223/5815/4297
f 4081/6433/4555 4789/5259/4035 4416/8391/4605
f 275/443/398 3891/7582/4750 2003/3435/2913
f 1954/8392/738 53/8393/68 4350/8245/2095
f 444/739/682 4806/2248/2014 4734/2267/2031
f 4875/8394/4923 1702/2912/2523 4362/4042/3336
f 1169/1971/1782 1171/1973/1784 1097/1844/1672
f 1049/1770/1605 1331/2251/2017 426/714/658
f 1669/8395/1780 3135/5634/4217 3129/5624/4211
f 4413/1697/1540 1006/1696/1539 3193/5663/4225
f 4439/8396/4934 2189/3783/3167 4902/1271/1171
f 2634/4626/1375 3972/7386/4785 1841/3154/2700
f 3860/2477/2199 1513/2570/2269 4566/8397/3897
f 4156/4566/2674 2785/4565/3656 4339/8224/4272
f 2911/302/257 682/301/256 4009/7444/4798
f 2050/3523/2976 3308/3522/2975 3233/5838/4309
f 3020/5427/4114 4936/6006/4388 4417/8398/1351
f 1691/8399/2511 3020/5427/4114 4417/8398/1351
f 847/677/621 282/451/406 283/453/408
f 3685/6795/4658 2363/4087/206 1997/3426/2905
f 3631/8400/671 2911/5177/257 2910/5176/513
f 2140/3689/3097 4521/8401/4881 2141/3690/926
f 1757/3015/2607 1066/8402/1626 1758/3016/1767
f 1902/8403/339 2810/4971/3877 4762/4970/1099
f 4027/4924/3859 4957/2055/1849 1733/8404/2574
f 2031/3485/130 4057/7552/4823 2032/3486/2947
f 2681/3258/2780 917/1530/1392 916/1529/474
f 4233/8001/4895 3592/4358/3538 3776/4360/804
f 2032/3486/2947 4057/7552/4823 14/4875/18
f 4603/6532/3180 1965/8405/2865 3817/7048/2864
f 1962/3365/2862 3835/3377/2871 672/1126/1041
f 828/1390/1272 2245/3887/3247 829/1391/1273
f 2802/4945/3866 2726/4828/3783 2750/4830/3811
f 3045/5466/4135 3235/5840/4310 3234/5839/4259
f 4418/8406/4338 4207/7915/2815 4705/8407/4889
f 2977/8408/4061 4418/8406/4338 4705/8407/4889
f 2473/4305/3506 2432/4225/3454 3195/6095/4270
f 3026/6950/4117 4419/8409/4922 3763/6951/2531
f 2945/5240/4025 2564/6396/3608 1721/2953/2551
f 3499/6403/4541 1123/1892/1510 3918/7271/1512
f 3179/6870/4256 1295/2194/1966 4624/4561/3652
f 841/8410/1292 4652/8411/4935 3720/6860/4677
f 841/8410/1292 3720/6860/4677 2741/6549/588
f 2955/5265/873 3604/6642/276 202/8412/278
f 2329/4033/3328 3969/915/847 548/917/849
f 4153/7780/4868 831/1396/1278 4109/7681/67
f 4396/8413/4928 3491/8414/4535 3547/6516/2568
f 3099/5564/4176 3796/7000/4706 2798/7756/3862
f 4420/8415/4354 2859/5059/3930 4421/8416/4743
f 109/8417/133 114/5727/138 1492/7819/2244
f 3535/7652/4569 551/920/852 4422/8418/4936
f 3492/6388/4178 3002/5381/4096 1314/2224/1995
f 4197/7888/4883 1984/3402/2888 4881/3401/2887
f 2757/4847/3819 3440/6260/4491 3246/7999/4325
f 2431/4224/3453 4751/4223/3452 3977/6583/3958
f 4423/8419/4937 1099/1849/1676 2930/5212/4008
f 3406/7781/4464 3060/779/720 1469/2497/2214
f 608/3433/952 1787/8420/2641 4189/3434/2912
f 996/1681/1525 3750/1342/1233 801/1344/1235
f 1787/8421/2641 3725/6873/2714 4491/8422/740
f 3502/6410/4544 4424/8423/1680 4262/2773/2422
f 1637/2781/2428 3627/6688/3443 1312/2220/1991
f 4306/4939/3865 2201/3805/3186 2202/3806/3187
f 3955/8424/3505 4352/5867/4324 148/234/189
f 4389/7626/3050 1809/3100/2662 3362/8425/4426
f 4425/8426/320 4800/7735/4863 4599/1943/1757
f 3996/8427/4795 676/8428/1045 4426/8429/1880
f 1825/3132/2685 1941/3329/2834 1943/3331/2836
f 1253/2114/1898 3135/6683/4217 360/3194/104
f 2852/4459/3599 2550/4461/2113 3007/8430/2061
f 1406/4630/2123 4073/7595/4286 4035/7514/4817
f 3553/6525/4583 3552/6524/4582 2972/5298/4055
f 2967/5290/4051 2969/5292/4052 4888/6430/4553
f 4093/7645/4721 4102/7664/4847 2633/1023/941
f 734/7585/1133 3688/6802/1135 3689/6801/4661
f 3022/7636/4115 3023/8431/4116 206/5907/286
f 1432/2435/2165 1767/2434/2164 4424/8423/1680
f 1327/2246/2013 1487/5646/2238 2699/5648/3758
f 3743/6901/4685 4511/8432/4938 1362/2309/2065
f 3101/5568/4180 3855/978/908 358/8009/546
f 2075/3567/3009 2611/3532/2982 4538/3531/2981
f 4498/8433/2058 2751/4831/3812 1684/2886/2500
f 4935/7126/1247 2120/8434/1421 4015/7127/2078
f 3753/8435/4692 2568/8436/3616 2570/1310/1205
f 305/498/449 1673/497/448 800/8437/1230
f 3831/1643/1488 3669/6768/4009 3644/361/316
f 2421/4206/3441 405/8438/628 628/7119/978
f 3279/5938/4353 326/8439/489 327/5939/490
f 3128/8440/4210 2020/3469/2936 2019/3468/2935
f 169/271/226 1348/2277/2040 168/269/224
f 3203/6856/4281 2222/8441/3208 3093/5548/1569
f 1312/2220/1991 3628/6689/4468 2851/2221/1992
f 4372/8442/4926 2688/4723/3744 2690/4725/3746
f 3101/5568/4180 358/8009/546 1276/2155/1931
f 302/494/445 1031/1582/1439 2749/4826/3808
f 1843/3157/2703 1000/1686/1530 1491/1688/1532
f 4427/8443/4869 3887/5609/4204 4155/279/234
f 2891/8203/3969 904/1507/1373 2892/6596/3970
f 1028/5366/1572 1904/8153/2787 2908/5367/3987
f 897/4470/1360 580/985/913 898/2299/1361
f 3817/3369/2864 1332/2253/2019 928/5277/1408
f 666/1118/1033 2847/5030/3408 2519/4406/3563
f 520/873/807 3287/208/163 128/207/162
f 3429/6235/4484 4202/7901/4884 2734/4794/3790
f 4294/145/108 2668/8444/3184 4428/8445/4939
f 4811/1645/1490 978/1647/1492 4149/6026/4401
f 590/1002/923 381/644/590 591/1003/924
f 3827/7077/3151 4429/8446/3152 4335/3093/2658
f 4121/325/280 2795/4300/3503 4943/4299/3057
f 2909/5174/3988 2120/1564/1421 938/1563/1420
f 4584/6655/4617 4430/8447/543 355/5547/542
f 632/1064/981 3593/6613/4604 775/1297/1193
f 115/180/139 111/173/136 1411/2389/2129
f 260/419/374 3127/5618/637 261/420/375
f 1982/3397/2885 1986/3405/2891 3740/6896/4683
f 4407/1610/1460 3882/7191/4625 1258/1611/1461
f 4252/8448/3123 4431/8449/3525 4432/8450/4339
f 4663/8451/3257 3694/6807/3293 4755/3320/2826
f 3084/5531/2766 3085/5532/4168 2671/8452/3727
f 3543/7276/4573 3945/1741/1578 3544/6543/4574
f 1270/2147/1923 3272/5881/4329 1271/2148/1924
f 4433/8453/3168 1456/8454/2195 2190/8455/3169
f 4851/1565/1422 4887/8128/2777 4434/8456/4940
f 4435/8457/4265 4794/1080/995 644/1079/994
f 2868/5074/3939 936/1561/1418 2309/4003/3315
f 3996/8427/4795 4426/8429/1880 4436/8458/2198
f 2209/3817/3194 2369/4100/2649 3972/7386/4785
f 4437/8459/1710 4381/8311/3857 2298/8460/3304
f 2893/5131/3972 113/171/134 115/180/139
f 2353/4074/3361 2352/4073/3360 3884/7197/4748
f 3830/7080/1489 3644/6719/316 3076/534/484
f 2326/4030/3325 2325/4029/3324 1755/1864/1689
f 4438/8461/4258 3045/5466/4135 3234/5839/4259
f 3663/8462/4646 4439/8463/4934 280/449/404
f 196/314/269 3813/7042/1187 3154/8464/4232
f 2863/5066/3936 3941/8465/4777 4263/7054/4722
f 4140/4838/3534 1880/8466/2753 2365/4839/2855
f 4351/8467/413 552/2838/853 3452/2840/2469
f 2924/4663/3715 3111/8468/1277 2656/4664/2114
f 852/198/153 133/216/171 923/370/325
f 4024/7478/4807 3242/742/685 3009/5394/4100
f 3124/4817/3303 4497/8469/2842 4635/4815/3800
f 3263/5909/4341 3264/5910/4342 2551/8470/3600
f 1795/513/464 2903/3684/3093 813/8471/1250
f 1506/2556/2259 2450/4258/3476 4375/8302/4845
f 4882/1785/1618 1059/1784/1617 2354/4075/3362
f 908/5034/1379 3041/5688/4132 909/8472/1380
f 87/7085/109 89/8473/103 1252/7021/1897
f 921/1538/1400 4440/8474/2053 2869/1539/1401
f 599/1017/935 838/8475/1286 1280/8476/1936
f 393/665/609 2632/664/608 387/651/597
f 1032/1739/1576 3834/7093/4731 1033/1740/1577
f 417/702/646 1485/2526/2236 2809/4966/681
f 3510/6954/4552 596/6953/929 3943/8477/931
f 3590/6605/2617 2399/4168/2103 2398/4167/3412
f 1834/8478/2692 3012/2240/2009 3013/8479/4104
f 2679/4706/3733 4441/8480/2952 2951/6626/4032
f 245/390/345 2074/3566/3008 2242/3882/2761
f 4220/7530/4805 3972/7386/4785 3973/7387/2096
f 4325/7131/4738 380/8481/587 4865/7132/1813
f 4442/8482/4467 4568/7500/4811 4239/8012/458
f 1719/8483/2548 2754/1031/949 4517/8484/2549
f 4443/8485/4941 1196/2017/1673 1195/2016/1818
f 2639/4632/3695 3686/6797/4659 2464/4633/3493
f 2037/3492/2618 4441/3491/2952 1826/406/361
f 1453/2470/2192 1455/2472/2194 3745/6534/4586
f 343/7030/520 3453/6296/4499 4444/8486/521
f 352/586/535 2283/3952/3284 1868/587/536
f 1022/1721/301 3368/8487/1649 4045/8488/1927
f 3997/7826/3845 3998/8489/642 4167/7827/4668
f 3479/6356/3307 3988/7408/4791 2781/4897/3848
f 3456/6302/4503 3390/6155/4449 3316/6547/4395
f 3476/6349/4526 1581/2815/2352 2987/8490/877
f 2792/8491/3855 2002/3432/2911 3318/8492/3856
f 1155/1939/1755 2987/5336/877 1313/2223/1994
f 2899/5793/3978 4445/8493/50 4778/5682/4235
f 2975/5304/4058 3156/5680/4234 3770/5305/4059
f 244/389/344 2800/7792/3864 1396/2365/2110
f 3165/5700/3256 2723/4777/3780 4184/8494/4880
f 1765/7539/2615 3388/6152/4447 3885/7199/4749
f 3491/6387/4535 921/1538/1400 3547/2970/2568
f 559/8495/869 2437/4234/3461 2710/4757/870
f 4839/1895/1714 943/1577/1434 2629/4615/3686
f 4402/7609/4319 4079/7608/4836 4683/8496/1543
f 2457/1867/1692 4744/3290/2804 1107/1868/1693
f 2668/8444/3184 4855/8497/4406 4428/8445/4939
f 4418/8406/4338 1034/8498/1581 4207/7915/2815
f 2133/4151/827 4837/4152/3409 4446/8499/3087
f 4257/8500/4815 2083/7965/3024 4258/7964/4716
f 2638/4631/3694 1514/2571/2270 2639/4632/3695
f 1828/3135/2687 3360/6101/4424 3274/5925/4350
f 2397/4166/3411 2002/4600/2911 2792/8148/3855
f 3654/6737/4638 2880/8501/3953 3928/7288/4252
f 2237/3873/3235 2236/3872/3234 4266/4367/3545
f 3934/7302/4774 4447/8502/4942 1158/1951/1764
f 234/375/330 1778/3054/2631 1888/376/331
f 3548/6517/4577 4448/8503/2569 4038/7519/4153
f 3233/5838/4309 3235/5840/4310 3919/7272/4766
f 3841/6446/3289 3389/6445/4448 2894/7475/3973
f 3025/923/855 4695/8504/3038 3130/924/856
f 83/128/102 1335/2257/2023 1253/2114/1898
f 1640/2791/2436 1639/2790/2420 1373/2326/2079
f 1995/3424/2904 520/1128/807 1996/3425/2090
f 923/1541/325 4333/8211/2506 2923/1542/1403
f 2522/4413/3567 2374/4117/3388 86/134/106
f 4449/8505/2196 2216/3829/3203 2215/3828/3202
f 2480/4312/3512 4412/4854/3821 4450/8506/4902
f 3119/7542/4202 4051/7544/4514 4124/8507/4516
f 4049/8508/1725 3237/5842/4311 3138/8509/4220
f 3027/5435/4118 4451/8510/4930 1067/1798/1628
f 451/751/694 1556/8511/2323 277/8512/400
f 4452/8513/4725 4216/8514/4887 4453/620/567
f 2246/8515/410 4452/8516/4725 4453/8517/567
f 2497/4350/2492 4869/2363/2108 1394/2362/2107
f 837/1403/1285 4421/7163/4743 3523/6470/4562
f 3251/5878/4328 3107/5579/4187 955/1602/1453
f 1369/2319/2074 2412/4188/3425 3917/7270/4765
f 2267/3924/3267 3919/7272/4766 343/7030/520
f 989/1670/1515 855/1429/1304 3549/6519/4579
f 2477/4309/3510 1473/2507/2223 1344/2270/2034
f 4936/6006/4388 80/121/99 850/8518/703
f 3321/8519/4400 4149/8520/4401 4454/8521/3621
f 2275/7538/3276 467/784/723 3488/8522/4531
f 4455/8523/3634 3567/6560/4593 3569/6562/2839
f 3264/5910/4342 1835/3144/2693 2551/8470/3600
f 401/679/623 1483/8524/2234 231/372/327
f 73/122/93 72/106/90 1335/2257/2023
f 2948/5249/4030 1830/3137/2689 2023/3475/2939
f 2231/3862/3226 3507/6426/4550 210/337/292
f 3229/8525/4307 3407/6191/4466 4398/8354/4931
f 4456/8526/4160 786/1314/1209 4457/8527/4943
f 999/8528/1529 3625/6685/4628 3626/6687/511
f 3661/6759/4644 4427/7785/4869 3660/6758/1162
f 371/630/577 3802/7012/4711 1423/2417/2153
f 48/71/61 49/74/62 2394/4155/2525
f 3744/2197/1969 1501/2548/2253 1590/2694/2361
f 3772/6023/4399 3773/8529/4189 3851/7122/4188
f 40/59/49 3069/61/51 2495/4347/3532
f 4788/1183/1090 2074/3566/3008 1622/4397/2408
f 4497/3337/2842 4834/8530/1276 2356/4077/3364
f 2840/5017/3906 2638/4631/3694 2464/4633/3493
f 1156/1940/1756 2135/3679/3089 679/1941/1053
f 4735/5398/4102 722/1206/1110 2989/5538/4078
f 3731/6882/4680 3732/6883/4681 4358/8260/1934
f 913/7838/1389 894/4693/1354 2613/4584/3669
f 373/407/362 2621/1179/579 4720/408/363
f 4803/5894/1168 1719/2950/2548 3519/2949/2547
f 2097/3610/3043 3402/6181/4460 1396/2365/2110
f 3804/7014/4712 4264/8064/4899 4075/7599/4831
f 517/868/802 2192/3787/3171 2578/4516/3624
f 3388/8531/4447 4552/8131/4911 4337/5458/4129
f 2048/3519/2972 861/1436/1309 3378/6133/4439
f 3350/8532/1396 3574/6569/4595 2092/3602/3037
f 2725/4779/3782 3901/7237/4755 3212/5787/3810
f 3829/3430/2909 3532/6488/4566 4695/7783/3038
f 893/1486/1352 3846/7116/4735 3809/1487/1353
f 4526/8533/559 3200/5764/4275 2823/4990/3891
f 1038/1751/1588 1130/8534/1720 2631/4620/3688
f 970/1631/1479 3584/8535/2028 3230/1632/1480
f 3264/5910/4342 1836/3145/2694 1835/3144/2693
f 2002/3432/2911 4189/3434/2912 3318/8492/3856
f 3244/5863/4322 4019/7465/3108 3201/8536/4276
f 2943/5236/4023 4118/7697/4857 2944/5237/4024
f 4458/8537/4944 1722/8538/2552 3591/6609/4602
f 936/1561/1418 701/3076/465 813/1363/1250
f 2972/5298/4055 3552/6524/4582 3646/6723/4636
f 3703/8539/4667 4459/8540/3468 3006/5391/2062
f 3269/5075/3940 824/7035/1265 937/1562/1419
f 2891/5125/3969 2979/5316/4065 2731/4791/3787
f 3444/6270/1335 1743/2995/2590 1744/2997/2592
f 4830/8541/1324 4126/8542/3035 4460/8543/4802
f 2680/1915/1734 1142/1917/1736 1903/3266/2786
f 1653/2816/2453 3137/5636/4218 2119/3648/3072
f 2178/3765/3153 3025/5433/855 4461/8544/854
f 4462/8545/2340 4463/8546/4896 4687/2104/1888
f 4462/2666/2340 4687/8547/1888 1573/2667/2341
f 4459/8548/3468 3703/6825/4667 4464/8549/3245
f 2441/4241/3465 1292/2185/1958 4920/8550/4366
f 2871/5079/3942 3915/8551/4763 1358/2295/2055
f 1397/2366/2111 1396/2365/2110 3396/6168/4456
f 2615/4586/3670 248/397/352 4132/5028/3914
f 3718/2411/2147 1420/2413/2149 2328/4032/3327
f 4313/8552/4916 1519/5778/2277 4673/545/495
f 3872/7170/4745 777/1299/1195 1653/8135/2453
f 2255/5614/3258 2029/3482/2944 2030/3484/2946
f 4465/8553/1115 2468/8554/2117 4764/8555/3931
f 4080/7610/4379 4402/7609/4319 4466/8556/4318
f 3841/6425/3289 3820/6424/4549 3842/5537/2226
f 2022/3474/2938 4736/8557/4917 4507/4433/3583
f 393/665/609 387/651/597 300/490/441
f 1944/3333/2838 2524/4415/3568 2527/4418/3571
f 2160/3732/3128 4962/5119/3965 883/5121/1339
f 2903/3684/3093 128/207/162 4691/209/164
f 4508/6297/4500 4166/7821/3265 2253/3898/3254
f 587/902/834 4229/7986/4894 540/903/835
f 2436/4232/3459 2191/3786/3170 3848/7118/2665
f 3496/6399/4539 1849/5860/2708 2881/5100/3954
f 3011/5399/4103 3308/8558/2975 2939/5400/3882
f 1941/3329/2834 4080/5981/4379 4466/5856/4318
f 4467/8559/3502 2143/3696/3102 660/1107/1022
f 4026/7161/4741 3428/6672/4483 3622/6671/4624
f 4468/8560/3479 4678/8561/4080 2883/8562/3961
f 4151/5070/3938 1282/2165/1941 2039/3497/2955
f 1817/2782/2429 1312/2220/1991 2553/4467/3071
f 2528/4419/3572 213/342/297 507/850/784
f 2987/8490/877 3659/8563/4642 3476/6349/4526
f 3822/7059/4724 4469/8564/1040 673/7095/1042
f 1190/2006/1579 1189/2005/1810 3979/7218/4752
f 4584/8565/4617 3442/6266/3776 4430/594/543
f 2003/3435/2913 1708/2924/2532 2470/4295/3501
f 791/1321/1215 790/1320/1214 1539/2614/2302
f 1443/2455/2177 4523/7842/4877 4168/2456/2178
f 2735/8566/3791 965/8567/1467 3870/5980/4378
f 4428/8445/4939 4171/7716/4862 2853/5040/3920
f 718/8568/1104 1263/8569/1913 4470/8570/3666
f 1995/3424/2904 616/1044/962 520/1128/807
f 591/1003/924 383/646/592 4276/8092/525
f 4056/8571/4822 134/217/172 852/198/153
f 1999/3428/2907 4471/8572/3928 3923/7280/4769
f 1511/2567/2267 1512/2569/2268 4420/8415/4354
f 4268/8573/4901 2142/3692/3098 3922/7278/4768
f 4324/8189/4918 4472/8574/3431 4320/3203/2733
f 4414/8388/2050 1583/2685/1271 1584/2686/2356
f 5/7/7 9/11/10 6/8/8
f 4183/1626/1474 4473/8575/3907 4591/6579/1827
f 3588/8576/2307 4305/8144/3046 366/8143/564
f 3711/6843/4671 1704/5759/2526 1901/3261/2783
f 2087/3590/3028 2086/3589/3027 2977/5308/4061
f 4474/8577/2242 1452/2469/2191 4247/8026/3529
f 4509/6298/4501 3048/5472/4138 4475/8578/4871
f 2542/4443/3589 2541/4442/3588 2104/3620/3052
f 4476/8579/4854 4748/8580/2314 4859/8581/2937
f 1674/2866/2487 2583/4525/3628 2585/4527/3630
f 620/7123/966 3852/7124/4736 191/8582/264
f 1769/2146/1922 1085/1828/1656 1270/2147/1923
f 1412/2390/2130 672/1126/1041 4469/1125/1040
f 2396/8583/496 4673/826/495 494/828/750
f 3749/6916/4690 1927/3307/2819 3423/6227/4479
f 3207/5777/357 3267/6755/4346 64/96/80
f 526/883/817 4165/7820/3499 4477/8584/4945
f 3192/5751/4268 1950/3346/2850 4478/8585/4029
f 3731/6882/4680 1448/2465/2187 1450/2467/2189
f 380/641/587 841/1411/1292 2741/642/588
f 1197/2019/1820 3740/6896/4683 1136/1908/1727
f 3722/3449/2922 2361/8586/3370 506/847/781
f 375/635/581 377/637/583 410/692/636
f 3476/6349/4526 1199/2021/347 4479/8587/349
f 3717/6855/4676 3237/5842/4311 3203/6856/4281
f 4778/8588/4235 41/62/52 4496/7564/4827
f 4779/7563/1180 4778/8588/4235 4496/7564/4827
f 3431/6242/2822 927/1549/1407 2057/3537/2987
f 3104/5572/4183 3281/5945/4358 4172/7840/4876
f 4731/8589/4843 573/966/897 4905/615/563
f 1211/2025/1824 2555/4473/3602 1544/2619/1836
f 2839/5016/3905 1680/2153/1929 1274/2152/1928
f 3033/3285/2799 4741/3288/2802 3261/5902/4122
f 529/889/823 3461/6315/4508 107/168/131
f 3589/147/113 4814/7767/167 93/148/114
f 4308/8156/540 3933/4764/3771 2715/4766/3773
f 2170/3746/3140 890/1482/1348 495/829/763
f 3557/6536/4576 3435/6248/4486 2807/4956/3871
f 4480/8590/3747 4214/7659/4844 4481/8591/3748
f 4482/8592/2442 4059/8593/2136 308/504/455
f 4322/8187/4615 4482/8592/2442 308/504/455
f 4483/8594/4334 4910/6320/4509 1361/2306/2063
f 3822/7059/4724 4271/8082/4903 2206/3813/3191
f 2243/3883/3244 3863/3304/2817 3018/5423/4111
f 2139/3688/3096 2518/5339/3562 4484/8595/1132
f 4463/8546/4896 4593/2102/1886 4687/2104/1888
f 1998/3427/2906 1997/3426/2905 1726/6121/2560
f 4478/8585/4029 1950/3346/2850 2028/3481/743
f 3736/4702/3731 3737/6889/3750 3128/5623/4210
f 2838/5014/3904 561/7136/875 579/983/911
f 1653/2816/2453 1581/2815/2352 3445/6348/4494
f 2100/3613/3045 4148/3596/3032 217/347/302
f 2239/8596/3239 368/623/570 4485/8597/4199
f 2075/3567/3009 732/5575/1129 4486/8598/1128
f 3843/7111/4734 3302/7296/4381 1473/2507/2223
f 1908/3271/2791 1407/2385/2125 1409/2387/2127
f 4359/5041/3921 4358/2158/1934 1278/2157/1933
f 1778/3054/2631 3150/5668/3675 1779/3055/2632
f 4851/1565/1422 4434/8456/4940 1872/8599/2740
f 4487/8600/4417 4488/8601/2266 3574/6569/4595
f 4862/3636/3063 2444/3638/3065 4852/8602/1742
f 4489/8603/1570 1844/6600/2704 1703/8604/2524
f 636/1068/985 638/1070/987 1100/1850/1677
f 28/8605/33 4175/6607/4600 2936/5223/4017
f 3381/6141/4440 4490/8606/532 114/8607/138
f 392/662/607 79/5322/98 1379/2336/2089
f 1806/3092/2657 4291/8608/4789 2962/5284/4046
f 2641/1492/1358 238/7450/335 155/248/203
f 2619/4594/3677 2636/4628/3692 4035/7514/4817
f 1418/2406/2142 187/7001/253 1519/2580/2277
f 3598/6622/4609 4372/8289/4926 4679/8609/4946
f 3382/8610/4441 2040/8611/2957 378/639/585
f 1011/1708/1549 3681/6791/4655 1012/1709/1550
f 3211/2787/2434 4868/1153/1063 688/1152/1062
f 4282/6233/2970 2138/3682/3092 1247/2105/1889
f 649/1090/1005 794/5522/1222 650/1091/1006
f 4901/8612/4814 3095/5551/4173 4257/8613/4815
f 1593/2699/2366 3690/6803/2435 3211/5786/2434
f 1787/6327/2641 4491/8614/740 3465/6328/742
f 324/535/485 3387/6151/4446 3386/6150/4445
f 518/869/803 517/868/802 2578/4516/3624
f 2322/4022/3321 4645/4067/3355 1510/2563/2265
f 4385/6813/4664 1814/3112/2672 1088/1832/1660
f 1395/2364/2109 1075/1810/1640 1057/1782/1615
f 4014/7457/4799 4348/8241/4921 777/1299/1195
f 4898/50/40 2062/3548/2995 2663/4675/3720
f 4070/5154/3981 4657/1083/998 737/1082/997
f 2923/1542/1403 4334/8212/2132 1376/8615/2083
f 226/8616/319 865/8617/1316 4800/7735/4863
f 4411/6835/2764 4492/8618/4860 199/318/273
f 681/5978/1054 4493/8619/2140 3299/5979/4377
f 870/669/613 4103/671/615 3241/8620/4317
f 2841/4579/3665 4287/8114/598 1980/1201/1105
f 3524/6471/3625 1678/2876/2494 3070/5502/4156
f 4494/8621/2712 1930/1164/1074 697/1166/1076
f 4494/8621/2712 697/1166/1076 1061/4146/1621
f 4156/3119/2674 2281/8622/3283 1820/3120/2377
f 618/8623/964 617/3064/963 3395/6163/788
f 2466/4284/3495 163/263/218 2041/3500/2958
f 2291/8624/3296 4495/8625/3295 4370/8626/3436
f 2054/8627/2979 3705/5757/4271 4272/5756/885
f 4884/2558/2260 1508/2560/2262 2508/4373/3550
f 1516/2574/2271 2995/7871/4086 1517/2575/2272
f 329/8062/494 662/8628/1024 4313/8629/4916
f 601/1020/938 4084/3855/3220 4676/7214/2275
f 2849/3041/2381 1605/6943/2382 253/3042/366
f 2246/5640/410 4665/5639/4219 4452/8630/4725
f 2567/4493/3614 2185/3776/3161 4028/8107/1482
f 4218/7032/3946 4248/2757/2411 2552/2756/2410
f 968/1628/1476 969/1630/1478 2155/6034/3118
f 2235/3866/3230 984/1662/1507 986/1664/1509
f 3340/6053/4410 770/1286/1183 1433/2436/2166
f 4268/8573/4901 3573/6568/4594 2142/3692/3098
f 2930/5212/4008 1100/1850/1677 2829/5003/3899
f 573/4624/897 4731/8631/4843 4093/7051/4721
f 1293/2188/1960 2143/6859/3102 4496/8632/4827
f 2236/3872/3234 2698/4740/3757 4266/4367/3545
f 3414/6044/4409 4413/1697/1540 3193/5663/4225
f 367/618/565 2579/4517/1801 1182/619/566
f 730/1221/1125 731/1223/1127 2999/5375/4092
f 1938/3323/2293 3225/5821/1971 2380/4129/3396
f 3338/8633/3581 876/1459/1328 769/4466/1182
f 2861/6489/3933 3255/5885/4332 4059/8634/2136
f 3124/3983/3303 830/1392/1274 4497/8635/2842
f 4361/8264/3420 3412/6203/4470 4045/6205/1927
f 1081/6010/1648 1810/3101/2663 1080/7505/1646
f 245/390/345 244/389/344 1396/2365/2110
f 4013/7456/2299 1539/2614/2302 2597/8636/3647
f 58/6113/72 4299/8637/69 1663/6114/2466
f 1103/1856/1682 1102/1855/1681 3164/6326/4241
f 1359/2590/2057 4735/5847/4102 4498/8638/2058
f 1225/8639/1855 3735/6891/3701 2952/5256/4033
f 3998/8640/642 4209/8641/1951 4499/8642/2294
f 239/381/336 2429/933/865 3809/8643/1353
f 303/495/446 2336/4047/3340 778/1300/1196
f 4466/5856/4318 204/5858/283 1942/3330/2835
f 698/1167/1077 1920/3295/2808 3754/1551/1409
f 3760/6945/2157 4500/8644/772 847/1419/621
f 3903/2799/2440 2582/4523/3627 1606/8645/2383
f 443/737/680 1208/2035/1834 1207/2034/1833
f 4501/8646/1785 730/1221/1125 2999/5375/4092
f 3615/6663/4076 1143/1918/1737 2518/4405/3562
f 2439/4238/3463 1092/4239/1666 4502/8647/2334
f 3188/5746/4266 3037/4549/3645 2207/3814/3192
f 3080/556/506 147/8648/185 338/557/187
f 4503/8649/4761 4052/3587/3025 113/175/134
f 3975/7390/4786 1235/1719/1560 1020/1718/1559
f 543/908/840 1594/2701/2368 152/242/197
f 1540/5341/2303 1362/2309/2065 3141/1802/1632
f 944/1578/1435 3100/5565/4177 945/1579/1436
f 3601/6636/4611 1398/2368/2112 3624/3534/2984
f 4572/8650/4689 4504/8651/2380 4505/8652/4110
f 716/8653/1103 4635/8654/3800 4506/8655/2801
f 1905/3459/2788 4483/5887/4334 1612/2736/2393
f 2873/7598/3371 3441/6262/4492 2362/6261/3372
f 1687/2890/2503 2490/6377/3527 4507/8656/3583
f 1644/2804/2444 4369/8284/766 574/6491/898
f 2264/3920/3264 4508/8657/4500 4509/8658/4501
f 4297/8127/4066 1914/3279/2796 1451/3281/2190
f 3463/7438/4511 2742/7804/2365 4342/8228/2367
f 1224/2061/1854 3664/5354/4082 1464/8659/2208
f 414/699/643 2022/3474/2938 4507/4433/3583
f 1757/3015/2607 3301/5985/4380 4180/7856/575
f 4553/8660/4947 3030/5438/3968 3914/4865/3830
f 2507/4370/3548 636/1068/985 1099/1849/1676
f 4505/5415/4110 4504/8661/2380 1604/7166/1745
f 1192/2009/1812 171/273/228 170/272/227
f 4701/4555/3648 4349/8662/2608 2395/7950/3148
f 4074/7597/4830 262/421/376 799/1336/1229
f 3547/6516/2568 4448/8503/2569 3548/6517/4577
f 4873/6215/4474 3417/6216/4475 1913/840/774
f 4449/2474/2196 230/371/326 2216/8663/3203
f 4960/6694/4631 3260/5898/3752 3858/7137/4186
f 388/653/599 2841/5018/3665 284/454/409
f 1313/2223/1994 134/5337/172 4056/7551/4822
f 260/419/374 262/421/376 4074/7597/4830
f 3377/8664/4437 2830/5004/3900 3543/7276/4573
f 2618/4593/725 2255/5614/3258 2619/4594/3677
f 2627/4612/3685 4510/8665/3217 3635/3156/2702
f 3462/6317/4094 4435/5744/4265 1837/3147/2696
f 1083/1826/1654 4526/611/559 365/613/561
f 4297/8127/4066 2168/3743/3137 2167/3742/3136
f 3527/1829/1657 1087/1831/1659 1557/2643/2324
f 3962/7365/4783 4034/7513/4816 4455/4534/3634
f 1138/7312/1729 1621/2750/2406 1622/2752/2408
f 509/852/786 508/851/785 2459/4273/3488
f 3698/8666/1263 824/7035/1265 3269/5075/3940
f 1290/3604/1956 4695/3603/3038 2596/4551/3646
f 2557/4476/3605 4306/8150/3865 2653/4659/3711
f 3888/6390/4179 1575/2672/2345 3889/4131/3397
f 3617/6666/4620 3378/6133/4439 4772/6781/3373
f 4346/8237/4323 2178/3765/3153 4461/8544/854
f 3225/2199/1971 4224/5817/4299 3226/5816/4298
f 2870/5078/3941 1358/2295/2055 1357/2294/2054
f 4928/423/378 211/339/294 212/341/296
f 1919/881/815 3038/5456/4127 525/882/816
f 3341/8667/4411 3891/8668/4750 275/8669/398
f 3284/5948/397 3341/8667/4411 275/8669/398
f 4511/8670/4938 1302/2204/1976 1303/2206/1978
f 310/506/457 2307/508/459 4537/8671/3312
f 586/995/919 482/812/656 3361/8672/3918
f 4734/2267/2031 4806/2248/2014 4677/8673/4948
f 3273/5923/4349 4512/8674/1362 3930/7291/4771
f 4855/7836/4406 849/1422/1300 4128/1421/704
f 3784/6982/4701 2495/4347/3532 819/1373/1259
f 4212/7930/4886 2998/5369/4090 3390/6155/4449
f 4688/231/186 3695/1159/1069 4039/7520/4306
f 4513/8675/4949 435/725/668 3964/7368/4784
f 2659/4670/3717 3902/7238/4756 4698/5995/4383
f 4514/8676/1917 3642/604/552 3292/5967/4368
f 1485/7749/2236 1327/2246/2013 444/739/682
f 2054/3528/2979 4272/954/885 2558/953/884
f 3638/6710/3919 2258/3910/3214 2259/3911/3261
f 4515/8677/407 87/7085/109 3832/7084/4729
f 3315/6016/4394 2152/3710/3112 2151/3709/3111
f 3854/7128/4737 2036/3490/2951 4853/7675/4850
f 2847/4149/3408 4494/3170/2712 2963/5285/4047
f 3995/8190/4794 3996/8427/4795 4932/4846/3818
f 2461/4277/3491 3481/8678/4529 2929/5211/4007
f 4356/8255/4063 2833/8257/1031 3615/5338/4076
f 4710/7816/4873 2652/1629/1477 968/1628/1476
f 4932/7468/3818 4436/2476/2198 1457/2475/2197
f 431/720/663 3496/6399/4539 432/721/664
f 2380/4129/3396 3226/5822/4298 974/4455/1485
f 4036/5493/4150 2817/8679/3885 1408/8680/2126
f 1132/1903/1722 242/387/342 241/386/341
f 2860/7790/3932 3673/8681/4651 3533/6490/4567
f 1773/5094/2627 2880/5096/3953 1774/8682/2628
f 3999/2285/2045 4000/5081/3944 1352/2286/2046
f 1989/3410/2893 1802/3088/492 1801/3087/2654
f 2919/8683/3996 4878/5722/4251 4204/5721/3472
f 1177/1986/1795 1026/1729/1567 1025/1728/1566
f 2646/4648/3705 747/8684/1149 2234/3865/3229
f 4761/5975/4375 3567/6560/4593 4455/8523/3634
f 273/8685/395 3177/5729/4254 3176/5728/534
f 655/1099/1014 2476/4308/3509 1206/2033/1832
f 3054/5478/4142 606/1030/948 605/1029/947
f 3852/7124/4736 1885/3236/2762 4411/3238/2764
f 804/1165/1075 1162/1957/1770 2389/4147/3406
f 3938/2557/304 1506/2556/2259 4375/8302/4845
f 3872/7170/4745 1653/8135/2453 3445/6271/4494
f 4239/8012/458 4568/7500/4811 780/1302/1198
f 350/581/530 2103/6312/3051 2049/3520/2973
f 4544/7635/4840 945/1579/1436 3481/6364/4529
f 3939/7311/3101 2849/5032/2381 2848/5031/3916
f 4957/3033/1849 3940/7313/3058 4232/8686/899
f 802/1345/1236 2733/4793/3789 803/1346/1237
f 1902/8687/339 4516/8688/3687 2810/8689/3877
f 2264/3920/3264 4062/6068/4415 1886/3237/2763
f 3468/6337/4519 3748/6915/4560 3357/8690/4420
f 3107/5579/4187 1739/5384/2584 2240/3879/3241
f 313/516/467 4284/8109/4908 314/517/468
f 2620/4595/3678 3405/6187/4462 3157/5686/4236
f 1244/8691/1881 1477/2515/2229 1245/2098/1882
f 1046/1765/1600 28/8605/33 2936/5223/4017
f 460/5097/713 3024/3098/2660 3961/7362/4782
f 4169/4101/515 3881/4102/3380 4653/8692/4950
f 1969/3374/2869 4076/7600/4832 552/921/853
f 3498/6401/4540 2898/5140/3976 4864/5139/751
f 4517/8693/2549 4518/8694/3984 2925/8695/4001
f 4519/8696/4071 3755/6929/4693 3747/6936/4688
f 3914/4865/3830 3032/5440/4120 2765/4866/3831
f 4209/8641/1951 4520/8697/1950 4499/8642/2294
f 3382/8610/4441 2623/4601/3680 524/880/814
f 2821/7903/3889 4780/592/541 4430/594/543
f 4521/8698/4881 3536/7181/4570 2141/1385/926
f 4722/6284/971 623/8699/970 1994/3423/2903
f 3382/8610/4441 524/880/814 4522/8700/4533
f 2494/4346/3531 4106/7672/4455 2495/4347/3532
f 1674/2866/2487 3114/5595/4197 2583/4525/3628
f 1402/6821/2116 2468/4291/2117 724/1210/1114
f 512/1638/793 1415/1637/1483 2317/8701/3320
f 3921/7274/4767 4105/7671/4849 2994/5361/4085
f 3405/6187/4462 4847/6164/4454 4637/6188/4463
f 4080/5981/4379 1941/3329/2834 1160/1955/1768
f 2427/4216/3449 2247/3891/3249 3425/6229/4481
f 4725/8702/1387 1559/8703/2326 463/8704/719
f 2473/4932/3506 2799/4934/3863 2474/7876/3507
f 3809/8643/1353 2429/933/865 4230/935/867
f 3805/7018/4714 1503/2550/2255 4386/8322/1302
f 4912/8705/4951 4408/5116/3963 2888/5118/2830
f 3995/7417/4794 2309/4003/3315 815/1365/1252
f 3542/972/902 4796/6902/462 3641/8101/4635
f 485/818/755 3278/1824/1652 486/819/756
f 3845/7113/4691 578/977/907 577/976/906
f 3051/5475/4141 1042/1759/1596 4244/8023/737
f 1957/6614/2857 3593/6613/4604 289/4949/420
f 1018/1716/1557 4928/423/378 1019/1717/1558
f 3680/6790/4654 4328/8706/3797 4046/8707/3146
f 765/8708/1177 1373/2326/2079 766/3981/1178
f 1258/1611/1461 3882/7191/4625 4951/8709/1904
f 4523/8710/4877 832/6844/1279 4168/8711/2178
f 4345/8236/4920 1413/8235/2131 4334/8212/2132
f 4408/8379/3963 4409/8381/4924 2887/8712/3964
f 4524/8713/2517 4525/8714/4101 4240/8014/260
f 2823/8715/3891 755/8716/560 4526/8717/559
f 2517/4237/3462 4397/8351/601 4527/8718/3034
f 4317/4774/3777 3442/4773/3776 4528/8719/1224
f 1651/3918/2451 4529/8720/3389 3104/5572/4183
f 4759/942/874 4937/5241/4026 4530/8721/4803
f 923/1541/325 924/1543/1404 2417/4195/3432
f 3986/6987/4703 2457/4268/1692 3786/6985/1691
f 4531/8722/1393 919/8723/1395 4360/7925/4195
f 1847/6308/2707 3196/5023/3909 2842/5022/3908
f 1006/1696/1539 3573/6568/4594 3102/5664/3611
f 2305/3994/3310 2024/3476/2940 4162/8724/4870
f 2305/8179/3310 4162/7807/4870 2811/4973/3878
f 4740/3591/480 4629/5329/4072 3497/6400/1288
f 1421/2415/2151 2997/2414/2150 474/795/733
f 2878/5093/3951 4769/1656/1501 4563/1997/1805
f 4197/7888/4883 4881/3401/2887 4880/7889/3641
f 3598/6622/4609 3376/6130/4436 2688/7534/3744
f 3426/8725/4321 3273/5923/4349 3272/5922/4329
f 4548/1353/1243 808/1354/1244 3763/2923/2531
f 4768/8726/3710 4532/8727/3623 473/794/732
f 2684/4718/3740 2487/4328/2915 1321/2994/2005
f 265/5892/381 774/4772/380 4317/4774/3777
f 2548/259/214 160/258/213 4557/8180/4660
f 2783/4900/3031 4533/8728/3030 1867/3206/2736
f 4151/5070/3938 2039/3497/2955 4921/3496/2474
f 4121/325/280 4120/8729/4858 2922/5193/3998
f 1070/3935/1634 2274/3937/3275 1599/2711/1635
f 2418/4200/3437 2419/4202/3438 3861/7426/4739
f 1606/8645/2383 2582/4523/3627 1607/8730/2384
f 1701/2911/2522 4776/5203/4002 404/682/626
f 2813/4975/3880 2876/8731/3594 4534/8732/3949
f 3298/8733/4376 2341/5846/3346 2413/4190/3427
f 760/1269/1169 4902/1271/1171 2189/3783/3167
f 1229/2069/1861 902/1505/1371 1145/1921/1739
f 1506/2556/2259 3262/5904/4337 2450/4258/3476
f 4358/8260/1934 3732/6883/4681 1279/8734/1935
f 4265/8065/4900 3513/6435/4557 4535/8735/3546
f 4519/5328/4071 3747/6911/4688 2433/4226/3455
f 1793/3074/2647 2367/4098/3378 2905/5161/3983
f 1793/3074/2647 2905/5161/3983 1794/3075/2648
f 4862/3636/3063 4852/8602/1742 4536/8736/4336
f 899/1497/1363 3864/5221/4016 900/1498/1364
f 2662/7333/3719 2986/5335/1160 1554/1569/1426
f 865/1443/1316 864/1442/1315 407/686/630
f 4892/6541/4589 310/8737/457 4537/8738/3312
f 1964/7429/2222 1965/8739/2865 3763/2923/2531
f 3664/5354/4082 2993/5355/4068 2624/8740/3681
f 4151/7776/3938 4921/2845/2474 710/1187/1093
f 1765/7539/2615 3386/6150/4445 3388/6152/4447
f 1547/2625/2311 4713/2624/2310 1780/3056/2633
f 1742/2993/2589 3848/7118/2665 4090/6589/4596
f 1462/6782/2204 3675/6784/3150 2177/8741/3149
f 219/351/306 220/353/308 1627/2761/2415
f 2054/8298/2979 3703/6825/4667 3705/6827/4271
f 616/1044/962 4131/3013/45 823/1378/1264
f 1145/8742/1739 3638/6710/3919 4846/6409/4543
f 1189/2005/1810 378/639/585 3436/6251/4487
f 3326/6740/4405 849/1422/1300 4855/7836/4406
f 646/8743/1002 3153/8744/4231 4538/8745/2981
f 4575/4636/3696 1620/2749/2405 239/381/336
f 4575/4636/3696 239/381/336 2641/4637/1358
f 2801/6380/2956 721/8746/1109 4338/3182/2719
f 4937/8747/4026 3157/5686/4236 4637/6188/4463
f 664/1111/1026 3270/5920/4348 2592/4543/3640
f 3920/8748/2319 4068/7580/4305 3418/6218/4476
f 4347/8240/2308 1182/1992/566 4348/8241/4921
f 1064/1793/1624 1315/2226/1997 3257/5895/3894
f 3492/6388/4178 1314/2224/1995 3493/6389/4536
f 1507/2559/2261 3286/5950/4362 934/1559/1416
f 341/561/510 3214/5795/4288 3216/5797/4290
f 2545/6418/2535 2876/8731/3594 2813/4975/3880
f 1608/8749/2386 4009/7936/4798 4723/5783/4284
f 581/7570/914 1202/7569/1825 4539/8750/4952
f 2310/4004/3316 857/1431/1306 856/1430/1305
f 4518/8751/3984 3219/5810/4292 3265/5915/4344
f 4540/8752/4019 2306/8753/989 1299/2201/1973
f 1282/2165/1941 3351/2164/1940 2801/3498/2956
f 2622/6263/3679 885/1473/1340 886/1474/1341
f 2648/4650/3707 3788/6988/4704 1808/6990/2661
f 3198/5760/4089 4541/8754/2179 249/399/354
f 1876/3216/2745 843/1414/1295 2096/3609/3042
f 4542/8755/3664 3558/2170/1944 4717/1102/1017
f 2405/4178/3417 2404/4177/3416 4221/7966/4888
f 3712/6846/3209 3969/915/847 4543/8756/4414
f 676/1133/1045 2330/4034/3329 677/1134/1046
f 1481/2519/2143 3849/6391/4520 4866/6393/2144
f 1308/2215/1986 2531/8757/3575 1309/2216/1987
f 1243/2092/1878 3043/5464/917 224/359/314
f 243/388/343 1111/8758/1699 1113/4025/1701
f 758/1264/1164 2173/3750/3143 759/1265/1165
f 4570/2052/796 4544/8759/4840 1219/2053/1848
f 4545/8760/3852 2023/3475/2939 2304/3993/3309
f 3698/6772/1263 3268/5918/4347 3736/6892/3731
f 656/8761/1016 1641/8762/2439 1753/8763/2604
f 1567/2658/2333 809/1356/1246 4546/8764/2754
f 4419/8409/4922 4547/8765/4874 4548/8766/1243
f 3357/6093/4420 3520/6464/4561 1978/3390/2880
f 3987/3080/2650 1798/3082/2652 1870/3209/2738
f 277/2885/400 1307/8767/402 4084/3855/3220
f 2531/4423/3575 2089/3597/3033 4830/1455/1324
f 2893/5131/3972 4503/7254/4761 113/171/134
f 3608/1021/939 4676/7214/2275 2808/8768/3873
f 4038/7519/4153 3146/5661/4224 1705/2919/2528
f 4647/2534/2243 1441/2453/1011 3471/6341/4523
f 946/1581/1438 2749/4826/3808 1031/1582/1439
f 3706/4754/3766 2285/3955/3285 3707/3957/3287
f 564/950/881 2533/1775/1609 565/951/882
f 3036/7941/4125 4050/7541/4818 336/8769/504
f 3430/6240/2580 3192/5751/4268 4478/8585/4029
f 4549/8770/4243 3875/8771/4746 4550/8772/4244
f 4435/5744/4265 644/3906/994 12/15/14
f 1497/2542/2249 2302/3990/1735 2680/4707/1734
f 3866/7155/4740 3110/5588/4194 1181/1990/1799
f 534/896/828 4107/2825/2458 4017/7461/747
f 4650/5495/2331 1241/3149/1873 1240/8773/1872
f 2421/4206/3441 3627/4208/3443 3295/8774/1537
f 599/1017/935 4343/3929/3270 838/8475/1286
f 1812/3107/2668 1393/3108/2106 4551/8775/440
f 4492/8618/4860 4279/8776/4637 2127/2934/2537
f 3387/6151/4446 324/535/485 4552/8777/4911
f 2066/3556/3001 3788/6988/4704 2648/4650/3707
f 4249/8031/194 4553/8778/4947 1724/2958/2556
f 505/846/780 3071/5503/3313 563/946/878
f 4147/3967/3294 2155/8779/3118 4022/7473/4510
f 3678/6787/433 3105/5573/4184 1794/3075/2648
f 4023/7477/4806 4786/5301/4057 2887/5117/3964
f 2671/8452/3727 3085/5532/4168 1591/8780/2363
f 3707/3957/3287 2286/3956/3286 3921/7274/4767
f 2101/3615/3047 3180/5732/4257 3011/5399/4103
f 3453/6296/4499 3792/6995/1055 4444/8486/521
f 1382/2343/1891 4911/2345/2094 673/7095/1042
f 2879/5095/3952 3348/4490/3612 2880/5096/3953
f 1155/1939/1755 3659/6753/4642 2987/5336/877
f 1427/2427/2159 4554/8781/4488 1428/2428/2160
f 4221/7966/4888 4569/8782/3844 3965/8783/3843
f 2234/3865/3229 4283/8106/1524 984/1662/1507
f 1657/2824/2457 4853/8784/4850 4107/2825/2458
f 3671/8785/4649 3691/8786/4662 4051/8787/4514
f 1387/2354/2101 3849/6338/4520 919/1533/1395
f 1739/5384/2584 2980/3880/3242 2240/3879/3241
f 3895/6621/4608 2279/3947/2349 2280/3948/3282
f 4868/1153/1063 872/1451/1320 871/1450/1319
f 3683/6793/4657 1310/3970/1989 3684/6794/1988
f 1769/2146/1922 4792/3940/3278 4555/8788/2622
f 2503/4364/3542 3093/1731/1569 505/846/780
f 4479/394/349 61/93/77 60/92/76
f 1815/3113/2673 2553/6884/3071 3398/8789/4457
f 1536/2609/2298 3531/747/690 377/2610/583
f 3728/6878/3223 2278/3946/3222 4417/6775/1351
f 4891/8205/4639 138/8790/176 4590/8206/2423
f 3710/6842/4670 1722/2954/2552 2819/7746/3887
f 1633/2769/2233 2921/5192/3997 4399/8355/4932
f 2922/5193/3998 1029/8791/1573 4609/326/281
f 1288/2180/1953 1551/2630/2316 1289/2181/1954
f 1970/8104/2870 1247/8792/1889 1382/2343/1891
f 3044/5465/4134 1914/3279/2796 4297/8127/4066
f 1055/1780/1613 1057/1782/1615 4152/2551/2256
f 4476/8579/4854 4556/8793/4853 4748/8580/2314
f 4799/1881/1703 1764/3025/2614 1116/1882/1704
f 2762/6437/3824 2787/4910/3825 2789/4912/2844
f 2036/3490/2951 4017/809/747 4107/7674/2458
f 1440/2452/2176 1442/2454/1010 2318/807/745
f 479/806/744 1440/2452/2176 2318/807/745
f 4557/8794/4660 872/1451/1320 4868/1153/1063
f 2591/4542/3639 1706/2281/2043 394/2283/611
f 3239/5849/4313 1102/1855/1681 1766/3027/2616
f 1552/6743/2317 3752/1819/1647 1894/3250/2773
f 3397/3878/3240 2239/3877/3239 4485/8795/4199
f 865/1443/1316 407/686/630 2871/7805/3942
f 4129/5331/4073 2063/3549/2996 2985/5332/4074
f 2645/4647/3704 4964/4646/3703 4558/8796/2798
f 4561/4119/3390 2679/4706/3733 2375/4120/3391
f 3744/2197/1969 3440/6260/4491 1501/2548/2253
f 268/8797/386 2056/3535/2985 1854/3177/2715
f 2626/4604/3682 3726/6875/648 3060/5487/720
f 4559/8798/2182 2210/3819/2181 3238/7943/4312
f 1438/2450/2174 1437/2449/2173 2372/8140/3385
f 3186/8799/4261 4560/8800/4578 2022/8801/2938
f 3284/5948/397 3285/5949/4361 3341/8667/4411
f 3195/5754/4270 2777/4891/3456 2776/4890/3846
f 1059/1784/1617 4016/7460/4800 2355/4076/3363
f 4561/8802/3390 3837/8803/3392 3568/6561/4370
f 2795/4926/3503 4562/8804/279 2728/4783/2003
f 2990/8805/4079 4679/8806/4946 4678/8807/4080
f 4121/325/280 4562/324/279 2795/4300/3503
f 2147/3702/3105 1644/2804/2444 2148/3703/3106
f 1180/1989/1798 3866/7155/4740 1181/1990/1799
f 320/7769/478 1086/7547/1658 3123/5613/4205
f 3431/6242/2822 2973/8278/4056 927/1549/1407
f 4547/7825/4874 4167/7827/4668 4548/8808/1243
f 4563/8809/1805 3559/6539/4588 4955/6538/4587
f 4804/5183/3992 4564/8810/4852 1352/2286/2046
f 263/1919/377 2071/3562/3005 1144/1920/1738
f 4764/5060/3931 2694/4735/3754 2860/5061/3932
f 4565/8811/4159 559/937/869 4745/5577/4185
f 1379/2336/2089 128/207/162 1795/513/464
f 4566/8812/3897 299/486/437 3096/485/436
f 818/8324/1257 690/1155/1065 584/5388/916
f 4019/3706/3108 1912/3276/2795 500/6420/773
f 3676/6785/4652 192/310/265 412/5997/640
f 3933/7301/3771 566/952/883 3506/6422/3999
f 4255/3658/3078 2125/3660/3080 3314/6015/4393
f 2111/3833/3061 2479/4311/3062 3082/5528/4167
f 3341/6056/4411 3285/8813/4361 56/85/73
f 317/522/473 4919/521/472 3422/6226/4478
f 3586/8814/4598 4567/8815/1528 4158/7087/4730
f 4563/1997/1805 1561/1658/1503 3559/8816/4588
f 655/1099/1014 4711/6077/3490 2476/4308/3509
f 2389/4147/3406 1824/3131/2684 3240/5850/4314
f 2108/3627/3059 2575/4512/3622 1449/2466/2188
f 4044/7529/4083 3403/2205/1977 1302/2204/1976
f 3011/5399/4103 3234/5734/4259 3308/8558/2975
f 347/577/526 4173/4548/3644 1380/578/527
f 2809/4966/681 1485/2526/2236 444/8817/682
f 4568/8818/4811 2121/6864/3074 4677/8819/4948
f 4278/8095/4906 2537/4437/3586 4111/1216/1120
f 3003/5382/4097 2507/4370/3548 1099/1849/1676
f 772/8820/1186 826/695/639 411/694/638
f 1502/2549/2254 1743/2995/2590 4177/7852/4878
f 294/2930/428 2545/2929/2535 3047/5471/3486
f 1166/1965/1778 3553/6525/4583 763/1966/1174
f 921/1538/1400 3899/5666/4227 4440/8474/2053
f 834/1588/1281 283/453/408 2438/8821/1282
f 4020/7466/4801 1091/1836/1664 1090/1835/1663
f 3857/7134/4004 684/1148/1058 4114/7687/4666
f 57/86/74 56/85/73 2659/4670/3717
f 3681/6791/4655 3667/6766/4647 1012/1709/1550
f 1391/8822/2104 2336/4047/3340 2335/4046/3339
f 138/221/176 1423/2417/2153 139/222/177
f 2327/4031/3326 2326/4030/3325 1819/3118/672
f 3820/6424/4549 4263/7571/4722 3842/5537/2226
f 3714/6848/4674 3713/6847/4673 3632/6700/4633
f 3362/8425/4426 1809/3100/2662 4775/6132/4438
f 3261/5902/4122 4741/3288/2802 4862/5903/3063
f 1596/2704/2371 3863/7150/2817 1926/6756/2818
f 4874/3678/2587 679/1941/1053 2135/3679/3089
f 3320/6022/4398 934/1559/1416 3415/6211/4472
f 3932/7293/4772 920/8823/1398 4212/7930/4886
f 4569/8824/3844 4209/8825/1951 3997/8826/3845
f 1130/1901/1720 1129/1900/1719 2631/5373/3688
f 965/1618/1467 4079/7608/4836 4080/7610/4379
f 3290/5958/4364 3847/3105/2666 2215/3828/3202
f 2780/4136/3401 1799/3085/2653 3061/5488/2403
f 2103/3619/3051 522/1481/809 4835/7561/4123
f 824/8827/1265 1756/7727/2606 935/7510/1417
f 4119/7699/3440 1172/1979/1789 2971/5294/4054
f 4570/8828/796 2629/4615/3686 4544/7635/4840
f 2768/4869/3684 4724/7139/4575 4571/8829/4773
f 3725/6873/2714 6/8/8 3345/6064/4413
f 3799/7005/3637 3815/7679/4720 1440/2452/2176
f 4828/7705/2283 4123/7704/4859 4553/8830/4947
f 4329/8202/4208 2123/3656/3077 4157/7795/3815
f 3473/6345/4524 3253/5882/4330 3447/6273/1522
f 1251/2112/1896 3811/7760/4718 236/378/333
f 2772/4879/1568 2965/5288/4050 2964/5287/4049
f 2946/1476/1343 887/1475/1342 2456/8831/3483
f 3978/7394/3426 3131/8832/675 3298/7395/4376
f 3503/8833/4545 4572/8834/4689 4505/5415/4110
f 638/1070/987 637/1069/986 4108/7676/2477
f 2777/4227/3456 2433/4226/3455 1324/5402/2008
f 3680/6790/4654 2975/5304/4058 4328/8706/3797
f 3925/7282/1141 3020/5427/4114 3782/8835/2510
f 962/4001/1464 961/8836/1463 2164/3737/3133
f 395/670/614 3366/6111/1325 4103/671/615
f 4524/8713/2517 4240/8014/260 2012/6505/2928
f 419/6874/649 4226/7979/4891 4573/8837/4953
f 2442/8147/3466 1924/8838/2814 2556/4474/3603
f 104/2827/127 2031/3485/130 2348/2828/2459
f 4291/8839/4789 997/1682/1526 4292/5230/4020
f 1659/2830/2461 4170/567/516 2270/8840/3269
f 284/454/409 2027/3480/710 2246/455/410
f 616/1044/962 615/1043/961 4131/3013/45
f 1465/2491/2209 1464/2490/2208 3862/2307/2064
f 361/3683/549 3000/5376/4093 762/975/905
f 2639/4632/3695 3643/2573/553 3686/6797/4659
f 2033/7328/2948 1520/817/754 3313/6014/4392
f 1814/3112/2672 1578/2675/2348 1897/3253/2776
f 837/1403/1285 4420/5940/4354 4421/7163/4743
f 4176/8841/353 3625/6685/4628 4906/4665/1744
f 3627/6688/3443 1459/8842/2201 3628/6689/4468
f 1807/249/204 238/7450/335 4574/8843/2659
f 4575/8844/3696 3073/5513/2425 4599/1943/1757
f 2707/8845/3374 3706/6829/3766 3868/6682/1762
f 1583/2685/1271 4360/5592/4195 1338/2261/2026
f 3642/604/552 4576/8846/2989 4577/8847/2988
f 2349/4069/3356 2032/8274/2947 4578/8848/20
f 1786/3063/2640 4579/8849/4954 4580/8850/1366
f 306/8851/452 2778/1192/1097 3783/3826/3200
f 3801/7011/4710 859/1433/1308 3603/6641/4614
f 502/842/776 1053/1777/1610 1134/1905/1724
f 2055/3529/2980 4386/1427/1302 855/1429/1304
f 1444/2458/2180 1955/3353/2854 1954/3352/738
f 3766/1139/1051 679/1141/1053 4874/8852/2587
f 2127/8853/2537 4581/8854/4352 4582/8855/4812
f 1093/1839/1667 4583/8856/2146 4927/1575/1432
f 4724/7139/4575 1285/2173/1946 1339/2262/2027
f 1125/1896/1715 911/1519/1384 912/1521/1386
f 2416/6300/3430 3932/7293/4772 3455/6301/4502
f 4764/5060/3931 2468/3807/2117 2203/3809/3188
f 1470/2498/2215 1471/2500/2216 3974/7389/3073
f 349/580/529 1933/3315/2823 350/581/530
f 3935/7305/4775 3297/7304/4373 4034/7513/4816
f 3826/8857/4728 4558/8858/2798 3464/8859/4512
f 2257/3908/250 1816/3114/2427 1815/3113/2673
f 1371/2323/2076 1370/2322/1454 354/5386/538
f 3510/6954/4552 3943/8477/931 4737/8860/4955
f 3567/6560/4593 2339/4053/3344 3871/7169/4744
f 4524/2905/2517 2013/3457/2929 1695/2903/2515
f 3839/7099/4733 2768/8861/3684 4571/7295/4773
f 3545/3142/2691 1602/3951/2378 2312/4007/3317
f 1819/3118/672 439/8862/674 2327/4031/3326
f 261/5390/375 2608/4575/3663 3980/8863/4787
f 3150/4591/3675 115/180/139 4200/7895/4228
f 247/396/351 3213/5791/4287 248/397/352
f 112/177/137 1492/2537/2244 2114/3639/3066
f 341/561/510 3216/5797/4290 2900/5146/3979
f 4528/1331/1224 3442/8864/3776 4584/8865/4617
f 370/629/576 1469/2497/2214 371/630/577
f 4585/8866/1874 2958/1673/1518 991/1672/1517
f 3349/8867/4416 653/1097/1012 1420/2413/2149
f 4396/8349/4928 3546/6092/4419 297/481/432
f 3490/4006/2999 117/182/141 123/193/148
f 2922/5193/3998 4586/8868/3734 1027/8869/1571
f 4069/7583/2097 1385/6063/2099 2004/3436/2914
f 3784/6982/4701 819/1373/1259 4186/1372/1258
f 2410/7589/3423 272/439/394 2411/8870/3424
f 1496/2541/2248 1498/2543/2250 4120/7701/4858
f 1496/2541/2248 4120/7701/4858 4943/3625/3057
f 2945/5240/4025 570/961/892 2886/5115/3609
f 2437/4234/3461 3434/4233/3460 3808/2710/2375
f 4587/8871/321 3563/6551/4591 1192/6552/1812
f 2644/6774/3702 892/6776/1350 3326/6032/4405
f 814/1364/1251 4765/1274/1172 271/436/391
f 2028/3481/743 3799/4539/3637 479/8872/744
f 442/736/679 2050/7741/2976 1208/2035/1834
f 3383/6143/4442 4522/6382/4533 1026/1729/1567
f 1862/3198/2729 649/1090/1005 3929/1092/1007
f 4843/2850/2479 4588/8873/4851 4108/2848/2477
f 2172/3749/3142 1140/1912/1731 1141/1914/1733
f 3803/7013/2488 1827/3134/2686 4589/8874/2489
f 327/540/490 198/317/272 1511/8875/2267
f 1346/2275/2038 1348/2277/2040 1715/8303/2541
f 3720/8876/4677 4590/8877/2423 1635/8878/2424
f 4473/8879/3907 1204/8880/1828 4591/8881/1827
f 178/285/240 1616/2743/2400 3912/2742/2399
f 683/1634/1057 4592/8882/1056 4028/1635/1482
f 4463/8883/4896 4895/8884/2960 4593/8885/1886
f 1273/2150/1926 1853/335/290 2706/1163/1073
f 593/8886/927 4274/8887/1268 4594/8888/3793
f 4595/8889/4835 4463/8890/4896 4462/8891/2340
f 3604/6642/276 4222/7973/1203 4596/8892/3823
f 2978/5311/1918 2346/8893/3352 4356/5312/4063
f 4597/8894/1611 3587/6601/1937 4489/8603/1570
f 3145/4638/3697 3271/5921/2207 3270/5920/4348
f 3227/8895/4302 3856/7130/1633 4865/7132/1813
f 4366/5625/4212 4598/8896/149 2606/5626/3660
f 439/731/674 2048/3519/2972 3378/6133/4439
f 3604/321/276 4596/4857/3823 201/322/277
f 1336/660/606 392/662/607 2224/3841/3210
f 572/964/895 571/963/894 2225/3842/3211
f 4042/6199/3435 3058/5483/4145 3606/7464/3729
f 590/1002/923 346/1001/524 4105/7671/4849
f 793/5260/1219 3988/7408/4791 3479/6356/3307
f 3710/6842/4670 4137/7745/4865 2344/3477/2941
f 2100/6186/3045 3178/5730/4255 3179/5731/4256
f 4425/8897/320 4599/8898/1757 4600/8899/1245
f 239/381/336 1620/2749/2405 2429/933/865
f 4335/8900/2658 4429/3760/3152 4816/1799/1629
f 4064/7576/4828 4066/7578/4003 1679/8901/2496
f 4064/7576/4828 1679/8901/2496 4385/8319/4664
f 4900/8307/4214 3095/5551/4173 4901/8612/4814
f 4888/8902/4553 4601/8903/933 2602/8904/3655
f 4195/7886/3839 347/577/526 348/579/528
f 2280/3948/3282 3376/6130/4436 3895/6621/4608
f 3852/7124/4736 2724/8905/3781 191/8582/264
f 4163/8906/1166 4198/7891/4672 3275/7892/4351
f 4602/8907/1381 4133/8908/4864 4533/8909/3030
f 1898/3256/2778 851/7176/151 1899/3257/2779
f 4437/8459/1710 4376/8305/4340 4273/8084/4904
f 3247/4623/3689 602/5228/940 1816/2780/2427
f 3909/6160/4452 3081/8910/4166 3849/6338/4520
f 2486/4322/3519 3329/8911/116 3330/4323/3520
f 1486/2527/2237 1485/2526/2236 417/702/646
f 4224/5817/4299 1297/2198/1970 4225/2843/2472
f 1512/2569/2268 994/2568/1521 1611/2735/2392
f 1549/2627/2313 4407/8376/1460 3217/5801/3982
f 1060/8912/1620 3089/4458/3598 2519/8913/3563
f 3416/6900/4473 3415/8914/4472 3741/6898/4684
f 4826/7202/3179 4603/8915/3180 3556/4856/3822
f 3607/6650/4616 4896/4834/3814 3608/6651/939
f 4241/2892/2505 4367/4563/3654 2973/8916/4056
f 2445/8005/3470 3435/6248/4486 1690/6535/2508
f 1682/7010/2498 3893/948/879 1683/949/880
f 3629/8917/1907 4604/8918/1906 4605/8919/3218
f 889/1480/1347 2536/4434/3584 3807/7029/4715
f 1471/2500/2216 4606/8920/1819 3792/6995/1055
f 1982/3397/2885 2842/5022/3908 1986/3405/2891
f 2944/5237/4024 4088/7698/1955 1279/8734/1935
f 4422/8418/4936 958/1606/1457 4607/8921/2895
f 4235/1880/699 3454/6299/3337 4236/8922/3338
f 4845/3204/2734 4320/3203/2733 4472/8574/3431
f 2818/4984/3886 4172/7840/4876 2160/3732/3128
f 1905/3268/2788 4608/8923/4956 3256/8924/4333
f 3160/5692/904 2959/5691/4043 3878/7185/4747
f 1879/7453/2751 869/1447/1318 870/1449/613
f 1142/1917/1736 4132/7730/3914 3271/2488/2207
f 60/6350/76 3476/6349/4526 4479/8587/349
f 1986/3405/2891 2983/5024/3910 2303/3992/3308
f 4330/8925/4770 4590/8877/2423 3720/8876/4677
f 4458/8537/4944 3717/6855/4676 355/5547/542
f 3053/2945/2544 1612/2736/2393 1613/2738/2395
f 1288/2180/1953 1864/3200/2730 1551/2630/2316
f 4380/3335/2840 3569/3334/2839 3294/5970/4371
f 856/1430/1305 858/1432/1307 3401/6175/4459
f 4609/8926/281 4545/8927/3852 4610/8928/2529
f 3877/7184/3785 1008/1699/1542 2481/4315/3514
f 4205/7909/3157 3904/8929/4757 2506/4369/3547
f 2663/4675/3720 2062/3548/2995 2064/3550/2997
f 3365/4134/3399 2382/4133/3398 3363/8930/4427
f 603/1024/942 4101/7663/4846 3295/1694/1537
f 4611/8931/4279 498/836/770 3202/7228/4277
f 933/1558/1415 3741/8932/4684 3415/6211/4472
f 4612/8933/1458 4613/8934/2202 4614/8935/4435
f 3071/4000/3313 2119/3648/3072 3393/6159/4451
f 848/6852/620 3715/6851/4675 4615/8936/1788
f 848/6852/620 4615/8936/1788 846/8937/1299
f 782/4124/1201 4616/8938/3311 3229/5831/4307
f 3209/5781/4283 2012/3456/2928 4390/8332/627
f 3351/6080/1940 1557/2643/2324 2801/8939/2956
f 3633/5106/2878 4089/7630/2877 1157/1948/1761
f 4617/8940/3273 4411/3238/2764 4618/8941/4389
f 4617/3934/3273 4618/8942/4389 3311/5107/3959
f 4069/2350/2097 1663/6114/2466 1384/2351/2098
f 4619/8943/4493 3785/6983/4702 1238/5172/1870
f 4300/3945/3281 3051/5475/4141 4244/8023/737
f 3278/1824/1652 4620/8944/4106 486/819/756
f 2329/4033/3328 3325/6030/4404 2398/4167/3412
f 1843/5715/2703 1207/2034/1833 1000/4012/1530
f 4621/8945/2845 2044/7938/2963 3010/7937/3974
f 952/1596/1448 886/1474/1341 4929/5129/3971
f 2966/792/731 154/8946/201 2554/793/200
f 1191/2007/1811 1192/2009/1812 170/272/227
f 1805/8304/2656 1221/2058/1851 1220/2057/1850
f 4438/8461/4258 3974/7389/3073 3045/5466/4135
f 3544/6511/4574 290/471/422 3377/6131/4437
f 3246/5868/4325 4622/8947/2292 3021/878/812
f 2426/4212/3447 3923/7280/4769 2098/4935/3044
f 1799/3085/2653 1118/1884/701 1117/1883/1705
f 2087/3590/3028 2068/3558/3002 1776/3050/2630
f 3217/5158/3982 4407/1610/1460 960/1612/1462
f 3143/5655/2816 1632/2789/2231 1640/2791/2436
f 4033/8948/417 4894/8949/2875 4078/8950/2438
f 3916/7498/4764 4623/8951/3484 4959/5441/4121
f 4200/7895/4228 115/180/139 1411/2389/2129
f 1496/2541/2248 3709/3801/3182 1497/2542/2249
f 859/1433/1308 139/222/177 3603/6641/4614
f 214/343/298 2824/4991/1860 643/1078/993
f 4305/7026/3046 3179/5731/4256 4624/8952/3652
f 3221/5813/4295 1407/2385/2125 1908/3271/2791
f 613/1041/959 2561/2118/859 1489/2530/2240
f 4625/8953/3213 4290/6412/4546 4136/996/920
f 1918/3293/2807 374/634/580 2207/3814/3192
f 4319/666/610 1350/668/612 1705/2919/2528
f 688/1152/1062 689/1154/1064 3575/1922/1740
f 4626/8954/4898 1883/3229/2758 3555/8955/4585
f 2593/4545/3642 4880/4544/3641 3039/8956/4130
f 2791/4914/2468 3263/5909/4341 2551/8470/3600
f 1529/2596/2286 2789/3339/2844 1530/2597/2287
f 3602/8957/4613 2544/8958/3592 4627/8959/4957
f 4187/4641/3700 4628/8960/1000 2642/4639/3698
f 4067/7579/4465 1469/2497/2214 370/629/576
f 519/871/805 2584/4526/3629 3948/872/806
f 729/1219/1123 1429/6076/2161 4159/7799/1585
f 3937/6608/4601 326/8439/489 3279/5938/4353
f 233/374/329 3864/7151/4016 1596/2704/2371
f 4629/8961/4072 624/6999/973 4630/8962/972
f 444/739/682 1327/2246/2013 4806/2248/2014
f 4012/8963/3114 3950/8964/4779 4044/7529/4083
f 771/6070/1185 3161/5693/4062 1886/3237/2763
f 391/657/603 2658/4668/3014 1953/658/604
f 3127/5618/637 260/419/374 3540/5619/4207
f 3931/7292/1399 920/8823/1398 3932/7293/4772
f 4125/8965/4515 3511/8966/783 4279/8967/4637
f 3746/8968/4687 1630/2764/293 1629/2763/2417
f 2625/4603/317 2931/5214/4010 3726/6875/648
f 1583/1389/1271 827/1388/1270 4531/1531/1393
f 2414/4191/3428 4267/5109/3960 3328/8969/1001
f 4261/6691/4630 4631/8970/1239 3472/6342/1050
f 2291/8288/3296 4371/8287/4925 4632/8971/4077
f 1800/541/491 1461/2484/2203 2008/3447/2920
f 735/1231/1134 4633/8972/1131 3688/1232/1135
f 4075/7599/4831 4054/7549/4820 3441/6262/4492
f 2474/7876/3507 3221/7877/4295 3222/8973/4296
f 2977/8974/4061 2192/3787/3171 517/868/802
f 415/2041/644 191/8975/264 1212/2042/1838
f 3923/7280/4769 2426/4212/3447 2425/4211/3446
f 3769/7902/4565 3530/5506/4157 735/1231/1134
f 2814/5645/3881 3571/4819/3802 2746/4818/3801
f 1636/2779/2426 2291/3969/3296 4732/6055/1368
f 4029/7491/4808 710/1187/1093 712/1189/1095
f 3534/6492/4568 4782/8976/3518 1123/1892/1510
f 635/1067/984 339/559/508 2900/5146/3979
f 560/5263/872 4222/7973/1203 2954/5264/4037
f 1456/8454/2195 4449/8505/2196 2190/8455/3169
f 4892/6541/4589 1393/2361/2106 1392/2360/2105
f 4411/8977/2764 4634/8978/4958 4492/7708/4860
f 4050/7541/4818 2642/4639/3698 336/8769/504
f 287/5866/415 3975/7390/4786 4227/7983/2961
f 4506/3762/2801 4635/8979/3800 4742/3763/2841
f 3416/6900/4473 343/571/520 344/573/522
f 2580/4432/3582 447/3375/687 1969/3374/2869
f 1281/2162/1938 3587/2161/1937 4597/1778/1611
f 954/4011/1452 2737/4797/3792 3921/7274/4767
f 3662/6760/4645 2410/4186/3423 2187/3781/3165
f 4391/8213/4919 3837/4121/3392 2375/4120/3391
f 2190/8455/3169 2215/3828/3202 3847/3105/2666
f 3795/8980/3872 4321/8184/4882 4404/8981/3617
f 1261/2133/1911 1263/2135/1913 4730/8982/4959
f 4291/8120/4789 1127/1898/1717 1126/1897/1716
f 695/6680/1071 2706/4751/1073 3750/1342/1233
f 1638/2785/2432 3505/2784/2431 224/359/314
f 4568/7500/4811 304/496/447 3672/6771/4650
f 3677/483/434 4377/8983/4927 3561/6546/4507
f 4447/8502/4942 1222/2059/1852 1159/1952/1765
f 2082/4349/3023 1394/2362/2107 1668/3072/2476
f 4585/8984/1874 991/8985/1517 1242/8986/1875
f 1241/2085/1873 4636/8987/791 608/2086/952
f 3075/6461/4164 976/7536/1487 3830/8988/1489
f 2734/4794/3790 965/7855/1467 2735/4795/3791
f 3034/5445/3737 1617/2744/2401 2681/3258/2780
f 183/292/247 798/4051/1228 2338/4050/3342
f 4482/2802/2442 4058/8989/4824 4059/8990/2136
f 3867/1950/1763 1114/8991/698 2901/6162/3980
f 3232/5837/4308 2734/4794/3790 4202/7901/4884
f 3758/6937/4694 1959/3361/2859 4195/4878/3839
f 3819/7053/3578 2863/5066/3936 4263/7054/4722
f 3048/5472/4138 4508/6297/4500 2253/3898/3254
f 1345/2274/2037 2712/4477/1908 625/8992/975
f 4937/8993/4026 4637/8994/4463 4206/8995/4804
f 4870/1106/1021 4638/8996/2478 637/7244/986
f 4230/8997/867 3671/6770/4649 3119/8998/4202
f 941/1568/1425 940/1567/1424 2011/3453/2926
f 3774/8999/4697 3745/6907/4586 3458/6309/4505
f 4639/9000/205 4406/9001/4933 2511/9002/3553
f 2627/4612/3685 3635/3156/2702 786/1314/1209
f 785/1313/1208 2627/4612/3685 786/1314/1209
f 4075/7599/4831 4264/8064/4899 4054/7549/4820
f 2906/5165/2502 3265/9003/4344 745/6594/1147
f 4941/4435/3585 2537/4437/3586 4278/8095/4906
f 3659/8563/4642 678/1140/1052 1199/2021/347
f 3659/8563/4642 1199/2021/347 3476/6349/4526
f 1623/1112/1027 664/1111/1026 4319/8177/610
f 4513/8675/4949 3964/7368/4784 4577/3540/2988
f 2603/6483/3657 621/1050/968 3530/6484/4157
f 1007/1698/1541 4640/9004/3893 3151/5670/4229
f 1588/7017/2359 4641/9005/1794 4758/6110/4429
f 4642/9006/819 3122/5611/818 3123/5613/4205
f 4643/9007/1547 2176/3755/3147 1009/5674/1548
f 4562/8804/279 4610/9008/2529 1320/9009/481
f 2295/3978/3300 4400/8356/2676 2078/3574/3015
f 279/448/403 281/450/405 1970/3376/2870
f 820/1374/1260 3499/6403/4541 821/1375/1261
f 4126/7711/3035 4246/3927/2480 2755/1585/1442
f 4447/8502/4942 1159/1952/1765 1158/1951/1764
f 2981/9010/4067 517/868/802 3789/867/801
f 4644/9011/1266 3944/3876/3238 3397/3878/3240
f 2424/4210/3445 2426/4212/3447 2800/4936/3864
f 4678/9012/4080 4554/9013/4488 1427/9014/2159
f 188/304/259 3096/5998/436 4795/510/461
f 676/9015/1045 1988/3409/1047 4426/2094/1880
f 3747/6936/4688 1695/2903/2515 4572/9016/4689
f 1866/3205/2735 4845/3204/2734 4178/277/232
f 2102/9017/3049 1326/2136/1914 1265/2138/1916
f 1009/5674/1548 4285/8111/3353 4645/9018/3355
f 4229/9019/4894 3816/7047/4547 3551/6521/4581
f 4646/9020/4088 2275/3938/3276 3956/2857/2484
f 3555/6530/4585 4656/830/764 891/1483/1349
f 2980/5317/3242 1528/2595/2285 1527/2594/539
f 2173/3750/3143 758/1264/1164 3275/9021/4351
f 3133/5632/4215 3823/7063/4209 4251/2996/2591
f 4647/9022/2243 4474/6751/2242 4007/1970/1781
f 2271/8037/3271 992/1675/1519 994/1677/1521
f 583/988/915 4648/9023/1385 2299/3985/3305
f 1413/6407/2131 513/861/795 514/863/797
f 1531/2598/2288 1532/2599/2289 3576/3233/1589
f 401/679/623 230/371/326 402/680/624
f 2163/9024/3132 2298/3984/3304 3124/3983/3303
f 4747/4408/3565 1919/881/815 526/883/817
f 4581/9025/4352 4127/9026/958 180/9027/242
f 976/1642/1487 4807/9028/4960 3831/1643/1488
f 4914/5989/4382 3357/6093/4420 1978/3390/2880
f 3315/6016/4394 4237/3420/2900 2152/3710/3112
f 1650/2812/2450 1438/2450/2174 1648/2809/2448
f 262/421/376 261/420/375 3980/7398/4787
f 3474/9029/4525 3447/1678/1522 3947/6288/2124
f 2186/3777/3162 468/785/724 4646/5364/4088
f 1043/1760/1597 3059/5486/4146 1044/1761/1598
f 2801/6380/2956 4339/6379/4272 3199/9030/4273
f 3771/9031/4696 2801/6380/2956 3199/9030/4273
f 4649/9032/1706 4650/9033/2331 4651/9034/1707
f 3384/2252/2018 653/1097/1012 3349/8867/4416
f 4652/9035/4935 4330/9036/4770 3720/9037/4677
f 4653/9038/4950 3967/7830/4640 4169/7829/515
f 4234/8002/2145 4236/8004/3338 4927/1575/1432
f 4651/4164/1707 3057/5482/4144 3500/7455/4542
f 1882/6555/2757 4783/6554/2851 2262/9039/2784
f 1634/9040/1968 1296/9041/1967 4654/9042/2421
f 3714/9043/4674 4960/6694/4631 4770/9044/4367
f 4182/7860/4879 1466/2493/2210 1467/2495/2212
f 4945/7839/4875 2613/4584/3669 4889/4583/3668
f 3555/9045/4585 4655/9046/3262 4656/9047/764
f 2632/664/608 4190/4447/3593 387/651/597
f 4026/7161/4741 3622/6671/4624 2378/6918/3394
f 4624/4561/3652 1634/2196/1968 366/8143/564
f 4496/8632/4827 2143/6859/3102 4467/9048/3502
f 4657/9049/998 1881/5409/2755 4395/3712/2917
f 3605/6643/2669 4270/8080/2671 2845/5027/3913
f 385/9050/594 4658/9051/3094 3220/7648/4293
f 4659/9052/2320 3920/8748/2319 3418/6218/4476
f 4660/9053/974 3684/2217/1988 1311/2219/1990
f 4661/9054/158 2907/5166/3985 1047/7813/1602
f 1380/2341/527 4173/7841/3644 1215/2045/1841
f 1077/1814/1428 2449/4257/3475 2729/4787/2070
f 2436/4232/3459 3848/7118/2665 1742/2993/2589
f 3305/9055/4384 4662/9056/4385 4681/9057/3860
f 3005/5389/2430 1638/9058/2432 584/5388/916
f 634/1066/983 339/559/508 635/1067/984
f 3083/9059/1359 2702/9060/3763 550/919/851
f 2962/5284/4046 2059/3543/2991 1438/2450/2174
f 267/2000/384 1630/2764/293 3746/8968/4687
f 2029/3482/2944 4663/9061/3257 4755/9062/2826
f 1218/3506/1846 2788/3930/2172 4664/9063/1787
f 4243/8022/2728 1872/3211/2740 3683/6793/4657
f 4409/8381/4924 3641/8101/4635 4023/8100/4806
f 4665/9064/4219 3365/6108/3399 4452/7061/4725
f 4666/9065/4961 4824/1434/451 859/1433/1308
f 137/220/175 136/219/174 385/9050/594
f 276/444/399 2469/4294/3500 1098/1847/1675
f 1156/1940/1756 1155/1939/1755 3002/5381/4096
f 1649/2810/2433 1648/2809/2448 4303/8139/2134
f 2515/4395/3559 3947/6288/2124 3447/1678/1522
f 2176/3755/3147 4046/3754/3146 4005/8110/4643
f 4667/9066/1388 240/7115/337 893/1486/1352
f 4885/4399/3561 4668/9067/4897 4669/9068/4629
f 4670/9069/2837 4042/9070/3435 4406/9071/4933
f 409/691/635 3928/7288/4252 2855/5047/3925
f 3137/5636/4218 4344/7952/4754 4856/6637/4612
f 4761/5975/4375 4750/5974/4374 4671/9072/4962
f 4485/8597/4199 368/623/570 4141/625/572
f 1977/3190/2725 1976/9073/2879 3145/4638/3697
f 3449/6282/4496 4193/7882/1594 3090/5544/4170
f 4253/5927/4303 3821/6381/4532 2916/5185/3993
f 4942/7056/4723 4672/9074/3827 3892/7213/3829
f 2880/5096/3953 3348/4490/3612 3756/9075/4253
f 1292/9076/1958 3714/9043/4674 4770/9044/4367
f 2059/8285/2991 912/1521/1386 583/7824/915
f 1237/2080/1869 2855/5047/3925 633/6123/982
f 4517/8484/2549 2754/1031/949 3219/5810/4292
f 3208/1341/1232 493/6493/749 4673/9077/495
f 2786/5248/3853 2023/3475/2939 4545/8760/3852
f 2936/5223/4017 4175/6607/4600 2937/5224/4018
f 740/1237/1139 3685/7309/4658 4674/9078/1048
f 2153/7489/3113 4029/7491/4808 4675/9079/3331
f 3044/5465/4134 2104/3620/3052 1914/3279/2796
f 2453/4262/3480 4468/4261/3479 3865/7154/3962
f 4676/9080/2275 1309/2216/1987 4947/9081/2276
f 1328/9082/1575 1378/2335/2088 4677/9083/4948
f 3765/2681/2353 505/846/780 563/946/878
f 1910/3274/2793 266/427/382 3746/6909/4687
f 3227/5823/4302 4865/9084/1813 2597/4554/3647
f 455/3084/702 1118/1884/701 1799/3085/2653
f 1531/2598/2288 1763/3234/768 496/8283/767
f 3581/6584/1449 471/789/728 3249/4850/3820
f 786/1314/1209 1700/2910/2521 4457/8527/4943
f 1891/3247/2770 1430/3246/2162 168/269/224
f 4678/9085/4080 4679/9086/4946 4372/9087/4926
f 4648/1520/1385 801/9088/1235 4680/9089/3280
f 1733/8404/2574 4957/2055/1849 4369/832/766
f 865/8617/1316 2871/5079/3942 2870/5078/3941
f 4800/7735/4863 865/8617/1316 2870/5078/3941
f 4336/414/369 4681/9090/3860 256/415/370
f 3862/6796/2064 330/547/497 3121/5610/1584
f 549/918/850 4083/7615/3709 3083/9059/1359
f 3364/9091/4428 3230/1632/1480 3888/9092/4179
f 3759/3971/3297 3230/1632/1480 3364/9091/4428
f 2536/4434/3584 2594/4546/841 4296/8126/4910
f 3962/7365/4783 3935/7305/4775 4034/7513/4816
f 4378/8308/4222 1045/9093/1599 402/680/624
f 3749/6916/4690 3423/6227/4479 3748/6915/4560
f 1565/2332/2085 2552/9094/2410 1625/2333/2086
f 4876/6384/4534 856/1430/1305 4302/8138/4913
f 4682/9095/1643 3858/5578/4186 3968/2562/2264
f 4580/8850/1366 4579/8849/4954 2156/3721/3121
f 2590/4538/3636 1745/2998/2593 2968/3151/2698
f 4639/9096/205 1807/3096/204 462/3095/718
f 2091/3601/1397 3350/8532/1396 2092/3602/3037
f 2691/9097/3749 1410/2388/2128 4469/1125/1040
f 1846/3162/2706 3170/5711/4221 4134/7602/4834
f 2933/5848/4012 4451/8510/4930 3027/5435/4118
f 2257/9098/250 184/9099/249 4926/9100/3259
f 4683/9101/1543 1008/9102/1542 4684/9103/284
f 3174/5718/4248 2853/5040/3920 3173/5717/4247
f 2164/9104/3133 961/1613/1463 1462/2485/2204
f 3002/5381/4096 4685/9105/4280 1156/1940/1756
f 3495/6398/1499 2855/5047/3925 1237/2080/1869
f 2890/5123/3967 2889/5122/3966 700/1171/1081
f 2722/4776/3779 1570/7335/2337 2723/4777/3780
f 565/951/882 2533/1775/1609 1801/3087/2654
f 4146/7768/4867 1967/3372/2867 1317/2230/2000
f 3182/9106/1601 1046/9107/1600 1730/9108/2567
f 4375/8302/4845 318/524/475 319/526/477
f 2407/4182/3421 4361/4181/3420 4045/7532/1927
f 3084/3240/2766 1887/3239/2765 4775/6324/4438
f 603/1024/942 2633/1023/941 4102/7664/4847
f 2461/4277/3491 1219/2053/1848 3481/8678/4529
f 597/5991/930 4277/8093/1980 2513/4390/3557
f 597/5991/930 2513/4390/3557 3944/3876/3238
f 1815/3113/2673 3398/8789/4457 185/9109/251
f 3394/6161/4453 2901/6162/3980 3259/8281/1830
f 3825/7067/4498 2956/6201/4038 3184/9110/4040
f 4686/9111/4708 2790/6286/3854 4260/563/512
f 1499/7808/2251 221/354/309 223/356/311
f 974/5871/1485 3224/8116/4300 266/427/382
f 4687/9112/1888 4383/9113/1887 1573/9114/2341
f 208/333/288 1853/335/290 997/7402/1526
f 4588/8873/4851 4843/2850/2479 1122/1891/1712
f 1956/3358/2856 3851/5582/4188 1957/3359/2857
f 3960/7695/4781 2337/4049/3341 717/7432/476
f 4761/5975/4375 4671/9072/4962 3567/6560/4593
f 908/5034/1379 3091/5545/4171 3041/5688/4132
f 1451/2468/2190 1452/2469/2191 4474/8577/2242
f 1730/9115/2567 1046/1765/1600 2936/5223/4017
f 2066/3556/3001 2648/4650/3707 1921/3296/2809
f 1698/2908/1015 3134/5633/4216 1697/2906/2518
f 3459/6310/1167 2753/4840/3816 1719/4842/2548
f 581/986/914 4539/9116/4952 582/987/562
f 670/1123/1038 1959/3361/2859 671/1124/1039
f 3229/8525/4307 3391/6156/4450 3407/6191/4466
f 3966/5150/1829 3997/5149/3845 4547/8186/4874
f 3498/6401/4540 4864/5139/751 2920/3662/3082
f 526/883/817 4477/8584/4945 2520/4407/3564
f 1111/8758/1699 243/388/343 242/387/342
f 2599/2494/2211 1111/8758/1699 242/387/342
f 3786/1866/1691 1107/1868/1693 4210/9117/254
f 233/716/329 1888/3241/331 428/717/660
f 1673/9118/448 1672/2867/2486 2051/3524/2977
f 3716/6853/2329 1907/3270/2790 1906/3269/2789
f 3537/5713/1429 3056/5481/4143 4188/7870/3699
f 3801/7011/4710 4228/7985/4893 859/1433/1308
f 1702/2912/2523 403/681/625 4362/4042/3336
f 4257/8047/4815 3850/7121/2475 1223/2060/1853
f 251/404/359 3482/4872/3835 1981/405/360
f 2829/5003/3899 1100/1850/1677 3834/7093/4731
f 4776/9119/4002 3634/8242/4634 1148/6576/1747
f 338/557/187 4688/9120/186 4039/5829/4306
f 369/626/573 3301/7240/4380 1921/3296/2809
f 4298/8129/2490 3993/7414/4792 1676/7913/2491
f 4182/7860/4879 1467/2495/2212 1132/1903/1722
f 4612/1608/1458 4614/7861/4435 4183/7863/1474
f 2547/2327/2080 1514/2571/2270 2638/4631/3694
f 1065/1794/1625 3460/6311/4506 1066/1795/1626
f 3637/6709/3876 2314/4009/3318 2313/4008/1786
f 4045/8488/1927 3413/1722/1562 1022/1721/301
f 3344/6062/1842 1609/7020/2387 1230/2071/1862
f 2854/9121/3923 648/1089/1004 2408/5802/2602
f 2391/4150/16 364/610/558 2392/4153/17
f 78/119/97 1671/1650/1495 77/117/96
f 2277/3941/3279 652/1094/1009 651/1093/1008
f 4048/1218/1122 1429/6076/2161 729/1219/1123
f 2073/7298/3006 2360/4083/3369 1728/2965/2563
f 1096/1842/1670 230/371/326 4449/2474/2196
f 3590/3029/2617 1389/2357/1817 2399/2356/2103
f 3554/7494/4584 4626/8061/4898 3555/9122/4585
f 3479/3991/3307 97/154/120 929/1552/1410
f 2157/3555/3000 452/754/696 4515/753/407
f 1689/2895/2507 2446/4252/3471 1690/2896/2508
f 733/1226/1130 3648/6729/4291 1685/1296/1192
f 2306/3996/989 4689/9123/596 4537/3997/3312
f 3800/6849/3690 3714/6848/4674 1292/9124/1958
f 4839/1895/1714 1175/1982/1792 944/1578/1435
f 1911/7791/2794 3746/8968/4687 1629/2763/2417
f 89/9125/103 83/128/102 1253/2114/1898
f 1190/1742/1579 1034/1744/1581 4418/9126/4338
f 368/623/570 4690/9127/3558 4259/608/556
f 2907/5166/3985 34/51/41 29/44/34
f 939/1566/1423 2162/3734/3130 940/1567/1424
f 2811/4973/3878 2812/4974/3879 789/6660/1213
f 4757/796/734 1499/2544/2251 1829/3136/2688
f 1150/1931/1749 2572/4506/2829 299/3871/437
f 2889/5122/3966 3486/6369/2056 700/1171/1081
f 2591/4542/3639 394/2283/611 2592/4543/3640
f 2042/3501/2959 164/265/220 2898/9128/3976
f 3373/6125/1608 1016/1714/1555 1050/7363/1606
f 1749/3002/2597 1976/6571/2879 2498/4351/1806
f 2566/3687/3095 4356/8255/4063 3615/5338/4076
f 3549/6519/4579 3508/6427/4551 2231/3862/3226
f 2320/3415/2896 2721/9129/3778 1991/3416/2897
f 2078/3574/3015 2079/3575/3016 2227/3849/3215
f 4926/3907/3259 3247/5869/3689 1816/3114/2427
f 2452/5347/3478 3015/9130/4107 2990/5348/4079
f 832/1397/1279 831/1396/1278 1011/1708/1549
f 4934/8385/3414 4949/6208/4471 2874/7031/3947
f 766/3981/1178 4015/2325/2078 2909/9131/3988
f 2799/4934/3863 3806/7019/3556 3221/7877/4295
f 4101/7663/4846 4102/7664/4847 4141/7759/572
f 4315/9132/2499 4365/8273/4665 1687/2890/2503
f 4691/9133/164 362/602/550 361/601/549
f 2338/4050/3342 4879/4052/3343 2806/4952/3870
f 4692/9134/2119 4534/5090/3949 3236/5841/1332
f 4722/6284/971 3450/6285/4497 980/1652/1497
f 1429/6076/2161 1613/2738/2395 4693/9135/1583
f 4691/9133/164 39/58/48 362/602/550
f 2804/9136/3869 4928/423/378 3427/6231/4482
f 3899/7231/4227 2213/7495/3198 2212/7232/2052
f 1196/1845/1673 1097/1844/1672 612/1039/957
f 1717/2943/2463 1972/3379/1892 1718/2944/2543
f 4717/1102/1017 656/1101/1016 1752/9137/2603
f 126/2068/157 903/1506/1372 1229/2069/1861
f 4832/8191/3196 3995/8190/4794 2756/4845/3817
f 4144/7764/4866 4476/7683/4854 3682/6792/4656
f 4694/9138/4963 676/8428/1045 3996/8427/4795
f 815/1365/1252 4694/9139/4963 3996/7418/4795
f 285/979/411 4453/3889/567 1952/980/909
f 626/1058/976 1618/2746/2402 4706/2503/2219
f 458/766/707 1855/3178/2716 351/584/533
f 1185/1996/1804 1854/3177/2715 699/1169/1079
f 4778/8588/4235 4445/60/50 41/62/52
f 2195/6414/3174 973/1639/1484 3639/6711/2966
f 3003/5382/4097 1099/1849/1676 1484/2524/2235
f 2794/4921/3858 4327/9140/1294 4326/2311/2067
f 2491/4338/2220 4241/4337/2505 4242/9141/2221
f 4676/9080/2275 4084/7616/3220 1309/2216/1987
f 220/353/308 2593/4545/3642 1628/2762/2416
f 4617/8940/3273 3852/7124/4736 4411/3238/2764
f 4250/8032/3716 1351/2284/2044 1352/2286/2046
f 766/3981/1178 2909/9131/3988 3122/9142/818
f 3963/7367/2746 3162/5694/4238 2159/5676/3125
f 3025/9143/855 3599/6623/1690 4695/9144/3038
f 566/952/883 565/951/882 3506/6422/3999
f 2171/3748/3141 4065/7577/4829 1140/1912/1731
f 4367/8277/3654 1961/5295/2861 927/1549/1407
f 4924/9145/3726 3092/5546/2545 186/297/252
f 3009/5394/4100 3790/6991/258 4525/5395/4101
f 3128/5623/4210 2019/9146/2935 3129/5624/4211
f 1851/9147/2711 1929/3310/2418 1930/3311/1074
f 3602/9148/4613 4627/9149/4957 4912/8705/4951
f 3987/3080/2650 1870/3209/2738 4434/9150/4940
f 831/3235/1278 1780/3056/2633 51/77/65
f 4421/8416/4743 2859/5059/3930 3114/5595/4197
f 1942/3330/2835 1305/2211/1983 1943/3331/2836
f 1720/2952/2550 569/959/890 1721/2953/2551
f 1660/7875/2462 3210/9151/2994 1524/3669/2282
f 471/789/728 4550/7226/4244 3250/7203/2295
f 4016/7460/4800 4415/8389/4263 3342/9152/4262
f 2299/3985/3305 4680/4504/3280 817/1369/1255
f 1021/1720/1561 371/630/577 1423/2417/2153
f 3958/2734/2391 1715/2938/2541 1714/2937/2540
f 4889/9153/3668 4124/7706/4516 4492/7708/4860
f 114/5727/138 3177/5729/4254 1492/7819/2244
f 2837/5012/3497 1605/2723/2382 691/1156/1066
f 2519/8913/3563 3089/4458/3598 2549/4457/3597
f 1546/2623/2309 1547/2625/2311 3526/5198/4000
f 1263/8569/1913 4571/9154/4773 4470/8570/3666
f 3810/7039/4717 4377/8983/4927 3677/483/434
f 3020/5427/4114 1670/2858/2485 4936/6006/4388
f 854/1428/1303 4202/7901/4884 3429/6235/4484
f 2156/3721/3121 3700/5207/4005 4580/8850/1366
f 3201/5765/4276 500/2424/773 3760/2423/2157
f 2708/6207/3767 1772/3045/2626 2874/7031/3947
f 2718/9155/425 292/3455/424 2716/3454/2927
f 2433/4226/3455 3747/6911/4688 3503/6411/4545
f 326/539/489 4696/9156/2358 197/315/270
f 2792/4915/3855 2418/4917/3437 4401/1291/1188
f 4142/7264/4762 3810/7039/4717 3677/483/434
f 1027/6415/1571 1903/3266/2786 1028/9157/1572
f 1763/9158/768 4697/9159/2575 1733/9160/2574
f 4807/9028/4960 4961/4645/1544 3668/6767/4648
f 3035/5446/4124 2385/4141/3387 2373/9161/3386
f 2842/5022/3908 1982/3397/2885 3457/6307/4504
f 4294/145/108 4428/8445/4939 2853/5040/3920
f 1231/2073/1864 4261/6691/4630 1232/2074/1865
f 4172/7840/4876 3281/5945/4358 4962/5119/3965
f 216/345/300 648/1089/1004 3368/1821/1649
f 1797/3081/2651 2611/3532/2982 1798/3082/2652
f 4698/9162/4383 4885/4399/3561 3304/4398/3560
f 3074/5516/4162 1533/2601/2291 2815/4980/3883
f 2438/4235/1282 2517/4237/3462 2758/4342/3528
f 2901/5151/3980 1114/757/698 453/756/697
f 66/112/82 69/103/87 4128/763/704
f 937/1562/1419 936/1561/1418 2868/5074/3939
f 4752/4222/1029 2431/4224/3453 3738/4851/1687
f 3287/5954/163 2676/4325/3522 701/7669/465
f 3902/7238/4756 1404/2380/2121 1992/3417/2898
f 558/9163/868 2710/4757/870 1598/2709/2374
f 1009/5674/1548 2176/3755/3147 4285/8111/3353
f 1523/2586/2281 1466/3547/2210 4699/9164/1982
f 4262/8059/2422 4424/1854/1680 1103/1856/1682
f 3544/6511/4574 4018/7463/4590 290/471/422
f 4700/9165/1665 4349/9166/2608 4701/9167/3648
f 2340/4054/3345 1094/1840/1668 4589/2870/2489
f 132/215/170 3393/6159/4451 133/216/171
f 4110/9168/4327 3751/1811/1641 4869/2363/2108
f 4402/8360/4319 4684/329/284 204/328/283
f 3715/6944/4675 847/1419/621 846/1418/1299
f 3715/9169/4675 846/6416/1299 4873/6215/4474
f 3507/6426/4550 802/1345/1236 804/1347/1075
f 1760/3020/2610 2165/3739/3134 2177/6879/3149
f 2622/6263/3679 4054/7549/4820 885/1473/1340
f 4702/9170/1231 1673/497/448 4929/9171/3971
f 195/313/268 3500/7455/4542 3812/7041/4719
f 2947/5246/4028 1738/2983/2581 4478/5247/4029
f 2885/2110/1894 3798/7364/4709 2565/4487/3610
f 964/1617/605 4079/7608/4836 965/1618/1467
f 3881/9172/3380 4917/9173/519 4653/9174/4950
f 2190/8455/3169 3847/3105/2666 2191/9175/3170
f 1058/1783/1616 2532/4424/3576 1059/1784/1617
f 2327/7988/3326 1975/7173/2876 3873/7172/4316
f 3925/7282/1141 2826/4995/3120 3020/5427/4114
f 3508/6427/4551 2733/4793/3789 802/1345/1236
f 4343/9176/3270 4316/9177/4599 838/9178/1286
f 4703/9179/161 1176/1983/1793 3926/7284/1337
f 2016/3189/2724 663/1110/1025 948/1586/1443
f 1461/2484/2203 4704/9180/1776 2009/3448/2921
f 4276/576/525 1805/3091/2656 345/574/523
f 1783/3059/2636 2691/4728/3749 2204/3811/3189
f 4223/7976/2919 4907/7975/4890 1101/1851/1678
f 1282/2165/1941 2801/3498/2956 2039/3497/2955
f 2419/5771/3438 4685/5770/4280 4071/9181/1326
f 2241/3881/3243 2980/3880/3242 1527/590/539
f 3024/3098/2660 1594/2701/2368 3961/7362/4782
f 3754/6927/1409 2586/4528/3631 2996/5363/4087
f 2805/1191/1096 2806/7114/3870 2214/3825/3199
f 1287/2175/1948 2451/4259/3477 2450/4258/3476
f 1100/1850/1677 638/1070/987 4588/7677/4851
f 4898/50/40 4160/6394/4537 2062/3548/2995
f 4569/9182/3844 3825/6294/4498 4930/9183/1949
f 4678/9012/4080 4372/9184/4926 4554/9013/4488
f 4767/4832/3813 1788/7022/2642 1592/9185/2364
f 4003/7435/4797 2768/8861/3684 3839/7099/4733
f 4104/7670/4848 590/1002/923 4105/7671/4849
f 2192/3787/3171 4705/9186/4889 2193/3788/3172
f 3691/6804/4662 3693/6806/4663 4051/9187/4514
f 1112/7279/1700 3210/3546/2994 4049/9188/1725
f 768/4293/1181 4779/4296/1180 3312/6011/2565
f 4427/7785/4869 3885/7199/4749 3887/7201/4204
f 4313/8552/4916 4673/545/495 329/544/494
f 4326/8195/2067 4325/7131/4738 3856/7130/1633
f 1652/2814/2452 4098/7656/778 1581/2815/2352
f 3241/5854/4317 4085/7620/4838 3242/5855/685
f 974/5871/1485 1910/3274/2793 975/3273/1486
f 2791/4914/2468 2717/4768/3774 3263/5909/4341
f 2001/3431/2910 4346/5864/4323 4461/6487/854
f 2816/4981/3884 3001/5380/4095 2456/7060/3483
f 4007/1970/1781 752/1255/1157 1754/3011/2605
f 4706/9189/2219 828/7691/1272 1476/2514/2228
f 3002/9190/4096 3262/5904/4337 4685/7588/4280
f 2422/7953/3442 4675/9191/3331 190/7954/262
f 594/962/893 2935/5222/1965 2937/5224/4018
f 3200/5764/4275 4707/9192/4627 4111/1216/1120
f 1275/2154/1930 1277/2156/1932 2535/4430/3580
f 4310/8159/4192 3876/7180/4191 1971/3378/2872
f 1973/3380/2873 4310/8159/4192 1971/3378/2872
f 3409/6193/1651 1236/2079/1868 635/2081/984
f 4708/9193/4964 4127/9026/958 4581/9025/4352
f 4658/3685/3094 4047/1275/1173 4709/9194/4365
f 19/6828/24 3753/8435/4692 784/1309/1204
f 791/1321/1215 1539/2614/2302 3528/6480/1406
f 3798/7004/4709 1946/3341/2846 3138/5641/4220
f 2565/4487/3610 3798/7364/4709 3138/8509/4220
f 3611/6656/4618 2972/5298/4055 2739/5299/3795
f 2358/4081/3367 3900/4080/3366 2727/6833/3784
f 2796/1132/1044 2297/3982/3302 1286/6147/1947
f 4436/2476/2198 1246/2099/1883 3860/2477/2199
f 3634/6704/4634 3636/4660/3712 3578/5414/4109
f 3641/6714/4635 4362/8268/3336 2334/6715/3335
f 2477/4309/3510 1344/2270/2034 3189/5747/4267
f 4371/8287/4925 3606/9195/3729 4632/8971/4077
f 4805/5763/4274 2442/4242/3466 4710/9196/4873
f 1840/6094/2699 4567/9197/1528 3586/6597/4598
f 1104/5677/1684 429/718/661 428/717/660
f 2563/7434/1899 1262/2134/1912 2296/3980/1900
f 2384/4139/3402 1260/4761/1909 2713/4763/2036
f 241/386/341 243/388/343 292/473/424
f 271/436/391 3879/438/393 4694/9139/4963
f 4711/9198/3490 4745/5577/4185 558/936/868
f 4919/521/472 3679/7211/4653 3423/6227/4479
f 641/1076/991 4600/1355/1245 642/1077/992
f 3732/6883/4681 2944/5237/4024 1279/8734/1935
f 2166/3741/3135 2460/4274/3489 1210/2039/1837
f 3632/6700/4633 4960/9199/4631 3714/6848/4674
f 2294/7241/2968 2864/7594/3334 3903/7242/2440
f 4815/9200/4242 1360/9201/2059 4712/9202/1604
f 4713/9203/2310 1546/5105/2309 4220/7530/4805
f 995/1679/1523 3446/6374/4495 4933/7492/4809
f 1887/3239/2765 3898/2707/2373 703/1177/1085
f 4382/9204/4929 3564/6553/2756 3491/8414/4535
f 3296/5972/4372 1891/3247/2770 2530/4421/3574
f 1202/7569/1825 1203/9205/1826 4539/8750/4952
f 1330/2250/2016 1605/6943/2382 2837/4286/3497
f 4001/8258/4796 1879/9206/2751 4357/8259/2750
f 2315/1599/1450 2285/4092/3285 4772/4091/3373
f 4228/7985/4893 4666/9065/4961 859/1433/1308
f 2381/621/568 4216/8514/4887 3889/9207/3397
f 3204/1316/1211 1698/1100/1015 788/1317/1212
f 1504/2552/2257 3696/1812/1642 2530/4421/3574
f 3283/5947/4360 3984/8197/1863 1718/9208/2543
f 3372/9209/4433 3359/6439/4423 3566/6559/4592
f 452/9210/696 2523/4414/125 87/137/109
f 2669/4799/3725 1906/6253/2789 3092/5546/2545
f 3692/5344/1145 4632/5343/4077 3693/9211/4663
f 4801/3731/3127 3699/7090/2600 960/1612/1462
f 2561/2118/859 675/2531/1043 1489/2530/2240
f 3468/6337/4519 3467/6336/4518 3749/6916/4690
f 4821/7212/4751 1488/2529/2239 4025/7480/4036
f 2953/9212/1218 4821/7212/4751 4025/7480/4036
f 562/944/876 4241/4337/2505 2490/4336/3527
f 3488/9213/4531 562/944/876 2490/4336/3527
f 3295/1694/1537 4101/7663/4846 405/9214/628
f 4516/9215/3687 202/323/278 2810/4971/3877
f 4116/7689/4190 4115/7688/4856 3876/8043/4191
f 2150/3708/3110 220/353/308 2014/352/307
f 2781/4897/3848 2373/4115/3386 2374/4117/3388
f 3121/9216/1584 141/224/179 423/710/654
f 1694/2902/2514 3439/199/154 125/201/156
f 727/1215/1119 2265/3922/3266 4672/4862/3827
f 1524/2587/2282 1523/2586/2281 3798/7004/4709
f 4529/4118/3389 1771/3044/2625 1214/2044/1840
f 3302/5986/4381 1662/2834/2465 2538/4438/3587
f 554/928/860 4314/930/862 1578/4281/2348
f 136/9217/174 540/903/835 4658/3685/3094
f 1677/2875/2493 3865/5112/3962 2587/4531/3632
f 4785/2443/438 1436/2442/2169 4786/7633/4057
f 4592/4492/1056 2567/4493/3614 4028/8107/1482
f 247/9218/351 3548/6517/4577 3399/2918/2527
f 208/3094/288 4291/8608/4789 1806/3092/2657
f 652/1094/1009 3316/6017/4395 480/808/746
f 4439/8463/4934 4281/9219/2971 281/450/405
f 2697/4739/3756 2803/4947/3867 4373/8291/4249
f 488/821/758 487/820/757 351/584/533
f 1786/3063/2640 4714/9220/1365 3395/6163/788
f 1570/7335/2337 4184/8494/4880 2723/4777/3780
f 4776/9221/4002 1148/1929/1747 3616/1928/1746
f 1093/1839/1667 4927/1575/1432 615/1043/961
f 2216/8663/3203 230/371/326 3869/7162/4742
f 2393/4154/3410 255/413/368 3266/6146/4345
f 1559/9222/2326 4945/9223/4875 4411/8977/2764
f 3818/1622/1471 967/1624/1473 2232/3863/3227
f 1268/2144/1920 496/8283/767 1643/2803/2443
f 4026/7161/4741 2378/6918/3394 1727/9224/2562
f 16/25/21 17/27/22 20/30/25
f 4715/9225/3794 1537/6779/2300 3814/6778/3796
f 4002/7433/4045 3731/6882/4680 1936/8262/2825
f 3715/6851/4675 3201/5765/4276 3760/2423/2157
f 1032/1739/1576 3945/1741/1578 3543/7276/4573
f 4296/8126/4910 2376/9226/3393 4716/9227/199
f 3795/8980/3872 1832/773/714 4321/8184/4882
f 3223/5815/4297 2449/4257/3475 1077/1814/1428
f 205/4918/285 207/6868/287 2793/4919/3536
f 1752/3008/2603 4542/4577/3664 4717/9228/1017
f 4556/9229/4853 4109/79/67 53/80/68
f 2957/5272/4042 2247/3891/3249 2427/4216/3449
f 789/6660/1213 2305/8179/3310 2811/4973/3878
f 3917/7270/4765 4916/5500/4155 4861/537/487
f 1152/5819/1751 1921/3296/2809 1922/3298/2811
f 4718/9230/2385 4330/9036/4770 4652/9035/4935
f 1486/2527/2237 4719/9231/2679 1487/2528/2238
f 1337/2260/2025 2660/4671/1775 4704/9180/1776
f 2566/3687/3095 3615/5338/4076 2139/3688/3096
f 4572/9016/4689 1695/2903/2515 4504/5142/2380
f 2447/4254/3473 2749/4826/3808 946/1581/1438
f 3481/8678/4529 3099/6442/4176 2929/5211/4007
f 3652/2012/1814 2740/2011/589 3814/6778/3796
f 3753/8435/4692 2570/1310/1205 784/1309/1204
f 1552/2631/2317 1551/2630/2316 3752/6923/1647
f 3653/6735/4391 186/7927/252 4211/7929/2803
f 4202/7901/4884 881/1467/1336 3232/5837/4308
f 4509/9232/4501 4475/7810/4871 619/1047/965
f 1123/1892/1510 3499/6403/4541 820/1374/1260
f 110/172/135 112/177/137 2115/3640/3067
f 2797/4931/3861 143/226/181 1589/2693/2360
f 1268/2144/1920 1531/2598/2288 496/8283/767
f 752/1255/1157 3385/6149/4444 3599/6623/1690
f 4556/9229/4853 53/80/68 1548/8018/2312
f 1252/2113/1897 89/9125/103 1253/2114/1898
f 4386/1427/1302 3444/1466/1335 854/1428/1303
f 2059/3543/2991 583/9233/915 3043/6917/917
f 1758/1954/1767 3460/6311/4506 1580/2678/2351
f 228/3917/323 2263/3919/3263 857/1431/1306
f 615/1043/961 3620/1576/1433 2199/3725/46
f 964/659/605 2546/8334/3595 4079/9234/4836
f 3743/7528/4685 1302/2204/1976 4511/8670/4938
f 2496/9235/1311 4772/9236/3373 861/9237/1309
f 2921/5192/3997 3853/6809/4091 1372/7459/2077
f 3655/5042/3922 1550/2629/2315 1552/2631/2317
f 4149/9238/4401 4112/4060/3350 2510/6268/1190
f 3072/5508/4158 2666/4679/3722 654/1098/1013
f 4720/9239/363 3957/7358/1345 2957/5272/4042
f 3114/5595/4197 2859/5059/3930 2583/4525/3628
f 1792/3073/2481 4721/9240/1565 2289/3963/3292
f 2009/9241/2921 3776/6973/804 3775/6972/2258
f 4182/7860/4879 1132/1903/1722 1131/1902/1721
f 3032/5440/4120 3088/5542/4169 2765/4866/3831
f 4606/2018/1819 1196/2017/1673 3792/9242/1055
f 2131/2101/1885 292/473/424 243/388/343
f 2049/3520/2973 2103/6312/3051 4835/5444/4123
f 137/9243/175 385/648/594 384/647/593
f 3035/5446/4124 2373/9161/3386 3988/7481/4791
f 742/1240/1142 3035/5446/4124 3988/7481/4791
f 1999/3428/2907 4477/8584/4945 4471/8572/3928
f 4321/7883/4882 4347/2622/2308 2569/4500/3618
f 2185/3776/3161 1074/1809/1639 4663/3901/3257
f 2926/6458/2931 1174/9244/1791 3730/6202/4469
f 4608/8923/4956 1319/2232/2002 3256/8924/4333
f 852/1425/153 923/1541/325 2417/4195/3432
f 3669/5213/4009 4226/7979/4891 2931/5214/4010
f 4450/9245/4902 1879/9206/2751 4001/8258/4796
f 3663/6761/4646 2187/3781/3165 4439/8396/4934
f 511/856/790 8/4/4 5/9246/7
f 4337/5458/4129 3059/5486/4146 1043/1760/1597
f 3094/7159/4172 3597/6620/4607 3016/9247/4108
f 4397/9248/601 4246/8025/2480 4527/3598/3034
f 4689/6750/596 4892/6541/4589 4537/8738/3312
f 3718/6857/2147 3873/7172/4316 3713/6847/4673
f 4318/5103/3957 2157/9249/3000 2269/3926/3122
f 979/4996/1496 3954/7353/4780 4722/9250/971
f 2860/5061/3932 2694/4735/3754 3673/9251/4651
f 819/1373/1259 707/1182/1089 706/1181/1088
f 3243/3166/2709 3477/6352/3661 1850/3167/2710
f 1609/2729/2387 4723/9252/4284 1660/2831/2462
f 2990/5412/4079 3597/9253/4607 4679/9254/4946
f 4515/8677/407 3832/7084/4729 390/7832/602
f 2577/4196/3433 3470/6340/4522 1007/7165/1541
f 4571/9154/4773 4724/9255/4575 4470/8570/3666
f 4574/4288/2659 4725/9256/1387 463/9257/719
f 2766/4867/3832 3090/5544/4170 4193/7882/1594
f 1398/2368/2112 712/9258/1095 3245/3533/2983
f 119/9259/144 4805/9260/4274 4710/7816/4873
f 3059/5486/4146 3060/5487/720 3406/6189/4464
f 1844/6600/2704 4489/8603/1570 3587/6601/1937
f 1293/2188/1960 2287/2187/1959 2136/9261/3090
f 4850/9262/3017 352/586/535 353/588/537
f 3705/9263/4271 3704/7890/4558 2543/5510/3591
f 3774/6967/4697 3458/9264/4505 3459/6968/1167
f 1544/2038/1836 1543/3740/2306 1210/2039/1837
f 4339/5761/4272 2785/4902/3656 2784/4901/3850
f 965/8567/1467 4080/5981/4379 3870/5980/4378
f 2843/5025/3911 2845/5027/3913 3552/6522/4582
f 2525/4416/3569 4380/3335/2840 2526/4417/3570
f 4370/8286/3436 3606/9195/3729 4371/8287/4925
f 728/8352/1121 1082/1825/1653 1085/1828/1656
f 3103/5570/4181 3573/9265/4594 4268/8071/4901
f 595/1009/928 2935/2193/1965 594/1007/893
f 289/4949/420 3593/6613/4604 632/1064/981
f 4383/9266/1887 4593/9267/1886 4858/9268/3577
f 787/7223/1210 1563/7222/2332 3204/9269/1211
f 1259/2127/1905 2435/4231/3458 4604/2128/1906
f 4726/9270/1382 2127/8853/2537 4727/9271/3650
f 4020/7466/4801 1090/1835/1663 4030/7497/3231
f 1729/2966/2564 329/8062/494 3022/7636/4115
f 2524/4415/3568 1944/3333/2838 2525/4416/3569
f 4163/1266/1166 3275/9021/4351 758/1264/1164
f 3035/5446/4124 4032/8067/2509 2386/4142/3404
f 3859/9272/4698 3858/5578/4186 4682/9095/1643
f 2357/4079/3365 2358/4081/3367 3708/6834/4669
f 1978/3390/2880 3215/5796/4289 1979/3391/2881
f 3838/2446/2171 3420/5820/4301 1525/2444/2170
f 4666/9273/4961 4728/9274/4294 4729/9275/4965
f 2258/3910/3214 1194/2014/1816 1193/2013/1815
f 4831/9276/1662 3094/7159/4172 3015/9277/4107
f 1159/6921/1765 2252/3897/3253 2959/5691/4043
f 1547/2625/2311 1780/3056/2633 3111/5589/1277
f 1646/2806/2446 2927/5726/4006 1647/2807/2447
f 2315/1599/1450 2286/9278/3286 2285/4092/3285
f 4561/8802/3390 3568/6561/4370 3871/7169/4744
f 451/751/694 834/1399/1281 1556/8511/2323
f 623/8699/970 4502/2659/2334 1994/3423/2903
f 4730/9279/4959 718/7908/1104 2451/4259/3477
f 4368/3861/3225 987/1668/1513 3549/6519/4579
f 910/1516/858 4364/3664/2538 4726/1517/1382
f 2484/4318/1822 2485/4320/3517 3040/5460/4131
f 3164/6326/4241 3879/7186/393 3307/6002/4386
f 1644/2804/2444 1643/2803/2443 496/8283/767
f 4266/8066/3545 4265/8065/4900 4535/8735/3546
f 3412/6203/4470 3276/5359/4084 2406/4179/3418
f 4905/9280/563 4539/8750/4952 4731/9281/4843
f 4551/489/440 4353/8249/3986 1812/9282/2668
f 4869/9283/2108 3517/6450/4357 4110/5877/4327
f 4324/8189/4918 185/296/251 957/4138/1456
f 408/5952/631 948/9284/1443 1623/2753/1027
f 1955/3353/2854 4559/2460/2182 3880/7187/3013
f 2596/4551/3646 4695/3603/3038 3501/9285/3349
f 4659/9052/2320 3418/6218/4476 3420/6220/4301
f 4508/8657/4500 2264/3920/3264 4166/3921/3265
f 4812/3694/3100 2849/2722/2381 3939/3695/3101
f 1048/1768/1603 2685/4720/3741 2687/4722/3743
f 1995/3424/2904 614/1042/960 616/1044/962
f 2136/3680/3090 2138/3682/3092 4282/6233/2970
f 4262/8059/2422 1103/1856/1682 3307/6002/4386
f 3073/9286/2425 4732/9287/1368 4733/9288/1369
f 1402/2375/2116 307/503/454 309/505/456
f 1304/2209/1981 3525/6475/4563 2131/3671/1885
f 2502/7149/3541 2501/6214/3540 1985/3403/2889
f 4734/9289/2031 4677/8819/4948 2121/6864/3074
f 4498/8433/2058 4735/9290/4102 2751/4831/3812
f 4736/9291/4917 1687/2890/2503 4507/8656/3583
f 2282/3950/3164 4139/7754/1847 2312/4007/3317
f 493/811/749 423/7103/654 482/812/656
f 4068/7580/4305 4219/7959/4572 3419/6219/4477
f 1669/1969/1780 2019/3468/2935 947/1583/1440
f 1738/2983/2581 3430/2982/2580 4478/5247/4029
f 2679/4706/3733 1827/3134/2686 1826/3133/361
f 4441/8480/2952 2679/4706/3733 1826/3133/361
f 3510/6429/4552 4737/9292/4955 1202/2026/1825
f 3016/5411/4108 3597/9253/4607 2990/5412/4079
f 3438/6257/4490 1939/3326/2831 1940/3328/2833
f 3083/9059/1359 550/919/851 549/918/850
f 1876/3216/2745 4555/3037/2622 3963/3217/2746
f 4749/5517/4163 2815/4980/3883 2455/4982/3482
f 748/1248/1150 533/893/825 1405/2382/2122
f 4667/4290/1388 4725/9256/1387 4574/4288/2659
f 3954/7673/4780 609/1036/954 4722/1053/971
f 1914/3279/2796 2105/3621/3053 433/3280/665
f 3439/199/154 4738/9293/4841 4739/9294/2645
f 3244/5863/4322 3201/8536/4276 4346/5864/4323
f 3196/5755/3909 4134/7602/4834 2982/9295/4069
f 4490/583/532 3176/585/534 114/9296/138
f 4410/1843/1671 2351/4072/3359 1169/1971/1782
f 1553/2632/2318 3921/9297/4767 3920/2633/2319
f 3730/6881/4469 1174/1981/1791 1939/3326/2831
f 3029/4105/3381 1823/4104/2682 3087/5541/2681
f 3961/7362/4782 1594/2701/2368 543/908/840
f 4601/2340/933 1381/2342/2093 227/367/322
f 3196/5755/3909 1846/3162/2706 4134/7602/4834
f 4602/1515/1381 4533/9298/3030 3484/6367/729
f 1086/9299/1658 320/9300/478 4740/9301/480
f 3932/7293/4772 4212/7930/4886 3455/6301/4502
f 4392/8337/3674 3150/5668/3675 1778/3054/2631
f 3013/8266/4104 3503/9302/4545 2784/4904/3850
f 783/1307/1202 959/1609/1459 4222/1308/1203
f 2821/7903/3889 2820/5127/3888 4780/592/541
f 1561/1658/1503 3303/1657/1502 4340/8225/2328
f 2807/4956/3871 630/4955/980 3557/6536/4576
f 604/1026/944 416/701/645 418/703/647
f 1428/6567/2160 4554/6255/4488 3438/6257/4490
f 4723/5783/4284 501/841/775 503/843/777
f 1865/4058/2732 2343/4057/3348 4119/7699/3440
f 4741/9303/2802 4781/9304/3469 2113/9305/3064
f 1973/3380/2873 1974/3381/2874 1850/3167/2710
f 4612/1608/1458 4183/7863/1474 959/1609/1459
f 4635/4815/3800 4497/8469/2842 4742/9306/2841
f 1793/3074/2647 4053/7548/4819 2367/4098/3378
f 922/1540/1402 4743/9307/632 3068/5499/4154
f 4385/6813/4664 1679/2878/2496 1814/3112/2672
f 3460/6311/4506 1065/1794/1625 1580/2678/2351
f 1576/2673/2346 4056/7551/4822 124/7175/152
f 767/1281/1179 768/1283/1181 4744/9308/2804
f 682/9309/256 3299/7416/4377 3994/7415/4793
f 2666/4679/3722 4745/9310/4185 4711/6077/3490
f 2916/5185/3993 3110/5588/4194 3866/7155/4740
f 4704/9311/1776 4233/9312/4895 2009/9241/2921
f 4746/9313/2601 2854/9121/3923 2408/5802/2602
f 2112/3634/1961 2617/4589/3673 4747/9314/3565
f 2369/3079/2649 1444/2458/2180 1954/3352/738
f 2369/8244/2649 1954/8392/738 4350/8245/2095
f 2166/3741/3135 509/852/786 2459/4273/3488
f 4748/9315/2314 4556/9229/4853 1548/8018/2312
f 2193/3788/3172 4705/9186/4889 4223/8108/2919
f 988/7008/1514 3805/7018/4714 2055/8323/2980
f 2385/4114/3387 4749/9316/4163 2454/4263/3481
f 4382/8314/4929 4060/8313/4825 1951/3348/2852
f 1177/1986/1795 2465/4283/3494 2529/4420/3573
f 4907/7975/4890 4922/1852/1679 1101/1851/1678
f 194/312/267 3500/7455/4542 195/313/268
f 1107/1868/1693 4211/3289/2803 4210/9117/254
f 682/9309/256 3994/7415/4793 4009/7936/4798
f 2245/3887/3247 2244/3886/3246 829/1391/1273
f 3404/6184/4461 1606/9317/2383 4718/9230/2385
f 4077/7601/4833 4158/7087/4730 1958/3360/2858
f 339/559/508 341/561/510 2900/5146/3979
f 3857/9318/4004 4114/6819/4666 3700/6818/4005
f 4208/5851/4315 1857/3184/2720 1859/3186/1592
f 1377/2334/2087 4766/1653/1498 2964/5413/4049
f 4378/5659/4222 2181/6610/3158 1045/1763/1599
f 4551/3539/440 1393/9319/2106 3560/2931/2536
f 80/121/99 4936/6006/4388 78/130/97
f 1196/1845/1673 612/1039/957 3792/1145/1055
f 98/155/121 102/162/124 4318/5103/3957
f 2559/4479/3606 3293/5968/4369 3478/6353/4527
f 796/3161/1223 2918/5188/3995 544/910/842
f 184/294/249 4324/8189/4918 4320/3203/2733
f 4387/8325/2680 1329/2249/2015 2467/4285/3496
f 326/539/489 1668/2847/2476 4696/9156/2358
f 1181/1990/1799 166/267/222 3708/6834/4669
f 1181/1990/1799 3708/6834/4669 2499/4356/946
f 4182/7860/4879 4699/2210/1982 1466/2493/2210
f 986/1664/1509 985/1663/1508 1927/3307/2819
f 2917/5186/3994 2167/3742/3136 1948/3344/2848
f 4580/1500/1366 3700/6818/4005 4116/5584/4190
f 816/1366/1253 2091/1535/1397 3539/1367/212
f 317/522/473 2681/4712/2780 916/523/474
f 440/734/677 3332/4824/3806 396/672/616
f 3297/7304/4373 2982/5325/4069 4750/9320/4374
f 4024/7478/4807 3009/5394/4100 3008/5393/4099
f 1410/2388/2128 2691/9097/3749 4481/8044/3748
f 4224/7977/4299 2649/428/383 3224/8116/4300
f 2623/4601/3680 3382/8610/4441 378/639/585
f 1997/3426/2905 3339/6050/1447 1726/6121/2560
f 3781/5426/4113 3818/1622/1471 2232/3863/3227
f 533/893/825 1518/2576/2273 1711/894/826
f 1039/1754/1591 1507/2559/2261 4884/2558/2260
f 4696/9156/2358 1587/316/271 197/315/270
f 1788/7022/2642 3607/6650/4616 1789/4960/2643
f 3834/9321/4731 4588/8873/4851 1122/1891/1712
f 2765/4866/3831 3088/5542/4169 3090/5544/4170
f 953/1600/1451 4213/5880/2398 954/1601/1452
f 4279/9322/4637 2730/9323/3786 4127/9324/958
f 4279/9322/4637 4127/9324/958 4708/9325/4964
f 1963/1649/1494 4751/9326/3452 4752/9327/1029
f 3358/6097/4421 3678/482/433 298/484/435
f 3387/6151/4446 4552/8777/4911 3388/6152/4447
f 812/9328/1249 3153/8744/4231 646/8743/1002
f 1639/2790/2420 1372/2324/2077 1373/2326/2079
f 4853/8784/4850 1657/2824/2457 4271/8082/4903
f 110/172/135 1873/3212/2741 111/173/136
f 2185/3776/3161 2255/3902/3258 2186/3777/3162
f 611/1038/956 3469/6339/4521 623/1052/970
f 436/726/669 435/725/668 2058/3542/2990
f 4753/9329/4355 2821/4987/3889 3280/9330/4356
f 2812/9331/3879 4535/8077/3546 3612/2279/2041
f 153/243/198 4197/7888/4883 2014/3458/307
f 1796/2703/2370 2140/5799/3097 1984/3402/2888
f 1751/3004/2599 4776/5203/4002 1701/2911/2522
f 2743/4809/3099 4191/9332/2290 4190/4810/3593
f 2698/4740/3757 2697/4739/3756 4373/8291/4249
f 3381/6141/4440 2000/6140/2908 4490/8606/532
f 3843/7100/4734 1661/2833/2464 3302/5986/4381
f 4702/9170/1231 800/8437/1230 1673/497/448
f 3200/5764/4275 2537/4437/3586 2823/4990/3891
f 1355/6854/2049 1317/2230/2000 1907/3270/2790
f 4675/9079/3331 4029/7491/4808 4754/9333/263
f 4518/5164/3984 3265/9003/4344 2906/5165/2502
f 1437/4111/2173 2128/9334/1877 2317/4112/3320
f 887/8201/1342 4854/3802/3183 2456/4265/3483
f 3658/6752/4641 640/1075/990 642/1077/992
f 817/1369/1255 2571/4505/3487 1330/2250/2016
f 183/9335/247 4047/1275/1173 798/1335/1228
f 4755/9336/2826 2913/5179/3990 2029/9337/2944
f 483/9338/752 4756/9339/1627 810/5371/1248
f 1575/2672/2345 1899/3257/2779 3889/4131/3397
f 2268/3925/3268 2882/5102/3956 2269/3926/3122
f 2908/5367/3987 963/1615/1465 4757/9340/734
f 3705/5757/4271 2543/9341/3591 3197/5758/3590
f 1608/2728/2386 4723/9252/4284 1609/2729/2387
f 4160/6394/4537 4130/5333/4075 2985/5332/4074
f 4125/7707/4515 4279/9342/4637 4492/7708/4860
f 942/1573/1430 2195/6414/3174 2194/7844/3173
f 4060/8313/4825 4161/4592/3676 1951/3348/2852
f 4640/9004/3893 2473/7631/3506 3151/5670/4229
f 1858/3185/2721 3120/5604/4203 1040/8387/1593
f 334/1984/501 4758/9343/4429 4641/1985/1794
f 3832/7084/4729 2853/5040/3920 3248/7833/4326
f 986/1664/1509 1927/3307/2819 3749/6916/4690
f 2261/3913/2555 4809/7751/2930 2404/4177/3416
f 2261/3913/2555 2404/4177/3416 4613/2482/2202
f 4138/7748/4240 2329/4033/3328 2330/4034/3329
f 8/4/4 22/32/27 3/3/3
f 1067/1798/1628 4817/9344/2355 4816/1799/1629
f 4532/8727/3623 2966/792/731 473/794/732
f 4759/9345/874 4530/7470/4803 3433/6246/4485
f 561/7136/875 4759/9345/874 3433/6246/4485
f 3778/6975/4700 3993/7414/4792 4298/8129/2490
f 4878/5722/4251 4239/507/458 3169/5709/4245
f 3328/9346/1001 4267/9347/3960 4760/9348/3769
f 3640/9349/3175 2046/3511/2967 2832/4468/1032
f 2030/3484/2946 3890/3483/2945 2636/4628/3692
f 2589/4536/3635 3833/4313/3513 1264/4537/1915
f 1235/1719/1560 476/798/736 1021/1720/1561
f 4761/9350/4375 4455/4534/3634 3297/7304/4373
f 3257/5895/3894 2827/9351/3896 2360/4083/3369
f 1968/3373/2868 1133/1904/1723 4076/7600/4832
f 760/1269/1169 3986/9352/4703 4245/6395/4538
f 1025/1728/1566 844/1415/1296 1177/1986/1795
f 949/5553/1444 130/213/168 131/214/169
f 2802/4945/3866 605/1029/947 3708/7910/4669
f 2404/4177/3416 2940/5233/4021 2942/5235/4022
f 2404/4177/3416 2942/5235/4022 4221/7966/4888
f 1556/8511/2323 834/1399/1281 833/1398/1280
f 4767/9353/3813 4532/8727/3623 4768/8726/3710
f 2944/5237/4024 2423/4209/3444 1402/2375/2116
f 3761/6946/2321 3762/6948/390 4290/6412/4546
f 2487/4328/2915 4410/8382/1671 4443/8485/4941
f 3229/8525/4307 4616/6157/3311 3391/6156/4450
f 3502/6410/4544 4262/2773/2422 211/339/294
f 2159/5676/3125 4004/5514/4161 806/9354/1241
f 535/897/829 1782/3058/2635 536/898/830
f 991/4173/1517 970/1631/1479 971/1633/1481
f 3228/5824/1100 4762/9355/1099 2704/4748/3765
f 732/1225/1129 3231/5835/3322 733/1226/1130
f 840/9356/1291 4652/8411/4935 841/8410/1292
f 1701/2911/2522 404/682/626 403/681/625
f 2280/3948/3282 175/282/237 3376/6130/4436
f 3983/7401/4788 3946/7327/4778 2125/3660/3080
f 2124/3659/3079 3983/7401/4788 2125/3660/3080
f 4737/9292/4955 3943/1380/931 825/1382/1267
f 4533/8728/3030 4133/9357/4864 1867/3206/2736
f 4007/7440/1781 3777/6974/4699 4647/8350/2243
f 1473/2507/2223 2538/7297/3587 1109/1872/1697
f 392/662/607 1379/2336/2089 1795/513/464
f 2424/4210/3445 2800/4936/3864 1109/5319/1697
f 2069/3559/3003 4008/1846/1674 3540/6503/4207
f 663/1110/1025 3145/4638/3697 664/1111/1026
f 1283/6177/1942 256/6646/370 65/6645/81
f 4735/5398/4102 2989/5538/4078 2751/9358/3812
f 4857/357/312 3505/2784/2431 4335/8215/2658
f 3922/9359/4768 2614/1327/1221 1863/1326/1220
f 4148/3596/3032 2100/3613/3045 2099/3612/2690
f 4733/1944/1369 4763/9360/2998 2015/3462/2932
f 1251/2112/1896 4041/3422/2902 3811/7760/4718
f 826/1383/639 3676/6785/4652 412/5997/640
f 1083/1826/1654 1775/3049/2629 1084/1827/1655
f 650/1091/1006 794/5522/1222 1071/1806/1636
f 4058/7553/4824 4465/9361/1115 4764/9362/3931
f 1232/2074/1865 566/952/883 3933/7301/3771
f 3237/5842/4311 2565/4487/3610 3138/8509/4220
f 4056/8571/4822 852/198/153 124/197/152
f 4325/8194/4738 842/1412/1293 380/641/587
f 3624/6679/2984 3629/6693/1907 4605/4611/3218
f 1073/1808/1638 3700/5207/4005 2156/3721/3121
f 4328/8199/3797 2976/6962/4060 1593/2699/2366
f 3030/5438/3968 3032/5440/4120 3914/4865/3830
f 4225/2843/2472 1297/2198/1970 1665/2841/2470
f 147/230/185 3910/7256/4264 4688/231/186
f 3980/8863/4787 305/498/449 800/8437/1230
f 4447/8502/4942 1220/2057/1850 1222/2059/1852
f 4853/7675/4850 3666/2751/2407 3854/7128/4737
f 600/9363/936 1280/9364/1936 3785/9365/4702
f 2704/4748/3765 1688/2891/2504 3228/5824/1100
f 2144/3697/3103 4275/8091/4905 661/1108/1023
f 2881/5100/3954 1974/9366/2874 3489/6378/3840
f 762/975/905 4765/9367/1172 2903/3684/3093
f 1809/3100/2662 518/869/803 4775/6132/4438
f 4267/8069/3960 2341/4055/3346 4643/1705/1547
f 2602/4564/3655 227/367/322 4587/366/321
f 2606/4572/3660 4598/194/149 120/186/145
f 3586/8814/4598 4158/7087/4730 4077/7601/4833
f 253/411/366 2919/7906/3996 254/412/367
f 278/446/401 833/2642/1280 2758/4848/3528
f 4538/3531/2981 3153/9368/4231 732/5575/1129
f 2520/4407/3564 1999/3428/2907 1294/2190/1962
f 2187/3781/3165 2189/3783/3167 4439/8396/4934
f 3139/4948/3868 1731/2972/2570 3140/2974/2572
f 2721/9129/3778 469/1597/726 791/1545/1215
f 4228/9369/4893 4238/9370/4892 4666/9273/4961
f 2268/3925/3268 3594/6615/3834 2882/5102/3956
f 3723/7933/4425 3023/5431/4116 2396/5430/496
f 3110/5588/4194 3109/5587/4193 606/1030/948
f 3725/6873/2714 3345/6064/4413 4491/8422/740
f 4605/4611/3218 4510/8665/3217 2627/4612/3685
f 4614/6129/4435 2405/4178/3417 4473/5020/3907
f 3232/5837/4308 391/8214/603 4179/7854/1466
f 4474/6751/2242 753/1256/1158 4007/1970/1781
f 1586/8063/2357 2384/4139/3402 2713/4763/2036
f 3368/6115/1649 3647/6357/3075 1274/2152/1928
f 3709/3801/3182 2301/3989/350 1497/2542/2249
f 3337/6048/1945 769/1284/1182 3340/6053/4410
f 3812/7041/4719 2792/8148/3855 4401/8357/1188
f 809/1356/1246 4890/7269/1106 4546/8764/2754
f 1234/2077/1867 363/603/551 4377/8306/4927
f 4766/9371/1498 4006/5046/3924 3495/6398/1499
f 2556/4474/3603 2557/4476/3605 2652/4658/1477
f 4225/9372/2472 987/1668/1513 4368/3861/3225
f 4300/8132/3281 4244/799/737 476/798/736
f 2948/5249/4030 2875/5089/3948 1830/3137/2689
f 38/57/47 3561/6314/4507 39/58/48
f 806/1351/1241 843/1414/1295 2159/3728/3125
f 4573/8837/4953 3826/8857/4728 3464/8859/4512
f 3396/6168/4456 1396/2365/2110 3402/6181/4460
f 4304/8141/1732 1225/8639/1855 2952/5256/4033
f 2651/5637/3236 4767/9373/3813 4768/9374/3710
f 4953/3641/3068 1839/6144/1943 2060/3642/2992
f 3669/5213/4009 3826/8857/4728 4226/7979/4891
f 4769/9375/1501 2647/4649/3706 3466/6335/4517
f 1755/3012/1689 752/1255/1157 3599/6623/1690
f 1292/2185/1958 4770/9376/4367 4920/8550/4366
f 2670/9377/2362 2283/3952/3284 704/3954/1086
f 4800/7735/4863 4575/8844/3696 4599/1943/1757
f 3644/361/316 3669/6768/4009 2625/362/317
f 2957/5272/4042 3957/7358/1345 2247/3891/3249
f 1543/3740/2306 509/852/786 2166/3741/3135
f 4100/2985/2583 4099/3195/2727 321/528/479
f 2569/8239/3618 4348/8241/4921 4014/7457/4799
f 2353/4074/3361 3884/7197/4748 2342/4056/3347
f 2353/4074/3361 2342/4056/3347 827/1388/1270
f 405/8438/628 2421/4206/3441 3295/8774/1537
f 3621/6670/4623 3428/6672/4483 2895/5135/2882
f 1925/2731/2389 3610/2733/2390 4503/8649/4761
f 2185/3776/3161 2567/4493/3614 1074/1809/1639
f 2851/5038/1992 2852/5039/3599 4771/9378/1993
f 3340/6053/4410 769/1284/1182 770/1286/1183
f 1477/2515/2229 1476/2514/2228 1149/1930/1748
f 3875/8771/4746 2368/4099/3379 1534/2607/2296
f 1754/7441/2605 2325/4029/3324 3777/6974/4699
f 1967/3372/2867 625/8992/975 1318/2231/2001
f 3688/6802/1135 4868/9379/1063 3690/6803/2435
f 3913/7260/236 2689/4724/3745 2688/4723/3744
f 3154/5675/4232 773/1292/1189 3451/6290/303
f 287/461/415 4227/9380/2961 2672/462/416
f 4580/1500/1366 4116/5584/4190 4825/1501/1367
f 28/8605/33 1046/1765/1600 1047/1767/1602
f 127/205/160 882/1469/1338 35/7885/42
f 3989/6071/4387 2293/3973/3299 1325/4144/2011
f 1941/3329/2834 4466/5856/4318 1942/3330/2835
f 33/49/39 4739/3069/2645 901/3071/1370
f 4238/9381/4892 386/649/595 4728/5812/4294
f 4238/9370/4892 4728/9274/4294 4666/9273/4961
f 2086/3589/3027 4418/5905/4338 2977/5308/4061
f 4897/3624/3056 4943/3625/3057 4061/9382/4826
f 1868/587/536 2283/3952/3284 1869/9383/2737
f 4106/7672/4455 2443/4244/3467 707/1182/1089
f 498/836/770 4611/8931/4279 3480/9384/4528
f 191/8975/264 3310/6008/4390 1212/2042/1838
f 4072/7592/3131 2117/3645/2832 2116/3644/3069
f 1786/3063/2640 4580/8850/1366 4714/9220/1365
f 1300/9385/1974 2085/9386/3026 2336/9387/3340
f 3617/7628/4620 4772/9388/3373 2707/7629/3374
f 2466/4284/3495 2465/4283/3494 1178/1987/1796
f 3869/7162/4742 232/373/328 2573/4507/3619
f 3545/3142/2691 2312/4007/3317 2314/4009/3318
f 1655/293/248 2338/4050/3342 2805/4951/1096
f 4607/8921/2895 958/1606/1457 1585/2687/2035
f 2544/5512/3592 4456/5511/4160 4773/9389/4966
f 589/1000/922 3017/3870/3233 382/9390/591
f 3768/6960/695 451/2884/694 601/1020/938
f 446/743/686 3242/742/685 4024/7478/4807
f 4153/7780/4868 4144/7764/4866 3681/6791/4655
f 2825/4992/3892 2368/4099/3379 4549/8770/4243
f 2061/3545/2993 2623/4601/3680 378/639/585
f 1532/9391/2289 725/9392/1117 4774/9393/1590
f 4562/8804/279 1320/9009/481 2728/4783/2003
f 4574/8843/2659 238/7450/335 240/9394/337
f 2060/3642/2992 170/9395/227 4954/3643/2767
f 3019/5424/4112 3039/8956/4130 3400/7960/4458
f 3389/9396/4448 3952/7349/2225 3953/7351/708
f 1417/2401/2139 1703/5173/2524 1844/3158/2704
f 4774/9397/1590 1255/2121/1901 1257/2123/1903
f 4177/7852/4878 1743/2995/2590 3444/6270/1335
f 4710/9398/4873 2442/8147/3466 2652/4658/1477
f 99/156/122 4318/5103/3957 2882/5102/3956
f 3655/5042/3922 1278/2157/1933 1550/2629/2315
f 2197/4944/3177 3478/6353/4527 3358/6355/4421
f 2520/4407/3564 4747/4408/3565 526/883/817
f 3084/5531/2766 4775/9399/4438 1050/7363/1606
f 3877/7184/3785 2481/4315/3514 3323/6028/4402
f 2330/9400/3329 676/9401/1045 4694/9139/4963
f 4895/3502/2960 2043/3504/2962 4593/9402/1886
f 4165/4292/3499 1803/3035/2621 4555/3037/2622
f 1751/9403/2599 3634/9404/4634 4776/9405/4002
f 3597/6620/4607 3598/6622/4609 4679/8609/4946
f 4436/8458/2198 4932/4846/3818 3996/8427/4795
f 4053/7548/4819 1793/3074/2647 2289/3963/3292
f 4899/3187/2722 1735/2979/2577 1734/2978/2576
f 2816/4981/3884 2463/4280/3492 880/1465/1334
f 2041/3500/2958 163/263/218 164/265/220
f 3148/5665/4226 4626/8954/4898 3899/5666/4227
f 212/341/296 3306/340/295 1063/1792/1623
f 620/4028/966 191/309/264 193/311/266
f 4097/7209/2748 2913/5179/3990 4096/2760/2414
f 4777/9406/2075 4778/9407/4235 4779/9408/1180
f 772/8820/1186 411/694/638 1579/2677/2350
f 2805/1191/1096 2214/3825/3199 2778/1192/1097
f 4457/8527/4943 1702/2912/2523 4875/8394/4923
f 4233/8001/4895 4174/4963/3874 3592/4358/3538
f 4859/3470/2937 723/3472/1111 3667/6766/4647
f 2366/9409/3376 4376/8305/4340 4437/8459/1710
f 2727/6833/3784 2802/7575/3866 3708/6834/4669
f 2209/3817/3194 3972/7386/4785 2634/4626/1375
f 1484/2524/2235 1099/1849/1676 4423/8419/4937
f 2694/4735/3754 3485/6368/439 3673/9251/4651
f 1774/6736/2628 2880/8501/3953 3654/6737/4638
f 4780/9410/541 4458/8537/4944 355/5547/542
f 4741/3761/2802 4742/3763/2841 4781/9411/3469
f 2859/5059/3930 1611/2735/2392 2583/4525/3628
f 3330/9412/3520 1434/1666/1511 4782/9413/3518
f 840/7926/1291 4718/9230/2385 4652/9035/4935
f 3539/6499/212 2548/4456/214 3089/4458/3598
f 103/163/126 3380/3909/3260 2379/9414/3395
f 4906/4665/1744 2656/4664/2114 4176/8841/353
f 4639/9415/205 462/9416/718 4670/9069/2837
f 2996/5363/4087 747/8684/1149 2646/4648/3705
f 2171/3748/3141 4331/8208/3419 4065/7577/4829
f 250/401/356 3267/5917/4346 3207/402/357
f 2252/3897/3253 2251/3896/442 3126/5617/4206
f 3443/5941/1191 2344/9417/2941 4753/5942/4355
f 4041/7522/2902 1234/2077/1867 3810/9418/4717
f 719/9419/1107 866/1444/235 868/1446/1317
f 2857/5049/3926 785/1313/1208 3970/1312/1207
f 2691/4728/3749 4469/8564/1040 2205/3812/3190
f 2970/5293/4053 4625/3846/3213 4379/4742/3759
f 2605/4571/3659 2439/4238/3463 610/1037/955
f 2647/4649/3706 2234/3865/3229 2235/3866/3230
f 3878/7185/4747 3126/5617/4206 3125/5616/444
f 790/1320/1214 1610/2730/2388 1540/2615/2303
f 3467/6336/4518 986/1664/1509 3749/6916/4690
f 1571/2664/2338 1150/1931/1749 1149/1930/1748
f 1272/2149/1925 997/7402/1526 1273/2150/1926
f 2434/9420/3457 2683/6024/3739 3851/7122/4188
f 1591/8780/2363 3085/5532/4168 1015/1713/1554
f 2262/3263/2784 4783/9421/2851 2609/4576/2853
f 1694/2902/2514 4398/9422/4931 3439/199/154
f 4498/8433/2058 1684/2886/2500 4784/9423/1082
f 4785/9424/438 4786/9425/4057 4787/9426/4686
f 4062/7566/4415 4509/9232/4501 619/1047/965
f 827/1388/1270 4915/1387/1269 2353/4074/3361
f 2202/3806/3187 610/1037/955 609/1036/954
f 4655/3914/3262 1882/3228/2757 2262/3915/2784
f 2471/2968/2566 662/8628/1024 329/8062/494
f 953/1600/1451 2496/4348/1311 1401/2374/2115
f 4360/7925/4195 919/8723/1395 1480/2518/2230
f 1935/3318/2824 1892/3248/2771 416/701/645
f 2071/3562/3005 643/3561/993 1144/1920/1738
f 421/2797/652 3759/5785/3297 3363/9427/4427
f 3666/2751/2407 4788/9428/1090 1622/2752/2408
f 4789/9429/4035 1765/7539/2615 3885/7199/4749
f 4790/9430/3201 2488/9431/2890 4431/8449/3525
f 4669/6690/4629 4668/9432/4897 4261/6691/4630
f 3901/8008/4755 2357/4079/3365 165/266/221
f 4750/5974/4374 2340/4054/3345 2339/4053/3344
f 4671/9072/4962 4750/5974/4374 2339/4053/3344
f 3310/6008/4390 4618/6007/4389 1212/2042/1838
f 1692/2900/2512 1694/2902/2514 1699/2909/2520
f 3055/5480/1331 3978/5479/3426 2414/9433/3428
f 3133/5632/4215 4251/2996/2591 1743/2995/2590
f 50/75/63 4011/9434/2546 4871/68/58
f 2995/5362/4086 2586/4528/3631 4311/8160/4915
f 469/787/726 471/789/728 3581/6584/1449
f 1722/8538/2552 2564/4485/3608 3591/6609/4602
f 4296/8126/4910 2594/4546/841 2376/9226/3393
f 4242/7380/2221 3817/3369/2864 1964/3368/2222
f 4337/5458/4129 4552/8131/4911 2626/4604/3682
f 4357/4103/2750 4791/9435/2752 1823/4104/2682
f 4558/3764/2798 515/864/798 3464/6325/4512
f 179/6225/241 3912/7258/2399 3422/6226/4478
f 2722/4776/3779 3852/8336/4736 4617/6087/3273
f 142/2087/180 4838/1857/1683 4145/7765/4418
f 2402/4171/3413 532/892/824 1184/1995/1803
f 1328/9082/1575 1031/1582/1439 1378/2335/2088
f 4608/8923/4956 1317/2230/2000 1319/2232/2002
f 4334/2393/2132 514/2392/797 1376/9436/2083
f 4643/1705/1547 397/673/617 2176/9437/3147
f 2586/4528/3631 1342/4530/2030 4311/8160/4915
f 3404/6184/4461 4718/9230/2385 840/7926/1291
f 3134/5633/4216 3204/5774/1211 1563/2654/2332
f 2170/3746/3140 976/7536/1487 3075/6461/4164
f 4129/5331/4073 4257/8047/4815 1223/2060/1853
f 421/9438/652 3363/8930/4427 2382/4133/3398
f 1383/9439/1113 2759/4849/2742 3733/76/64
f 1665/2841/2470 1590/2694/2361 1666/2842/2471
f 46/69/59 50/2948/63 4150/65/55
f 4555/3037/2622 4792/9440/3278 3963/3217/2746
f 2734/4794/3790 3232/5837/4308 4179/7854/1466
f 2767/4868/3683 1286/2174/1947 1285/2173/1946
f 4793/9441/3728 2018/3465/2934 3658/6752/4641
f 4162/7807/4870 2505/4366/3544 2811/4973/3878
f 106/166/129 105/165/128 4794/9442/995
f 3380/3909/3260 106/166/129 4794/9442/995
f 4352/5867/4324 3021/878/812 524/880/814
f 1293/2188/1960 2136/9261/3090 2047/7194/2969
f 1324/5402/2008 3503/6411/4545 3013/5403/4104
f 3100/5565/4177 746/1246/1148 3064/5492/4149
f 310/506/457 3169/5709/4245 4239/507/458
f 1078/1816/1644 4583/7377/2146 1093/8193/1667
f 2119/3648/3072 3137/5636/4218 4856/6637/4612
f 1115/1879/1702 3706/6829/3766 1553/2632/2318
f 1858/3185/2721 1040/8387/1593 1859/3186/1592
f 3563/6551/4591 2310/4004/3316 856/1430/1305
f 1800/541/491 2008/3447/2920 3506/5194/3999
f 1783/3059/2636 1105/1860/1686 4480/4726/3747
f 4347/8240/2308 3588/9443/2307 1182/1992/566
f 2218/2509/2224 2420/5015/3439 1129/1900/1719
f 1744/2997/2592 4251/2996/2591 4252/3726/3123
f 1002/1690/1534 3223/5815/4297 1077/1814/1428
f 2749/4826/3808 2447/4254/3473 4204/4253/3472
f 1404/2380/2121 156/252/207 739/1236/1138
f 3928/7288/4252 3929/7290/1007 3371/6122/4432
f 3847/3105/2666 3290/5958/4364 2350/4071/3358
f 2527/4418/3571 3352/4533/3633 1944/3333/2838
f 2161/3733/3129 2160/3732/3128 883/5121/1339
f 1557/2643/2324 2088/3592/3029 721/9444/1109
f 2576/2801/1116 3206/2800/2441 1449/9445/2188
f 3897/7224/4753 787/7223/1210 2744/4812/3798
f 793/5260/1219 4025/5262/4036 3988/7408/4791
f 2220/3835/3206 2227/3849/3215 2079/3575/3016
f 4795/9446/461 4787/7476/4686 4796/9447/462
f 3237/5842/4311 4049/8508/1725 3203/6856/4281
f 3871/7169/4744 4589/2870/2489 4561/8802/3390
f 2541/4442/3588 4701/4555/3648 3063/5491/4148
f 2075/3567/3009 4486/8598/1128 1310/3970/1989
f 3248/7833/4326 2853/5040/3920 3174/5718/4248
f 1329/2249/2015 4388/8326/4813 3258/1370/1256
f 3613/6661/4619 4035/7514/4817 4073/7595/4286
f 4698/5995/4383 1992/3417/2898 4829/1348/1238
f 3859/9272/4698 4682/9095/1643 3113/9448/4196
f 44/66/56 1239/2083/1871 3609/6652/2138
f 396/672/616 3332/4824/3806 3680/7523/4654
f 3586/8814/4598 4077/7601/4833 2892/5126/3970
f 4937/5241/4026 562/944/876 3488/9213/4531
f 3522/939/871 751/8367/1154 560/940/872
f 1577/2674/2347 1899/3257/2779 1575/2672/2345
f 2608/4575/3663 305/498/449 3980/8863/4787
f 798/1335/1228 764/1277/1175 4715/4801/3794
f 4797/9449/313 4798/9450/2354 3322/9451/1879
f 3501/7782/3349 3532/6488/4566 2343/7777/3348
f 4799/9452/1703 3075/5519/4164 1764/5521/2614
f 3151/5670/4229 2776/4890/3846 2482/4316/3515
f 745/6594/1147 3265/9003/4344 2817/4983/3885
f 3639/3510/2966 2046/3511/2967 3640/9349/3175
f 4123/7704/4859 3030/5124/3968 4553/8830/4947
f 1839/6144/1943 2968/5291/2698 2967/5290/4051
f 3143/3303/2816 3836/7096/4732 1632/7110/2231
f 1639/2770/2420 4399/8355/4932 1372/7459/2077
f 4681/4925/3860 4662/6343/4385 1445/2461/2183
f 4307/7496/4810 1750/3003/2598 4020/7466/4801
f 2024/3476/2940 1499/2544/2251 4162/8724/4870
f 2818/4984/3886 858/1432/1307 857/1431/1306
f 276/444/399 2070/3560/3004 3999/7424/2045
f 3519/2949/2547 2925/5315/4001 2926/9453/2931
f 226/364/319 4800/9454/4863 4425/365/320
f 2558/4478/884 567/9455/886 1572/2665/2339
f 1500/9456/2252 3745/6907/4586 3774/8999/4697
f 3836/7096/4732 3656/1743/1580 1482/7109/2232
f 2956/5266/4038 3894/7217/211 1682/7010/2498
f 2108/3627/3059 4087/7624/945 4086/7623/4839
f 3834/9321/4731 1122/1891/1712 1033/7324/1577
f 2628/4613/2695 2629/4615/3686 4570/8828/796
f 2481/4315/3514 1007/1698/1541 2482/4316/3515
f 1413/6407/2131 2667/4680/3723 513/861/795
f 3679/6788/4653 3216/5797/4290 3215/5796/4289
f 3410/6196/4064 2731/4791/3787 2590/4538/3636
f 2326/4030/3325 1755/1864/1689 459/771/712
f 4289/8118/4909 3498/6401/4540 2126/3661/3081
f 1762/6096/2613 1508/2560/2262 3320/6022/4398
f 3048/5472/4138 1568/2660/2335 4475/8578/4871
f 4748/8580/2314 4801/9457/3127 4859/8581/2937
f 516/866/800 1915/865/799 4228/7985/4893
f 4018/7463/4590 1956/3358/2856 289/469/420
f 3710/6842/4670 2819/7746/3887 4137/7745/4865
f 3122/5175/818 938/1563/1420 4802/9458/2582
f 505/846/780 504/845/779 3071/5503/3313
f 237/379/334 4142/7761/4762 3677/6786/434
f 3318/6020/3856 3767/4201/2586 2418/4200/3437
f 3459/9459/1167 1719/9460/2548 4803/9461/1168
f 1403/2379/2120 4804/9462/3992 2872/9463/3943
f 2999/5375/4092 2228/3853/3219 3120/5604/4203
f 4168/7828/2178 1011/1708/1549 1010/1707/355
f 4623/9464/3484 2110/3286/2800 3033/3285/2799
f 619/1047/965 4164/7811/4872 620/1048/966
f 214/343/298 1692/2900/2512 1699/2909/2520
f 4229/9465/4894 3551/6523/4581 3553/6525/4583
f 3789/6989/801 3788/6988/4704 2981/5321/4067
f 4410/8382/1671 1196/2017/1673 4443/8485/4941
f 2617/4589/3673 2616/4588/3672 1917/4598/2806
f 3555/8955/4585 1883/3229/2758 4655/3914/3262
f 3109/5587/4193 2499/1028/946 606/1030/948
f 4252/8448/3123 4790/9430/3201 4431/8449/3525
f 4329/9466/4208 4157/9467/3815 4251/9468/2591
f 2216/8663/3203 3869/7162/4742 2217/9469/3204
f 1534/2607/2296 4053/7548/4819 2289/3963/3292
f 1821/9470/2677 4910/6320/4509 4483/8594/4334
f 4841/9471/3833 3594/6615/3834 122/191/147
f 949/9472/1444 1433/8051/2166 542/907/839
f 4805/9473/4274 119/185/144 3874/195/150
f 4806/9474/2014 1328/9475/1575 4677/9476/4948
f 2130/3670/3085 2078/3574/3015 2227/3849/3215
f 1212/2042/1838 199/318/273 200/320/275
f 2816/4981/3884 2848/5031/3916 2463/4280/3492
f 4322/8187/4615 307/503/454 2034/3488/2949
f 2016/4690/2724 4793/4692/3728 1187/2002/1807
f 3881/9172/3380 342/9477/517 4917/9173/519
f 3533/6490/4567 3673/8681/4651 4540/8752/4019
f 4564/7680/4852 4804/9462/3992 1403/2379/2120
f 495/829/763 4807/9478/4960 976/7536/1487
f 4849/4968/1984 2313/1975/1786 4501/1974/1785
f 2709/4756/3768 3194/5753/4269 4284/8109/4908
f 4559/9479/2182 4808/9480/4907 3880/3572/3013
f 2703/4747/3764 926/275/230 2960/5280/4044
f 708/1184/1091 1358/2295/2055 3915/8551/4763
f 1219/2053/1848 4544/8759/4840 3481/8678/4529
f 2941/969/900 4809/9481/2930 574/967/898
f 2693/4734/3753 4353/6582/3986 3485/6368/439
f 900/1498/1364 429/718/661 920/1536/1398
f 1059/1784/1617 2355/4076/3363 2354/4075/3362
f 572/964/895 2225/3842/3211 1536/2609/2298
f 4482/2802/2442 2576/2801/1116 4058/8989/4824
f 1304/2209/1981 2131/3671/1885 1947/9482/1884
f 4573/9483/4953 420/706/650 419/705/649
f 4396/8312/4928 4810/9484/3181 4060/8313/4825
f 877/1460/1329 876/1459/1328 3338/8633/3581
f 2924/5199/3715 1547/2625/2311 3111/5589/1277
f 1818/3116/531 1819/3118/672 2326/4030/3325
f 660/1107/1022 662/1109/1024 4467/8559/3502
f 2846/5029/3915 1911/7791/2794 1629/2763/2417
f 3278/5937/1652 3409/2766/1651 1631/2767/2419
f 330/547/497 3665/4354/3535 331/548/498
f 2146/3701/3104 1367/2317/2072 755/1259/560
f 3071/4000/3313 3393/6159/4451 132/215/170
f 4721/9240/1565 1106/3442/1688 2289/3963/3292
f 2817/8679/3885 3064/5492/4149 746/1246/1148
f 3383/6143/4442 2529/4420/3573 2040/3499/2957
f 4728/5812/4294 2640/4634/246 4958/2818/2455
f 4928/423/378 1018/1716/1557 3427/6231/4482
f 2703/7556/3764 582/987/562 926/1547/230
f 4475/7810/4871 4312/8164/4137 4164/7811/4872
f 1310/2218/1989 4486/1224/1128 1685/1296/1192
f 3006/5391/2062 2080/3581/3021 3703/8539/4667
f 1676/7913/2491 3993/7414/4792 3251/5878/4328
f 1017/1715/1556 3764/6952/4695 3333/7590/4408
f 1077/2637/1428 2729/2315/2070 1367/2317/2072
f 2094/3606/3040 2453/4262/3480 2095/3607/3041
f 4663/9061/3257 2029/3482/2944 2255/5614/3258
f 3313/6014/4392 1520/817/754 486/819/756
f 3321/6385/4400 4302/8138/4913 4811/9485/1490
f 4794/1080/995 105/9486/128 2914/1081/996
f 1597/4964/2372 1178/5453/1796 1167/1967/1779
f 4348/8241/4921 776/1298/1194 777/1299/1195
f 614/1042/960 1093/1839/1667 615/1043/961
f 3751/6920/1641 956/2321/1455 1371/2323/2076
f 3240/5850/4314 4208/5851/4315 3449/9487/4496
f 4825/8378/1367 4310/8159/4192 4309/8158/789
f 2420/5015/3439 4812/9488/3100 2743/4809/3099
f 1633/2769/2233 4399/8355/4932 1639/2770/2420
f 3136/457/412 286/459/414 4217/4332/3524
f 3896/6344/1206 2569/8239/3618 4014/7457/4799
f 3167/5707/1078 2647/4649/3706 4769/9375/1501
f 2976/6962/4060 3689/6801/4661 1593/2699/2366
f 4416/6617/4605 3885/7199/4749 3595/6618/4606
f 2354/4075/3362 1356/2291/2051 4882/1785/1618
f 2102/9017/3049 1265/2138/1916 2902/5156/1469
f 3935/7305/4775 3962/7365/4783 2983/5326/3910
f 3489/7968/3840 4813/9489/4967 3432/6243/3955
f 181/4927/244 2796/4929/1044 4003/7435/4797
f 2004/3436/2914 333/550/500 1709/2925/2533
f 4814/9490/167 3337/6048/1945 949/6054/1444
f 1227/7834/1858 1549/2627/2313 1315/2226/1997
f 4064/7576/4828 1225/8320/1855 4304/1913/1732
f 1853/3176/290 2420/5015/3439 2218/2509/2224
f 1652/2814/2452 2119/3648/3072 504/3999/779
f 4383/8316/1887 4858/9491/3577 4384/8317/3290
f 447/744/687 2540/746/689 2162/9492/3130
f 1439/2451/2175 3043/6917/917 1243/4943/1878
f 3490/4006/2999 2158/3723/889 2157/3722/3000
f 3083/1493/1359 898/1495/1361 2702/4746/3763
f 3993/7414/4792 3004/5385/4098 3107/5579/4187
f 962/4001/1464 2165/3739/3134 1759/3019/2609
f 4815/9493/4242 2825/4992/3892 4549/8770/4243
f 4085/7620/4838 1468/8146/2213 3790/6245/258
f 4314/8168/862 1500/9494/2252 685/6456/1059
f 3175/5720/4250 981/1659/1504 983/1661/1506
f 2249/3893/3251 3674/9495/2205 4021/7469/3232
f 62/94/78 63/95/79 60/92/76
f 1420/2413/2149 1419/2412/2148 3349/8867/4416
f 4158/7796/4730 4567/1684/1528 998/1683/1527
f 4712/9496/1604 665/9497/1030 1023/9498/1563
f 3077/2063/1856 4181/6527/1996 4827/627/574
f 4514/2139/1917 1921/3296/2809 2648/4650/3707
f 4661/9054/158 35/52/42 2907/5166/3985
f 718/1200/1104 2841/4579/3665 1980/1201/1105
f 1376/2330/2083 1375/2329/2082 2076/4276/3010
f 4816/9499/1629 4817/9500/2355 4798/7345/2354
f 4201/5768/4278 3202/5767/4277 4032/7502/2509
f 2838/5014/3904 2701/7775/3762 3277/5933/2020
f 738/1235/1137 645/7196/999 221/4694/309
f 3928/7288/4252 3371/6122/4432 2855/5047/3925
f 1905/3268/2788 1907/3270/2790 4608/8923/4956
f 4101/7663/4846 4818/9501/571 405/9214/628
f 4819/9502/1910 1601/4814/2376 4459/4245/3468
f 4808/8098/4907 3238/5844/4312 547/2167/846
f 4653/9038/4950 4917/9503/519 3967/7830/4640
f 4820/9504/820 1993/3418/2899 2686/4721/3742
f 3612/2279/2041 4535/8077/3546 1349/2280/2042
f 1666/2842/2471 3805/7018/4714 988/7008/1514
f 847/1419/621 4500/8644/772 3417/9505/4475
f 847/1527/621 3417/6216/4475 914/1525/1390
f 2677/9506/3020 3970/9507/1207 3704/9508/4558
f 2303/3992/3308 3352/6081/3633 1987/3406/2892
f 4215/9509/4726 3889/9207/3397 4216/8514/4887
f 3183/5737/4260 4022/7473/4510 4821/9510/4751
f 4245/7195/4538 3719/6858/4513 1293/2188/1960
f 3121/9216/1584 142/225/180 141/224/179
f 3097/5560/4174 160/258/213 2090/3600/3036
f 803/1346/1237 2733/4793/3789 2735/4795/3791
f 491/4389/761 1979/3391/2881 3434/6247/3460
f 528/888/822 749/1250/1152 931/7383/1413
f 1564/2655/2185 2552/9511/2410 1565/2656/2085
f 684/1148/1058 2746/4818/3801 3072/5508/4158
f 3985/7859/4790 4304/8141/1732 3178/5730/4255
f 3882/6676/4625 4822/9512/514 1658/6677/2460
f 6/8/8 1555/2640/2322 3346/6065/358
f 3324/6029/4403 3098/5562/4175 3637/9513/3876
f 435/725/668 4513/8675/4949 2058/3542/2990
f 4777/9406/2075 4779/9408/1180 767/9514/1179
f 4587/8871/321 228/3917/323 2310/4004/3316
f 4226/7979/4891 3826/8857/4728 4573/8837/4953
f 142/2087/180 332/549/499 4838/1857/1683
f 879/1464/1333 2180/3768/3156 1154/1936/1753
f 2588/1073/988 542/5145/839 4823/9515/838
f 1587/2691/271 1056/1781/1614 1055/1780/1613
f 2544/8958/3592 4773/9516/4966 4627/8959/4957
f 59/5383/75 3778/6975/4700 4299/8130/69
f 1183/1994/1802 776/1298/1194 4348/8241/4921
f 4666/9273/4961 4729/9275/4965 4824/9517/451
f 2737/4797/3792 2736/4796/469 4104/7670/4848
f 3982/4287/3498 4096/2760/2414 1626/2759/2413
f 1409/7479/2127 4024/7478/4807 3008/5393/4099
f 3048/5472/4138 1569/2661/2336 1568/2660/2335
f 4190/4447/3593 2545/4449/2535 4689/650/596
f 2937/5224/4018 3550/6520/4580 571/963/894
f 4886/4453/3596 648/6726/1004 2854/7643/3923
f 3918/1667/1512 3727/6876/1531 4295/8125/2573
f 4409/8269/4924 4362/8268/3336 3641/6714/4635
f 1592/9518/2364 4532/8727/3623 4767/9353/3813
f 279/448/403 3835/3377/2871 1962/3365/2862
f 797/7993/1226 4393/8340/1225 2504/4365/3543
f 3030/5124/3968 2890/5123/3967 3031/1368/1254
f 4250/8032/3716 1352/2286/2046 4564/8810/4852
f 1475/9519/2227 2383/9520/3400 4403/9521/709
f 3663/8462/4646 280/449/404 3317/6018/4396
f 4911/2345/2094 4271/8082/4903 3822/7059/4724
f 1492/2537/2244 3317/6018/4396 2114/3639/3066
f 92/146/112 2853/5040/3920 3832/7084/4729
f 1286/2174/1947 4730/9279/4959 2451/4259/3477
f 842/1412/1293 841/1411/1292 380/641/587
f 88/138/110 2522/4413/3567 86/134/106
f 4302/8138/4913 3401/6175/4459 4811/9485/1490
f 1626/2759/2413 430/719/662 432/721/664
f 1135/1907/1726 1137/1909/1728 1768/3031/2619
f 358/597/546 357/596/545 3011/5399/4103
f 1979/3391/2881 3215/5796/4289 3214/5795/4288
f 222/355/310 2803/4947/3867 223/356/311
f 4220/7530/4805 1841/3154/2700 3972/7386/4785
f 4750/5974/4374 1095/1841/1669 2340/4054/3345
f 3395/6163/788 4714/9220/1365 4825/9522/1367
f 4266/4367/3545 2698/4740/3757 4373/8291/4249
f 3038/5456/4127 4941/4435/3585 4278/8095/4906
f 2463/4280/3492 3236/1463/1332 880/1465/1334
f 178/285/240 4933/7492/4809 1616/2743/2400
f 1636/2779/2426 2511/5805/3553 4495/3968/3295
f 4323/1454/1323 3366/1456/1325 395/9523/614
f 4826/9524/3179 4354/9525/4861 3026/9526/4117
f 1391/8822/2104 1300/9527/1974 2336/4047/3340
f 3082/6452/4167 2478/6731/3511 3518/6453/3116
f 4827/9528/574 4514/8676/1917 3292/5967/4368
f 1822/3125/2678 1349/2280/2042 2844/5026/3912
f 2535/4430/3580 1277/2156/1932 877/7430/1329
f 514/2054/797 1219/2053/1848 1375/2329/2082
f 2082/3583/3023 4298/2871/2490 2497/2873/2492
f 366/617/564 1634/2771/1968 367/618/565
f 1464/9529/2208 3665/4354/3535 3862/6796/2064
f 2414/9530/3428 3328/1086/1001 3055/1462/1331
f 3964/9531/4784 3686/6797/4659 3643/2573/553
f 4696/2690/2358 1394/2362/2107 1056/1781/1614
f 4032/8067/2509 3035/5446/4124 3782/6979/2510
f 4249/8031/194 4828/9532/2283 4553/8778/4947
f 4203/7043/4603 4715/9533/3794 3814/7044/3796
f 4885/4399/3561 4829/9534/1238 4668/9067/4897
f 4456/8526/4160 4457/8527/4943 4875/8394/4923
f 4830/9535/1324 4460/7467/4802 3367/9536/4430
f 1740/2987/2585 55/83/71 4669/6690/4629
f 2068/3558/3002 2087/3590/3028 2981/5321/4067
f 3436/6251/4487 2042/6250/2959 4289/8118/4909
f 555/929/861 3687/1961/1774 437/727/670
f 4831/9537/1662 3015/6832/4107 3735/4642/3701
f 1225/8639/1855 4831/9538/1662 3735/6891/3701
f 750/1251/1153 528/888/822 527/887/821
f 2682/2372/1546 1401/2374/2115 2496/4348/1311
f 2779/7734/3847 4575/8844/3696 4800/7735/4863
f 4546/8764/2754 4890/7269/1106 3950/9539/4779
f 2127/8853/2537 4582/8855/4812 4727/9271/3650
f 2932/5215/4011 2174/7720/3144 2175/8345/3145
f 3401/6175/4459 2161/3733/3129 4811/9485/1490
f 2636/4628/3692 1406/4630/2123 4035/7514/4817
f 740/1237/1139 4674/9078/1048 3472/4214/1050
f 3879/438/393 4138/5698/4240 4694/9139/4963
f 2644/6774/3702 3326/6032/4405 888/8359/1344
f 4832/9540/3196 4833/9541/3195 3780/6977/3935
f 422/709/653 421/708/652 2382/9542/3398
f 1584/2686/2356 1338/2261/2026 1337/2260/2025
f 3887/5609/4204 3050/5474/4140 3051/5475/4141
f 3665/4354/3535 4834/9543/1276 3570/6564/1275
f 4458/8537/4944 3591/6609/4602 3717/6855/4676
f 3057/5482/4144 2397/4166/3411 2792/8148/3855
f 1202/2026/1825 4737/9292/4955 825/1382/1267
f 3185/5739/4039 4736/8170/4917 4560/6518/4578
f 3622/6671/4624 490/823/760 3630/6697/4632
f 668/8021/1036 1390/2358/1035 1389/2357/1817
f 2412/4188/3425 2411/4187/3424 3917/7270/4765
f 3549/6519/4579 855/1429/1304 3797/7002/4707
f 493/811/749 3840/7101/1124 423/7103/654
f 1194/2014/1816 2258/3910/3214 3664/5354/4082
f 4369/832/766 1763/834/768 1733/8404/2574
f 3804/7014/4712 260/419/374 4264/8064/4899
f 4291/8120/4789 1126/1897/1716 2059/8285/2991
f 4291/8608/4789 2059/3543/2991 2962/5284/4046
f 4520/9544/1950 3186/8799/4261 2022/8801/2938
f 1818/582/531 796/1330/1223 349/580/529
f 4889/9545/3668 3119/7542/4202 4124/8507/4516
f 4296/8126/4910 219/351/306 3807/7029/4715
f 119/9259/144 4710/7816/4873 2169/7817/3138
f 2813/4975/3880 4534/8732/3949 4692/2378/2119
f 1730/9115/2567 2936/5223/4017 2935/5222/1965
f 2803/4947/3867 3991/7091/1493 981/8292/1504
f 4513/8675/4949 4577/3540/2988 2058/3542/2990
f 3206/5776/2441 4322/8187/4615 2034/3488/2949
f 969/1630/1478 2653/6280/3711 3327/6035/3119
f 1210/2039/1837 2460/4274/3489 1615/2740/2397
f 1131/1902/1721 941/1568/1425 3525/6475/4563
f 2467/7066/3496 1810/3101/2663 1811/3103/2664
f 1935/3318/2824 4002/5283/4045 1936/3319/2825
f 3508/6427/4551 3797/7002/4707 2733/4793/3789
f 1428/6567/2160 3438/6257/4490 1940/3328/2833
f 2009/9241/2921 4233/9312/4895 3776/6973/804
f 2379/9414/3395 2031/167/130 103/163/126
f 3780/6977/3935 2309/4003/3315 4832/9540/3196
f 1767/3028/2164 1766/3027/2616 4424/1854/1680
f 2291/9546/3296 4632/5343/4077 2988/5342/1144
f 2996/5363/4087 748/9547/1150 747/8684/1149
f 2318/807/745 1442/2454/1010 3729/6880/4679
f 1854/3177/2715 698/1167/1077 699/1169/1079
f 2887/8712/3964 4409/8381/4924 4023/8100/4806
f 4769/9375/1501 3466/6335/4517 4256/8041/4126
f 2267/3924/3267 2266/3923/1835 1208/7794/1834
f 2958/7849/1518 4595/7851/4835 1339/7997/2027
f 862/4713/1310 4835/9548/4123 2682/4714/1546
f 2001/3431/2910 1646/2806/2446 1645/2805/2445
f 1648/2809/2448 1438/2450/2174 2372/8140/3385
f 4910/6320/4509 4836/9549/3301 1465/2491/2209
f 3078/5524/4165 2978/2141/1918 1266/2140/429
f 2353/4074/3361 4915/1387/1269 1356/2291/2051
f 2353/4074/3361 1356/2291/2051 2354/4075/3362
f 1904/8153/2787 4307/8155/4810 963/1615/1465
f 3064/5492/4149 2817/8679/3885 4036/5493/4150
f 4561/4119/3390 4589/8874/2489 1827/3134/2686
f 3879/438/393 3164/5699/4241 4138/5698/4240
f 4672/4862/3827 2265/3922/3266 3742/4863/3828
f 1023/9498/1563 665/9497/1030 3739/9550/1564
f 2635/4627/3691 1710/2926/2534 3181/5735/159
f 4847/6164/4454 4446/3674/3087 4837/9551/3409
f 4669/9068/4629 55/7385/71 4885/4399/3561
f 2462/4278/3011 2929/5211/4007 2473/6658/3506
f 2866/5069/3770 2711/2163/1939 1282/2165/1941
f 4838/9552/1683 472/3593/730 2782/8068/3849
f 2555/4473/3602 1542/2617/2305 1544/2619/1836
f 1834/8478/2692 3067/5563/4152 3012/2240/2009
f 99/156/122 3140/5643/2572 757/1263/1163
f 3462/7899/4094 4794/1080/995 4435/8457/4265
f 1217/6082/1845 4011/2947/2546 46/69/59
f 883/1471/1339 569/1470/890 977/9553/1491
f 3884/7197/4748 3909/6160/4452 2342/4056/3347
f 1508/2560/2262 934/1559/1416 3320/6022/4398
f 2689/4724/3745 2926/6458/2931 3730/6202/4469
f 3129/5624/4211 3135/5634/4217 702/1175/1083
f 4288/9554/2883 4287/652/598 389/654/600
f 1574/2669/2343 3589/2671/113 2486/4322/3519
f 2575/7971/3622 4118/7697/4857 2943/5236/4023
f 2575/9555/3622 2943/6820/4023 2576/1212/1116
f 3789/867/801 518/869/803 1809/3100/2662
f 3489/7968/3840 3494/1655/1500 4813/9489/4967
f 1615/2740/2397 3793/6996/2278 4213/2741/2398
f 2669/4799/3725 4594/4798/3793 1906/6253/2789
f 3448/6279/2620 353/588/537 1868/587/536
f 4306/4939/3865 3992/7329/3945 2201/3805/3186
f 907/4616/1378 4516/4618/3687 1124/8342/338
f 2878/5093/3951 3167/1168/1078 4769/1656/1501
f 1257/2123/1903 1256/2122/1902 933/9556/1415
f 957/1605/1456 4472/4194/3431 4324/9557/4918
f 2141/1385/926 4341/8227/4343 4274/1386/1268
f 1892/3248/2771 1936/3319/2825 3655/6742/3922
f 134/217/172 133/216/171 852/198/153
f 871/1450/1319 873/1452/1321 3575/1922/1740
f 254/4255/367 2447/4254/3473 4442/6195/4467
f 2281/3949/3283 2044/9558/2963 2282/3950/3164
f 1374/2328/2081 2547/2327/2080 2638/4631/3694
f 2118/3646/3070 2117/3645/2832 4839/9559/1714
f 1432/2435/2165 4424/8423/1680 3502/6410/4544
f 1140/1912/1731 4064/7576/4828 4304/1913/1732
f 4840/9560/4914 4841/9561/3833 4842/9562/146
f 4141/7759/572 4818/9501/571 4101/7663/4846
f 373/633/362 3942/7318/364 374/634/580
f 1904/3267/2787 1028/9157/1572 1903/3266/2786
f 664/1111/1026 2592/4543/3640 394/2283/611
f 157/253/208 2872/9463/3943 2363/251/206
f 999/8528/1529 4906/4665/1744 3625/6685/4628
f 519/871/805 2051/3524/2977 2584/4526/3629
f 4843/9563/2479 4638/9564/2478 3534/9565/4568
f 4002/7433/4045 1448/2465/2187 3731/6882/4680
f 2850/2377/2118 253/411/366 252/410/365
f 4784/1172/1082 1686/9566/2501 3538/1170/1080
f 1813/6722/2670 4013/2611/2299 1538/2613/2301
f 4488/8601/2266 3575/6570/1740 3574/6569/4595
f 4540/8752/4019 1299/2201/1973 1298/2200/1972
f 2897/264/219 4756/1797/1627 483/9567/752
f 4546/3225/2754 3950/9568/4779 1881/3226/2755
f 2457/4268/1692 767/1281/1179 4744/9308/2804
f 4382/9204/4929 1951/9569/2852 4783/6554/2851
f 2902/5156/1469 3086/4709/3735 4844/9570/1470
f 3896/6344/1206 3872/7170/4745 1445/2461/2183
f 359/598/547 1712/600/548 3173/5717/4247
f 875/2555/1327 4071/7587/1326 1506/2556/2259
f 4450/9571/4902 4323/8188/1323 869/1447/1318
f 4813/9489/4967 1236/9572/1868 3408/1822/1650
f 2486/4322/3519 3589/2671/113 3329/8911/116
f 2235/3866/3230 986/1664/1509 3467/6336/4518
f 1765/7539/2615 323/533/483 3386/6150/4445
f 2784/4901/3850 3503/8833/4545 4505/5415/4110
f 358/8009/546 2939/5231/3882 1277/2156/1932
f 456/764/705 458/766/707 2000/3429/2908
f 3496/6399/4539 431/720/663 1849/5860/2708
f 4756/9573/1627 3036/5448/4125 810/5447/1248
f 3955/8424/3505 148/234/189 3583/233/188
f 3908/5244/4027 3729/6880/4679 3354/9574/1952
f 1080/7482/1646 4388/9575/4813 4387/3127/2680
f 3276/5359/4084 3275/7892/4351 4523/7842/4877
f 550/919/851 4845/9576/2734 4472/4194/3431
f 263/1919/377 1145/1921/1739 4846/9577/4543
f 3007/5392/2061 2550/9578/2113 2678/3579/3019
f 4378/8308/4222 402/680/624 1095/1841/1669
f 2699/5648/3758 1328/2247/1575 1327/2246/2013
f 215/344/299 643/1078/993 508/851/785
f 751/1252/1154 2256/1254/1156 783/9579/1202
f 4749/9316/4163 2455/4264/3482 2454/4263/3481
f 1856/3180/2718 2071/3562/3005 263/1919/377
f 4847/9580/4454 4837/4152/3409 1341/2265/2029
f 4848/9581/4885 4847/9580/4454 1341/2265/2029
f 3324/9582/4403 3637/9583/3876 4849/9584/1984
f 3455/6301/4502 3390/6155/4449 3456/6302/4503
f 4660/9053/974 1311/2219/1990 2961/3452/2925
f 593/8886/927 4594/8888/3793 2738/9585/3724
f 4720/408/363 2957/9586/4042 3942/409/364
f 4834/8530/1276 2624/4602/3681 2356/4077/3364
f 273/8685/395 2410/4186/3423 3177/5729/4254
f 2320/3415/2896 4043/4215/3448 2321/9587/1028
f 1264/2137/1915 3029/5437/3381 3086/4709/3735
f 2307/8013/459 780/1302/1198 779/1301/1197
f 4807/9478/4960 495/829/763 4961/1701/1544
f 4929/9171/3971 1673/497/448 2051/9588/2977
f 308/2861/455 4059/2398/2136 1416/2397/2135
f 4850/9589/3017 4389/3618/3050 2284/1176/1084
f 1970/8104/2870 4282/8103/2970 1247/8792/1889
f 1102/9590/1681 3163/5697/4239 3164/5699/4241
f 1763/9591/768 1762/9592/2613 4697/9593/2575
f 2417/4195/3432 924/1543/1404 3205/5775/4282
f 3497/6400/1288 2695/4736/3755 2696/4738/1289
f 2093/8152/3039 2441/4241/3465 2440/4240/3464
f 3038/5456/4127 3037/5455/3645 4941/4435/3585
f 3654/6737/4638 3928/7288/4252 409/691/635
f 4143/7762/2137 4059/8634/2136 3255/5885/4332
f 4332/4497/3615 2148/3703/3106 1644/2804/2444
f 4738/7637/4841 4852/1924/1742 4091/7638/4842
f 3473/6345/4524 3254/5883/4331 3253/5882/4330
f 896/2271/1356 4425/365/320 641/5419/991
f 4851/9594/1422 1872/3211/2740 4243/8022/2728
f 4767/9373/3813 2651/5637/3236 2752/1019/937
f 4249/2589/194 1529/2596/2286 1359/2590/2057
f 882/1469/1338 4898/1788/40 35/7885/42
f 4186/7868/1258 4095/3507/2964 1248/2106/1890
f 3515/3774/3159 2300/3986/3007 194/3988/267
f 756/1261/1161 1077/2637/1428 1367/2317/2072
f 4511/8670/4938 1303/2206/1978 2794/8117/3858
f 4380/3335/2840 3294/5970/4371 4391/8335/4919
f 3349/6075/4416 3829/7079/2909 4695/9595/3038
f 1/42/1 20/30/25 4336/8220/369
f 4581/5936/4352 182/290/245 4582/7503/4812
f 4819/2132/1910 4464/3885/3245 2245/3887/3247
f 4738/9596/4841 4536/9597/4336 4852/9598/1742
f 389/654/600 388/653/599 1180/1989/1798
f 1569/2661/2336 4184/7865/4880 1570/2662/2337
f 3666/6765/2407 4853/9599/4850 2045/3508/2965
f 3870/5980/4378 1160/1955/1768 1162/1957/1770
f 528/888/822 3461/6315/4508 529/889/823
f 3066/5496/4151 1837/3147/2696 1241/3149/1873
f 2430/4221/3451 3692/1243/1145 3691/9600/4662
f 2264/3920/3264 4509/8658/4501 4062/6068/4415
f 3835/7094/2871 1970/8104/2870 1382/2343/1891
f 3529/6481/4564 4013/7456/2299 1813/6482/2670
f 142/225/180 4145/6084/4418 143/226/181
f 846/6416/1299 914/1525/1390 4873/6215/4474
f 3904/7245/4757 4205/3769/3157 658/1104/1019
f 1894/3250/2773 1080/1818/1646 4719/9231/2679
f 3657/4906/3851 1834/9601/2692 3013/8266/4104
f 2668/9602/3184 4854/9603/3183 4855/9604/4406
f 3524/6471/3625 3070/5502/4156 2580/6877/3582
f 668/9605/1036 1224/2061/1854 1464/8659/2208
f 4114/7687/4666 3072/5508/4158 4115/7688/4856
f 4149/7773/4401 2510/4382/1190 3618/6667/4621
f 2139/3688/3096 4484/8595/1132 735/1231/1134
f 830/1392/1274 4834/1394/1276 4497/8635/2842
f 4559/9479/2182 3238/9606/4312 4808/9480/4907
f 1932/3313/2483 2838/5014/3904 2973/5300/4056
f 4856/9607/4612 4345/8236/4920 4333/8211/2506
f 3535/7252/4569 4422/9608/4936 1990/3413/2894
f 2249/3893/3251 2250/3894/3252 3674/9495/2205
f 39/7726/48 4691/7511/164 1756/7727/2606
f 1500/6533/2252 4314/4946/862 1453/2470/2192
f 2968/3151/2698 1745/2998/2593 2969/6773/4052
f 4111/1216/1120 525/882/816 4278/8095/4906
f 2181/6610/3158 4205/7909/3157 3003/5382/4097
f 4335/8900/2658 4816/1799/1629 4857/9609/312
f 3310/6008/4390 2724/9610/3781 3311/6009/3959
f 1477/2515/2229 1149/1930/1748 1245/2098/1882
f 1261/2133/1911 4730/8982/4959 2297/3982/3302
f 420/706/650 4573/9483/4953 3464/6325/4512
f 4115/7688/4856 3072/5508/4158 654/1098/1013
f 2277/3941/3279 651/1093/1008 3162/5694/4238
f 637/9611/986 4638/2849/2478 4108/2848/2477
f 4832/8191/3196 2756/4845/3817 1716/9612/2542
f 3869/7162/4742 2573/4507/3619 2445/8005/3470
f 4850/9262/3017 2284/3953/1084 352/586/535
f 2528/6249/3572 1628/2762/2416 213/5425/297
f 4535/8735/3546 3513/6435/4557 3605/3109/2669
f 4128/7717/704 359/598/547 3173/5717/4247
f 1267/2143/1919 1269/2145/1921 726/5307/1118
f 4593/9402/1886 2043/3504/2962 4858/9613/3577
f 4432/9614/4339 4431/4333/3525 2719/5984/1694
f 1728/2965/2563 2827/9351/3896 1562/2652/2330
f 3626/9615/511 2595/4547/3643 3191/5749/3638
f 4254/9616/1979 4277/8093/1980 597/5991/930
f 3664/9617/4082 3665/4354/3535 1464/9529/2208
f 4859/9618/2937 4801/3731/3127 2021/7567/1112
f 492/825/762 491/824/761 3434/4233/3460
f 3231/4023/3322 1510/2563/2265 3538/2565/1080
f 2858/5054/3927 2383/5056/3400 4860/9619/2588
f 2917/5186/3994 2104/3620/3052 3044/5465/4134
f 4553/8778/4947 3914/7261/3830 1724/2958/2556
f 3869/7162/4742 2445/8005/3470 2217/9469/3204
f 1067/1798/1628 4451/8510/4930 4817/9344/2355
f 1459/7955/2201 3627/9620/3443 2422/7953/3442
f 4752/1114/1029 3739/6895/1564 665/1115/1030
f 3878/7185/4747 3879/7186/393 4301/8137/392
f 3098/5562/4175 3067/5563/4152 3637/9513/3876
f 805/1350/1240 807/1352/1242 3402/6181/4460
f 3391/6156/4450 3916/7498/4764 4959/5441/4121
f 2854/5044/3923 4946/5043/3126 1226/9621/1857
f 3599/6623/1690 3349/6624/4416 4695/9144/3038
f 4450/9571/4902 869/1447/1318 1879/7453/2751
f 3054/5478/4142 1181/1990/1799 606/1030/948
f 4791/5889/2752 445/5853/684 1823/9622/2682
f 156/252/207 3685/7309/4658 740/1237/1139
f 4712/1769/1604 1023/1724/1563 1049/1770/1605
f 2913/5179/3990 4755/9336/2826 3336/5180/3991
f 2863/5066/3936 2864/5067/3334 3941/8465/4777
f 4813/9489/4967 3494/1655/1500 1236/9572/1868
f 4947/9081/2276 1309/2216/1987 2531/8757/3575
f 2611/4581/2982 337/555/505 646/5184/1002
f 4060/8313/4825 4061/9623/4826 4161/4592/3676
f 3806/4388/3556 2512/4387/3555 3221/5813/4295
f 1106/1863/1688 3738/1862/1687 1535/9624/2297
f 2977/8408/4061 4705/8407/4889 2192/9625/3171
f 4517/8484/2549 3219/5810/4292 4518/8751/3984
f 2409/4185/3422 2769/4873/3836 4057/7552/4823
f 3726/704/648 420/706/650 464/780/721
f 2035/3489/2950 2423/4209/3444 3732/6883/4681
f 2282/3950/3164 2312/4007/3317 1602/3951/2378
f 249/399/354 4168/9626/2178 1010/400/355
f 4477/8584/4945 4165/7820/3499 4471/8572/3928
f 4398/9627/4931 4536/9628/4336 4738/9629/4841
f 3755/6929/4693 4524/2905/2517 1696/2904/2516
f 2481/4315/3514 2483/4317/3516 3323/6028/4402
f 2872/5080/3943 2873/5082/3371 2363/9630/206
f 3876/8043/4191 654/1098/1013 3791/6993/2519
f 4560/8800/4578 4736/9631/4917 2022/8801/2938
f 3488/9632/4531 467/5685/723 3157/5686/4236
f 3650/6732/3804 3189/7171/4267 1399/1554/1412
f 485/818/755 2230/9633/3224 3278/1824/1652
f 4944/3779/488 4861/9634/487 3069/61/51
f 4495/4384/3295 4405/4197/3434 4370/4199/3436
f 2066/3556/3001 2068/3558/3002 2981/5321/4067
f 1770/9635/1760 4135/4401/1759 1848/3164/2624
f 4870/2942/1021 1574/2941/2343 2486/9636/3519
f 2051/3524/2977 2585/4527/3630 2584/4526/3629
f 2842/5022/3908 2983/5024/3910 1986/3405/2891
f 629/1061/979 1048/1768/1603 2153/3711/3113
f 371/630/577 464/780/721 3802/7012/4711
f 2259/3911/3261 3502/6410/4544 4846/6409/4543
f 2487/4328/2915 4443/8485/4941 1195/2016/1818
f 1015/1713/1554 1017/1715/1556 3333/7590/4408
f 4862/9637/3063 4741/9303/2802 2113/9305/3064
f 4143/7762/2137 3255/5885/4332 1812/3107/2668
f 4212/7930/4886 920/8823/1398 2998/5369/4090
f 3347/6073/4182 1863/3199/1220 1862/3198/2729
f 281/450/405 4281/9219/2971 1970/3376/2870
f 4863/9638/4554 3511/8966/783 4125/8965/4515
f 105/9486/128 3421/6221/1800 2914/1081/996
f 4117/5679/4233 2603/9639/3657 3769/6961/4565
f 4106/7672/4455 1884/9640/2760 2443/4244/3467
f 511/856/790 22/32/27 8/4/4
f 324/535/485 3076/534/484 3645/6720/315
f 4392/4590/3674 2893/5131/3972 115/180/139
f 1611/2735/2392 1714/2937/2540 2583/4525/3628
f 1348/2277/2040 1347/2276/2039 168/269/224
f 3383/6143/4442 3382/6142/4441 4522/6382/4533
f 141/224/179 143/226/181 2797/4931/3861
f 1305/2211/1983 203/9641/282 4849/2212/1984
f 2699/4741/3758 1030/1736/1574 1328/1738/1575
f 1472/2502/2218 2220/3835/3206 2079/3575/3016
f 1198/2020/1821 246/9642/348 1199/2021/347
f 3823/7063/4209 4329/9643/4208 4251/2996/2591
f 3162/5694/4238 545/911/843 2159/5676/3125
f 4630/9644/972 4660/9053/974 2961/3452/2925
f 3140/2974/2572 3322/6027/1879 757/9645/1163
f 275/443/398 2470/4295/3501 2469/4294/3500
f 666/1118/1033 2846/5029/3915 2847/5030/3408
f 1175/1982/1792 744/1244/1146 944/1578/1435
f 3782/8835/2510 3020/5427/4114 1691/8399/2511
f 1785/8074/2639 2971/5294/4054 4873/9646/4474
f 2918/5188/3995 3961/7362/4782 543/908/840
f 4363/8271/274 910/926/858 553/925/857
f 2884/3727/3124 4252/3726/3123 4432/9647/4339
f 2853/5040/3920 4171/7716/4862 3173/5717/4247
f 367/618/565 3524/4518/3625 2579/4517/1801
f 3140/2974/2572 1732/2973/2571 3322/6027/1879
f 2950/5253/4031 2867/5071/3048 607/5073/950
f 1100/1850/1677 4588/7677/4851 3834/7093/4731
f 3000/5376/4093 576/973/903 762/975/905
f 1722/9648/2552 2820/4986/3888 2819/4985/3887
f 2519/8913/3563 2847/9649/3408 1060/8912/1620
f 1269/2145/1921 1644/2804/2444 2147/3702/3105
f 4079/9234/4836 2546/8334/3595 4683/9650/1543
f 4192/3890/3248 499/837/771 2877/9651/3950
f 2762/6437/3824 2789/4912/2844 1529/6438/2286
f 3711/6843/4671 3111/4521/1277 832/6844/1279
f 2183/607/555 4820/9504/820 2686/4721/3742
f 886/1474/1341 4702/1338/1231 4929/5129/3971
f 931/1556/1413 456/1555/705 3381/6141/4440
f 3983/7401/4788 3982/7400/3498 3946/7327/4778
f 1375/2329/2082 2461/4277/3491 2076/4276/3010
f 4620/8944/4106 3314/6015/4393 486/819/756
f 3833/7088/3513 4001/8258/4796 3028/5436/4119
f 4864/9652/751 484/9653/753 2920/9654/3082
f 2630/4617/1619 202/8412/278 4516/4618/3687
f 4422/8418/4936 551/920/852 958/1606/1457
f 3720/6860/4677 3721/6862/4678 3562/6550/4014
f 4764/5060/3931 2203/3809/3188 2694/4735/3754
f 308/2861/455 1416/2397/2135 1037/1750/1587
f 3181/5735/159 1710/2926/2534 4703/6179/161
f 4865/9655/1813 380/641/587 2740/643/589
f 1240/2084/1872 608/2086/952 2002/9656/2911
f 4695/3603/3038 2093/3605/3039 4366/8276/4212
f 3041/5461/4132 3042/5462/4133 909/8230/1380
f 2967/5290/4051 4888/6430/4553 2060/3642/2992
f 4866/9657/2144 3080/556/506 466/558/507
f 4583/8856/2146 4234/8002/2145 4927/1575/1432
f 4908/690/634 3369/3259/2781 409/691/635
f 2521/6264/3566 2992/1016/934 600/1018/936
f 4924/9145/3726 2669/4799/3725 3092/5546/2545
f 1949/3345/2849 2168/3743/3137 3799/4539/3637
f 2042/3501/2959 2041/3500/2958 164/265/220
f 4337/5458/4129 2626/4604/3682 3059/5486/4146
f 1709/2925/2533 335/552/502 1176/6178/1793
f 1710/2926/2534 1709/2925/2533 1176/6178/1793
f 4423/8419/4937 2930/5212/4008 2831/5005/3901
f 4656/9047/764 4655/9046/3262 2038/9658/2953
f 420/706/650 516/866/800 3801/7011/4710
f 4222/9659/1203 959/1625/1459 2761/1627/1475
f 760/1269/1169 1368/2318/2073 4777/2320/2075
f 845/1416/1297 844/1415/1296 1025/1728/1566
f 203/9641/282 1305/2211/1983 204/5858/283
f 3470/6340/4522 2417/4195/3432 3205/5775/4282
f 3289/5957/4363 3768/752/695 2238/3875/3237
f 705/5956/1087 2621/4597/579 2616/4588/3672
f 3717/6855/4676 3093/5548/1569 355/5547/542
f 3693/7940/4663 4863/9660/4554 4125/6333/4515
f 4867/9661/2813 3113/5594/4196 2605/4571/3659
f 1507/2559/2261 934/1559/1416 1508/2560/2262
f 4328/8706/3797 2975/5304/4058 2976/5306/4060
f 4180/628/575 3301/7240/4380 369/626/573
f 3281/5945/4358 3283/5947/4360 4962/5119/3965
f 3927/7286/1999 2437/4234/3461 559/8495/869
f 507/850/784 213/342/297 215/344/299
f 234/375/330 1926/6756/2818 4392/8337/3674
f 2221/3837/3207 1728/2965/2563 4649/1885/1706
f 2645/9662/3704 4558/8858/2798 3826/8857/4728
f 4471/8572/3928 3924/7281/3929 3923/7280/4769
f 2915/4070/3357 18/7347/23 27/7076/32
f 3702/3629/3060 3844/7112/2986 2056/3630/2985
f 3703/8539/4667 2080/3581/3021 3704/6444/4558
f 2925/9663/4001 4518/9664/3984 1175/9665/1792
f 3165/5700/3256 4617/3934/3273 2723/4777/3780
f 286/459/414 3452/6295/2469 4893/4331/3523
f 1062/1791/1622 3449/6282/4496 3090/5544/4170
f 161/260/215 1235/1719/1560 3975/7390/4786
f 1305/2211/1983 1942/3330/2835 204/5858/283
f 4930/2176/1949 3186/9666/4261 4520/2177/1950
f 2343/7777/3348 4461/6487/854 1172/9667/1789
f 1757/3015/2607 4181/7857/1996 1066/8402/1626
f 1401/2374/2115 1614/7086/2396 4213/5880/2398
f 175/282/237 687/1151/1061 176/283/238
f 3688/6799/1135 4557/6800/4660 4868/9668/1063
f 4421/8416/4743 3114/5595/4197 3115/5596/2495
f 2446/4252/3471 3290/5958/4364 2217/3830/3204
f 2469/4294/3500 2053/3527/1964 1098/1847/1675
f 4229/9465/4894 3553/6525/4583 1166/1965/1778
f 1201/876/810 1615/2740/2397 1614/2739/2396
f 4869/9669/2108 2497/2873/2492 3517/5944/4357
f 550/919/851 4472/4194/3431 551/920/852
f 4003/7435/4797 3839/7099/4733 1262/2134/1912
f 2330/4034/3329 548/917/849 677/1134/1046
f 2477/4309/3510 3843/7111/4734 1473/2507/2223
f 4029/7491/4808 2865/7490/3937 710/1187/1093
f 2375/4120/3391 2679/4706/3733 3600/6627/4610
f 855/1429/1304 854/1428/1303 3429/6235/4484
f 1918/3293/2807 2207/3814/3192 3037/4549/3645
f 1051/8094/1607 2006/7969/2918 2513/4390/3557
f 4496/8632/4827 41/2186/52 1293/2188/1960
f 714/1196/1101 1120/1888/1709 715/1197/1102
f 3419/6219/4477 1220/2057/1850 3934/7302/4774
f 191/8975/264 2724/9610/3781 3310/6008/4390
f 1899/3257/2779 851/7176/151 853/7024/1301
f 2007/3445/1176 4820/9504/820 2183/607/555
f 1478/2516/2217 1477/2515/2229 3712/3839/3209
f 3815/7679/4720 3471/6341/4523 1440/2452/2176
f 1316/2227/1998 559/2229/869 4565/5696/4159
f 3921/7274/4767 2737/4797/3792 4105/7671/4849
f 3273/5923/4349 3930/7291/4771 2415/5924/3429
f 4386/8322/1302 4177/7852/4878 3444/6270/1335
f 1470/9670/2215 2487/4328/2915 1195/2016/1818
f 122/191/147 3594/6615/3834 568/957/888
f 2396/4161/496 586/4163/919 3361/9671/3918
f 4393/8340/1225 4584/9672/4617 2503/4364/3542
f 4784/9423/1082 1684/2886/2500 1686/2888/2501
f 895/1489/1355 2017/3464/2933 948/6913/1443
f 895/6970/1355 948/9284/1443 408/5952/631
f 1038/1751/1588 2693/5162/3753 1130/8534/1720
f 4470/4580/3666 2841/4579/3665 718/1200/1104
f 4507/9673/3583 2490/4336/3527 2491/4338/2220
f 4155/279/234 3887/5609/4204 3051/5475/4141
f 888/9674/1344 2643/4643/1754 2644/4644/3702
f 629/1061/979 2153/3711/3113 4675/9675/3331
f 4870/9676/1021 2486/4322/3519 4638/9677/2478
f 2595/4547/3643 2910/5176/513 4173/4548/3644
f 624/6999/973 4629/8961/4072 321/528/479
f 3710/6842/4670 1720/2952/2550 1722/2954/2552
f 1083/1826/1654 365/613/561 1775/3049/2629
f 1238/9678/1870 4871/9679/58 4619/9680/4493
f 2953/1324/1218 3183/5737/4260 4821/9510/4751
f 3314/6015/4393 3313/6014/4392 486/819/756
f 4634/8978/4958 4889/9153/3668 4492/7708/4860
f 3994/7415/4793 501/841/775 4723/5783/4284
f 4655/9046/3262 2774/9681/2785 2038/9658/2953
f 2923/1542/1403 2076/3568/3010 924/1543/1404
f 306/501/452 3783/6981/3200 140/2775/178
f 2460/4274/3489 3818/7052/1471 3781/6978/4113
f 2448/6556/3474 1775/3049/2629 2729/5684/2070
f 1536/2609/2298 835/1401/1283 448/748/691
f 1322/2237/2006 1014/1712/1553 1741/1711/1552
f 4271/9682/4903 2045/3508/2965 4853/9599/4850
f 3348/6074/3612 3347/6073/4182 3756/6933/4253
f 1041/1758/1595 1813/3110/2670 3605/3109/2669
f 3149/5667/3533 1567/4174/2333 1880/3224/2753
f 3900/7236/3366 2725/4779/3782 2727/4781/3784
f 963/1615/1465 4307/8155/4810 961/1613/1463
f 4429/3760/3152 1068/1800/1630 4816/1799/1629
f 149/237/192 296/480/431 150/238/193
f 828/7691/1272 1571/2664/2338 1476/2514/2228
f 4872/9683/2167 4585/2088/1874 1861/2090/1876
f 3715/6851/4675 4873/9684/4474 4615/8936/1788
f 3113/5594/4196 1079/1817/1645 2439/4238/3463
f 2408/4127/2602 2409/9685/3422 2379/4128/3395
f 2005/3439/2916 3991/7091/1493 2803/4947/3867
f 136/219/174 4658/9051/3094 385/9050/594
f 1203/2027/1826 825/1382/1267 3117/5599/4200
f 3767/6703/2586 4874/9686/2587 1156/5772/1756
f 4773/9389/4966 4456/5511/4160 4875/9687/4923
f 3585/6593/4597 3985/7405/4790 3413/6204/1562
f 1806/3092/2657 3827/7077/3151 4335/3093/2658
f 2370/5251/3382 2753/4840/3816 3745/6907/4586
f 1468/2496/2213 4566/9688/3897 3096/5998/436
f 1192/2009/1812 4876/9689/4534 171/273/228
f 2293/3973/3299 4412/8384/3821 2387/4143/3405
f 1943/3331/2836 1305/2211/1983 1306/2213/1985
f 1355/6854/2049 4877/9690/2412 4146/7768/4867
f 3571/9691/3802 2401/2963/2561 2747/5695/3803
f 4442/6885/4467 2121/6864/3074 4568/8818/4811
f 1735/6283/2577 2830/5004/3900 3377/8664/4437
f 949/6054/1444 3340/6053/4410 1433/2436/2166
f 2174/3751/3144 4840/9560/4914 2290/3965/3139
f 254/4255/367 4239/9692/458 4878/9693/4251
f 2297/3982/3302 4730/8982/4959 1286/6147/1947
f 4175/7846/4600 3850/7121/2475 3937/9694/4601
f 4453/620/567 4216/8514/4887 2381/621/568
f 3464/6325/4512 516/866/800 420/706/650
f 574/9695/898 4369/832/766 4232/2056/899
f 754/1257/1159 753/1256/1158 2493/4345/3530
f 3416/6900/4473 3742/6899/3828 343/571/520
f 4632/5343/4077 4863/6648/4554 3693/9211/4663
f 2642/4639/3698 4628/8960/1000 336/8769/504
f 4331/4180/3419 2407/4182/3421 4066/5204/4003
f 735/1231/1134 4484/8595/1132 4633/8972/1131
f 81/123/100 1252/7021/1897 84/132/105
f 4065/7577/4829 4331/8208/3419 4066/7578/4003
f 4879/9696/3343 4715/9533/3794 4203/7043/4603
f 2194/3789/3173 2346/4064/3352 2978/2141/1918
f 3078/5524/4165 2194/3789/3173 2978/2141/1918
f 2760/4853/3205 2219/3715/3115 1654/2817/2454
f 4579/8849/4954 1786/3063/2640 2156/3721/3121
f 1934/1479/1346 2536/4434/3584 889/1480/1347
f 3377/6131/4437 290/471/422 2807/4956/3871
f 3095/5551/4173 2083/3584/3024 4257/8613/4815
f 4880/9697/3641 4881/9698/2887 2484/4318/1822
f 63/95/79 3445/6271/4494 60/92/76
f 3067/5563/4152 1323/2238/2007 3012/2240/2009
f 4882/1785/1618 1356/2291/2051 4414/2290/2050
f 1989/3410/2893 4882/9699/1618 4414/3411/2050
f 2070/3560/3004 2069/3559/3003 3540/6503/4207
f 2769/4873/3836 3794/6997/4705 3795/6998/3872
f 4372/8442/4926 2690/4725/3746 4554/8049/4488
f 825/1382/1267 4644/1381/1266 3118/5600/4201
f 4095/3507/2964 4788/9700/1090 3666/6765/2407
f 3380/6138/3260 4794/1080/995 3462/7899/4094
f 3172/5714/676 3537/5713/1429 4883/9701/191
f 3771/7921/4696 2654/4661/3713 2435/9702/3458
f 534/896/828 1228/2066/1859 4107/2825/2458
f 2422/4207/3442 2331/4035/3330 4675/4037/3331
f 2023/3475/2939 2024/3476/2940 2305/3994/3310
f 4316/8172/4599 4528/1331/1224 797/1333/1226
f 3085/5532/4168 1016/1714/1555 1015/1713/1554
f 2112/3634/1961 2111/3633/3061 3951/4587/3671
f 1872/3211/2740 1871/3210/2739 3683/6793/4657
f 4279/8776/4637 4708/9703/4964 2127/2934/2537
f 1267/2143/1919 726/5307/1118 1532/2599/2289
f 787/1315/1210 2475/4307/3508 2744/9704/3798
f 199/318/273 4492/8618/4860 2127/2934/2537
f 4258/7964/4716 2082/4349/3023 1668/3072/2476
f 324/535/485 3645/6720/315 4552/8777/4911
f 1660/7875/2462 1524/3669/2282 2129/3668/3084
f 3399/2918/2527 4038/7519/4153 1705/2919/2528
f 3058/5483/4145 3411/6200/1184 3722/5484/2922
f 3577/3021/2611 1039/9705/1591 4884/9706/2260
f 3577/3021/2611 4884/9706/2260 1761/3022/2612
f 3265/9003/4344 4374/8294/3977 2817/4983/3885
f 4698/5995/4383 4829/1348/1238 4885/9707/3561
f 3010/9708/3974 4156/3181/2674 720/3183/1108
f 4382/9204/4929 3491/8414/4535 4396/8413/4928
f 3595/6618/4606 3885/7199/4749 3661/6759/4644
f 2492/4343/2394 4483/8594/4334 1361/2306/2063
f 587/9709/834 3816/7047/4547 4229/9019/4894
f 671/1124/1039 3758/6937/4694 1164/1960/1773
f 2866/5069/3770 2865/5068/3937 2152/9710/3112
f 725/1213/1117 4672/4862/3827 4942/9711/4723
f 2186/3777/3162 2618/786/725 468/785/724
f 1613/2738/2395 2492/2737/2394 4693/9135/1583
f 2608/4575/3663 410/692/636 4956/4269/3485
f 390/9712/602 4246/8025/2480 4397/9248/601
f 4596/9713/3823 4222/9659/1203 2761/1627/1475
f 2709/4756/3768 4284/8109/4908 313/516/467
f 2441/4241/3465 4920/8550/4366 2442/4242/3466
f 159/255/210 3108/7215/1713 3894/256/211
f 3959/1958/1771 1164/1960/1773 2500/8076/3537
f 4036/7516/4150 1408/2386/2126 1407/2385/2125
f 4604/2128/1906 2435/4231/3458 4510/3851/3217
f 3955/7355/3505 3824/7064/4727 4352/8248/4324
f 2917/5186/3994 2542/4443/3589 2104/3620/3052
f 1203/2027/1826 3117/5599/4200 4731/7646/4843
f 1974/3381/2874 1697/2906/2518 2772/4879/1568
f 1226/2064/1857 3077/2063/1856 4886/9714/3596
f 201/3364/277 1961/3363/2861 4367/4563/3654
f 3107/5579/4187 2241/3881/3243 1370/1603/1454
f 955/1602/1453 3107/5579/4187 1370/1603/1454
f 2871/7805/3942 407/686/630 4743/688/632
f 1432/2435/2165 2259/3911/3261 1193/2013/1815
f 567/9455/886 4912/9715/4951 1572/2665/2339
f 2035/3489/2950 1450/2467/2189 2034/3488/2949
f 3498/6401/4540 4289/8118/4909 2898/5140/3976
f 2152/3710/3112 2865/9716/3937 2153/3711/3113
f 381/644/590 590/1002/923 4104/7670/4848
f 4678/9012/4080 1427/9014/2159 2883/9717/3961
f 4077/7601/4833 1958/3360/2858 670/1123/1038
f 38/6545/47 3475/6098/4422 298/484/435
f 3567/6560/4593 4671/9072/4962 2339/4053/3344
f 2942/5235/4022 4569/8782/3844 4221/7966/4888
f 545/911/843 3162/5694/4238 651/1093/1008
f 4076/7600/4832 241/386/341 291/472/423
f 4887/9718/2777 3987/3080/2650 4434/9150/4940
f 1295/2194/1966 2095/3607/3041 1296/2195/1967
f 4231/7994/4559 4688/231/186 3910/7256/4264
f 2813/4975/3880 4878/7931/4251 3504/6419/4548
f 3325/6030/4404 3163/6031/4239 3239/6604/4313
f 4185/3577/3018 4827/9528/574 3292/5967/4368
f 795/770/711 1818/3116/531 459/771/712
f 4432/5906/4339 2719/7334/1694 2748/4822/3805
f 3574/6569/4595 873/5561/1321 2092/3602/3037
f 3614/5789/4285 533/893/825 2133/895/827
f 4503/8649/4761 3610/2733/2390 4052/3587/3025
f 2736/4796/469 316/2116/471 381/644/590
f 4400/8356/2676 1318/3262/2001 2078/3574/3015
f 3890/7208/2945 2029/9337/2944 2913/5179/3990
f 911/1519/1384 1127/1898/1717 4292/8121/4020
f 4422/9608/4936 4607/3414/2895 1990/3413/2894
f 1740/2987/2585 4669/6690/4629 1231/2073/1864
f 763/1966/1174 3611/6656/4618 764/6657/1175
f 4727/4558/3650 4582/7503/4812 2600/4559/3651
f 3103/5570/4181 4268/8071/4901 1863/8073/1220
f 1017/1715/1556 4254/9719/1979 3764/6952/4695
f 2942/6292/4022 3825/6294/4498 4569/9182/3844
f 1870/3209/2738 1798/3082/2652 1871/3210/2739
f 2787/4859/3825 2762/4858/3824 2763/4860/1126
f 4888/9720/4553 2602/5108/3655 1191/2007/1811
f 2001/3431/2910 3532/6488/4566 3829/3430/2909
f 3938/349/304 4375/7660/4845 2337/4049/3341
f 1759/3019/2609 1896/3252/2775 962/4001/1464
f 20/30/25 4037/6145/4443 4336/8220/369
f 2081/3582/3022 1664/2836/2467 2082/3583/3023
f 1739/2986/2584 1740/2987/2585 2980/5317/3242
f 4042/4198/3435 3606/9721/3729 4370/4199/3436
f 2048/3519/2972 862/1437/1310 861/1436/1309
f 548/917/849 2223/916/848 677/1134/1046
f 1377/2334/2087 1625/2333/2086 4006/7439/3924
f 2764/7183/3826 2763/9722/1126 730/2448/1125
f 2895/3392/2882 4914/5989/4382 1978/3390/2880
f 2670/9377/2362 1869/9383/2737 2283/3952/3284
f 2621/632/579 374/634/580 1918/3293/2807
f 1195/2499/1818 4606/8920/1819 1471/2500/2216
f 4651/4164/1707 4650/9723/2331 1240/4165/1872
f 3335/6046/2828 3477/6352/3661 3243/3166/2709
f 187/5716/253 1429/6076/2161 4048/1218/1122
f 1981/405/360 2037/3492/2618 1826/406/361
f 3277/2254/2020 2701/4745/3762 1333/2255/2021
f 2818/4984/3886 2160/3732/3128 858/1432/1307
f 2873/7598/3371 4938/7015/4713 4075/7599/4831
f 3446/6272/4495 3253/5882/4330 4255/3658/3078
f 4889/9724/3668 2612/5601/3667 3119/5603/4202
f 3796/7000/4706 3064/5492/4149 3065/5494/3554
f 4504/5142/2380 2013/3457/2929 3209/5781/4283
f 1549/2627/2313 1227/7834/1858 4748/2628/2314
f 4167/6831/4668 3998/698/642 413/697/641
f 3670/6769/866 3671/6770/4649 4230/8997/867
f 2949/5252/3384 2867/5071/3048 2950/5253/4031
f 3665/6764/3535 2624/4602/3681 4834/8530/1276
f 3853/5370/4091 483/9338/752 810/5371/1248
f 3567/6560/4593 3871/7169/4744 3568/6561/4370
f 3432/6243/3955 4813/9489/4967 3408/1822/1650
f 2032/8274/2947 14/9725/18 4578/8848/20
f 3950/8027/4779 4890/9726/1106 719/8028/1107
f 3220/7648/4293 4658/9051/3094 4709/5959/4365
f 4288/9554/2883 389/654/600 4253/8036/4303
f 4777/4267/2075 2457/4268/1692 3986/6987/4703
f 732/9727/1129 3153/5672/4231 2322/7517/3321
f 950/1592/1445 951/1594/1446 1915/8010/799
f 1946/3341/2846 1947/3343/1884 1113/1877/1701
f 947/1583/1440 2020/3469/2936 2692/1584/1441
f 1607/2725/2384 4891/9728/4639 4330/7287/4770
f 4043/4215/3448 1963/1649/1494 4752/9327/1029
f 386/649/595 3220/5811/4293 4728/5812/4294
f 2819/4985/3887 2821/4987/3889 4753/9329/4355
f 4892/9729/4589 1392/5710/2105 310/506/457
f 911/1519/1384 801/9088/1235 4648/1520/1385
f 1614/2739/2396 1400/1702/1545 523/877/811
f 4493/4156/2140 44/66/56 3609/6652/2138
f 4703/206/161 882/1469/1338 127/205/160
f 945/1579/1436 3100/5565/4177 3099/5564/4176
f 3873/7172/4316 3633/6701/2878 3713/6847/4673
f 1368/2318/2073 760/1269/1169 2188/3782/3166
f 163/263/218 2466/4284/3495 257/6085/371
f 3970/1312/1207 786/1314/1209 4456/8526/4160
f 2030/3484/2946 2636/4628/3692 2619/4594/3677
f 2626/4604/3682 2625/4603/317 3726/6875/648
f 3325/6030/4404 3590/6605/2617 2398/4167/3412
f 850/762/703 80/9730/99 66/112/82
f 2955/5265/873 202/8412/278 2630/4617/1619
f 26/39/30 22/32/27 511/856/790
f 4438/5733/4258 3180/5732/4257 1424/2418/2154
f 2498/4351/1806 4140/4353/3534 1750/3003/2598
f 476/798/736 372/631/578 1021/1720/1561
f 3299/7416/4377 4493/9731/2140 1845/7016/2705
f 1525/7303/2170 3934/7302/4774 1158/1951/1764
f 3452/2840/2469 2551/4462/3600 4893/9732/3523
f 4539/8750/4952 1203/9205/1826 4731/9281/4843
f 4895/9733/2960 4463/9734/4896 4894/9735/2875
f 2672/3382/416 4895/9736/2960 4894/3383/2875
f 3354/9574/1952 3729/6880/4679 1442/2454/1010
f 2058/3542/2990 4576/3541/2989 1928/8362/2820
f 2665/3179/2717 2071/3562/3005 1856/3180/2718
f 4638/9564/2478 4782/9737/3518 3534/9565/4568
f 4153/7780/4868 4476/7683/4854 4144/7764/4866
f 2065/3553/1227 4763/3552/2998 174/8253/233
f 231/372/327 4899/3187/2722 232/373/328
f 1817/2782/2429 1637/2781/2428 1312/2220/1991
f 1024/1727/813 4522/6382/4533 524/9738/814
f 2684/4718/3740 4090/6589/4596 4410/8382/1671
f 383/4532/592 382/9739/591 557/932/864
f 4896/9740/3814 2752/1019/937 3608/1021/939
f 3513/6435/4557 1041/1758/1595 3605/3109/2669
f 792/1323/1217 793/1325/1219 930/2822/1411
f 4168/9626/2178 249/399/354 4541/8754/2179
f 1325/2242/2011 2589/4536/3635 1326/2243/1914
f 3318/6020/3856 4189/9741/2912 3319/6021/4397
f 2756/4845/3817 3995/8190/4794 4932/4846/3818
f 1131/1902/1721 1133/1904/1723 1968/3373/2868
f 468/785/724 467/784/723 2275/7538/3276
f 4810/9484/3181 4897/9742/3056 4060/8313/4825
f 3892/7213/3829 3742/6899/3828 3741/6898/4684
f 501/841/775 1281/2162/1938 502/842/776
f 720/3183/1108 4338/3182/2719 721/8746/1109
f 1901/3261/2783 3198/5760/4089 249/399/354
f 3623/6678/4626 4898/9743/40 3042/5462/4133
f 1158/2592/1764 3159/2566/1766 576/973/903
f 2708/4755/3767 312/515/466 1773/5094/2627
f 3487/2959/2557 1040/8387/1593 1725/2960/2558
f 3248/5873/4326 1712/2932/548 1669/2852/1780
f 3293/5968/4369 3106/2855/2482 3105/6354/4184
f 4642/9006/819 3123/5613/4205 4237/8006/2900
f 2995/7871/4086 4311/9744/4915 1517/2575/2272
f 57/89/74 3304/4398/3560 54/87/70
f 2276/3939/3277 4241/4337/2505 562/944/876
f 2173/3750/3143 3275/9021/4351 4331/8208/3419
f 967/1624/1473 2804/4950/3869 2233/3864/3228
f 4899/9745/2722 4423/8419/4937 2831/5005/3901
f 2562/4560/1383 2600/4559/3651 2563/6319/1899
f 2755/4844/1442 1716/9612/2542 2756/4845/3817
f 2614/1327/1221 2273/3936/3274 1070/3935/1634
f 2108/3627/3059 2109/3628/943 4087/7624/945
f 3273/9746/4349 3425/6229/4481 4512/1496/1362
f 4900/9747/4214 4901/9748/4814 4130/9749/4075
f 4903/8136/4912 568/957/888 2311/956/887
f 4153/7780/4868 3681/6791/4655 1011/1708/1549
f 2127/9750/2537 4708/9193/4964 4581/9025/4352
f 4312/9751/4137 4475/8578/4871 1568/2660/2335
f 996/3407/1525 997/7402/1526 1272/2149/1925
f 4345/8236/4920 4334/8212/2132 4333/8211/2506
f 4610/8928/2529 4545/8927/3852 2304/9752/3309
f 1582/2338/2091 792/1323/1217 1656/2821/2456
f 1907/3270/2790 1317/2230/2000 4608/8923/4956
f 3785/8321/4702 1280/2160/1936 839/1406/1287
f 2972/5298/4055 3646/6723/4636 1538/2613/2301
f 1999/3428/2907 3923/7280/4769 2425/4211/3446
f 1999/3428/2907 2425/4211/3446 1662/2834/2465
f 4816/9499/1629 4798/7345/2354 4857/357/312
f 1526/2593/2284 576/973/903 3000/5376/4093
f 1521/2583/2279 432/721/664 3496/6399/4539
f 1575/2672/2345 3888/6390/4179 3493/6389/4536
f 2359/4082/3368 3257/5895/3894 2360/4083/3369
f 2253/3898/3254 4166/7821/3265 2254/3899/3255
f 3724/6871/4034 2094/3606/3040 1295/2194/1966
f 3630/6697/4632 492/825/762 2437/4234/3461
f 4082/9753/4837 2877/9651/3950 499/837/771
f 3102/5569/3611 3573/9265/4594 3103/5570/4181
f 557/932/864 1019/1717/1558 301/492/443
f 303/495/446 778/1300/1196 3672/6771/4650
f 4439/9754/4934 4902/9755/1171 4281/9756/2971
f 725/1213/1117 727/1215/1119 4672/4862/3827
f 296/480/431 2566/4488/3095 622/1051/969
f 4627/8959/4957 4773/9516/4966 4408/8379/3963
f 427/715/659 1250/2111/1895 2323/4024/3323
f 3484/9757/729 3949/5035/3917 908/5034/1379
f 2620/4595/3678 2619/4594/3677 3613/6661/4619
f 1947/9482/1884 3147/5662/2847 1304/2209/1981
f 1647/2807/2447 2927/5726/4006 2928/3201/2731
f 4549/8770/4243 2368/4099/3379 3875/8771/4746
f 2233/3864/3228 2804/4950/3869 3017/3870/3233
f 3944/3876/3238 2513/4390/3557 2239/3877/3239
f 790/1320/1214 1540/2615/2303 1539/2614/2302
f 2434/9420/3457 3851/7122/4188 1956/9758/2856
f 1089/1833/1661 3895/7219/4608 3094/5550/4172
f 303/495/446 3672/6771/4650 304/496/447
f 4903/9759/4912 2311/4005/887 123/193/148
f 4903/9759/4912 123/193/148 118/184/143
f 2730/7713/3786 553/925/857 613/7714/959
f 194/3988/267 3596/3987/3306 3500/6405/4542
f 3142/5652/3504 1757/3015/2607 412/3017/640
f 321/528/479 4629/8961/4072 4740/529/480
f 3356/2792/2437 2958/2794/1518 4585/9760/1874
f 3102/5664/3611 4904/9761/3613 3193/5663/4225
f 582/987/562 4539/9116/4952 4905/9762/563
f 1480/2518/2230 919/8723/1395 3849/6391/4520
f 600/1018/936 599/1017/935 1280/8476/1936
f 4221/7966/4888 3965/8783/3843 1204/5021/1828
f 3278/1824/1652 2230/9633/3224 3432/6243/3955
f 1461/2484/2203 1337/2260/2025 4704/9180/1776
f 3262/9763/4337 3002/5381/4096 3492/6388/4178
f 1884/9640/2760 2242/3882/2761 2443/4244/3467
f 2641/4637/1358 239/381/336 238/380/335
f 1027/8869/1571 1029/8791/1573 2922/5193/3998
f 4952/1439/1312 4346/8237/4323 3014/1440/1313
f 3787/2403/2141 1418/2406/2142 4275/8091/4905
f 4906/9764/1744 1842/3155/2701 3526/6223/4000
f 4207/7915/2815 3144/7917/4013 4907/9765/4890
f 4248/2757/2411 1900/7285/2782 4908/9766/634
f 4236/4045/3338 3420/5820/4301 3838/2446/2171
f 4412/4854/3821 4909/9767/2274 4450/8506/4902
f 3982/7400/3498 2033/7328/2948 3946/7327/4778
f 3913/7260/236 3519/6457/2547 2689/4724/3745
f 1014/1712/1553 1322/2237/2006 1425/2419/2155
f 489/822/759 274/441/396 487/820/757
f 4598/8896/149 4366/5625/4212 3874/7174/150
f 4366/5625/4212 2440/4240/3464 3874/7174/150
f 4163/7809/1166 3711/6843/4671 4198/6845/4672
f 4626/8954/4898 3148/5665/4226 1883/3229/2758
f 3590/3029/2617 1767/3028/2164 1389/2357/1817
f 4415/8389/4263 2532/4424/3576 1726/6121/2560
f 1909/3272/2792 3755/6929/4693 4519/8696/4071
f 2529/4420/3573 1026/1729/1567 1177/1986/1795
f 4815/9493/4242 4712/1769/1604 2825/4992/3892
f 2620/4595/3678 3613/6661/4619 2132/3672/3086
f 4910/9768/4509 1821/3977/2677 4836/3979/3301
f 4937/8993/4026 4206/8995/4804 4530/9769/4803
f 4796/9447/462 4787/7476/4686 4023/7477/4806
f 1584/2686/2356 1337/2260/2025 328/543/493
f 4414/8388/2050 1584/2686/2356 328/543/493
f 3248/7833/4326 3174/5718/4248 1712/600/548
f 4716/9227/199 2014/352/307 219/351/306
f 1248/2106/1890 2045/3508/2965 4911/9770/2094
f 567/9771/886 3602/9772/4613 4912/9773/4951
f 4141/7759/572 4093/7645/4721 4485/5598/4199
f 4279/6728/4637 2072/848/782 4913/9774/3539
f 499/837/771 498/836/770 4082/9753/4837
f 2800/7792/3864 2097/3610/3043 1396/2365/2110
f 1330/2250/2016 2571/4505/3487 1605/6943/2382
f 3367/9536/4430 4460/7467/4802 1457/2475/2197
f 4057/7552/4823 2769/4873/3836 14/4875/18
f 2898/9128/3976 164/265/220 2897/264/219
f 2190/8455/3169 4449/8505/2196 2215/3828/3202
f 4340/2650/2328 4914/9775/4382 3428/6672/4483
f 4842/9776/146 4841/9471/3833 122/191/147
f 3320/6022/4398 3415/6211/4472 3772/6023/4399
f 4609/326/281 4610/9777/2529 4562/324/279
f 1924/8838/2814 4948/4475/3604 2556/4474/3603
f 3379/6136/4105 3289/5957/4363 3535/7652/4569
f 3077/2063/1856 1227/2065/1858 1315/6528/1997
f 711/1188/1094 1259/2127/1905 712/1189/1095
f 4723/5783/4284 503/843/777 3210/5784/2994
f 3857/5206/4004 1073/1808/1638 1072/1807/1637
f 159/255/210 158/254/209 4232/968/899
f 3141/1802/1632 4326/2311/2067 3856/1803/1633
f 1612/2736/2393 4483/5887/4334 2492/2737/2394
f 4396/8413/4928 3547/6516/2568 3546/6515/4419
f 3537/5713/1429 3079/9778/1431 4883/9701/191
f 3577/9779/2611 3576/9780/1589 1039/9781/1591
f 3546/6515/4419 3548/6517/4577 247/9218/351
f 659/9782/1020 657/2940/1018 4870/2942/1021
f 1115/1879/1702 1553/2632/2318 3454/6299/3337
f 477/3354/739 1955/3353/2854 3881/7189/3380
f 2199/3796/46 3475/6347/4422 38/9783/47
f 3964/9531/4784 3687/6798/1774 3686/6797/4659
f 334/6502/501 4130/5333/4075 4160/6394/4537
f 863/5404/1314 3536/7181/4570 4521/8698/4881
f 405/684/628 406/685/629 628/1060/978
f 4856/9607/4612 4344/8234/4754 4345/8236/4920
f 1583/9784/1271 4414/9785/2050 4915/9786/1269
f 272/439/394 4916/9787/4155 2411/8870/3424
f 2430/4221/3451 3691/9600/4662 3671/6770/4649
f 4648/9023/1385 4680/4504/3280 2299/3985/3305
f 3964/9531/4784 435/9788/668 3687/6798/1774
f 190/307/262 4675/9789/3331 4754/308/263
f 2890/5123/3967 816/1366/1253 3031/1368/1254
f 2879/5095/3952 312/515/466 3936/7306/4776
f 4917/9790/519 4954/6748/2767 3967/6747/4640
f 165/266/221 2357/4079/3365 166/267/222
f 4406/9071/4933 4639/9415/205 4670/9069/2837
f 3152/6994/4230 2436/4232/3459 1742/2993/2589
f 3112/5590/2954 4964/7632/3703 4918/9791/765
f 3679/6788/4653 4919/9792/472 3216/5797/4290
f 136/9217/174 2516/904/836 540/903/835
f 3824/7064/4727 3133/5632/4215 2757/4847/3819
f 4705/8407/4889 4207/7915/2815 4907/9765/4890
f 1953/658/604 3218/5808/569 964/659/605
f 1939/3326/2831 1174/1981/1791 4839/1895/1714
f 1939/3326/2831 4839/1895/1714 2117/3327/2832
f 4275/8091/4905 1418/2406/2142 661/1108/1023
f 508/851/785 2665/4677/2717 2459/4273/3488
f 4920/9793/4366 1924/8838/2814 2442/8147/3466
f 1411/2389/2129 1873/3212/2741 1412/2390/2130
f 2535/4430/3580 877/7430/1329 3338/4431/3581
f 1993/3418/2899 4820/9504/820 4642/3419/819
f 1415/2396/1483 4303/2395/2134 2372/4110/3385
f 2581/4522/3626 138/221/176 4891/6741/4639
f 1463/2487/2206 1748/3001/2596 1142/1917/1736
f 1587/316/271 1055/7778/1613 198/317/272
f 1619/7858/2404 3512/6616/4556 3595/6618/4606
f 4777/2320/2075 3986/9352/4703 760/1269/1169
f 3171/5712/4246 3172/5714/676 3131/5628/675
f 3171/5712/4246 3131/5628/675 3056/5481/4143
f 1218/2050/1846 4139/2051/1847 2282/9794/3164
f 2454/4263/3481 2456/4265/3483 4854/3802/3183
f 1211/2040/1824 1210/2039/1837 1615/2740/2397
f 4707/6684/4627 3200/9795/4275 4526/611/559
f 2498/2001/1806 1188/2003/1808 3149/5667/3533
f 2025/3478/2942 569/959/890 1720/2952/2550
f 2008/3447/2920 3775/2553/2258 2714/4765/3772
f 4393/1332/1225 4528/1331/1224 4584/8865/4617
f 259/418/373 258/417/372 4050/7541/4818
f 2112/2189/1961 4925/2191/1963 2479/9796/3062
f 3642/604/552 4514/8676/1917 4576/8846/2989
f 1595/9797/2369 4280/3766/3154 4952/1439/1312
f 4912/8705/4951 4627/9149/4957 4408/5116/3963
f 3229/5831/4307 4398/9422/4931 1694/2902/2514
f 4405/8372/3434 2511/9798/3553 4406/8373/4933
f 1913/840/774 3417/6216/4475 4500/838/772
f 3563/6551/4591 4587/8871/321 2310/4004/3316
f 434/724/667 2318/807/745 3729/6880/4679
f 3822/7059/4724 2205/3812/3190 4469/8564/1040
f 1688/2891/2504 2705/4749/2759 4367/4563/3654
f 1824/3131/2684 1825/3132/2685 3240/5850/4314
f 4921/9799/2474 2801/6380/2956 3771/9031/4696
f 3402/6181/4460 807/1352/1242 3396/6168/4456
f 4192/3890/3248 4191/2600/2290 497/835/769
f 2012/9800/2928 3542/6713/902 4390/6716/627
f 1533/2601/2291 2848/5031/3916 2815/4980/3883
f 4922/9801/1679 1373/2326/2079 765/8708/1177
f 4132/5028/3914 2592/4543/3640 3270/5920/4348
f 2187/3781/3165 2410/4186/3423 2188/3782/3166
f 3365/6108/3399 3364/6107/4428 4215/7062/4726
f 325/536/486 1369/2319/2074 3917/7270/4765
f 1730/3526/2567 2052/3525/2978 3182/5736/1601
f 4110/5877/4327 955/1602/1453 956/1604/1455
f 3189/5747/4267 2478/4310/3511 2477/4309/3510
f 4923/9802/3375 4616/9803/3311 4924/9804/3726
f 4770/9044/4367 4960/6694/4631 3859/7138/4698
f 1299/6462/1973 2307/3998/459 2085/7082/3026
f 2021/2346/1112 1258/2124/1461 1216/2126/1843
f 2773/4882/3841 2916/5185/3993 3866/7155/4740
f 3185/5739/4039 1682/9805/2498 4315/8169/2499
f 4810/8348/3181 297/481/432 3709/6837/3182
f 1716/7948/2542 2692/4732/1441 2211/3822/3197
f 3116/6938/4198 3274/5925/4350 2436/4232/3459
f 932/1557/1414 1257/9806/1903 933/1558/1415
f 942/1573/1430 1168/1968/1298 2195/6414/3174
f 1795/513/464 128/207/162 2903/3684/3093
f 1553/9807/2318 3707/3957/3287 3921/7274/4767
f 531/891/387 268/8797/386 1854/3177/2715
f 1467/2495/2212 242/387/342 1132/1903/1722
f 4730/9279/4959 1263/9808/1913 718/7908/1104
f 3668/6767/4648 4961/4645/1544 2645/4647/3704
f 2866/5069/3770 1282/2165/1941 4151/5070/3938
f 2479/4311/3062 4925/9809/1963 3843/7111/4734
f 3697/6811/2769 1371/2323/2076 1430/2432/2162
f 498/836/770 3480/9384/4528 4082/9753/4837
f 816/1366/1253 700/1171/1081 3350/1534/1396
f 1104/1858/1684 1782/3058/2635 2998/5369/4090
f 3205/5775/4282 4640/4994/3893 1007/7165/1541
f 3966/2030/1829 4354/7710/4861 4591/2028/1827
f 4270/6721/2671 3646/6723/4636 3552/6524/4582
f 3930/7291/4771 4512/8674/1362 3931/7292/1399
f 3175/5720/4250 3513/6435/4557 4265/8065/4900
f 2650/4654/3708 4283/1680/1524 995/1679/1523
f 184/294/249 4320/3203/2733 4926/9810/3259
f 1220/2057/1850 4447/8502/4942 3934/7302/4774
f 1666/2842/2471 1590/2694/2361 3805/7018/4714
f 1048/1768/1603 2687/4722/3743 2151/3709/3111
f 2183/607/555 2686/4721/3742 2685/4720/3741
f 401/679/623 400/678/622 1483/8524/2234
f 4927/9811/1432 4236/4045/3338 3838/2446/2171
f 4094/7649/4304 345/574/523 4219/6508/4572
f 4094/9812/4304 4219/7959/4572 4068/7580/4305
f 2897/264/219 483/9567/752 4864/9813/751
f 1252/7021/1897 92/146/112 3832/7084/4729
f 2647/4649/3706 2235/3866/3230 3466/6335/4517
f 2851/5038/1992 3628/6197/4468 1458/2478/2200
f 933/9556/1415 1256/2122/1902 3741/6898/4684
f 1289/2181/1954 1550/2629/2315 1278/2157/1933
f 3168/5708/3809 4204/5721/3472 3169/5709/4245
f 4416/6617/4605 4789/9429/4035 3885/7199/4749
f 2804/4950/3869 263/1919/377 4928/9814/378
f 4929/9815/3971 2051/3524/2977 693/4520/1068
f 4044/5356/4083 719/9816/1107 868/5357/1317
f 4037/7518/4443 3305/5999/4384 4336/414/369
f 2637/5451/3693 1877/3218/2747 3473/6345/4524
f 3536/7181/4570 3535/9817/4569 4341/8227/4343
f 3594/6615/3834 3139/5642/3868 2882/5102/3956
f 625/1057/975 2712/2745/1908 626/1058/976
f 4899/9745/2722 2831/5005/3901 1735/6283/2577
f 3426/6230/4321 3425/6229/4481 3273/9746/4349
f 1699/2909/2520 125/201/156 126/202/157
f 2881/9818/3954 1850/3167/2710 1974/3381/2874
f 4104/7670/4848 2736/4796/469 381/644/590
f 4374/7573/3977 4844/5539/1470 3087/5541/2681
f 3518/3716/3116 3650/4821/3804 750/1251/1153
f 3239/6604/4313 3163/6031/4239 1102/9819/1681
f 3891/7582/4750 2004/3436/2914 2003/3435/2913
f 2100/6186/3045 3413/1722/1562 3178/5730/4255
f 3416/6900/4473 344/573/522 3773/6966/4189
f 274/441/396 489/822/759 1884/3231/2760
f 333/550/500 1385/6063/2099 4900/5631/4214
f 3825/9820/4498 3184/9821/4040 4930/9822/1949
f 2161/9823/3129 883/1471/1339 977/9553/1491
f 1625/2755/2086 4248/2757/2411 4931/9824/633
f 4912/9825/4951 2888/3325/2830 2572/3324/2829
f 1572/9826/2339 4912/9825/4951 2572/3324/2829
f 4126/9827/3035 4932/9828/3818 4460/9829/4802
f 3981/7399/37 901/9830/1370 903/4088/1372
f 938/1563/1420 4100/7662/2583 4802/9458/2582
f 2692/4732/1441 4194/4731/3751 2211/3822/3197
f 4001/8258/4796 2480/9831/3512 4450/9245/4902
f 1109/5319/1697 2800/4936/3864 244/9832/344
f 3144/5217/4013 4922/1852/1679 4907/7975/4890
f 3426/5862/4321 1983/3398/2886 3424/6252/4480
f 3712/3839/3209 2220/9833/3206 1478/2516/2217
f 839/1406/1287 3765/6956/2353 4098/2913/778
f 1703/2915/2524 839/1406/1287 4098/2913/778
f 1455/2472/2194 2371/4107/3383 2370/4106/3382
f 3400/6174/4458 3040/5460/4131 1692/9834/2512
f 4434/9150/4940 1870/3209/2738 1872/3211/2740
f 3371/8295/4432 650/1091/1006 633/1065/982
f 4567/3509/1528 1842/3155/2701 4906/9764/1744
f 185/9109/251 2257/3908/250 1815/3113/2673
f 4630/5330/972 2961/4737/2925 2695/4736/3755
f 4307/8155/4810 4030/5250/3231 961/1613/1463
f 2844/5026/3912 3605/6643/2669 2845/5027/3913
f 4933/9835/4809 4255/3658/3078 3314/6015/4393
f 2132/3672/3086 3614/6662/4285 2133/3673/827
f 613/1041/959 1489/2530/2240 180/287/242
f 2997/2414/2150 2908/5168/3987 474/795/733
f 4934/9836/3414 2552/4464/2410 1446/4463/2184
f 2581/4522/3626 1423/2417/2153 138/221/176
f 2747/5695/3803 2401/2963/2561 1316/2227/1998
f 4843/2850/2479 3534/6492/4568 1122/1891/1712
f 4428/8445/4939 4855/8497/4406 4171/7716/4862
f 3951/4587/3671 3288/5955/3736 2616/4588/3672
f 736/1233/1136 4070/7586/3981 737/1234/997
f 151/3854/195 2228/3853/3219 731/1223/1127
f 4935/9837/1247 811/553/503 4887/3254/2777
f 4381/4920/3857 3570/1393/1275 830/1392/1274
f 1982/3397/2885 3740/6896/4683 1197/2019/1820
f 3909/6160/4452 4016/7460/4800 3342/9152/4262
f 4336/414/369 3305/5999/4384 4681/9090/3860
f 815/1365/1252 271/436/391 4694/9139/4963
f 4417/1485/1351 4936/9838/4388 850/1423/703
f 1344/2270/2034 1473/2507/2223 457/765/706
f 3490/4006/2999 2606/4572/3660 117/182/141
f 2273/3936/3274 4711/4275/3490 2274/3937/3275
f 4152/2551/2256 1347/2276/2039 1346/2275/2038
f 3283/5947/4360 1718/9208/2543 4962/5119/3965
f 3277/2254/2020 1332/2253/2019 3817/3369/2864
f 3327/3719/3119 3954/7673/4780 2826/3720/3120
f 3492/5566/4178 3584/2263/2028 3262/5904/4337
f 1511/8875/2267 198/317/272 2271/8037/3271
f 1234/2077/1867 4377/8306/4927 3810/9418/4717
f 157/253/208 1403/2379/2120 2872/9463/3943
f 3764/6952/4695 4254/9719/1979 596/6953/929
f 4865/2010/1813 3652/2012/1814 2597/9839/3647
f 1213/9840/1839 3566/6559/4592 2122/6558/3076
f 2790/6286/3854 3734/6887/4682 3631/728/671
f 4368/3861/3225 3549/6519/4579 2231/3862/3226
f 2239/3877/3239 2513/4390/3557 4690/4392/3558
f 1478/2516/2217 4706/9189/2219 1476/2514/2228
f 4937/9841/4026 3488/9842/4531 3157/9843/4236
f 1894/3250/2773 4719/9231/2679 1486/2527/2237
f 2576/2801/1116 4465/9844/1115 4058/8989/4824
f 4877/9690/2412 1966/3371/2866 4146/7768/4867
f 577/976/906 3483/6366/4530 3845/7113/4691
f 4038/7519/4153 3068/5953/4154 3146/5661/4224
f 4381/4920/3857 2793/4919/3536 3570/1393/1275
f 776/1298/1194 1426/2508/2156 4351/458/413
f 4916/9787/4155 272/439/394 2494/6165/3531
f 2575/4512/3622 2108/3627/3059 4086/7623/4839
f 4841/9561/3833 4840/9560/4914 2174/3751/3144
f 1691/2899/2511 4417/6775/1351 2278/3946/3222
f 3687/1961/1774 435/725/668 437/727/670
f 3541/6504/4571 4938/9845/4713 4000/7425/3944
f 3911/7257/2033 449/749/692 1675/7068/450
f 3434/6247/3460 340/560/509 3808/7034/2375
f 855/1429/1304 3429/6235/4484 3797/7002/4707
f 1573/5132/2341 4383/9846/1887 2894/5133/3973
f 3345/6064/4413 3346/6065/358 4491/8422/740
f 669/1122/1037 2607/4574/3662 2979/5316/4065
f 3104/5572/4183 4529/8720/3389 3282/5946/4359
f 3104/5572/4183 3282/5946/4359 3281/5945/4358
f 369/626/573 1921/3296/2809 4514/2139/1917
f 3265/9003/4344 4939/9847/951 4374/8294/3977
f 2933/5216/4012 1415/1637/1483 972/1636/792
f 3333/9848/4408 3509/9849/4320 3334/9850/202
f 3087/5541/2681 4940/9851/2683 4374/7573/3977
f 3601/6636/4611 2856/4703/3732 2678/4705/3019
f 4206/7471/4804 4848/8007/4885 3433/6246/4485
f 4173/7841/3644 4009/7444/4798 1608/4396/2386
f 210/337/292 3507/6426/4550 1930/3311/1074
f 4315/9132/2499 1687/2890/2503 4736/9291/4917
f 3246/7999/4325 3824/7064/4727 2757/4847/3819
f 3930/7291/4771 3932/7293/4772 2416/6300/3430
f 3436/6251/4487 4289/8118/4909 3979/7218/4752
f 1600/7337/2060 2852/4459/3599 3007/8430/2061
f 2389/4147/3406 1162/1957/1770 1824/3131/2684
f 1362/2309/2065 4511/8432/4938 2794/4921/3858
f 2439/4238/3463 4502/8647/2334 623/1052/970
f 4858/4426/3577 1020/9852/1559 3819/4427/3578
f 876/1459/1328 3309/6005/2974 442/736/679
f 1342/3400/2030 1518/2576/2273 1517/2575/2272
f 4420/8415/4354 1512/2569/2268 2859/5059/3930
f 3241/8620/4317 4103/671/615 2828/7141/3898
f 254/4255/367 4442/6195/4467 4239/9692/458
f 1133/1904/1723 1132/1903/1722 241/386/341
f 1886/3237/2763 1885/3236/2762 4166/3921/3265
f 2493/4345/3530 3354/6088/1952 3384/6148/2018
f 126/202/157 2364/200/155 903/1745/1372
f 3037/4549/3645 2107/3623/3055 4941/9853/3585
f 2598/4556/3649 3210/3546/2994 1112/7279/1700
f 445/5853/684 4791/5889/2752 3241/5854/4317
f 3782/6979/2510 3035/5446/4124 742/1240/1142
f 2815/4980/3883 2848/5031/3916 2816/4981/3884
f 4812/3694/3100 692/1157/1067 2849/2722/2381
f 4728/5812/4294 4958/2818/2455 4729/9854/4965
f 879/1464/1333 3001/5380/4095 880/1465/1334
f 725/9855/1117 4942/9856/4723 1255/9857/1901
f 1378/2335/2088 304/496/447 4677/9083/4948
f 1656/2821/2456 792/1323/1217 930/2822/1411
f 3661/6759/4644 3885/7199/4749 4427/7785/4869
f 2237/3873/3235 1499/7808/2251 223/356/311
f 3106/5574/2482 1792/3073/2481 1794/3075/2648
f 246/8046/348 1198/9858/1821 478/803/741
f 211/339/294 263/422/377 4846/6409/4543
f 2026/7250/2943 3389/9859/4448 3953/767/708
f 4842/9776/146 122/191/147 116/190/140
f 951/1594/1446 386/9860/595 4238/8011/4892
f 4012/8963/3114 4044/7529/4083 3743/7528/4685
f 4074/7597/4830 799/1336/1229 885/1473/1340
f 1087/1831/1659 2088/3592/3029 1557/2643/2324
f 4610/2921/2529 2304/6673/3309 322/531/482
f 3355/6089/4041 3356/6091/2437 4872/9861/2167
f 4945/9223/4875 4889/9153/3668 4634/8978/4958
f 4411/8977/2764 4945/9223/4875 4634/8978/4958
f 3971/1409/1290 722/1206/1110 721/1205/1109
f 2550/2369/2113 3601/6636/4611 2678/4705/3019
f 4354/9525/4861 4419/9862/4922 3026/9526/4117
f 2545/6418/2535 2813/4975/3880 3504/6419/4548
f 3451/6290/303 773/1292/1189 875/1458/1327
f 2563/7434/1899 181/4927/244 4003/7435/4797
f 4747/9314/3565 2617/4589/3673 1917/4598/2806
f 4638/9677/2478 2486/4322/3519 4782/4321/3518
f 4008/7442/1674 375/635/581 3127/693/637
f 2263/3919/3263 4172/7840/4876 2818/4984/3886
f 2115/3640/3067 1962/3365/2862 672/1126/1041
f 4819/2132/1910 2245/3887/3247 1618/6358/2402
f 3653/6012/4391 4211/3289/2803 1916/3291/2805
f 585/994/918 3142/4302/3504 192/310/265
f 1056/1781/1614 1395/2364/2109 1057/1782/1615
f 1340/2264/912 4848/9581/4885 1341/2265/2029
f 3216/5797/4290 4919/9792/472 1860/5147/2723
f 920/8823/1398 1104/1858/1684 2998/5369/4090
f 656/6459/1016 659/1105/1020 1641/2795/2439
f 4519/8696/4071 3222/5814/4296 1909/3272/2792
f 2855/5047/3925 3495/6398/1499 4006/5046/3924
f 3752/1819/1647 4199/9863/3875 1081/1820/1648
f 272/439/394 1884/3231/2760 4106/6166/4455
f 4061/7801/4826 4943/9864/3057 2970/7802/4053
f 3682/6792/4656 4476/7683/4854 4859/3470/2937
f 1728/2965/2563 2360/4083/3369 2827/9351/3896
f 2173/3750/3143 2172/3749/3142 2390/4148/3407
f 3564/6553/2756 4382/9204/4929 4783/6554/2851
f 4458/9865/4944 4780/592/541 1722/5128/2552
f 4445/8493/50 2899/5793/3978 4944/9866/488
f 1640/2791/2436 1373/2326/2079 4922/9801/1679
f 3773/6966/4189 775/1297/1193 1957/6614/2857
f 759/1265/1165 2390/4148/3407 1704/2917/2526
f 2331/4035/3330 628/7119/978 629/4036/979
f 1926/3306/2818 1925/3305/2389 2893/5131/3972
f 4264/8064/4899 4074/7597/4830 4054/7549/4820
f 2334/4041/3335 403/681/625 4390/683/627
f 1930/3311/1074 3507/6426/4550 804/1347/1075
f 1009/5674/1548 4645/9018/3355 2322/7517/3321
f 879/1464/1333 3236/1463/1332 2180/3768/3156
f 332/549/499 331/548/498 4838/1857/1683
f 4952/1439/1312 2178/3765/3153 4346/8237/4323
f 1785/9867/2639 4873/6215/4474 1913/840/774
f 4951/2125/1904 3353/9868/1844 1216/2126/1843
f 3907/4371/3549 1761/3022/2612 4884/9706/2260
f 3907/4371/3549 4884/9706/2260 4113/7248/3551
f 3797/7002/4707 3508/6427/4551 3549/6519/4579
f 3864/7151/4016 3863/7150/2817 1596/2704/2371
f 3702/3629/3060 1931/3312/2821 3844/7112/2986
f 3846/8353/4735 239/381/336 3809/8643/1353
f 1864/3200/2730 2809/4966/681 4199/4965/3875
f 4118/7697/4857 4086/7972/4839 4088/7698/1955
f 2599/4557/2211 1112/7279/1700 1111/9869/1699
f 530/890/385 532/892/824 2402/4171/3413
f 2323/4024/3323 2825/4992/3892 427/715/659
f 4164/7811/4872 1885/8165/2762 620/1048/966
f 951/9870/1446 384/647/593 386/649/595
f 2969/5292/4052 3959/7360/1771 598/1013/932
f 56/85/73 3285/8813/4361 4250/4669/3716
f 1559/9871/2326 913/9872/1389 4945/9873/4875
f 3773/6966/4189 344/573/522 775/1297/1193
f 3194/5753/4269 3936/7306/4776 4284/8109/4908
f 1976/6571/2879 1463/2487/2206 3145/5657/3697
f 2303/8052/3308 3962/7365/4783 3352/4533/3633
f 2553/6884/3071 1601/9874/2376 3398/8789/4457
f 3001/5380/4095 2946/5245/1343 2456/7060/3483
f 3783/3826/3200 2214/3825/3199 2934/5220/4015
f 4880/9697/3641 2484/4318/1822 3039/5459/4130
f 1360/4021/2059 4815/7225/4242 470/788/727
f 3783/6981/3200 2934/9875/4015 1635/2776/2424
f 1979/3391/2881 3214/5795/4288 3434/6247/3460
f 4052/3587/3025 107/176/131 113/175/134
f 3250/2606/2295 3875/8771/4746 1534/2607/2296
f 3343/6061/4412 2604/4569/3658 2603/4568/3657
f 4851/1565/1422 4100/7662/2583 938/1563/1420
f 4748/2628/2314 4946/9876/3126 4801/9877/3127
f 1157/1948/1761 2707/7629/3374 3868/1949/1762
f 4947/9878/2276 4323/8188/1323 4450/9571/4902
f 3011/5399/4103 3180/5732/4257 3234/5734/4259
f 410/692/636 2608/4575/3663 261/5390/375
f 2995/5362/4086 748/9547/1150 2996/5363/4087
f 2467/5992/3496 1209/2037/1437 1030/1736/1574
f 1514/2571/2270 3643/2573/553 2639/4632/3695
f 3793/6996/2278 2736/9879/469 4213/2741/2398
f 580/985/913 3509/5861/4320 581/986/914
f 2502/7149/3541 1985/3403/2889 4790/3827/3201
f 2877/7822/3950 2180/3768/3156 3236/1463/1332
f 3256/8924/4333 1319/2232/2002 1821/3123/2677
f 4948/9880/3604 4867/5084/2813 3992/5083/3945
f 819/1373/1259 4106/7672/4455 707/1182/1089
f 4413/1697/1540 3414/6044/4409 4949/9881/4471
f 2223/3840/848 1477/2515/2229 1244/8691/1881
f 1900/7285/2782 4248/2757/2411 2874/7031/3947
f 3075/9882/4164 3830/7080/1489 3076/534/484
f 3373/6125/1608 4254/9719/1979 1017/1715/1556
f 2880/8501/3953 3756/9883/4253 3928/7288/4252
f 2687/4722/3743 2686/4721/3742 3315/6016/4394
f 4950/9884/3760 4136/9885/920 4135/9886/1759
f 2564/6396/3608 2945/5240/4025 2886/5115/3609
f 4296/8126/4910 4716/9227/199 219/351/306
f 1131/1902/1721 3525/6475/4563 1304/2209/1981
f 1224/2061/1854 1194/2014/1816 3664/5354/4082
f 3748/6463/4560 3679/6788/4653 3520/6464/4561
f 4424/1854/1680 1766/3027/2616 1102/1855/1681
f 2074/3566/3008 245/390/345 1397/2366/2111
f 4682/1815/1643 3968/7376/2264 1078/1816/1644
f 2946/5245/1343 1154/1936/1753 888/1938/1344
f 4808/9480/4907 2077/3570/3012 3880/3572/3013
f 2721/4775/3778 2320/4019/2896 1360/4021/2059
f 1619/7858/2404 3595/6618/4606 3660/6758/1162
f 2181/6610/3158 3003/5382/4097 1045/1763/1599
f 566/952/883 1232/2074/1865 564/950/881
f 4951/9887/1904 1658/2829/2460 3353/7448/1844
f 4773/9516/4966 4875/8380/4923 4408/8379/3963
f 2196/9888/2901 4040/9889/3176 4041/9890/2902
f 4420/8415/4354 327/9891/490 1511/2567/2267
f 481/810/748 3854/7128/4737 1621/2750/2406
f 4003/7435/4797 2796/4929/1044 2768/8861/3684
f 1996/2337/2090 520/873/807 128/207/162
f 2779/7734/3847 2870/5078/3941 1357/2294/2054
f 3701/6822/3163 4646/7356/4088 1931/6823/2821
f 4542/4577/3664 2535/4430/3580 3565/4429/3579
f 1944/3333/2838 4455/4534/3634 3569/3334/2839
f 1246/2099/1883 1149/1930/1748 1151/1932/1750
f 1034/1744/1581 3836/7096/4732 3143/3303/2816
f 3533/6490/4567 4540/8752/4019 1298/2200/1972
f 846/8937/1299 4615/8936/1788 282/9892/406
f 1595/2702/2369 4952/9893/1312 1796/2703/2370
f 4557/8180/4660 160/258/213 3097/5560/4174
f 4917/570/519 4953/9894/3068 4954/9895/2767
f 3111/4521/1277 3711/6843/4671 1901/3261/2783
f 4198/6845/4672 832/6844/1279 4523/8710/4877
f 1415/2396/1483 2372/4110/3385 2317/4112/3320
f 2589/4536/3635 2387/4314/3405 3833/4313/3513
f 4398/9422/4931 4738/9293/4841 3439/199/154
f 4946/9876/3126 4748/2628/2314 1226/7835/1857
f 3015/9277/4107 3094/7159/4172 3016/9247/4108
f 4464/8549/3245 3703/6825/4667 2244/8297/3246
f 4930/9822/1949 3184/9821/4040 3186/9896/4261
f 4917/570/519 2974/569/518 4953/9894/3068
f 4087/1027/945 1288/2180/1953 4088/2182/1955
f 280/449/404 4439/8463/4934 281/450/405
f 3254/5883/4331 3983/7401/4788 2124/3659/3079
f 3343/6061/4412 2603/4568/3657 4117/7693/4233
f 2540/4440/689 4072/8339/3131 2162/9897/3130
f 2971/9898/4054 4615/8936/1788 4873/9684/4474
f 3770/6963/4059 734/7585/1133 3689/6801/4661
f 108/169/132 3381/6316/4440 114/179/138
f 2363/4087/206 2362/4086/3372 1997/3426/2905
f 1184/1995/1803 4563/1997/1805 4955/9899/4587
f 1669/1969/1780 3129/9900/4211 2019/3468/2935
f 1460/2481/1155 2260/3912/2553 4613/2482/2202
f 3531/747/690 3911/7257/2033 4956/9901/3485
f 1899/3257/2779 853/7024/1301 2381/4132/568
f 402/680/624 230/371/326 1096/1842/1670
f 763/1966/1174 2972/5298/4055 3611/6656/4618
f 2179/3767/3155 3480/6362/4528 2643/1937/1754
f 3953/9902/708 1475/9519/2227 4403/9521/709
f 1182/1992/566 1183/1994/1802 4348/8241/4921
f 4782/9413/3518 1434/1666/1511 1123/1665/1510
f 2864/9903/3334 2333/7316/3333 3941/7315/4777
f 1555/7198/2322 250/401/356 3346/403/358
f 4419/8409/4922 4548/8766/1243 3763/6951/2531
f 2425/4211/3446 2424/4210/3445 1662/2834/2465
f 4177/7852/4878 4386/8322/1302 1503/2550/2255
f 4365/6815/4665 1683/2882/880 713/1193/1098
f 2316/4013/3319 4332/4497/3615 4957/9904/1849
f 4027/4924/3859 2316/4923/3319 4957/2055/1849
f 3040/5460/4131 2377/1303/1199 1692/9834/2512
f 4899/9745/2722 1484/2524/2235 4423/8419/4937
f 1967/3372/2867 1345/2274/2037 625/8992/975
f 2900/5146/3979 3216/5797/4290 1860/5147/2723
f 4058/7553/4824 4764/9362/3931 2861/7554/3933
f 3375/6127/3107 2266/3923/1835 2265/3922/3266
f 1723/2956/2554 751/1252/1154 3940/7313/3058
f 1723/2956/2554 3940/7313/3058 4957/3033/1849
f 4958/2818/2455 2778/2820/1097 4824/9905/451
f 4729/9275/4965 4958/9906/2455 4824/9517/451
f 2010/5345/2924 1685/2887/1192 2751/4831/3812
f 3442/6266/3776 774/1293/380 3280/6267/4356
f 2089/3597/3033 4126/3599/3035 4830/1455/1324
f 3541/9907/4571 3540/5619/4207 4938/7015/4713
f 1105/7657/1686 4214/7659/4844 4480/8590/3747
f 4565/5509/4159 4745/9310/4185 2666/4679/3722
f 1064/1793/1624 2359/4082/3368 1065/1794/1625
f 3370/6120/4431 2532/4424/3576 2533/4425/1609
f 4825/1501/1367 4116/5584/4190 4310/5586/4192
f 3904/7245/4757 637/7244/986 2506/9908/3547
f 558/9163/868 1598/2709/2374 4711/4275/3490
f 2730/7713/3786 4363/8271/274 553/925/857
f 2587/4531/3632 2539/745/688 3070/5502/4156
f 3651/6733/4048 4354/9909/4861 4826/7202/3179
f 1663/2835/2466 4299/6789/69 1664/2836/2467
f 838/1404/1286 4316/9910/4599 797/1405/1226
f 2488/3404/2890 196/314/269 3154/8464/4232
f 3563/6551/4591 856/1430/1305 4876/6384/4534
f 2512/4387/3555 4036/7516/4150 1407/2385/2125
f 304/9911/447 4568/8818/4811 4677/8819/4948
f 460/5097/713 3025/5099/855 3024/3098/2660
f 3491/6387/4535 3148/5665/4226 921/1538/1400
f 3022/9912/4115 329/544/494 2396/546/496
f 4959/9913/4121 4623/9464/3484 3033/3285/2799
f 4138/5698/4240 2330/9400/3329 4694/9139/4963
f 4349/3018/2608 1895/3251/2774 1759/3019/2609
f 2520/4407/3564 4477/8584/4945 1999/3428/2907
f 4087/1027/945 604/1026/944 1288/2180/1953
f 4609/326/281 1029/8791/1573 2786/4908/3853
f 2928/5210/2731 3800/7007/3690 1291/4550/1957
f 896/1490/1356 895/1489/1355 3331/9914/4407
f 3423/6227/4479 3422/6226/4478 4919/521/472
f 4704/1963/1776 465/781/722 4174/4963/3874
f 1978/3390/2880 3520/6464/4561 3215/5796/4289
f 2899/5793/3978 325/9915/486 4944/9866/488
f 4807/9028/4960 3668/6767/4648 3831/1643/1488
f 4566/8397/3897 1513/2570/2269 299/3871/437
f 4784/1172/1082 700/1171/1081 3486/6369/2056
f 1041/1758/1595 3528/1546/1406 1813/3110/2670
f 4437/8459/1710 4273/8084/4904 4381/8311/3857
f 2007/1278/1176 766/1280/1178 4820/886/820
f 2529/4420/3573 3383/6143/4442 1026/1729/1567
f 153/243/198 1984/3402/2888 4197/7888/4883
f 4960/9916/4631 3632/8078/4633 4269/8079/4335
f 4457/8527/4943 1700/2910/2521 1702/2912/2523
f 600/1018/936 3785/9917/4702 4619/6265/4493
f 1539/2614/2302 1541/2616/2304 2597/8636/3647
f 1523/2586/2281 4699/9164/1982 3147/3342/2847
f 1490/2532/2241 3471/6341/4523 3815/7679/4720
f 427/715/659 426/714/658 1250/2111/1895
f 1577/2674/2347 851/7176/151 1898/3256/2778
f 4918/9791/765 4964/7632/3703 4961/9918/1544
f 4215/7062/4726 3364/6107/4428 3888/9919/4179
f 708/7622/1091 3915/7266/4763 2869/5077/1401
f 1607/2725/2384 2582/9920/3627 4891/9728/4639
f 3676/6785/4652 193/311/266 192/310/265
f 3339/1595/1447 2622/6263/3679 886/1474/1341
f 2593/4545/3642 3039/8956/4130 3019/5424/4112
f 884/9921/891 4962/9922/3965 1718/9923/2543
f 4841/4870/3833 972/858/792 3883/860/794
f 795/5187/711 460/5097/713 3961/7362/4782
f 2882/5102/3956 3139/5642/3868 99/156/122
f 3171/5712/4246 3056/5481/4143 3537/5713/1429
f 2938/5225/2449 1414/2394/2133 3027/5435/4118
f 4836/3979/3301 2295/3978/3300 1465/2492/2209
f 2175/8345/3145 4963/9924/2092 4817/9925/2355
f 977/1646/1491 2025/4340/2942 978/1647/1492
f 3675/3758/3150 3674/9495/2205 2250/3894/3252
f 1991/3416/2897 2721/9129/3778 791/1545/1215
f 4487/8600/4417 3574/6569/4595 3350/8532/1396
f 4602/1515/1381 909/1514/1380 4133/9926/4864
f 725/9927/1117 1255/2121/1901 4774/9397/1590
f 640/1075/990 895/1489/1355 641/1076/991
f 4821/7212/4751 4022/6321/4510 741/1238/1140
f 1332/2253/2019 1334/2256/2022 1342/4378/2030
f 2014/3458/307 4197/7888/4883 4196/7887/3109
f 2836/5011/2559 3623/6678/4626 3042/5462/4133
f 932/1557/1414 4774/1753/1590 1257/9806/1903
f 4964/9928/3703 3291/3282/2797 4558/3284/2798
f 4924/7992/3726 3653/6735/4391 4923/5996/3375
f 2070/3560/3004 276/444/399 1098/1847/1675
f 1215/2045/1841 4173/7841/3644 1608/4396/2386
f 3101/5568/4180 1276/2155/1931 1275/2154/1930
f 346/1001/524 2994/5361/4085 4105/7671/4849
f 3779/468/419 1002/1690/1534 1076/1813/1427
f 1035/6259/1582 4739/3069/2645 31/46/36
f 1836/3145/2694 2717/4768/3774 2116/3644/3069
f 3050/5474/4140 1043/1760/1597 1042/1759/1596
f 1875/3215/2744 1076/1570/1427 1554/1569/1426
f 3049/5473/4139 2253/3898/3254 3165/3900/3256
f 2875/5089/3948 475/797/735 1830/3137/2689
f 4883/9701/191 3079/9778/1431 1266/9929/429
f 4451/8346/4930 2175/8345/3145 4817/9925/2355
f 1450/2467/2189 2035/3489/2950 3732/6883/4681
